/*******************************************************************************
 * Size: 28 px
 * Bpp: 4
 * Opts: --size 28 --bpp 4 --format lvgl --font C:\Users\Kekko\AppData\Local\Temp/motiva/MotivaSans-Medium.ttf -r 0x20-0x7E,0xA0-0xFF,0x2010-0x2027,0x2030-0x203A,0x20AC --lv-font-name motiva_medium_28 -o assets/fonts/motiva_medium_28.c
 ******************************************************************************/

#ifdef LV_LVGL_H_INCLUDE_SIMPLE
#include "lvgl.h"
#else
#include "lvgl/lvgl.h"
#endif

#ifndef MOTIVA_MEDIUM_28
#define MOTIVA_MEDIUM_28 1
#endif

#if MOTIVA_MEDIUM_28

/*-----------------
 *    BITMAPS
 *----------------*/

/*Store the image of the glyphs*/
static LV_ATTRIBUTE_LARGE_CONST const uint8_t glyph_bitmap[] = {
    /* U+0020 " " */

    /* U+0021 "!" */
    0x7f, 0xf9, 0x4, 0x3, 0xf3, 0x98, 0x4, 0x22,
    0x0, 0x8d, 0xc0, 0x3f, 0x8, 0x80, 0x31, 0x80,
    0x4, 0x3, 0xc2, 0x0, 0x30, 0xc, 0x20, 0x19,
    0xc0, 0xc, 0xb8, 0x0, 0x9a, 0x70, 0x1d, 0xfb,
    0x9, 0x20, 0x45, 0xf0, 0x8, 0x58, 0xc1, 0x50,

    /* U+0022 "\"" */
    0x7f, 0xf3, 0x5, 0xff, 0x88, 0x80, 0x3, 0x1,
    0x0, 0x18, 0x80, 0x18, 0x8, 0x0, 0x2e, 0x0,
    0x10, 0xf0, 0x10, 0x20, 0x1, 0x80, 0x81, 0x80,
    0x80, 0x4, 0x8, 0x18, 0x1, 0xba, 0x0, 0x26,
    0x48, 0x0,

    /* U+0023 "#" */
    0x0, 0xf5, 0xfb, 0x80, 0x51, 0xf4, 0x1, 0xfe,
    0x50, 0x30, 0x8, 0x80, 0x80, 0x3f, 0x84, 0x40,
    0xa0, 0x13, 0x86, 0x80, 0x7f, 0x10, 0x0, 0x40,
    0x22, 0x6, 0x0, 0xea, 0xff, 0xb0, 0x1, 0xff,
    0x80, 0x19, 0xff, 0x20, 0x7, 0xff, 0x22, 0xbb,
    0xa5, 0x6, 0xee, 0xa4, 0xb, 0xbb, 0x20, 0x0,
    0x47, 0x7, 0x8, 0xe0, 0x61, 0x1c, 0x1, 0xe6,
    0x2, 0x0, 0xb8, 0x8, 0x3, 0xfc, 0x40, 0x20,
    0x11, 0x80, 0x80, 0x7f, 0xf0, 0x18, 0x2, 0x60,
    0xe0, 0xf, 0x8, 0xc6, 0x0, 0x31, 0x1c, 0x6,
    0x23, 0x0, 0x13, 0xba, 0xc0, 0x7, 0x76, 0x20,
    0xae, 0xea, 0x80, 0x3f, 0xf9, 0x9, 0xff, 0x38,
    0x2f, 0xfd, 0x80, 0xf, 0xfd, 0x40, 0x1c, 0x40,
    0x40, 0x13, 0x1, 0x0, 0x7f, 0x9c, 0x38, 0x2,
    0x20, 0x70, 0xf, 0xf1, 0x1, 0x0, 0x5c, 0x4,
    0x1, 0xfc, 0x20, 0x5, 0x0, 0x88, 0x38, 0x3,
    0xc0,

    /* U+0024 "$" */
    0x0, 0xf5, 0x51, 0x40, 0x3f, 0xf8, 0xa, 0xad,
    0x0, 0xff, 0xe6, 0x1c, 0xe0, 0x1, 0xae, 0xc,
    0x3, 0xab, 0x18, 0xc0, 0x2, 0x8f, 0x98, 0x20,
    0x5, 0xa8, 0x7, 0xf1, 0xb0, 0x22, 0x0, 0x3,
    0x5d, 0xfd, 0x4a, 0x8, 0x80, 0xd0, 0xb, 0x54,
    0x40, 0x56, 0xb6, 0x40, 0x6, 0x1, 0x18, 0x7,
    0x88, 0x80, 0x3, 0x0, 0x94, 0x3, 0xfd, 0xa0,
    0x15, 0x41, 0x0, 0x7e, 0x45, 0x0, 0x9f, 0x71,
    0x80, 0x3e, 0xa7, 0x0, 0xc7, 0x3f, 0x22, 0x1,
    0xd1, 0xac, 0x1, 0xcd, 0xcc, 0x1, 0xc5, 0x3d,
    0x26, 0x1, 0xa5, 0x80, 0x3c, 0x2d, 0x9a, 0x80,
    0x14, 0x0, 0x7f, 0x15, 0x98, 0x0, 0x48, 0x3,
    0xfc, 0xa0, 0x1c, 0xa0, 0x1f, 0x90, 0x2, 0x24,
    0xae, 0x96, 0x32, 0x36, 0xd2, 0x0, 0x20, 0x70,
    0xb, 0x4e, 0x6e, 0x49, 0x0, 0x52, 0x4, 0x20,
    0x1f, 0xc3, 0x84, 0x11, 0xd2, 0x82, 0x1, 0x8e,
    0x38, 0xc0, 0x33, 0x5f, 0x30, 0x17, 0xe3, 0x80,
    0x7f, 0x18, 0x18, 0x7, 0xff, 0x28,

    /* U+0025 "%" */
    0x0, 0x15, 0x77, 0xf4, 0x88, 0x7, 0xd7, 0xfc,
    0x20, 0x11, 0xea, 0x88, 0xb, 0x79, 0x0, 0x73,
    0x20, 0x58, 0x80, 0x5e, 0x3, 0xbf, 0x80, 0x30,
    0x1, 0x8a, 0x41, 0x54, 0x1, 0x8c, 0x24, 0x80,
    0xd8, 0x10, 0x3, 0x70, 0xd, 0x0, 0x7f, 0xf1,
    0x5c, 0xc3, 0x40, 0x3c, 0x61, 0x44, 0x6, 0xe0,
    0xa0, 0x3, 0x80, 0x73, 0x0, 0xf7, 0x81, 0x6f,
    0xe0, 0x84, 0x80, 0x38, 0xe, 0x0, 0x3e, 0x3d,
    0x51, 0x1, 0x5d, 0x20, 0x92, 0xe, 0x0, 0xfe,
    0x2a, 0xef, 0xea, 0x20, 0x46, 0x8, 0x20, 0xf,
    0xfe, 0x20, 0xd0, 0x23, 0x95, 0x77, 0x2d, 0x0,
    0x3f, 0xeb, 0x11, 0x51, 0xea, 0x88, 0x92, 0xdc,
    0x3, 0xf9, 0x94, 0x2c, 0x78, 0xb, 0x79, 0x42,
    0x8, 0x3, 0xe2, 0x90, 0x55, 0x19, 0x4, 0x10,
    0xd8, 0x1, 0x40, 0x3e, 0xe0, 0x1b, 0x6, 0x0,
    0x38, 0x0, 0x44, 0x1a, 0x1, 0xe7, 0x30, 0xa1,
    0x0, 0xff, 0xe2, 0x1c, 0x3, 0xa0, 0x1, 0x80,
    0xe, 0x0, 0x11, 0x1, 0x0, 0x77, 0x1, 0x40,
    0x4, 0x64, 0x10, 0x21, 0x0, 0xa, 0x0, 0xd2,
    0x41, 0xe0, 0x1d, 0x20, 0x5d, 0xec, 0xe, 0x40,
    0x12, 0x30, 0x41, 0x0, 0x72, 0x62, 0x0, 0xe,
    0x60, 0x0,

    /* U+0026 "&" */
    0x0, 0x8e, 0xbb, 0xfd, 0xb0, 0x1, 0xfe, 0x7c,
    0x51, 0x0, 0x13, 0xf1, 0x0, 0x7c, 0x70, 0x1,
    0x10, 0x80, 0x6, 0x40, 0x3e, 0xb0, 0x1, 0x76,
    0xf5, 0x0, 0x10, 0x3, 0xe2, 0x0, 0x58, 0x80,
    0x14, 0x2, 0x10, 0xf, 0x18, 0x0, 0x40, 0x22,
    0x0, 0x8, 0x80, 0x3d, 0xa0, 0x9, 0x20, 0x1f,
    0x0, 0x40, 0x7, 0xc8, 0xa0, 0x38, 0xfe, 0x40,
    0xac, 0x1, 0xfa, 0x90, 0x6, 0x4, 0x1a, 0x80,
    0x4, 0x60, 0x1e, 0xd0, 0xc, 0x72, 0x1, 0x4e,
    0x60, 0x80, 0x29, 0x90, 0x6, 0x3b, 0x0, 0x22,
    0x0, 0x88, 0x0, 0x96, 0x0, 0x3c, 0x80, 0x13,
    0x4a, 0x0, 0xc, 0x0, 0x46, 0x0, 0x54, 0x36,
    0x8, 0x16, 0x98, 0xc, 0x80, 0x38, 0x0, 0x8a,
    0x0, 0x3c, 0x20, 0xd, 0x22, 0x0, 0x70, 0xf,
    0x8b, 0xc0, 0x37, 0x80, 0x4c, 0x0, 0x48, 0x10,
    0x16, 0xc0, 0xc, 0xf4, 0x0, 0xe0, 0x9, 0xfb,
    0xfa, 0x44, 0x0, 0xc0, 0x5, 0xc1, 0x57, 0x0,
    0xfc, 0x37, 0x34, 0x0, 0x23, 0x8, 0xc6, 0x20,
    0x0, 0xa4, 0xf2, 0x2, 0xd8, 0xe1, 0x0, 0xe,
    0x77, 0xfd, 0xd6, 0xc0, 0x19, 0x38, 0x80,

    /* U+0027 "'" */
    0x3f, 0xf5, 0x10, 0x0, 0xc4, 0x0, 0x20, 0x17,
    0x1, 0x1, 0x80, 0x80, 0x87, 0x62, 0x0,

    /* U+0028 "(" */
    0x0, 0xe1, 0xb4, 0x0, 0xe1, 0xc4, 0xb1, 0x0,
    0xd8, 0x41, 0x22, 0x1, 0x51, 0x3, 0xb0, 0x4,
    0x8a, 0x5, 0x0, 0x1a, 0x0, 0x10, 0x1, 0x88,
    0xc0, 0x54, 0x3, 0x28, 0x1, 0xc0, 0x3b, 0x0,
    0x18, 0x1, 0xcc, 0x0, 0x70, 0xe, 0x20, 0x1,
    0x0, 0x7f, 0xf0, 0x44, 0x0, 0x20, 0x1c, 0x20,
    0x1, 0x0, 0xff, 0xe1, 0x90, 0x0, 0x40, 0x39,
    0xc0, 0xa, 0x1, 0xd8, 0x0, 0xc0, 0xe, 0x70,
    0x2, 0x80, 0x70, 0xa0, 0x12, 0x80, 0x74, 0x0,
    0x20, 0x3, 0x8d, 0x80, 0xa4, 0x3, 0xa4, 0xc1,
    0x98, 0x1, 0xda, 0x41, 0x22, 0x1, 0x87, 0x16,
    0xc4,

    /* U+0029 ")" */
    0x1b, 0x40, 0xe, 0xa4, 0xb5, 0x0, 0xd2, 0x21,
    0x48, 0x1, 0x16, 0x80, 0x28, 0x40, 0x23, 0x80,
    0x18, 0x0, 0xce, 0x20, 0xc2, 0x1, 0x98, 0x1,
    0x20, 0x1a, 0xc0, 0xa, 0x1, 0x8c, 0x0, 0x42,
    0x1, 0x8c, 0x0, 0x40, 0x19, 0x80, 0xc, 0x1,
    0x8c, 0x0, 0x60, 0x18, 0x40, 0x2, 0x1, 0x84,
    0x0, 0x20, 0x18, 0xc0, 0x6, 0x1, 0x98, 0x0,
    0xc0, 0x18, 0xc0, 0x6, 0x1, 0x18, 0x0, 0xc0,
    0x35, 0x0, 0x2c, 0x3, 0x30, 0x1, 0x80, 0x28,
    0x0, 0x38, 0x80, 0xd, 0xc0, 0x60, 0x0, 0x3a,
    0x0, 0xd0, 0xa, 0xc4, 0x2c, 0xc0, 0x2b, 0x4c,
    0x40, 0xc,

    /* U+002A "*" */
    0x0, 0xe5, 0xff, 0x30, 0x7, 0xc2, 0x0, 0x60,
    0x1, 0x0, 0x4, 0x2, 0x7e, 0x50, 0x30, 0x2,
    0x82, 0xfc, 0x0, 0xc8, 0x55, 0x0, 0x40, 0x6a,
    0x82, 0xe4, 0x34, 0x80, 0xba, 0x3, 0xaa, 0x9,
    0x64, 0x9, 0x7a, 0xe6, 0x22, 0x38, 0xeb, 0x40,
    0xc, 0xc4, 0x20, 0x1, 0xd5, 0x0, 0xcf, 0xb6,
    0xaa, 0x11, 0x3a, 0xdf, 0x40, 0x85, 0x10, 0x4d,
    0x8, 0xa2, 0xc4, 0x4e, 0x0, 0x92, 0xd6, 0x10,
    0x1, 0x27, 0xa4, 0x8, 0x26, 0x90, 0x10, 0x1,
    0xc0, 0x6d, 0xc0, 0x3c, 0xe4, 0x43, 0x0, 0xe0,

    /* U+002B "+" */
    0x0, 0xf4, 0xc9, 0x80, 0x3f, 0xf8, 0xc, 0xcd,
    0x0, 0xff, 0xfb, 0x4f, 0xff, 0x0, 0x13, 0xff,
    0x90, 0x3, 0xff, 0x87, 0xea, 0xbc, 0x0, 0x15,
    0x5e, 0x76, 0xaa, 0xe0, 0x2, 0xd5, 0x71, 0x80,
    0x7f, 0xfc, 0x0,

    /* U+002C "," */
    0x7, 0xed, 0x30, 0x81, 0x2f, 0x1, 0x0, 0x8,
    0x6a, 0x3, 0x1, 0x98, 0x38, 0xd, 0xcd, 0x4b,
    0x4b, 0x40, 0xa3, 0x4, 0x0,

    /* U+002D "-" */
    0x1c, 0xcf, 0xce, 0x67, 0xfd, 0xc0, 0x1f, 0xe0,

    /* U+002E "." */
    0x0, 0xe5, 0xff, 0x30, 0x58, 0x2, 0x0, 0x3d,
    0x62, 0x2b, 0x0,

    /* U+002F "/" */
    0x0, 0xf3, 0x7f, 0x94, 0x3, 0xd8, 0x0, 0x40,
    0xf, 0x28, 0x18, 0x80, 0x71, 0x80, 0x10, 0x3,
    0xd6, 0x0, 0xb0, 0xf, 0x20, 0x0, 0xc0, 0x38,
    0x4c, 0x14, 0x3, 0xc8, 0x0, 0xc0, 0xf, 0x78,
    0x1, 0xc0, 0x3c, 0x80, 0x42, 0x1, 0xc6, 0x20,
    0xa0, 0x1e, 0x40, 0x6, 0x0, 0x7a, 0xc0, 0x8,
    0x1, 0xc2, 0x60, 0x80, 0x1e, 0x40, 0x6, 0x80,
    0x7b, 0x0, 0x8, 0x1, 0xe7, 0x2, 0x20, 0x7,
    0x10, 0x82, 0x0, 0x79, 0x40, 0x1a, 0x1, 0xec,
    0x0, 0x20, 0x7, 0x90, 0x10, 0x3, 0xc8, 0x0,
    0xc0, 0xf, 0x68, 0x1, 0x40, 0x3c,

    /* U+0030 "0" */
    0x0, 0xe6, 0xbe, 0xfe, 0xc7, 0x10, 0xf, 0x93,
    0xa5, 0x4, 0x4, 0xe3, 0xd4, 0x3, 0x96, 0xc4,
    0x3, 0xe1, 0xa5, 0x0, 0x86, 0x80, 0x26, 0xdf,
    0xd7, 0x0, 0xa8, 0x80, 0x10, 0x1, 0x44, 0x90,
    0x14, 0x48, 0x5, 0x0, 0x6, 0x0, 0x13, 0x80,
    0x73, 0x10, 0x1, 0x41, 0x40, 0x2a, 0x0, 0xfa,
    0x80, 0x24, 0x20, 0x9, 0x0, 0x3e, 0x30, 0x8,
    0xf8, 0x2, 0x20, 0xf, 0x9c, 0x2, 0xf3, 0x0,
    0xff, 0x84, 0x3, 0x18, 0x7, 0xfc, 0x20, 0x18,
    0x40, 0x22, 0x0, 0xf9, 0x80, 0x2e, 0xd0, 0x9,
    0x0, 0x3e, 0xd0, 0x9, 0x50, 0x2, 0xb0, 0xf,
    0x98, 0x0, 0x26, 0x2a, 0x0, 0x36, 0x0, 0xe8,
    0x10, 0x3, 0x0, 0x20, 0x2, 0x98, 0x20, 0x29,
    0x70, 0x0, 0xc0, 0x0, 0xa8, 0x2, 0x7d, 0xfd,
    0x60, 0xa, 0x80, 0x32, 0xd0, 0x80, 0x7c, 0x38,
    0x80, 0x1c, 0xbf, 0x6, 0x0, 0x14, 0x9e, 0x30,
    0x8,

    /* U+0031 "1" */
    0x0, 0xe6, 0xdf, 0xf3, 0x0, 0x7c, 0xfd, 0x24,
    0x1, 0xf9, 0xfa, 0x4, 0x3, 0xf9, 0x60, 0x40,
    0x3f, 0xe5, 0x20, 0x3a, 0xd0, 0xf, 0xe9, 0xcc,
    0x29, 0x80, 0x7f, 0x21, 0x80, 0x7f, 0xff, 0xc0,
    0x3f, 0xfc, 0xc2, 0x31, 0x80, 0x42, 0x38, 0x1,
    0x9d, 0xd6, 0x80, 0x51, 0xdd, 0x18, 0x7, 0xff,
    0x40,

    /* U+0032 "2" */
    0x0, 0x96, 0x77, 0xbf, 0xb2, 0x8, 0x3, 0x9b,
    0xa9, 0x88, 0x40, 0x4d, 0xf6, 0x40, 0x34, 0x8,
    0x7, 0xf3, 0x48, 0x5, 0x0, 0x73, 0x9d, 0x92,
    0x40, 0x13, 0x10, 0x1, 0xb3, 0xc, 0x62, 0x6d,
    0xa8, 0x1, 0x20, 0x4, 0x60, 0x1f, 0x70, 0x4,
    0x20, 0x1f, 0xfc, 0x32, 0x0, 0xff, 0xb0, 0x2,
    0x40, 0xf, 0xf1, 0xb0, 0x2, 0x4, 0x3, 0xf8,
    0xf0, 0x0, 0x8e, 0x1, 0xfc, 0xd8, 0x0, 0x4b,
    0x0, 0xfe, 0x99, 0x0, 0x16, 0xc0, 0x3f, 0xe,
    0x30, 0x2, 0x28, 0x3, 0xf1, 0xf9, 0x80, 0xdb,
    0x80, 0x7e, 0x6c, 0x10, 0x3c, 0x40, 0xf, 0xd3,
    0x20, 0x2, 0x69, 0x88, 0xfc, 0x8, 0xc0, 0x12,
    0x77, 0x7f, 0x8, 0x7, 0xff, 0x50,

    /* U+0033 "3" */
    0x0, 0x85, 0xab, 0x7f, 0xdd, 0x92, 0x60, 0x1d,
    0x1d, 0x2a, 0x40, 0x1, 0x36, 0xca, 0x0, 0x9d,
    0xc0, 0x1f, 0xe5, 0x80, 0x3, 0x99, 0x46, 0x7f,
    0xd8, 0xa0, 0x13, 0x80, 0x59, 0xae, 0x60, 0x11,
    0xd2, 0x0, 0x7f, 0xf1, 0x90, 0x3, 0xf8, 0x52,
    0xd0, 0xa, 0x40, 0x3d, 0xbf, 0xee, 0xb4, 0x7,
    0xc2, 0x0, 0xff, 0xe0, 0x91, 0x0, 0x3e, 0x44,
    0x8c, 0x40, 0xb, 0x90, 0x1, 0xe9, 0xbb, 0x67,
    0x61, 0x0, 0x1d, 0x40, 0x3f, 0xc7, 0x80, 0x17,
    0x0, 0x7f, 0xc2, 0x40, 0x5, 0x0, 0xff, 0xe0,
    0x18, 0x0, 0xc0, 0x10, 0x20, 0x1f, 0x30, 0x80,
    0x1c, 0x1d, 0xdd, 0x8, 0x20, 0x27, 0x52, 0x1,
    0x48, 0xc0, 0x1, 0xef, 0xbf, 0xb1, 0x40, 0x29,
    0x31, 0xb2, 0x0, 0xfe, 0x1a, 0x60, 0x2, 0x6e,
    0x39, 0x88, 0x0, 0x96, 0xb9, 0x40, 0x0,

    /* U+0034 "4" */
    0x0, 0xfe, 0x6f, 0xf9, 0x0, 0x3f, 0xe4, 0x90,
    0xf, 0xfe, 0x11, 0x50, 0x7, 0xff, 0x8, 0x7c,
    0x40, 0x3f, 0xf8, 0x54, 0x40, 0xc0, 0x1f, 0xfc,
    0x9, 0x40, 0x6b, 0x0, 0xff, 0x9d, 0x81, 0x24,
    0x3, 0xfe, 0x48, 0x2, 0xa0, 0xf, 0xf8, 0xac,
    0x7, 0xc4, 0x3, 0xfc, 0x38, 0x0, 0xa2, 0x0,
    0xff, 0xb4, 0x42, 0x50, 0x3, 0xfe, 0x93, 0x0,
    0x6d, 0xde, 0xe0, 0xa, 0x2e, 0xc2, 0xa0, 0x12,
    0x27, 0x18, 0x4, 0x68, 0x83, 0x0, 0xff, 0xe2,
    0xe7, 0xff, 0xeb, 0x0, 0xaf, 0xfc, 0x40, 0x1f,
    0xff, 0x80,

    /* U+0035 "5" */
    0x0, 0x7f, 0xff, 0xf0, 0x8, 0x3, 0xff, 0xa6,
    0x60, 0x1e, 0xaf, 0xff, 0xc2, 0x1, 0xff, 0xdb,
    0x16, 0x89, 0x85, 0x0, 0xfe, 0x8e, 0x97, 0x67,
    0xae, 0x40, 0xf, 0x88, 0x3, 0xc3, 0x66, 0x1,
    0x40, 0x82, 0xdf, 0x7e, 0x20, 0x5, 0xe0, 0x13,
    0xfe, 0x52, 0x8, 0x1d, 0x98, 0x0, 0xc4, 0x2,
    0x13, 0x0, 0xf5, 0x0, 0x44, 0x1, 0xff, 0x18,
    0x7, 0xff, 0xf, 0x40, 0x22, 0x0, 0x20, 0x7,
    0xc4, 0xe0, 0x2, 0x10, 0x3b, 0xd7, 0x32, 0x22,
    0x4e, 0x80, 0x56, 0x0, 0x80, 0x28, 0xcd, 0xd5,
    0xb0, 0x4, 0xac, 0x0, 0xc0, 0xf, 0xf3, 0xd0,
    0x4, 0xfd, 0x8, 0x20, 0x2, 0x38, 0xe8, 0x0,
    0x80,

    /* U+0036 "6" */
    0x0, 0xe4, 0xad, 0xff, 0x76, 0x41, 0x80, 0x71,
    0xed, 0xa9, 0x0, 0x4, 0xdf, 0x24, 0x2, 0x3c,
    0x20, 0xf, 0xec, 0x0, 0xe, 0x80, 0x4d, 0x9f,
    0xee, 0xc8, 0x75, 0x0, 0x40, 0x80, 0x2e, 0x4c,
    0x0, 0x26, 0xf0, 0x1, 0x30, 0x1, 0xd0, 0x3,
    0xfc, 0x80, 0x15, 0x3, 0x5f, 0x7e, 0xd2, 0x0,
    0x46, 0x1, 0x37, 0x4a, 0x8, 0x12, 0xdc, 0x80,
    0x38, 0x2, 0xb1, 0x0, 0x8, 0x6, 0x69, 0x3,
    0x0, 0xc7, 0x7f, 0xdf, 0x42, 0x0, 0x62, 0x30,
    0x9, 0xb1, 0x0, 0x25, 0xa0, 0xa, 0x84, 0x2,
    0x80, 0xf, 0x20, 0x80, 0xb, 0x80, 0x25, 0x0,
    0xf8, 0xc0, 0x24, 0x0, 0xb8, 0x3, 0xe2, 0x0,
    0x11, 0x40, 0x5, 0x30, 0xe, 0x80, 0xb, 0x2,
    0x0, 0x2c, 0x61, 0x2, 0x97, 0x0, 0x12, 0x2,
    0xb0, 0x5, 0x3d, 0xfa, 0xc0, 0x17, 0x80, 0x52,
    0xe0, 0x1f, 0x8b, 0x48, 0x3, 0x46, 0xb9, 0x0,
    0x9, 0x2b, 0x48, 0x0,

    /* U+0037 "7" */
    0x4f, 0xff, 0xfe, 0xf, 0x0, 0x7f, 0xf4, 0x93,
    0x77, 0xfa, 0xc0, 0x26, 0x2, 0x2f, 0xed, 0x0,
    0xa4, 0x3, 0xf8, 0x98, 0x0, 0xe2, 0x1, 0xfd,
    0x0, 0x14, 0x80, 0x7f, 0x12, 0x80, 0x1c, 0x40,
    0x3f, 0xa0, 0x2, 0x90, 0xf, 0xe2, 0x50, 0x3,
    0x88, 0x7, 0xf4, 0x0, 0x52, 0x1, 0xfc, 0x4a,
    0x0, 0x61, 0x0, 0xfe, 0x80, 0xa, 0x0, 0x3f,
    0x89, 0x40, 0xc, 0x20, 0x1f, 0xd2, 0x1, 0x40,
    0x7, 0xf1, 0xa0, 0x1, 0x84, 0x3, 0xfa, 0x0,
    0x28, 0x0, 0xfe, 0x34, 0x0, 0x30, 0x80, 0x7f,
    0x40, 0x5, 0x0, 0x1f, 0x0,

    /* U+0038 "8" */
    0x0, 0x85, 0xef, 0xbf, 0xdd, 0x4c, 0x1, 0xe6,
    0xe8, 0x41, 0x0, 0xa, 0xcf, 0x20, 0x4, 0xb2,
    0x1, 0xfc, 0x36, 0x40, 0x8, 0x0, 0x9f, 0xbf,
    0xda, 0xa0, 0x14, 0x0, 0x8, 0x0, 0xd0, 0x20,
    0x2, 0xa3, 0x0, 0x30, 0x0, 0x80, 0x6, 0x1,
    0xe1, 0x0, 0x30, 0x2, 0x0, 0xb, 0x24, 0x0,
    0x3b, 0x20, 0x4, 0x0, 0x16, 0x84, 0x1b, 0x7f,
    0xd8, 0x80, 0x58, 0x40, 0x12, 0x38, 0x7, 0xe5,
    0x20, 0x8, 0xbd, 0x80, 0xb, 0xe, 0x80, 0x7,
    0xc2, 0x0, 0x78, 0x81, 0x6d, 0x3c, 0x5e, 0x8,
    0x17, 0x2, 0x90, 0x3, 0xc8, 0x3, 0x1d, 0x80,
    0xd, 0x30, 0x0, 0x24, 0x1, 0xe5, 0x0, 0x8c,
    0x2, 0x10, 0xf, 0x84, 0x3, 0x70, 0x4, 0xc0,
    0x1e, 0x90, 0x8, 0xd8, 0x2, 0x98, 0x20, 0x1,
    0x4b, 0x80, 0x9, 0x6, 0x40, 0x27, 0xdf, 0xf6,
    0xb0, 0x5, 0xc0, 0x6, 0x90, 0xf, 0xe2, 0xc3,
    0x0, 0x9b, 0xa1, 0x4, 0x0, 0x4b, 0x5a, 0x60,
    0x0,

    /* U+0039 "9" */
    0x0, 0xcd, 0x7b, 0xfd, 0xb2, 0x40, 0x1e, 0x4e,
    0x94, 0x20, 0x12, 0x6d, 0x90, 0xc, 0x96, 0x20,
    0x1f, 0x9a, 0x80, 0x2a, 0x0, 0x9f, 0x7f, 0xd6,
    0x40, 0x5, 0x60, 0x51, 0x0, 0x54, 0x10, 0x1,
    0x30, 0x40, 0x16, 0x1a, 0x1, 0x28, 0x7, 0xc,
    0x0, 0x8, 0xc4, 0x3, 0xfc, 0xe0, 0x12, 0x70,
    0x4, 0x80, 0x1e, 0x40, 0xb, 0x94, 0x2, 0xb7,
    0x20, 0x15, 0xba, 0x0, 0x8c, 0x98, 0x2, 0x8d,
    0xfe, 0xa4, 0x0, 0xc2, 0x12, 0xc0, 0x1f, 0x16,
    0x8, 0x0, 0x40, 0x13, 0xae, 0x86, 0x8d, 0x7a,
    0x42, 0x0, 0x20, 0x8, 0xa2, 0xf2, 0xe5, 0x1,
    0x0, 0x2d, 0x0, 0xff, 0xb8, 0x2, 0x40, 0xf,
    0xf3, 0xa0, 0x1, 0x44, 0xb, 0xa5, 0x4, 0x0,
    0x75, 0x0, 0x15, 0x80, 0x24, 0x5a, 0xfb, 0xfd,
    0x8a, 0x1, 0x58, 0x80, 0xb0, 0x7, 0xf1, 0x62,
    0x0, 0x7, 0x6d, 0x8c, 0x40, 0x4, 0xb5, 0xa6,
    0x1, 0x0,

    /* U+003A ":" */
    0x5e, 0xe2, 0xd8, 0x8a, 0xc0, 0x34, 0x0, 0x2d,
    0xbf, 0xca, 0x1, 0xff, 0xcc, 0x5f, 0xf2, 0xd8,
    0x2, 0xc0, 0x35, 0x88, 0xac,

    /* U+003B ";" */
    0x3d, 0xf7, 0x8, 0x20, 0x81, 0x0, 0xe8, 0x10,
    0x71, 0x3e, 0xf8, 0x0, 0xff, 0xe9, 0x9e, 0xf2,
    0x84, 0x10, 0xd8, 0x10, 0x0, 0x42, 0x14, 0x4,
    0x7, 0xc1, 0xc0, 0x10, 0x16, 0x14, 0x54, 0x41,
    0x36, 0xa0, 0x0,

    /* U+003C "<" */
    0x0, 0xff, 0x9e, 0x40, 0x3f, 0xcd, 0xd0, 0xc4,
    0x1, 0xf2, 0x6c, 0x88, 0x10, 0x80, 0x71, 0x5d,
    0x88, 0x6, 0xb4, 0xc0, 0x21, 0x9d, 0x40, 0x18,
    0xe5, 0x0, 0xcf, 0xcc, 0x0, 0x7f, 0x70, 0xe,
    0xe8, 0x0, 0x37, 0x40, 0x80, 0x70, 0x88, 0x1,
    0x32, 0x10, 0xf, 0x84, 0xc0, 0x13, 0x64, 0x1,
    0xfb, 0x28, 0x81, 0x36, 0x44, 0x3, 0xe5, 0xd8,
    0x0, 0x37, 0x38, 0x7, 0xe7, 0xe6, 0x0, 0x47,
    0x28, 0x7, 0xc3, 0x3a, 0x80, 0x35, 0x86, 0x1,
    0xf1, 0x5d, 0x88, 0xc, 0x3, 0xfc, 0x9b, 0x2e,
    0x60,

    /* U+003D "=" */
    0x9f, 0xff, 0xfe, 0xa, 0x0, 0x7f, 0xf0, 0xf1,
    0xdf, 0xff, 0x82, 0xcb, 0x11, 0xff, 0xc1, 0x20,
    0xf, 0xfe, 0x1a, 0xc4, 0x7f, 0xf0, 0x4b, 0x1d,
    0xff, 0xf8, 0x2c, 0x1, 0xff, 0xc3,

    /* U+003E ">" */
    0xc, 0x50, 0xf, 0xf3, 0x1d, 0x61, 0x80, 0x7f,
    0xc7, 0x94, 0x20, 0x1e, 0x6e, 0x60, 0x2, 0xf4,
    0x0, 0x78, 0x67, 0x54, 0x0, 0xfc, 0xc0, 0x1e,
    0x2a, 0xc4, 0x1, 0x9d, 0x40, 0xf, 0x1d, 0xd8,
    0xc0, 0xae, 0x40, 0x3e, 0x4c, 0x40, 0x2, 0x80,
    0x7c, 0x9a, 0x80, 0x4, 0x0, 0xe2, 0xbb, 0x10,
    0x26, 0x40, 0x4, 0x33, 0xa8, 0x5, 0x76, 0x30,
    0xa, 0x39, 0x80, 0x67, 0x50, 0x2, 0x6e, 0x70,
    0x3, 0xf3, 0x0, 0x77, 0x8, 0x2e, 0xc0, 0x7,
    0xd0, 0x99, 0x44, 0x1, 0xf8,

    /* U+003F "?" */
    0x0, 0xb, 0xdf, 0x7f, 0xb6, 0x4c, 0x3, 0x47,
    0x42, 0x8, 0x0, 0x9b, 0x28, 0x2, 0x30, 0x8,
    0x88, 0x1, 0x96, 0x0, 0x10, 0x53, 0xfb, 0xaf,
    0x90, 0x9, 0xc0, 0x7, 0xac, 0x1, 0x99, 0x80,
    0x10, 0x80, 0x7f, 0x8, 0x4, 0x20, 0x1f, 0x85,
    0x80, 0xe, 0x1, 0xf8, 0xfc, 0x41, 0x20, 0x3,
    0xe4, 0xc1, 0x6, 0xb0, 0xf, 0x8a, 0xc0, 0xf,
    0x20, 0x1f, 0xac, 0x0, 0x90, 0x1, 0xfc, 0xe0,
    0x9, 0x0, 0xff, 0x8, 0x0, 0x80, 0x3f, 0xdf,
    0xf0, 0x7, 0xff, 0x30, 0x73, 0xf0, 0x3, 0xfc,
    0xc6, 0x6, 0xa0, 0x1f, 0xfc, 0xb6, 0x40, 0x45,
    0x0, 0xe0,

    /* U+0040 "@" */
    0x0, 0xff, 0x1a, 0x2a, 0x18, 0x80, 0x7f, 0xf0,
    0x85, 0xf3, 0xf2, 0xea, 0xf3, 0xb5, 0xc4, 0x3,
    0xfd, 0x1d, 0x6, 0x1, 0xf1, 0x47, 0x38, 0x7,
    0xc3, 0x8e, 0x0, 0x49, 0xdf, 0xf7, 0x6c, 0xa0,
    0x2, 0x28, 0x3, 0x87, 0xc, 0xb, 0x2d, 0x88,
    0x0, 0x24, 0xd7, 0x82, 0xb, 0x0, 0x1a, 0x88,
    0x13, 0x4c, 0x3, 0xf8, 0xf0, 0x41, 0xc8, 0x0,
    0xa8, 0x5, 0x60, 0x1c, 0x46, 0x61, 0x0, 0x8a,
    0x0, 0x16, 0x0, 0x80, 0x7, 0x80, 0x43, 0x3d,
    0xb9, 0x8e, 0xd6, 0x0, 0x30, 0x1, 0xc0, 0xc8,
    0x14, 0x80, 0x5, 0xec, 0x20, 0x18, 0xbc, 0x2,
    0x30, 0x11, 0x20, 0x3, 0xc0, 0x2e, 0x10, 0x6d,
    0xfb, 0x0, 0x78, 0x4, 0xc0, 0x3, 0xd0, 0x3,
    0x80, 0x10, 0xc1, 0x24, 0x80, 0x31, 0x0, 0x78,
    0xd8, 0x0, 0x40, 0x3, 0x0, 0x78, 0x4, 0x40,
    0x6, 0x0, 0x98, 0x0, 0x20, 0x1e, 0xe0, 0x3,
    0x80, 0x5e, 0x0, 0x20, 0x8, 0xc0, 0x81, 0xc0,
    0x2, 0x0, 0x10, 0x3, 0x80, 0x44, 0x2, 0x1,
    0x30, 0x1, 0x40, 0x80, 0x4, 0x0, 0xc0, 0x4,
    0x10, 0x32, 0x0, 0xa0, 0x2c, 0x80, 0xc8, 0x78,
    0x2, 0xc0, 0x8, 0x80, 0x3d, 0xf9, 0x0, 0xaf,
    0xe8, 0x1, 0x42, 0x8, 0x0, 0x60, 0xa, 0xd8,
    0x2, 0x5d, 0x70, 0xc, 0x78, 0x80, 0x2, 0x40,
    0x1a, 0x0, 0xa7, 0xfb, 0xe8, 0xa3, 0xae, 0xdb,
    0x86, 0x1, 0xa4, 0x0, 0xb2, 0x1, 0x84, 0x3,
    0xa, 0x20, 0x80, 0x3c, 0x52, 0x0, 0x6c, 0x40,
    0xf, 0x84, 0x3, 0xfc, 0xd2, 0x0, 0x3b, 0xea,
    0x87, 0x9a, 0xde, 0x0, 0xff, 0x9b, 0x10, 0x0,
    0x2a, 0xf0, 0xca, 0x40, 0xa0, 0x1f, 0xf1, 0xde,
    0xba, 0x8, 0x0, 0x4d, 0x69, 0x0, 0x3e,

    /* U+0041 "A" */
    0x0, 0xf8, 0xff, 0xed, 0x0, 0xff, 0xe1, 0xd0,
    0x4, 0x46, 0x1, 0xff, 0xc2, 0x60, 0xd, 0x20,
    0x1f, 0xfc, 0x15, 0x0, 0x10, 0x1, 0x44, 0x3,
    0xff, 0x81, 0x20, 0xb, 0x30, 0x3, 0x80, 0x7f,
    0xc4, 0x60, 0x7, 0xa0, 0x5, 0x80, 0x7f, 0xd4,
    0x0, 0x41, 0x70, 0x1, 0x18, 0x7, 0xf9, 0x80,
    0x1c, 0x2, 0x80, 0xa, 0x0, 0xfe, 0x41, 0x0,
    0x28, 0x3, 0x40, 0xc, 0x1, 0xfd, 0xe0, 0x5,
    0x0, 0x98, 0x2, 0x60, 0xf, 0x85, 0x0, 0x1c,
    0x1, 0x94, 0x1, 0x40, 0x1f, 0x30, 0x0, 0x50,
    0x3, 0x78, 0x0, 0xcc, 0x1, 0xea, 0x0, 0xf,
    0xff, 0x50, 0x5, 0x40, 0x1c, 0x64, 0x1, 0xff,
    0xc0, 0x60, 0xe, 0xa0, 0x8, 0x8b, 0xf0, 0x4,
    0xa0, 0x19, 0x80, 0xf, 0xbb, 0xf8, 0x40, 0x12,
    0x1, 0x30, 0x5, 0x60, 0x1f, 0x98, 0x0, 0x64,
    0x0, 0xa0, 0x1, 0x18, 0x7, 0xeb, 0x0, 0xa8,
    0x8, 0xc0, 0xa, 0x1, 0xfc, 0x64, 0x0, 0x60,

    /* U+0042 "B" */
    0xbf, 0xff, 0xbb, 0x20, 0x80, 0x3f, 0xe1, 0x37,
    0xd6, 0x0, 0xf0, 0x8c, 0x1, 0xd2, 0x60, 0x18,
    0xbb, 0xaf, 0xd4, 0x0, 0xa8, 0x3, 0xf8, 0xac,
    0x40, 0x4, 0x1, 0xff, 0x18, 0x0, 0x80, 0x3f,
    0xc2, 0x40, 0xd, 0x0, 0xfc, 0x29, 0x80, 0x5,
    0x40, 0xc, 0x5f, 0xf7, 0x59, 0x3, 0xd0, 0x7,
    0xff, 0x5, 0xe0, 0x3, 0x85, 0x9b, 0x28, 0x80,
    0x1f, 0x0, 0x31, 0xcc, 0xea, 0xe7, 0x0, 0x1b,
    0x80, 0x7f, 0xa0, 0x2, 0xb0, 0xf, 0xf8, 0x80,
    0x4, 0x1, 0xfe, 0x22, 0x0, 0x8, 0x3, 0xf9,
    0x3c, 0x2, 0x40, 0x8, 0xbb, 0xb7, 0xd9, 0x0,
    0x6, 0x40, 0x30, 0x8e, 0x0, 0xc5, 0x82, 0x1,
    0xfc, 0x29, 0x3a, 0x40,

    /* U+0043 "C" */
    0x0, 0xe2, 0x7c, 0xef, 0xf7, 0x5c, 0x10, 0x7,
    0xc, 0xec, 0x18, 0x80, 0x5, 0x1f, 0x6c, 0x40,
    0x3, 0x8c, 0x1, 0xfe, 0x61, 0x0, 0x69, 0x0,
    0x49, 0x39, 0x8b, 0x72, 0x9, 0x0, 0x39, 0x80,
    0x6, 0xec, 0xc6, 0x64, 0x8d, 0xc4, 0x0, 0x48,
    0x5, 0x48, 0x1, 0xf1, 0x80, 0x10, 0x40, 0xa,
    0x80, 0x1f, 0xf1, 0x80, 0x5e, 0x1, 0xff, 0xc0,
    0xe0, 0x9, 0xc0, 0x3f, 0xf8, 0x6, 0x1, 0x18,
    0x7, 0xff, 0x0, 0xc0, 0x23, 0x0, 0xff, 0xe0,
    0x70, 0x4, 0xc0, 0x1f, 0xfc, 0x3, 0x0, 0xb4,
    0x3, 0xff, 0x80, 0x80, 0x13, 0x10, 0x7, 0xff,
    0x1, 0xc0, 0x2c, 0x30, 0xf, 0xa0, 0xc0, 0x10,
    0x40, 0x1, 0xca, 0x64, 0x42, 0xcf, 0x3e, 0x88,
    0x3, 0xc4, 0x2, 0x59, 0xbb, 0x53, 0x8, 0xb,
    0x0, 0xb, 0xd0, 0x3, 0xf8, 0x65, 0xc0, 0x21,
    0xbc, 0x73, 0x10, 0x1, 0x2c, 0xf3, 0x0,

    /* U+0044 "D" */
    0xbf, 0xff, 0xb6, 0x54, 0x3, 0xff, 0x84, 0x4d,
    0x5c, 0xa0, 0x1f, 0xfc, 0x31, 0xa9, 0x0, 0xf1,
    0x6e, 0xd9, 0x28, 0x1, 0x34, 0x0, 0x78, 0x8a,
    0x36, 0xbb, 0x0, 0x4e, 0x40, 0x1f, 0xf2, 0x50,
    0x5, 0x0, 0x1f, 0xfc, 0x5, 0x20, 0x2, 0x80,
    0x7f, 0xf0, 0x50, 0x2, 0x20, 0xf, 0xfe, 0x7,
    0x0, 0x4c, 0x1, 0xff, 0xc0, 0x10, 0x8, 0x40,
    0x3f, 0xf8, 0x2, 0x1, 0x8, 0x7, 0xff, 0x3,
    0x40, 0x26, 0x0, 0xff, 0xe0, 0x20, 0x0, 0x48,
    0x3, 0xfe, 0x71, 0x0, 0x38, 0x7, 0xfc, 0xb0,
    0x1, 0x40, 0x7, 0x11, 0xd, 0x1f, 0x28, 0x2,
    0x91, 0x0, 0xc5, 0xba, 0xcb, 0x83, 0x0, 0xa1,
    0x80, 0x3f, 0xf8, 0x25, 0x6e, 0x1, 0xff, 0x13,
    0x5e, 0xa0, 0x6,

    /* U+0045 "E" */
    0xbf, 0xff, 0xfe, 0x1, 0x80, 0x7f, 0xf4, 0xcf,
    0xff, 0xf8, 0xc0, 0x3f, 0xfd, 0xe7, 0xff, 0xf8,
    0x3, 0xff, 0xaa, 0x7f, 0xff, 0x80, 0x3f, 0xfc,
    0x82, 0x3f, 0xc0, 0x18, 0xfb, 0xbf, 0x8c, 0x3,
    0xff, 0xa0,

    /* U+0046 "F" */
    0xbf, 0xff, 0xf9, 0x40, 0x3f, 0xfa, 0x27, 0xff,
    0xf9, 0x40, 0x3f, 0xfd, 0x67, 0xff, 0xf2, 0x0,
    0x7f, 0xf4, 0x8f, 0xff, 0xe4, 0x0, 0xff, 0xff,
    0x80, 0x7f, 0xf1, 0x40,

    /* U+0047 "G" */
    0x0, 0xe1, 0x7b, 0xef, 0xf7, 0x63, 0x90, 0x7,
    0xd1, 0xd0, 0x82, 0x0, 0x13, 0x8d, 0xa1, 0x0,
    0x87, 0x1c, 0x3, 0xfc, 0xb4, 0x1, 0x69, 0x80,
    0x4b, 0x59, 0x8b, 0x95, 0x2, 0xa0, 0x3, 0x98,
    0x0, 0x72, 0x94, 0xcc, 0x8d, 0x5d, 0x82, 0x0,
    0x90, 0xb, 0xc, 0x3, 0xe1, 0x10, 0x1, 0x4,
    0x0, 0xc4, 0x1, 0xff, 0xc0, 0x30, 0xb, 0x40,
    0x22, 0xdd, 0xfc, 0xbc, 0x1, 0x30, 0x6, 0x22,
    0xfc, 0x66, 0x0, 0x8c, 0x3, 0xff, 0x82, 0x60,
    0x11, 0x80, 0x45, 0xff, 0xc0, 0x18, 0x40, 0x27,
    0x0, 0xff, 0xe0, 0xe0, 0x5, 0xe0, 0x1f, 0xfc,
    0x14, 0x0, 0x94, 0xc0, 0x3f, 0xf8, 0x2e, 0x1,
    0x69, 0x80, 0x79, 0x40, 0x3a, 0x8, 0x0, 0x39,
    0x4a, 0x68, 0xd9, 0x40, 0x1e, 0xf2, 0x0, 0x96,
    0xb2, 0xe4, 0xc0, 0x24, 0x70, 0x1, 0x62, 0x80,
    0x7f, 0xc, 0x58, 0x80, 0x43, 0x5a, 0xe6, 0x20,
    0x24, 0xb3, 0xce, 0x0,

    /* U+0048 "H" */
    0xbf, 0xf6, 0x0, 0x7f, 0x5f, 0xfb, 0x0, 0x3f,
    0xff, 0xe0, 0x1f, 0xfe, 0x33, 0xff, 0xfe, 0x40,
    0xf, 0xfe, 0xe1, 0xff, 0xff, 0x20, 0x7, 0xff,
    0xfc, 0x3, 0xff, 0xc6,

    /* U+0049 "I" */
    0xbf, 0xf6, 0x0, 0x7f, 0xff, 0x0,

    /* U+004A "J" */
    0x0, 0xf0, 0xff, 0xd0, 0x1, 0xff, 0xff, 0x0,
    0xff, 0xf4, 0x18, 0x5, 0xe0, 0x1e, 0x60, 0x8,
    0x40, 0x3d, 0x0, 0x12, 0x8a, 0x19, 0x97, 0x4c,
    0x0, 0x26, 0xf7, 0x98, 0xa2, 0x0, 0xa0, 0x4,
    0x3, 0xe7, 0x60, 0x12, 0x0, 0x8d, 0xb6, 0x0,
    0x0,

    /* U+004B "K" */
    0xbf, 0xf7, 0x0, 0x7d, 0xbf, 0xf4, 0x0, 0x7f,
    0xd8, 0x40, 0x6, 0x80, 0xf, 0xf5, 0x18, 0x1,
    0xa4, 0x3, 0xfd, 0x2a, 0x0, 0x59, 0x0, 0xff,
    0x43, 0x0, 0x16, 0x80, 0x3f, 0xcc, 0xe0, 0x4,
    0xa0, 0xf, 0xf2, 0xc8, 0x1, 0x2c, 0x3, 0xfc,
    0x74, 0x0, 0x3b, 0x0, 0xff, 0xe, 0x0, 0x5c,
    0x1, 0xff, 0xc4, 0x90, 0xf, 0xfe, 0x22, 0x48,
    0x7, 0xfc, 0x54, 0x1, 0x33, 0x0, 0x3f, 0xd8,
    0xb2, 0x1, 0x49, 0x80, 0x7e, 0x11, 0x3, 0x30,
    0x2, 0xd2, 0x0, 0xff, 0xa5, 0x0, 0x3, 0xe0,
    0x1f, 0xfc, 0xb, 0x20, 0x1, 0x58, 0x7, 0xff,
    0x3, 0xc4, 0x0, 0x90, 0x1, 0xff, 0x16, 0x80,
    0x4e, 0xa0, 0x1f, 0xf1, 0xc8, 0x5, 0x46,

    /* U+004C "L" */
    0xbf, 0xf6, 0x0, 0x7f, 0xff, 0xc0, 0x3f, 0xff,
    0xe0, 0x1f, 0xfe, 0x1, 0x1f, 0xf0, 0x4, 0x5d,
    0xdf, 0xc0, 0x1f, 0xfc, 0xe0,

    /* U+004D "M" */
    0xbf, 0xf7, 0x0, 0x7f, 0xf0, 0xb, 0xfe, 0xb0,
    0x8, 0x58, 0x3, 0xfe, 0xb0, 0xf, 0xd6, 0x1,
    0xff, 0x30, 0x7, 0xe2, 0x50, 0xf, 0xe7, 0x0,
    0xff, 0x40, 0x7, 0xf5, 0x0, 0x7f, 0x89, 0x0,
    0x3e, 0x52, 0x0, 0xfc, 0x20, 0x8, 0x0, 0xfa,
    0x40, 0x4, 0x1, 0xe6, 0x10, 0x33, 0x0, 0x71,
    0x98, 0x11, 0x80, 0x3e, 0x90, 0x4, 0x0, 0x74,
    0x80, 0x3c, 0x3, 0xf3, 0x0, 0x10, 0x80, 0x21,
    0x50, 0x24, 0x0, 0xfc, 0x2c, 0x0, 0x80, 0xa,
    0x40, 0x16, 0x1, 0xfe, 0x80, 0x2, 0x90, 0x1,
    0x80, 0x58, 0x3, 0xfc, 0x2a, 0x0, 0xb0, 0x61,
    0x9, 0x0, 0xff, 0xe0, 0x48, 0x1, 0x86, 0xc0,
    0xc, 0x1, 0xff, 0xc0, 0x34, 0x0, 0x69, 0x3,
    0x8, 0x7, 0xff, 0x7, 0xc0, 0x6, 0x0, 0xb0,
    0xf, 0xfe, 0x12, 0x18, 0x4, 0x84, 0x1, 0xff,
    0xc3, 0x90, 0xa, 0x0, 0x3f, 0xf8, 0x8a, 0x40,
    0x66, 0x0, 0xfc,

    /* U+004E "N" */
    0xbf, 0xf5, 0x0, 0x7f, 0x67, 0xfb, 0x0, 0x25,
    0x60, 0xf, 0xfe, 0x24, 0x98, 0x7, 0xff, 0x13,
    0x80, 0x3f, 0xf8, 0x85, 0x40, 0x1f, 0xfc, 0x45,
    0x60, 0xf, 0xfe, 0x1, 0x18, 0x2, 0x4c, 0x3,
    0xfe, 0x1d, 0x10, 0x6, 0x88, 0x7, 0xfc, 0x34,
    0x0, 0x1a, 0x0, 0xff, 0xe0, 0x24, 0x0, 0x11,
    0xc0, 0x3f, 0xf8, 0xe, 0x80, 0x8, 0x30, 0xf,
    0xfe, 0x5, 0x8, 0x3, 0x44, 0x3, 0xfe, 0x1d,
    0x0, 0xd, 0x0, 0x7f, 0xf0, 0xe, 0x40, 0x8,
    0x60, 0x1f, 0xfc, 0x6, 0x50, 0xf, 0xfe, 0x25,
    0x10, 0x7, 0xff, 0x13, 0xc0, 0x3f, 0xf8, 0x85,
    0x40, 0x1f, 0xfc, 0x45, 0x60, 0x8,

    /* U+004F "O" */
    0x0, 0xe1, 0x7b, 0xef, 0xf7, 0x5b, 0x88, 0x7,
    0xf4, 0xf4, 0x20, 0x80, 0x5, 0x23, 0xa0, 0x3,
    0xc3, 0xac, 0x1, 0xfe, 0x7c, 0x10, 0xd, 0xa4,
    0x1, 0x25, 0x66, 0x25, 0x0, 0x23, 0xd0, 0x9,
    0xcc, 0x0, 0x39, 0x6a, 0x66, 0x6b, 0xc1, 0x0,
    0x1b, 0x80, 0x24, 0x2, 0xd3, 0x0, 0xf1, 0xe8,
    0x5, 0x20, 0x82, 0x0, 0x53, 0x0, 0xfc, 0x6a,
    0x0, 0x14, 0x30, 0xb, 0x80, 0x3f, 0xdc, 0x1,
    0x1f, 0x0, 0x4c, 0x1, 0xfe, 0x60, 0xb, 0x8c,
    0x2, 0x30, 0xf, 0xf1, 0x80, 0x46, 0x60, 0x8,
    0xc0, 0x3f, 0xc6, 0x1, 0x1f, 0x0, 0x4e, 0x1,
    0xfe, 0x70, 0xb, 0x90, 0x2, 0xf0, 0xf, 0xf7,
    0x0, 0x48, 0x62, 0x0, 0x54, 0x0, 0xfc, 0x88,
    0x0, 0x9, 0x84, 0x0, 0x54, 0x80, 0x1e, 0x4a,
    0x0, 0xa0, 0x0, 0xc8, 0x0, 0x1b, 0xb3, 0x22,
    0x1a, 0xec, 0x20, 0x4, 0x60, 0xa, 0xcc, 0x2,
    0x49, 0xbb, 0x4a, 0x0, 0x49, 0x60, 0x1d, 0x90,
    0x1, 0xfe, 0x8b, 0x0, 0xf9, 0xfa, 0x50, 0x40,
    0x2, 0x93, 0xce, 0x1, 0x80,

    /* U+0050 "P" */
    0xbf, 0xff, 0xba, 0xd8, 0x3, 0xff, 0x80, 0x29,
    0x3a, 0x60, 0x1f, 0xfc, 0x12, 0xc2, 0x0, 0xc7,
    0xff, 0x75, 0x98, 0x5, 0x0, 0x1f, 0x85, 0x34,
    0x40, 0xa, 0x1, 0xfe, 0x15, 0x0, 0x84, 0x3,
    0xfc, 0xe0, 0x10, 0x80, 0x7f, 0x11, 0x80, 0xc,
    0x3, 0xf0, 0xae, 0x0, 0x54, 0x1, 0x8f, 0xfe,
    0xea, 0x10, 0x2, 0x30, 0x7, 0xff, 0x1, 0x68,
    0x3, 0xf8, 0x49, 0xb2, 0x84, 0x3, 0x8f, 0xfe,
    0xed, 0x93, 0x0, 0xff, 0xff, 0x80, 0x7f, 0xf1,
    0xc0,

    /* U+0051 "Q" */
    0x0, 0xe1, 0x7b, 0xef, 0xf7, 0x5b, 0x88, 0x7,
    0xf4, 0xf4, 0x20, 0x80, 0x5, 0x23, 0xa0, 0x3,
    0xc3, 0xac, 0x1, 0xfe, 0x7c, 0x10, 0xd, 0xa4,
    0x1, 0x25, 0x66, 0x25, 0x0, 0x23, 0xd0, 0x9,
    0xcc, 0x0, 0x39, 0x6a, 0x66, 0x6b, 0xc1, 0x0,
    0x1b, 0x80, 0x24, 0x2, 0xd3, 0x0, 0xf1, 0xe8,
    0x5, 0x20, 0x82, 0x0, 0x53, 0x0, 0xfc, 0x6a,
    0x0, 0x14, 0x30, 0xb, 0x80, 0x3f, 0xdc, 0x1,
    0x1f, 0x0, 0x4c, 0x1, 0xfe, 0x60, 0xb, 0x8c,
    0x2, 0x30, 0xf, 0xf1, 0x80, 0x63, 0x0, 0x8c,
    0x3, 0xfc, 0x60, 0x1b, 0x80, 0x27, 0x0, 0xff,
    0x38, 0x5, 0xc6, 0x1, 0x78, 0x7, 0xfb, 0x80,
    0x24, 0x40, 0x80, 0x15, 0x0, 0x3f, 0x22, 0x0,
    0x4, 0x61, 0x0, 0x15, 0x20, 0x7, 0x92, 0x80,
    0x28, 0x0, 0x32, 0x0, 0x6, 0xec, 0xc8, 0x86,
    0xbb, 0x8, 0x1, 0x54, 0x1, 0x59, 0x80, 0x49,
    0x37, 0x69, 0x40, 0x9, 0x28, 0x3, 0xb1, 0xc0,
    0x3f, 0x86, 0x6c, 0x3, 0xe8, 0xe8, 0x41, 0x0,
    0xe8, 0x60, 0xf, 0xe1, 0x7b, 0xef, 0xa2, 0x0,
    0x4f, 0x40, 0x80, 0x7f, 0xf0, 0x17, 0x60, 0x40,
    0x5f, 0xa8, 0xc0, 0x3f, 0xf8, 0xf, 0xce, 0x1,
    0x28, 0x7, 0xff, 0xe, 0x39, 0x81, 0xcc, 0x3,
    0xff, 0x86, 0x33, 0xb0, 0x0,

    /* U+0052 "R" */
    0xbf, 0xff, 0xdb, 0x4a, 0x1, 0xff, 0xc1, 0x25,
    0xad, 0x20, 0xf, 0xfe, 0x11, 0x60, 0x7, 0x1f,
    0xfe, 0xea, 0x10, 0x0, 0xb8, 0x7, 0xf0, 0xae,
    0x80, 0x56, 0x1, 0xff, 0x18, 0x80, 0x4, 0x3,
    0xff, 0x80, 0x20, 0x1f, 0xfc, 0x25, 0x0, 0x9c,
    0x3, 0xf8, 0x9e, 0x80, 0x29, 0x0, 0xc7, 0xff,
    0xb6, 0x0, 0x27, 0x30, 0xf, 0xfe, 0xc, 0x40,
    0x3, 0xff, 0x83, 0x6e, 0x1, 0xe3, 0xff, 0xb8,
    0x2, 0xf0, 0xf, 0xf8, 0x60, 0x0, 0x8a, 0x1,
    0xff, 0x39, 0x0, 0x2c, 0x40, 0x3f, 0xe9, 0x0,
    0xc, 0x0, 0x7f, 0xc8, 0xa0, 0x6, 0x30, 0xf,
    0xfa, 0xc0, 0x2f, 0x0, 0xff, 0x86, 0x0, 0x6,
    0xe0,

    /* U+0053 "S" */
    0x0, 0x8a, 0x33, 0xbf, 0xb6, 0x54, 0x3, 0xa7,
    0x5c, 0xc4, 0x4, 0x9a, 0xb9, 0x40, 0x12, 0xc0,
    0x18, 0x40, 0x30, 0xe8, 0x13, 0x0, 0x55, 0xfd,
    0xfb, 0x4, 0x30, 0xe, 0x1, 0x4a, 0x80, 0x44,
    0xfb, 0x80, 0x3, 0x0, 0x88, 0x3, 0xe2, 0x0,
    0x28, 0x5, 0x24, 0x1, 0xfc, 0x66, 0x0, 0x16,
    0xc1, 0x0, 0x7e, 0xd3, 0x0, 0x9f, 0x71, 0x84,
    0x3, 0x87, 0x24, 0x80, 0x23, 0x9e, 0x80, 0xf,
    0x36, 0xe3, 0x88, 0x4, 0xfa, 0x40, 0x1e, 0x38,
    0xeb, 0x30, 0x1, 0x70, 0x7, 0xf2, 0x62, 0x0,
    0xc, 0x80, 0x3f, 0xd8, 0x1, 0x30, 0x30, 0x7,
    0xec, 0x0, 0x9d, 0x27, 0xe9, 0x8c, 0x88, 0x96,
    0x80, 0x1, 0x3f, 0x0, 0x2c, 0xe6, 0xea, 0xd0,
    0x2, 0xb0, 0xd1, 0x0, 0xfe, 0x1a, 0x50, 0x6e,
    0xb7, 0x31, 0x0, 0xa, 0x4f, 0x28, 0x0,

    /* U+0054 "T" */
    0x6f, 0xff, 0xfe, 0x1b, 0x0, 0x7f, 0xf5, 0x9b,
    0xff, 0xac, 0x2, 0xbf, 0xfe, 0x60, 0xf, 0xff,
    0xf8, 0x7, 0xff, 0xfc, 0x3, 0xff, 0xfe, 0x1,
    0xff, 0xd2,

    /* U+0055 "U" */
    0xbf, 0xf6, 0x0, 0x7e, 0xaf, 0xf6, 0x80, 0x7f,
    0xff, 0xc0, 0x3f, 0xff, 0xe0, 0x1f, 0xfc, 0xe1,
    0x0, 0x8, 0x7, 0xe1, 0x0, 0x9, 0x80, 0x8,
    0x80, 0x1f, 0x20, 0x1, 0xf0, 0x2, 0x90, 0xf,
    0x48, 0x5, 0x8a, 0x20, 0x4, 0xd7, 0x44, 0x3e,
    0x30, 0x4, 0xc1, 0x40, 0x11, 0x45, 0xda, 0xc,
    0x2, 0x91, 0x4, 0xb1, 0x0, 0xfc, 0x34, 0xc0,
    0x12, 0x74, 0xa0, 0x80, 0x5, 0x27, 0x94, 0x0,

    /* U+0056 "V" */
    0x7f, 0xf9, 0x80, 0x3f, 0xdf, 0xf6, 0x83, 0x0,
    0x5a, 0x1, 0xfc, 0xa0, 0x15, 0x0, 0xa8, 0x1,
    0x4, 0x3, 0xf7, 0x0, 0x4c, 0x0, 0xe0, 0x9,
    0x80, 0x3e, 0x14, 0x0, 0x28, 0x80, 0x10, 0x40,
    0x14, 0x1, 0xf3, 0x80, 0x5c, 0x1, 0xa4, 0x0,
    0x46, 0x1, 0xea, 0x0, 0xa, 0x0, 0x66, 0x0,
    0xa8, 0x3, 0x88, 0xc0, 0x12, 0x1, 0xc2, 0x80,
    0x7, 0x0, 0xe5, 0x0, 0x98, 0x3, 0xdc, 0x0,
    0x14, 0x0, 0xd4, 0x0, 0x41, 0x0, 0xf2, 0x88,
    0x3, 0x80, 0x23, 0x20, 0x7, 0x0, 0x7e, 0x60,
    0x2, 0x88, 0x2, 0xc0, 0x2, 0xa0, 0x1f, 0xa8,
    0x2, 0x70, 0x3, 0x0, 0x18, 0x3, 0xf8, 0x8c,
    0x1, 0x40, 0x82, 0x0, 0xa0, 0xf, 0xf4, 0x80,
    0xc, 0xb4, 0x0, 0x64, 0x1, 0xfe, 0x50, 0xa,
    0x98, 0x1, 0x20, 0x1f, 0xfc, 0x6, 0x0, 0x38,
    0x0, 0x54, 0x3, 0xff, 0x81, 0x40, 0x1c, 0xe0,
    0x1f, 0xfc, 0x13, 0x30, 0x6, 0xb0, 0xf, 0xfe,
    0x15, 0x0, 0x46, 0x40, 0x1f, 0x0,

    /* U+0057 "W" */
    0x7f, 0xf8, 0xc0, 0x3e, 0x7f, 0xf5, 0x80, 0x7e,
    0xff, 0xa5, 0x40, 0x2b, 0x0, 0xfa, 0xc0, 0x8,
    0x1, 0xf2, 0x0, 0x5a, 0x44, 0x0, 0x20, 0x7,
    0x84, 0xc0, 0x25, 0x0, 0xf6, 0x0, 0x5, 0x1,
    0x40, 0x6, 0x20, 0x1c, 0xe0, 0x1b, 0xc0, 0x3c,
    0xa0, 0x4, 0x0, 0x58, 0x4, 0xe0, 0x1d, 0x80,
    0x19, 0x0, 0x38, 0x48, 0x1, 0xc0, 0x3, 0x10,
    0x6, 0x0, 0x72, 0x80, 0x8, 0x4, 0xc0, 0x33,
    0x80, 0x48, 0x1, 0x38, 0x1, 0x40, 0x32, 0x0,
    0x15, 0x40, 0xb, 0x0, 0xd8, 0x0, 0x50, 0xd,
    0x40, 0x12, 0x0, 0x5a, 0x0, 0xfb, 0x0, 0x28,
    0x6, 0x40, 0x7, 0x80, 0x63, 0x10, 0x6, 0x0,
    0x4e, 0x0, 0x53, 0x10, 0x22, 0x0, 0xc, 0x40,
    0xa, 0x1, 0xce, 0x0, 0x50, 0x1, 0x88, 0x20,
    0x1, 0xc0, 0xa, 0x0, 0xb0, 0x2, 0x0, 0x7b,
    0x40, 0x4, 0x21, 0x60, 0xd, 0x0, 0x68, 0x3,
    0x0, 0x8, 0x0, 0xd0, 0xf, 0x20, 0x4, 0xe0,
    0xa0, 0x7, 0x0, 0x20, 0x82, 0x8, 0x8c, 0x0,
    0xe0, 0x1f, 0x28, 0x3, 0x48, 0x80, 0x82, 0x1,
    0x20, 0x1, 0x10, 0x0, 0x31, 0x0, 0xfb, 0xc0,
    0x9, 0x40, 0xd, 0x0, 0xde, 0x0, 0xff, 0x0,
    0x28, 0x3, 0xf2, 0x80, 0x4e, 0x0, 0x70, 0xc,
    0xa0, 0x4, 0x40, 0x1, 0xc0, 0x3f, 0x94, 0x3,
    0x18, 0x80, 0x72, 0x80, 0x88, 0xc, 0x40, 0x3f,
    0xbc, 0x3, 0x58, 0x7, 0xbc, 0x3, 0x58, 0x7,
    0xf9, 0x0, 0x32, 0x80, 0x79, 0x0, 0x32, 0x80,
    0x7f, 0x85, 0x0, 0x4, 0x40, 0xf, 0xa, 0x0,
    0x8, 0x80, 0x1c,

    /* U+0058 "X" */
    0x2f, 0xfc, 0x60, 0x1f, 0x77, 0xfc, 0xe0, 0x52,
    0x1, 0x70, 0x7, 0xa4, 0x40, 0x8, 0xe0, 0x6,
    0x50, 0x1, 0x40, 0x6, 0x46, 0x0, 0xd, 0x0,
    0x6a, 0x20, 0x3, 0x98, 0x5, 0x20, 0x16, 0x88,
    0x7, 0x70, 0x5, 0xe0, 0x8, 0x20, 0x4, 0x18,
    0x7, 0x8e, 0x0, 0x6, 0xe6, 0xe0, 0x4, 0x70,
    0xf, 0xce, 0x60, 0x8, 0xe0, 0x0, 0xd0, 0x7,
    0xfb, 0x44, 0x0, 0x40, 0xd, 0x10, 0xf, 0xf0,
    0xd8, 0x6, 0x83, 0x0, 0xff, 0xe0, 0x20, 0x6,
    0x10, 0xf, 0xfe, 0xe, 0x80, 0x69, 0x30, 0xf,
    0xf9, 0xcc, 0x0, 0x20, 0xe, 0x0, 0xff, 0x1c,
    0x0, 0x16, 0x80, 0x5, 0x40, 0x1f, 0xdc, 0x0,
    0x1b, 0x46, 0x0, 0x2b, 0x0, 0x7d, 0x24, 0x0,
    0xb1, 0x9, 0x20, 0x4, 0x90, 0x7, 0x23, 0x0,
    0x11, 0x40, 0x2e, 0x0, 0xbc, 0x3, 0xd, 0x0,
    0x54, 0x1, 0x8d, 0xc0, 0x5, 0x40, 0x15, 0x8,
    0x2, 0x4, 0x3, 0xa0, 0x80, 0xa, 0xc0, 0xc8,
    0x0, 0x37, 0x0, 0xfb, 0x80, 0x29, 0x20,

    /* U+0059 "Y" */
    0x7f, 0xfa, 0x40, 0x3f, 0x5f, 0xfc, 0x4e, 0x40,
    0x6, 0x20, 0xf, 0x22, 0x0, 0xe, 0x41, 0x20,
    0x14, 0x80, 0x7a, 0x40, 0x3, 0x0, 0x4, 0x50,
    0x2, 0x20, 0x3, 0x31, 0x0, 0x2c, 0x3, 0x58,
    0x5, 0x20, 0x1a, 0x0, 0x8, 0xa0, 0x18, 0x60,
    0x0, 0x4c, 0x0, 0x81, 0x0, 0x48, 0x7, 0x9c,
    0x80, 0x10, 0x24, 0xe0, 0x7, 0x20, 0xf, 0xa4,
    0x0, 0x33, 0x0, 0x1, 0x80, 0xf, 0xc8, 0xa0,
    0x7, 0x50, 0x5, 0x80, 0x7f, 0xac, 0x3, 0x91,
    0x40, 0x3f, 0xc3, 0x0, 0x1a, 0x40, 0x3f, 0xf8,
    0xe, 0x1, 0x29, 0x0, 0x7f, 0xf0, 0x44, 0x0,
    0x60, 0x1f, 0xff, 0xf0, 0xf, 0xfe, 0xe0,

    /* U+005A "Z" */
    0x5f, 0xff, 0xfe, 0xf, 0x0, 0x7f, 0xf4, 0xc8,
    0x17, 0xff, 0xf9, 0x0, 0x3, 0xa0, 0x1f, 0xe8,
    0x40, 0x5, 0x8, 0x7, 0xf2, 0x38, 0x2, 0x10,
    0x3, 0xf8, 0xa8, 0x0, 0x8e, 0x1, 0xfe, 0xe1,
    0x1, 0xa0, 0xf, 0xf4, 0x98, 0x3, 0x44, 0x3,
    0xf9, 0x98, 0x0, 0x93, 0x0, 0xfe, 0x39, 0x0,
    0x2b, 0x0, 0x7f, 0xe, 0x80, 0xa, 0x80, 0x3f,
    0xd4, 0x20, 0xf, 0x0, 0xff, 0x42, 0x0, 0x28,
    0x80, 0x3f, 0x91, 0xc0, 0xe, 0xa0, 0x1f, 0xc5,
    0x40, 0x3, 0x80, 0xf, 0xf7, 0x8, 0x0, 0xff,
    0xff, 0xca, 0x20, 0x1f, 0xfd, 0x30,

    /* U+005B "[" */
    0x16, 0x6e, 0x33, 0x4c, 0xf2, 0x0, 0x7f, 0x97,
    0xfc, 0xe0, 0x1f, 0xff, 0xf0, 0xf, 0xff, 0x8b,
    0x34, 0x60, 0x11, 0xcc, 0x90, 0x3, 0xe0,

    /* U+005C "\\" */
    0x9f, 0xf1, 0x0, 0x7b, 0x40, 0xa, 0x1, 0xe4,
    0x0, 0x60, 0x7, 0xc8, 0x8, 0x1, 0xf6, 0x0,
    0x10, 0x3, 0xca, 0x0, 0xd0, 0xf, 0x10, 0x82,
    0x0, 0x7c, 0xe0, 0x44, 0x0, 0xf6, 0x0, 0x10,
    0x3, 0xc8, 0x0, 0xd0, 0xf, 0x9, 0x82, 0x0,
    0x7d, 0x60, 0x4, 0x0, 0xf2, 0x0, 0x30, 0x3,
    0xc6, 0x20, 0xa0, 0x1f, 0x20, 0x10, 0x80, 0x7b,
    0xc0, 0xe, 0x1, 0xe4, 0x0, 0x60, 0x7, 0x84,
    0xc1, 0x40, 0x3e, 0x40, 0x1, 0x80, 0x7a, 0xc0,
    0x16, 0x1, 0xe3, 0x0, 0x20, 0x7, 0xca, 0x6,
    0x20, 0x1e, 0xc0, 0x2, 0x0,

    /* U+005D "]" */
    0x56, 0x6c, 0xb1, 0x33, 0xc0, 0x1e, 0xdf, 0xf0,
    0x7, 0xff, 0xfc, 0x3, 0xff, 0xbc, 0xac, 0xe0,
    0x14, 0x4c, 0x0, 0x7f, 0x0,

    /* U+005E "^" */
    0x0, 0xf9, 0xe1, 0xc0, 0x3f, 0xf8, 0x31, 0x7,
    0x88, 0x0, 0x7f, 0xc6, 0xe0, 0x13, 0xa0, 0x7,
    0xfb, 0x80, 0x2, 0x0, 0xa0, 0xf, 0xe9, 0x20,
    0x1f, 0x20, 0x1a, 0x0, 0xf9, 0x18, 0x1, 0x43,
    0xc0, 0x5, 0x50, 0x7, 0xd, 0x0, 0x19, 0x0,
    0xdc, 0x1, 0x62, 0x1, 0xa8, 0x40, 0xa4, 0x2,
    0x82, 0x1, 0xa0, 0x9, 0x90, 0x1, 0xc0, 0x1d,
    0xc0, 0x4, 0x60, 0x29, 0x0, 0x39, 0x80, 0x71,
    0xc0, 0x2, 0x48,

    /* U+005F "_" */
    0x2b, 0xbf, 0xfe, 0x1d, 0x32, 0x27, 0xff, 0x10,
    0x3, 0xff, 0x8a,

    /* U+0060 "`" */
    0x6b, 0xb8, 0xc1, 0x85, 0x11, 0x0, 0xa, 0x50,
    0x43, 0x0, 0x53, 0x4, 0x0,

    /* U+0061 "a" */
    0x0, 0xb, 0xdf, 0x7f, 0xb2, 0x4, 0x3, 0x9f,
    0xa1, 0x4, 0x0, 0x6f, 0xe6, 0x1, 0xac, 0x0,
    0x26, 0x61, 0x0, 0xe, 0x80, 0x6e, 0x5c, 0xec,
    0xc7, 0x38, 0x0, 0x50, 0x2, 0x2a, 0x30, 0xd,
    0x2, 0x0, 0x30, 0xf, 0xf8, 0xc0, 0x1e, 0x1,
    0x92, 0xb7, 0xfd, 0xd8, 0x40, 0x1e, 0x9b, 0x52,
    0x0, 0x9, 0x80, 0x79, 0x98, 0x0, 0x7c, 0xdc,
    0xa1, 0x0, 0xea, 0x0, 0x3c, 0x19, 0x1a, 0x90,
    0x7, 0x10, 0x3, 0x40, 0x38, 0x40, 0x38, 0x80,
    0x1e, 0x1, 0xd, 0x10, 0x0, 0x40, 0x16, 0x0,
    0x5d, 0xab, 0xe5, 0x0, 0x9a, 0x85, 0xcc, 0x0,
    0x4a, 0x80, 0x32, 0x1, 0x28, 0x86, 0x41, 0x80,
    0xa, 0x39, 0xa0, 0x41, 0x0,

    /* U+0062 "b" */
    0xf, 0xf9, 0x40, 0x3f, 0xff, 0xe0, 0x1f, 0xfc,
    0x31, 0x9d, 0xfe, 0xb4, 0x0, 0xfb, 0x3d, 0x88,
    0x5, 0x2e, 0x40, 0x3c, 0xc2, 0x1, 0xe6, 0x70,
    0xf, 0x26, 0x7f, 0xa4, 0x2, 0x81, 0x0, 0xcb,
    0x66, 0x0, 0x69, 0x0, 0x9c, 0x3, 0x78, 0x7,
    0x30, 0x80, 0x30, 0x3, 0xfe, 0x20, 0x0, 0x80,
    0x7f, 0xcc, 0x0, 0x70, 0xf, 0xf9, 0x80, 0xc,
    0x1, 0xff, 0x18, 0x0, 0x80, 0x31, 0x80, 0x74,
    0x0, 0x56, 0x1, 0xa1, 0x80, 0x27, 0x70, 0x0,
    0x8c, 0x3, 0xc, 0xff, 0x7c, 0x0, 0x5c, 0x1,
    0x90, 0xc0, 0x2, 0x1, 0xac, 0xc0, 0x37, 0x64,
    0x98, 0x0, 0x9f, 0x90, 0x0,

    /* U+0063 "c" */
    0x0, 0xcd, 0x7d, 0xfd, 0x6e, 0x1, 0x8f, 0x65,
    0x4, 0x5, 0x23, 0x90, 0xb, 0x8, 0x2, 0x10,
    0x8, 0x5c, 0x3c, 0x2, 0x8e, 0xe7, 0xeb, 0x30,
    0xd0, 0x80, 0x12, 0xe2, 0x0, 0x29, 0x90, 0x70,
    0x0, 0x98, 0x3, 0xf3, 0x0, 0x10, 0x3, 0xf8,
    0x40, 0x2, 0x1, 0xfc, 0xc0, 0x2, 0x0, 0xfe,
    0x20, 0x2, 0x0, 0x7f, 0x68, 0x0, 0x5c, 0x3,
    0xf2, 0x10, 0x2, 0x20, 0x20, 0x2, 0x9e, 0x10,
    0xf0, 0x9, 0xfb, 0x9f, 0xac, 0x34, 0x5, 0x84,
    0x1, 0x8, 0x4, 0x3c, 0x0, 0x3d, 0x94, 0x10,
    0x13, 0x8e, 0x50,

    /* U+0064 "d" */
    0x0, 0xff, 0x3f, 0xfb, 0x80, 0x3f, 0xff, 0xa7,
    0x3b, 0xfd, 0x68, 0x1, 0xe7, 0xc6, 0x20, 0x14,
    0xb9, 0x0, 0xcb, 0x0, 0x1f, 0x8, 0x6, 0xa0,
    0x9, 0xf7, 0xf1, 0x40, 0x33, 0x0, 0x53, 0x4,
    0x7, 0x4e, 0x1, 0x60, 0x0, 0x98, 0x3, 0xbc,
    0x2, 0x60, 0x3, 0x80, 0x7f, 0x84, 0x0, 0x60,
    0x1f, 0xe1, 0x0, 0x18, 0x7, 0xf9, 0x80, 0x8,
    0x1, 0xfe, 0xf0, 0x0, 0xb8, 0x7, 0x60, 0x4,
    0xa2, 0x0, 0x89, 0x21, 0x4c, 0x40, 0xd, 0x60,
    0x13, 0x6f, 0x59, 0x80, 0x72, 0xc8, 0x7, 0xce,
    0x40, 0x19, 0xb5, 0x88, 0x5, 0x72, 0x10, 0x0,

    /* U+0065 "e" */
    0x0, 0x85, 0xf3, 0xbf, 0x68, 0xc0, 0x39, 0x3e,
    0xc, 0x40, 0x97, 0x24, 0x2, 0x3b, 0x10, 0x15,
    0x63, 0x0, 0x34, 0x0, 0x38, 0x0, 0xbd, 0x53,
    0x94, 0x0, 0x72, 0x52, 0x1, 0xa0, 0xc, 0xaa,
    0x0, 0x2f, 0x80, 0x10, 0x3, 0xda, 0x0, 0xd6,
    0x0, 0x2f, 0xff, 0xa0, 0x0, 0xc2, 0x1, 0xff,
    0xc0, 0x61, 0x0, 0x25, 0xdf, 0xf4, 0x30, 0x1,
    0x91, 0x3f, 0x8b, 0xc0, 0x4, 0x80, 0x1f, 0xca,
    0x20, 0xa, 0x40, 0xc, 0x55, 0x40, 0x5, 0x0,
    0x6, 0xf6, 0xed, 0xba, 0x55, 0x20, 0x25, 0x88,
    0x0, 0x91, 0x4, 0x0, 0x46, 0x0, 0x27, 0xc1,
    0x88, 0x9, 0xb6, 0x59, 0x0,

    /* U+0066 "f" */
    0x0, 0xc5, 0x5d, 0xfe, 0xc2, 0x0, 0x93, 0x54,
    0x40, 0x6, 0x60, 0xa, 0x40, 0x22, 0x44, 0x8,
    0x4, 0x40, 0x7, 0xdb, 0xb0, 0x4, 0x20, 0x16,
    0x0, 0x7f, 0xf0, 0xcf, 0xf8, 0x2, 0xbf, 0xf5,
    0x80, 0x7f, 0xf0, 0x4, 0x88, 0x1, 0x9, 0x14,
    0x5, 0xb8, 0x1, 0x56, 0xea, 0x40, 0x3f, 0xff,
    0xe0, 0x1f, 0xfe, 0x30,

    /* U+0067 "g" */
    0x0, 0x86, 0x37, 0xfd, 0x8e, 0xd, 0xfe, 0x10,
    0x2, 0xf3, 0x90, 0x0, 0xe3, 0x6c, 0x3, 0x1d,
    0x0, 0x7c, 0x44, 0x0, 0xda, 0x1, 0x36, 0x76,
    0x38, 0x7, 0x20, 0x80, 0x22, 0x4c, 0x4e, 0x24,
    0x3, 0x70, 0x0, 0x5c, 0x3, 0x88, 0x3, 0x8,
    0x1, 0x0, 0x3f, 0xe6, 0x0, 0x18, 0x7, 0xfc,
    0x20, 0x3, 0x0, 0xff, 0x98, 0x0, 0xe0, 0x1f,
    0xf6, 0x0, 0x9, 0x40, 0x3b, 0x0, 0x33, 0x0,
    0x54, 0xe2, 0x5, 0x4e, 0x1, 0xd4, 0x1, 0x47,
    0x7e, 0xa8, 0x7, 0x96, 0x0, 0x3e, 0x30, 0xf,
    0x3e, 0xb1, 0x0, 0xa5, 0x78, 0x4, 0x20, 0x11,
    0x4e, 0xff, 0x5a, 0x80, 0x7f, 0xf0, 0xec, 0x0,
    0x80, 0x15, 0xb9, 0x0, 0x43, 0xe, 0x0, 0xd0,
    0x2, 0xa4, 0x6f, 0xf7, 0xf3, 0x80, 0xd, 0x80,
    0x6, 0x1, 0x84, 0x3, 0x26, 0x80, 0x4d, 0xd0,
    0x82, 0x0, 0x25, 0xbb, 0x8, 0x0,

    /* U+0068 "h" */
    0xf, 0xf9, 0x40, 0x3f, 0xff, 0xe0, 0x1f, 0xe6,
    0xcf, 0xf6, 0x38, 0x7, 0x8f, 0x24, 0xc0, 0x7,
    0x16, 0x1, 0xd2, 0x60, 0x1e, 0x47, 0x0, 0xf4,
    0x6e, 0x9c, 0x2, 0xb0, 0xe, 0xc7, 0x22, 0x42,
    0x80, 0x8, 0x3, 0x49, 0x80, 0x6c, 0x0, 0x8,
    0x6, 0x30, 0xf, 0xff, 0xf8, 0x7, 0xff, 0x88,

    /* U+0069 "i" */
    0x9, 0xfd, 0x33, 0x30, 0x17, 0x88, 0x4, 0xe5,
    0x26, 0xb2, 0xd, 0x94, 0x40, 0x1e, 0xef, 0xf3,
    0x80, 0x7f, 0xfe, 0x80,

    /* U+006A "j" */
    0x0, 0xe5, 0xee, 0x38, 0x7, 0xac, 0x45, 0x2,
    0x1, 0xc6, 0x1, 0xfd, 0xc8, 0x8a, 0x10, 0xe,
    0x3b, 0xb2, 0x80, 0x7f, 0xf1, 0x27, 0xfd, 0x80,
    0x1f, 0xff, 0xf0, 0xf, 0xff, 0xf8, 0x7, 0x88,
    0x0, 0xe0, 0x1c, 0x68, 0x0, 0x20, 0x5, 0xff,
    0x60, 0x5, 0xa0, 0x5, 0x1, 0x0, 0x9d, 0x0,
    0x50, 0x40, 0x9, 0x70, 0x0,

    /* U+006B "k" */
    0xf, 0xf9, 0x40, 0x3f, 0xff, 0xe0, 0x1f, 0xfc,
    0x7b, 0xff, 0x8c, 0x3, 0xfa, 0x50, 0x1, 0x46,
    0x1, 0xf9, 0x98, 0x0, 0x95, 0x0, 0xfc, 0x72,
    0x0, 0x76, 0x0, 0xfc, 0x5a, 0x0, 0x58, 0x0,
    0xfc, 0x7e, 0x20, 0x94, 0x1, 0xfd, 0x4, 0x0,
    0xd0, 0xf, 0xf0, 0x80, 0x52, 0x40, 0x1f, 0xe1,
    0x0, 0xb8, 0x3, 0xfd, 0xb4, 0x0, 0x38, 0x0,
    0xfd, 0x6, 0xaa, 0x0, 0x3a, 0x0, 0x7c, 0x40,
    0xb, 0x10, 0x5, 0x8, 0x7, 0xf0, 0xd0, 0x0,
    0x68, 0x3, 0xfc, 0x8e, 0x0, 0x46, 0x0, 0xff,
    0x41, 0x0, 0x24, 0x80,

    /* U+006C "l" */
    0xf, 0xf9, 0x40, 0x3f, 0xff, 0xe0, 0x1f, 0xfc,
    0xd0,

    /* U+006D "m" */
    0xf, 0xf5, 0x81, 0x4f, 0x7f, 0x51, 0x0, 0xa,
    0x7b, 0xfa, 0x44, 0x3, 0x98, 0xf5, 0x84, 0x5,
    0x70, 0x97, 0x58, 0x40, 0x5b, 0xc8, 0x3, 0x16,
    0x80, 0x78, 0x7e, 0x80, 0x3c, 0x32, 0x1, 0xc2,
    0x57, 0xfc, 0x60, 0x2, 0x3, 0xcf, 0xe3, 0x0,
    0x20, 0x80, 0x61, 0xc4, 0x1, 0xf0, 0x8, 0xb0,
    0xc0, 0x60, 0x2, 0x20, 0xd, 0x22, 0x1, 0x10,
    0x5, 0x60, 0x19, 0x80, 0x27, 0x0, 0xff, 0xe0,
    0x98, 0x7, 0xff, 0xfc, 0x3, 0xff, 0xfe, 0x1,
    0xff, 0xdf,

    /* U+006E "n" */
    0xf, 0xf3, 0x0, 0x1f, 0x7f, 0xda, 0xe0, 0x1d,
    0xe5, 0xb0, 0x40, 0x2, 0x8c, 0x0, 0xcf, 0x84,
    0x1, 0xe3, 0x70, 0x8, 0x44, 0xd, 0x79, 0x0,
    0x15, 0x0, 0x75, 0xca, 0x1b, 0xa8, 0x0, 0x80,
    0x34, 0x20, 0x6, 0xc0, 0xf, 0x88, 0x3, 0xff,
    0xfe, 0x1, 0xff, 0xe2,

    /* U+006F "o" */
    0x0, 0xcd, 0x7d, 0xfd, 0x8c, 0x20, 0x1c, 0x9d,
    0x28, 0x20, 0x27, 0x3e, 0x80, 0x11, 0xd8, 0x80,
    0x7c, 0x36, 0x80, 0xd, 0x0, 0xa3, 0xbf, 0xa4,
    0x2, 0xa0, 0x51, 0x0, 0x4b, 0x88, 0xb, 0x50,
    0x0, 0x5f, 0xc0, 0x2, 0xc0, 0x1c, 0xa6, 0x0,
    0xc6, 0x0, 0x20, 0x7, 0xca, 0x0, 0x61, 0x0,
    0x18, 0x7, 0xc2, 0x0, 0x31, 0x0, 0x18, 0x7,
    0xc2, 0x0, 0x36, 0x0, 0x38, 0x7, 0xca, 0x0,
    0x6c, 0x0, 0x13, 0x0, 0x72, 0x18, 0x3, 0x18,
    0x40, 0x12, 0xe2, 0x2, 0xd6, 0x0, 0x17, 0xd,
    0x0, 0xa3, 0xbf, 0xa4, 0x2, 0xa0, 0x1, 0xd8,
    0x80, 0x7c, 0x36, 0x80, 0x12, 0x74, 0xa0, 0x80,
    0x9c, 0xfa, 0x0, 0x0,

    /* U+0070 "p" */
    0xf, 0xf4, 0x1, 0x57, 0x7e, 0xc9, 0x0, 0x79,
    0x11, 0xaa, 0x20, 0x4d, 0xaa, 0x1, 0xc7, 0x60,
    0x1f, 0x51, 0x80, 0x78, 0xf3, 0xf9, 0xc0, 0x2f,
    0x0, 0xe3, 0xc3, 0x1, 0x86, 0x0, 0x19, 0x0,
    0x69, 0x0, 0xeb, 0x0, 0x90, 0x3, 0xfc, 0x40,
    0x10, 0x80, 0x7f, 0xc2, 0x0, 0xf0, 0xf, 0xf8,
    0x40, 0x1c, 0x1, 0xfe, 0x40, 0x9, 0x40, 0x3f,
    0xd0, 0x0, 0x13, 0x0, 0xde, 0x20, 0x1, 0xa3,
    0x0, 0x48, 0x7, 0x2f, 0x6e, 0xb9, 0x40, 0x6,
    0xe0, 0x1f, 0x11, 0x0, 0x24, 0xc0, 0xf, 0x3a,
    0x90, 0xa, 0x5d, 0x80, 0x3e, 0xda, 0xdf, 0xeb,
    0x40, 0xf, 0xff, 0xf8, 0x6,

    /* U+0071 "q" */
    0x0, 0x85, 0xf3, 0xfd, 0x8e, 0xf, 0xfe, 0x0,
    0x93, 0xe0, 0xc0, 0x7, 0x1b, 0x20, 0x18, 0xec,
    0x40, 0x3c, 0x42, 0x1, 0xb8, 0x2, 0x6d, 0xfd,
    0x60, 0xe, 0x52, 0x0, 0x3c, 0x90, 0x14, 0xc0,
    0x6, 0xf0, 0x0, 0xc0, 0x7, 0x8, 0x6, 0x60,
    0x2, 0x80, 0x7f, 0xc2, 0x0, 0x10, 0xf, 0xf8,
    0x40, 0x2, 0x1, 0xff, 0x30, 0x1, 0x0, 0x3f,
    0xef, 0x0, 0xa0, 0x3, 0xfc, 0xa4, 0x0, 0x79,
    0x20, 0x16, 0x80, 0xe, 0xe0, 0x9, 0xb7, 0xfa,
    0x44, 0x3, 0x8e, 0xc0, 0x3f, 0xf8, 0x49, 0xce,
    0x40, 0x2, 0x78, 0x0, 0xf8, 0x63, 0x7f, 0xdb,
    0x2, 0x1, 0xff, 0xff, 0x0, 0xc0,

    /* U+0072 "r" */
    0xf, 0xf5, 0x1, 0xe7, 0xf9, 0xc0, 0x24, 0x3c,
    0x30, 0x1, 0x80, 0x43, 0xc0, 0x19, 0x40, 0x31,
    0xc, 0xed, 0x88, 0x7, 0x6b, 0x12, 0x0, 0x72,
    0x98, 0x7, 0xec, 0x0, 0xff, 0xff, 0x80, 0x7f,
    0x80,

    /* U+0073 "s" */
    0x0, 0x14, 0xef, 0xfb, 0xa9, 0x40, 0x25, 0xd6,
    0x20, 0x0, 0xad, 0x68, 0xd, 0x0, 0x46, 0x84,
    0x0, 0x50, 0x40, 0xb, 0x72, 0xf7, 0xa2, 0x40,
    0xc0, 0x4, 0x40, 0x8, 0x5c, 0x41, 0x40, 0x5,
    0x68, 0x1, 0xe3, 0x60, 0x2, 0x5f, 0x52, 0x0,
    0x69, 0x91, 0x0, 0x5, 0x6f, 0x8, 0x2, 0x6d,
    0xc7, 0x10, 0x1, 0xe0, 0x7, 0x1c, 0x74, 0x80,
    0x5, 0x40, 0x3e, 0x60, 0x8, 0xcb, 0x58, 0x40,
    0x3, 0x20, 0x11, 0x51, 0x4f, 0x76, 0x60, 0x1,
    0x20, 0x6, 0x11, 0x0, 0x43, 0xe1, 0x1a, 0xe6,
    0x20, 0x27, 0x1c, 0x40,

    /* U+0074 "t" */
    0x0, 0xdb, 0xea, 0x1, 0xf5, 0x10, 0x7, 0xf2,
    0x80, 0x7f, 0x8, 0x7, 0xe5, 0xfe, 0x0, 0xab,
    0xfd, 0xc0, 0x1f, 0xfc, 0x1, 0x22, 0x0, 0x42,
    0x45, 0x2, 0x6e, 0x0, 0x57, 0xba, 0xc0, 0xf,
    0xff, 0xf8, 0x7, 0x8, 0x5, 0x80, 0x44, 0x0,
    0xc2, 0x0, 0x6f, 0xd9, 0x0, 0xcc, 0x1, 0xc8,
    0x20, 0x14, 0x40, 0x80, 0x52, 0x84,

    /* U+0075 "u" */
    0xf, 0xf9, 0x40, 0x3a, 0x3f, 0xd8, 0x1, 0xff,
    0xff, 0x0, 0xff, 0xf1, 0x88, 0x7, 0xda, 0x1,
    0x91, 0x80, 0x31, 0x0, 0x1d, 0x0, 0x5e, 0xc0,
    0x3a, 0x80, 0x2b, 0xfe, 0x80, 0xf, 0x39, 0x80,
    0x78, 0xb4, 0x3, 0xb2, 0x8, 0x0, 0x4f, 0xa4,
    0x80, 0x0,

    /* U+0076 "v" */
    0x8f, 0xf8, 0x80, 0x3d, 0x3f, 0xee, 0xa, 0x0,
    0x94, 0x3, 0xce, 0x0, 0x70, 0x23, 0x0, 0x58,
    0x7, 0x20, 0x80, 0x2c, 0x1, 0x20, 0x3, 0x20,
    0xd, 0xc0, 0x3, 0x20, 0x2, 0x88, 0x1, 0x40,
    0x32, 0x80, 0x28, 0x3, 0x38, 0x2, 0x80, 0x25,
    0x0, 0x98, 0x3, 0x50, 0x0, 0x88, 0x0, 0xf0,
    0x3, 0x0, 0x71, 0x98, 0x1, 0x40, 0x5, 0x0,
    0x50, 0x7, 0xa8, 0x0, 0xa0, 0xc0, 0x3, 0x30,
    0x7, 0x9c, 0x0, 0x47, 0xa0, 0xa, 0x0, 0xf8,
    0x54, 0x1, 0x28, 0x0, 0x60, 0xf, 0xdc, 0x0,
    0x50, 0x3, 0x0, 0x7f, 0x21, 0x0, 0x6a, 0x0,
    0xff, 0x50, 0x4, 0x46, 0x1, 0xfe, 0x60, 0xa,
    0xc0, 0x3c,

    /* U+0077 "w" */
    0x6f, 0xf6, 0x80, 0x71, 0xff, 0x94, 0x3, 0xab,
    0xfd, 0x2e, 0x0, 0x22, 0x0, 0x6b, 0x0, 0x78,
    0x7, 0x20, 0x2, 0x84, 0xc0, 0x8, 0x1, 0x94,
    0x0, 0xa0, 0x18, 0xc4, 0x8, 0xc2, 0xc0, 0x18,
    0x1, 0x11, 0x0, 0x24, 0x0, 0xac, 0x0, 0xa0,
    0x5, 0x0, 0x20, 0x4, 0xa0, 0x1b, 0x80, 0x25,
    0x0, 0x50, 0x0, 0x88, 0x2, 0x60, 0xa, 0x3,
    0x20, 0x40, 0x0, 0x90, 0x11, 0x0, 0x25, 0x0,
    0x58, 0x11, 0x2, 0x94, 0x5, 0x1, 0xc0, 0x14,
    0x1, 0xac, 0x0, 0x80, 0xa0, 0x7, 0xb0, 0x6,
    0x86, 0x80, 0x14, 0x3, 0x18, 0x81, 0x8d, 0x82,
    0x9, 0x90, 0x38, 0x20, 0x19, 0x0, 0x73, 0x80,
    0x18, 0xc3, 0x80, 0xa, 0x3, 0x0, 0xa, 0x0,
    0xf5, 0x0, 0x20, 0x0, 0xa0, 0xb, 0x0, 0x38,
    0x1, 0xc0, 0x3c, 0x62, 0x1, 0x28, 0x4, 0x64,
    0x1, 0x20, 0x80, 0x7c, 0xe0, 0x17, 0x0, 0x65,
    0x0, 0xb4, 0x3, 0xf6, 0x80, 0x5, 0x0, 0x35,
    0x80, 0x4e, 0x1, 0xf9, 0x0, 0xe, 0x1, 0xc6,
    0x40, 0x82, 0x1, 0x80,

    /* U+0078 "x" */
    0x3f, 0xfa, 0xc0, 0x30, 0xf7, 0xfb, 0x0, 0xe0,
    0x0, 0x8a, 0x1, 0x40, 0x80, 0x38, 0x0, 0xe6,
    0x0, 0xb0, 0x1, 0xb0, 0x2, 0x8, 0x2, 0xd1,
    0x1, 0x80, 0xf0, 0x1, 0xb8, 0x6, 0x1b, 0x0,
    0x3c, 0x18, 0x3, 0x80, 0x3c, 0xaa, 0x0, 0x38,
    0x2, 0x8, 0x3, 0xea, 0x20, 0x8, 0xdc, 0x3,
    0xf9, 0x40, 0x2a, 0x0, 0xfe, 0x37, 0x0, 0xa0,
    0x40, 0x3f, 0x70, 0x6, 0x1a, 0x0, 0xfa, 0x48,
    0x7, 0x0, 0x8, 0xa0, 0x1c, 0x8c, 0x0, 0xb3,
    0x60, 0x5, 0x88, 0x4, 0x34, 0x0, 0x45, 0x9,
    0x10, 0x1a, 0x0, 0xac, 0x40, 0x12, 0x1, 0x58,
    0x1, 0x18, 0x19, 0x40, 0xe, 0x40, 0x12, 0xa0,
    0x2, 0x44,

    /* U+0079 "y" */
    0x3f, 0xf9, 0x0, 0x3e, 0xff, 0xa0, 0xcc, 0x0,
    0xe0, 0xf, 0x28, 0x5, 0x41, 0x40, 0x5, 0x0,
    0xf7, 0x80, 0x8, 0x80, 0xc0, 0x12, 0x80, 0x72,
    0x80, 0x28, 0x2, 0x50, 0x7, 0x0, 0x65, 0x0,
    0x98, 0x2, 0x90, 0x2, 0x8, 0x5, 0xe0, 0x3,
    0x10, 0x8, 0xc8, 0x0, 0xe0, 0x12, 0x0, 0x28,
    0x3, 0xa8, 0x1, 0x40, 0x4, 0x10, 0x3, 0x80,
    0x73, 0x0, 0xc, 0x43, 0x40, 0x8, 0x20, 0x1c,
    0x2a, 0x0, 0x60, 0x70, 0x7, 0x0, 0x7d, 0xc0,
    0xb, 0x31, 0x0, 0x28, 0x7, 0xc8, 0x40, 0x70,
    0x0, 0x50, 0xf, 0xea, 0x0, 0x20, 0x3, 0x80,
    0x3f, 0x98, 0x3, 0xa, 0x0, 0x7f, 0xa, 0x0,
    0x4e, 0x1, 0xff, 0x68, 0x5, 0x40, 0x1f, 0xf5,
    0x0, 0x8, 0xc0, 0x3f, 0xce, 0x60, 0xb, 0x0,
    0xf9, 0x36, 0xf6, 0x0, 0x6, 0xc0, 0x1f, 0x61,
    0x21, 0x0, 0xb, 0x40, 0x3f, 0x79, 0x0, 0x9,
    0xf0, 0x40, 0x3e,

    /* U+007A "z" */
    0xbf, 0xff, 0xf2, 0x80, 0x7f, 0xf0, 0x8, 0xbe,
    0x0, 0xcd, 0x3b, 0xbd, 0xe0, 0x13, 0x98, 0x7,
    0xbc, 0x0, 0x70, 0x1, 0xe9, 0x20, 0x1d, 0x0,
    0xf2, 0xb0, 0x2, 0x84, 0x3, 0x8a, 0x80, 0xe,
    0x80, 0x1e, 0xe0, 0x1, 0xc0, 0x7, 0xa0, 0xc0,
    0x74, 0x3, 0xc8, 0xe0, 0xa, 0x10, 0xe, 0x1a,
    0x0, 0x3a, 0x0, 0x7a, 0x84, 0x0, 0xbb, 0xbe,
    0x95, 0x0, 0x88, 0xbf, 0x0, 0x7f, 0xf0, 0x0,

    /* U+007B "{" */
    0x0, 0xf2, 0x4d, 0x80, 0x61, 0xcb, 0x64, 0x0,
    0xda, 0x60, 0x72, 0x1, 0x21, 0x82, 0x63, 0x0,
    0x46, 0x0, 0xe0, 0xe, 0xf0, 0x3, 0x0, 0x7f,
    0xf5, 0x8, 0x3, 0xe2, 0x50, 0x1, 0x80, 0x53,
    0xa0, 0x8, 0x0, 0x89, 0x80, 0x12, 0xe0, 0x11,
    0x90, 0x2, 0x50, 0x2, 0x1d, 0xb0, 0x5, 0x0,
    0x72, 0x20, 0x4, 0x80, 0x38, 0x80, 0x2, 0x1,
    0xc2, 0x1, 0xff, 0xd1, 0x70, 0xe, 0xe0, 0x6,
    0x0, 0x73, 0x88, 0x3b, 0x84, 0x2, 0x1a, 0x0,
    0x47, 0x0, 0x64, 0xd6, 0x20,

    /* U+007C "|" */
    0x69, 0x3d, 0x65, 0x0, 0xff, 0xfe, 0x0,

    /* U+007D "}" */
    0x99, 0x28, 0x7, 0x91, 0xab, 0x48, 0x3, 0x42,
    0x1, 0x60, 0x6, 0x5b, 0x60, 0x16, 0x0, 0xea,
    0x0, 0x78, 0x7, 0x10, 0x0, 0xc0, 0x3f, 0xfa,
    0xec, 0x1, 0xc2, 0x20, 0x34, 0x0, 0xe8, 0x0,
    0x5c, 0x88, 0x4, 0xd4, 0x0, 0x62, 0x0, 0x8a,
    0xc0, 0x2, 0x20, 0xb, 0x84, 0x27, 0x88, 0x2,
    0x30, 0x26, 0x0, 0xc2, 0x0, 0x70, 0xf, 0xfe,
    0xa1, 0x80, 0x7e, 0x50, 0x6, 0x80, 0x66, 0x80,
    0x2, 0x80, 0x5b, 0x20, 0xa, 0x20, 0xc, 0x2b,
    0x8a, 0x1, 0x80,

    /* U+007E "~" */
    0x0, 0x36, 0xfe, 0xc1, 0x80, 0x57, 0xfe, 0x0,
    0x44, 0x90, 0x13, 0xe7, 0x67, 0x20, 0x20, 0xb,
    0x80, 0xc, 0x40, 0x2, 0x62, 0x3, 0x20, 0xe0,
    0xa, 0xce, 0xd8, 0x30, 0x15, 0xc2, 0x0,

    /* U+00A0 " " */

    /* U+00A1 "¡" */
    0x1b, 0xfa, 0x6, 0x40, 0x54, 0xf0, 0x8, 0x64,
    0x80, 0xd4, 0x77, 0xf0, 0x3, 0xed, 0xfb, 0x0,
    0x18, 0x38, 0x0, 0x40, 0x40, 0x3f, 0x8c, 0x4,
    0x0, 0x20, 0x60, 0x18, 0x40, 0x3f, 0xb, 0x80,
    0x61, 0x0, 0x8c, 0xc0, 0x10, 0x80, 0x71, 0x2a,
    0xc2,

    /* U+00A2 "¢" */
    0x0, 0xf4, 0x7d, 0x80, 0x7f, 0xde, 0x2, 0x1,
    0xff, 0xcb, 0x7d, 0x80, 0x5f, 0xb5, 0x0, 0xc5,
    0xb0, 0x40, 0x19, 0x2a, 0x80, 0x1, 0xc2, 0x0,
    0x8d, 0x4, 0x1, 0x80, 0xb, 0x10, 0x3, 0xfe,
    0x5f, 0x5a, 0xb0, 0xa, 0x80, 0x1a, 0x0, 0x32,
    0x50, 0x1, 0x0, 0x28, 0x0, 0xfe, 0x20, 0x1,
    0x8, 0x7, 0xf7, 0x0, 0x4, 0x3, 0xfc, 0x20,
    0x1, 0x0, 0xff, 0x70, 0x0, 0x84, 0x3, 0xf9,
    0x0, 0x29, 0x0, 0xfe, 0x23, 0x0, 0x3a, 0x80,
    0x61, 0x91, 0x0, 0x70, 0x5, 0x56, 0xee, 0xae,
    0x6b, 0x0, 0x15, 0x0, 0x49, 0x10, 0x50, 0x2,
    0x8, 0x1, 0x71, 0x0, 0x3c, 0xde, 0x20, 0x11,
    0xdf, 0x40, 0xd, 0xfc, 0x88, 0x7, 0x85, 0x0,
    0xd0, 0x3, 0xfc, 0xe0, 0x60, 0x1c,

    /* U+00A3 "£" */
    0x0, 0xc9, 0x5d, 0xfe, 0xeb, 0x61, 0x0, 0xd3,
    0x6a, 0x20, 0x1, 0x49, 0xe3, 0x0, 0x33, 0x0,
    0x3f, 0x11, 0x80, 0x2c, 0x2, 0x8d, 0xec, 0x83,
    0xf0, 0x8, 0x80, 0xa, 0xe4, 0x26, 0xf8, 0x40,
    0x1e, 0xd0, 0xf, 0xfe, 0x52, 0xb8, 0x5, 0x8e,
    0xfc, 0x1, 0x4c, 0x0, 0x49, 0x11, 0xc0, 0x1f,
    0xfc, 0x5c, 0xf0, 0xa, 0x3f, 0xf8, 0x3, 0xff,
    0xb0, 0x20, 0x1f, 0xc4, 0x1, 0x10, 0x7, 0xf5,
    0x80, 0x15, 0x0, 0x3f, 0x4b, 0x0, 0x17, 0xb9,
    0xff, 0xcc, 0x1, 0xe1, 0x10, 0x7, 0x78, 0x58,
    0x7, 0xfc, 0x40,

    /* U+00A4 "¤" */
    0x1, 0x0, 0xff, 0xe0, 0x8, 0x0, 0xbe, 0x0,
    0x3f, 0xc5, 0xee, 0x14, 0x2f, 0x5, 0x3b, 0xfe,
    0xea, 0x42, 0xc1, 0x91, 0x86, 0x7, 0xd6, 0x20,
    0x0, 0xad, 0xe8, 0x8b, 0x4, 0x25, 0x0, 0x3f,
    0xed, 0x20, 0x1, 0x20, 0x0, 0x67, 0xbf, 0xc,
    0x2, 0x40, 0x9, 0x40, 0x2d, 0x61, 0x3, 0xc2,
    0x0, 0x50, 0x5, 0x80, 0x2, 0x30, 0xe, 0xb0,
    0x1, 0x8, 0x1, 0xc0, 0xc, 0x1, 0xe2, 0x0,
    0x8c, 0x0, 0xe0, 0x6, 0x0, 0xf1, 0x80, 0x46,
    0x0, 0xc0, 0x1, 0x20, 0x7, 0x50, 0x0, 0x84,
    0x0, 0xc0, 0x15, 0xb1, 0xa, 0x61, 0x0, 0x28,
    0x2, 0x12, 0x0, 0xa7, 0x7a, 0xcc, 0x2, 0x20,
    0xb, 0x8, 0x3, 0xfe, 0xa5, 0x9, 0x30, 0xad,
    0x72, 0x0, 0xa, 0xdf, 0x18, 0x50, 0xc1, 0xd2,
    0x94, 0x6f, 0xfb, 0xa9, 0x7, 0xe, 0x84, 0x58,
    0xa0, 0x1f, 0xf6, 0x28, 0x0,

    /* U+00A5 "¥" */
    0x6f, 0xfa, 0xc0, 0x3f, 0x57, 0xfc, 0x4c, 0x60,
    0x4, 0x40, 0x7, 0x8d, 0x40, 0xe, 0x41, 0xc0,
    0x14, 0x0, 0x7b, 0xc0, 0x3, 0x0, 0x2, 0x70,
    0x1, 0xa8, 0x6, 0x53, 0x0, 0x50, 0x6, 0x82,
    0x0, 0x58, 0x6, 0x80, 0x2, 0xa0, 0x7, 0x48,
    0x0, 0x5c, 0x0, 0xc4, 0x0, 0xb0, 0xf, 0x22,
    0x80, 0x20, 0x42, 0x0, 0x12, 0x20, 0x1f, 0x58,
    0x5, 0x10, 0x10, 0x36, 0x0, 0xfc, 0x30, 0x0,
    0x67, 0x0, 0x78, 0x7, 0x8f, 0xfe, 0x80, 0xf,
    0x67, 0xfc, 0x1, 0xff, 0xc9, 0x3f, 0xfe, 0x20,
    0x2, 0xff, 0xf0, 0x4, 0x7f, 0xfc, 0x40, 0x5,
    0xff, 0xe0, 0xf, 0xfe, 0x49, 0xff, 0xf1, 0x0,
    0x17, 0xff, 0x80, 0x3f, 0xff, 0xc0,

    /* U+00A6 "¦" */
    0x34, 0x18, 0xb7, 0x0, 0xff, 0xe7, 0xdf, 0xb0,
    0x7, 0xf3, 0xd1, 0xe2, 0xa8, 0x3, 0xff, 0x9e,

    /* U+00A7 "§" */
    0x0, 0x3e, 0x77, 0xf6, 0x52, 0x80, 0x32, 0xc,
    0x40, 0x4d, 0x60, 0x1c, 0xc0, 0x6, 0xaa, 0x40,
    0xa0, 0xd0, 0x3, 0xe5, 0x52, 0xfd, 0xc3, 0x40,
    0x1e, 0x1, 0xf3, 0x10, 0x45, 0x29, 0x0, 0x61,
    0xc2, 0x5, 0xad, 0xd4, 0x8, 0x3, 0x48, 0xd,
    0x4c, 0x9f, 0x8d, 0xcc, 0x23, 0x2b, 0x28, 0x1,
    0x18, 0x0, 0x60, 0x9, 0x40, 0xc, 0x40, 0x7,
    0x0, 0x94, 0x0, 0xb6, 0x21, 0x39, 0x59, 0x40,
    0xb0, 0x5e, 0xc2, 0x6a, 0x60, 0x70, 0x0, 0x19,
    0xed, 0x95, 0x3, 0xd3, 0x0, 0xc4, 0xd5, 0x0,
    0xf, 0x3, 0x0, 0xef, 0x0, 0xb, 0x67, 0x5d,
    0x53, 0x5c, 0x0, 0x94, 0x2, 0x8a, 0xa2, 0x0,
    0x14, 0x6c, 0xa1, 0x0, 0x4, 0xe7, 0x44,

    /* U+00A8 "¨" */
    0x4, 0x20, 0x9, 0xc, 0x2e, 0xda, 0x41, 0x57,
    0x86, 0xc0, 0x7, 0x7, 0x0, 0x2d, 0x81, 0x20,
    0x58, 0x13, 0x80,

    /* U+00A9 "©" */
    0x0, 0xf2, 0xd6, 0xff, 0xbb, 0x20, 0x80, 0x3f,
    0xcb, 0xb4, 0xa4, 0x0, 0x13, 0x7d, 0xa1, 0x0,
    0xfa, 0x68, 0x8e, 0x77, 0xfe, 0xc7, 0x15, 0xf4,
    0x0, 0xe8, 0x60, 0x9c, 0x62, 0x0, 0x8e, 0x3d,
    0x46, 0xcc, 0x2, 0x47, 0xc, 0x60, 0x18, 0xcd,
    0xb7, 0x11, 0x53, 0x7, 0x0, 0x52, 0x12, 0x60,
    0x9c, 0xe6, 0x49, 0x14, 0x0, 0x93, 0x27, 0x4,
    0x22, 0x30, 0xd, 0x2, 0xef, 0xeb, 0x78, 0x5,
    0xe1, 0x21, 0xa1, 0x40, 0x6, 0x14, 0xa2, 0x2,
    0x94, 0x0, 0x8c, 0x84, 0x94, 0xc, 0x1, 0xa1,
    0xc0, 0x1f, 0xe7, 0x7, 0x10, 0x60, 0x3, 0x0,
    0x80, 0x7f, 0x88, 0x8, 0x3, 0x9c, 0x8, 0x3,
    0xff, 0x80, 0x22, 0x6, 0x0, 0x18, 0x50, 0x7,
    0xf8, 0x80, 0xd4, 0xc, 0x1, 0x20, 0x74, 0x40,
    0x30, 0xc0, 0x19, 0xc1, 0xf4, 0x28, 0x0, 0x34,
    0xb, 0xbf, 0xcf, 0x60, 0x11, 0x90, 0x92, 0x11,
    0x18, 0x0, 0xb8, 0xa2, 0x2, 0xbe, 0x1, 0x78,
    0x48, 0x2, 0x42, 0x4c, 0x0, 0x75, 0xdf, 0xd4,
    0x40, 0x9, 0x32, 0x70, 0x2, 0x38, 0x63, 0x0,
    0x7e, 0x1a, 0x60, 0xe0, 0xd, 0xe, 0x13, 0x8c,
    0x40, 0x11, 0xc7, 0xa8, 0xe1, 0x80, 0x74, 0x59,
    0x1c, 0xef, 0xfd, 0x8e, 0x2b, 0xe6, 0x1, 0xf2,
    0x6d, 0x29, 0x0, 0x4, 0xdf, 0x68, 0x40, 0x30,

    /* U+00AA "ª" */
    0x4, 0xad, 0xec, 0x60, 0xd, 0x4a, 0x42, 0x72,
    0xc0, 0x14, 0x57, 0x70, 0xc2, 0xc0, 0x26, 0x51,
    0x14, 0x81, 0x0, 0x42, 0xae, 0xda, 0x1, 0x8f,
    0xaa, 0x25, 0xc0, 0x37, 0x82, 0x77, 0xc8, 0x6,
    0x20, 0xc1, 0xe, 0x0, 0x8, 0x38, 0x46, 0x73,
    0x80, 0x38, 0x65, 0x84, 0xd7, 0x18, 0x4, 0x40,

    /* U+00AB "«" */
    0x0, 0xe3, 0x0, 0xc4, 0x20, 0x1d, 0x58, 0xa0,
    0x1, 0xfc, 0x20, 0x9, 0xd4, 0x3c, 0x1, 0x44,
    0x47, 0x0, 0x24, 0x1, 0xd0, 0x4a, 0x4, 0x28,
    0x15, 0x81, 0x68, 0x33, 0x1, 0x5c, 0x7, 0xc0,
    0x7c, 0x4e, 0x40, 0xe8, 0x0, 0x22, 0x1, 0x10,
    0x8, 0x0, 0x44, 0x1, 0x68, 0x86, 0x91, 0x2c,
    0xb, 0x40, 0x21, 0xd0, 0x1f, 0x14, 0x90, 0x3a,
    0x0, 0x8e, 0xc0, 0xa8, 0x19, 0x80, 0xac, 0x1,
    0x24, 0xc, 0x0, 0x25, 0xd, 0xc0, 0x33, 0xf9,
    0x80, 0x57, 0x82,

    /* U+00AC "¬" */
    0x6a, 0xaf, 0xfe, 0x9, 0xfa, 0xaf, 0xff, 0x5,
    0xc0, 0x3f, 0xf8, 0x73, 0xff, 0xfe, 0x90, 0xf,
    0xff, 0x98,

    /* U+00AD "­" */
    0x1c, 0xcf, 0xce, 0x67, 0xfd, 0xc0, 0x1f, 0xe0,

    /* U+00AE "®" */
    0x0, 0xf2, 0xd6, 0xff, 0xbb, 0x20, 0x80, 0x3f,
    0xcb, 0xb4, 0xa4, 0x0, 0x13, 0x7d, 0xa1, 0x0,
    0xfa, 0x68, 0x8e, 0x77, 0xfe, 0xc7, 0x15, 0xf4,
    0x0, 0xe8, 0x60, 0x9c, 0x62, 0x0, 0x8e, 0x3d,
    0x46, 0xcc, 0x2, 0x47, 0xc, 0x60, 0xf, 0xc3,
    0x4c, 0x1c, 0x1, 0x48, 0x49, 0x81, 0x7f, 0xee,
    0x91, 0x0, 0x49, 0x93, 0x82, 0x11, 0x18, 0x3,
    0xa, 0x18, 0xb5, 0x0, 0x5e, 0x12, 0x1a, 0x14,
    0x1, 0xc5, 0x79, 0xc0, 0x80, 0x11, 0x90, 0x92,
    0x81, 0x80, 0x7f, 0xf0, 0xdc, 0x1c, 0x41, 0x80,
    0x38, 0xaa, 0x9e, 0x10, 0x1, 0x88, 0x8, 0x3,
    0xf0, 0xaa, 0x85, 0xdc, 0x1, 0xe1, 0x10, 0x30,
    0x7, 0x27, 0xe8, 0x28, 0x7, 0x10, 0x1a, 0x81,
    0x80, 0x7c, 0x4a, 0x4c, 0x1, 0x9c, 0x1f, 0x42,
    0x80, 0x3f, 0x40, 0x40, 0x4, 0x64, 0x24, 0x84,
    0x46, 0x0, 0x1a, 0x18, 0x0, 0x9d, 0x54, 0x0,
    0xf0, 0x90, 0x4, 0x84, 0x98, 0xd, 0xc0, 0x5,
    0x16, 0xa1, 0x26, 0x4e, 0x0, 0x47, 0xc, 0x60,
    0xf, 0xc3, 0x4c, 0x1c, 0x1, 0xa1, 0xc2, 0x71,
    0x88, 0x2, 0x38, 0xf5, 0x1c, 0x30, 0xe, 0x8b,
    0x23, 0x9d, 0xff, 0xb1, 0xc5, 0x7c, 0xc0, 0x3e,
    0x4d, 0xa5, 0x20, 0x0, 0x9b, 0xed, 0x8, 0x6,

    /* U+00AF "¯" */
    0xce, 0xef, 0x21, 0x8, 0xfc,

    /* U+00B0 "°" */
    0x0, 0x88, 0xc8, 0x3, 0x1e, 0xeb, 0x37, 0x46,
    0x5, 0x84, 0x1, 0x16, 0x15, 0x80, 0x2b, 0xec,
    0x1, 0x6a, 0x6, 0xa0, 0x8a, 0xa, 0x0, 0x10,
    0x8, 0x40, 0x8, 0x5, 0x9, 0x8, 0x9, 0x24,
    0xf, 0x6e, 0x5, 0x23, 0x8c, 0x20, 0x2d, 0x82,

    /* U+00B1 "±" */
    0x0, 0xf7, 0xfa, 0x80, 0x3f, 0xfe, 0xd3, 0xff,
    0xc0, 0x5, 0xff, 0xe4, 0x0, 0xff, 0xe1, 0xe3,
    0x37, 0x0, 0x9, 0x9b, 0xcb, 0x33, 0xc0, 0x7,
    0x99, 0xe2, 0x0, 0xff, 0xf3, 0xdd, 0x48, 0x7,
    0x96, 0x23, 0xb3, 0x6e, 0x23, 0x8b, 0x1d, 0xff,
    0xf8, 0x2c, 0x1, 0xff, 0xc3,

    /* U+00B2 "²" */
    0x1, 0x7c, 0xff, 0x63, 0x0, 0x5f, 0x6, 0x0,
    0x39, 0xa0, 0x3, 0xb, 0xd3, 0x80, 0x14, 0x82,
    0x3a, 0x16, 0x18, 0x0, 0xc0, 0x1f, 0xcc, 0x1,
    0xc2, 0xc0, 0x64, 0x1, 0x87, 0x0, 0x78, 0x3,
    0xe, 0x10, 0xe1, 0x0, 0x47, 0xe4, 0x4c, 0x20,
    0x9, 0x30, 0x4a, 0x59, 0x10, 0x41, 0x0, 0x2,
    0xbb, 0xe0, 0xf, 0xf0,

    /* U+00B3 "³" */
    0x6, 0xbe, 0xfd, 0xa2, 0x0, 0x44, 0xa0, 0x81,
    0x2e, 0x90, 0x49, 0x46, 0x61, 0x40, 0x14, 0x3,
    0xae, 0x66, 0x80, 0xf, 0xc3, 0x60, 0xa, 0x0,
    0x97, 0xf9, 0x82, 0xc8, 0x2, 0x12, 0x10, 0x5,
    0x20, 0x4, 0x9b, 0xdc, 0x11, 0x48, 0x7, 0x85,
    0x40, 0x81, 0x7a, 0x15, 0x21, 0x0, 0x83, 0xc5,
    0xea, 0xdc, 0x1, 0xc1, 0x70, 0x60, 0x2, 0x6e,
    0x30,

    /* U+00B4 "´" */
    0x2, 0xbb, 0x94, 0x2d, 0x10, 0x2a, 0x4c, 0xb,
    0x41, 0x60, 0x94, 0x0,

    /* U+00B5 "µ" */
    0xf, 0xf9, 0x40, 0x38, 0x7f, 0xe4, 0x0, 0xff,
    0xff, 0x80, 0x7f, 0xf9, 0x4c, 0x3, 0x8c, 0x3,
    0xf6, 0x80, 0x74, 0x80, 0x7e, 0x49, 0x10, 0x3b,
    0x40, 0xf, 0xe6, 0xef, 0xc4, 0x0, 0xff, 0xe1,
    0xb4, 0x0, 0x7c, 0xa6, 0x0, 0x3a, 0x94, 0x0,
    0xfb, 0xb3, 0xfd, 0x8a, 0x7, 0xfe, 0x40, 0xf,
    0xff, 0xf8,

    /* U+00B6 "¶" */
    0x0, 0x14, 0xef, 0xff, 0x98, 0x13, 0x58, 0x80,
    0x3f, 0x50, 0x7, 0x36, 0x90, 0x0, 0xc4, 0x3,
    0x84, 0x80, 0x27, 0x0, 0xff, 0x9c, 0x3, 0xfe,
    0x31, 0x0, 0xff, 0xa8, 0x3, 0xfe, 0x4c, 0x40,
    0xf, 0xf1, 0xdf, 0x20, 0x7, 0xf8, 0x44, 0x1,
    0xff, 0xff, 0x0, 0xff, 0xe7, 0x80,

    /* U+00B7 "·" */
    0x0, 0xfa, 0x3f, 0xd2, 0x8, 0xe0, 0x6, 0x52,
    0x0, 0xda, 0xa0, 0x1b, 0x4e, 0x4, 0x4e, 0xa0,

    /* U+00B8 "¸" */
    0x5, 0xf5, 0x0, 0xd, 0x9b, 0x0, 0xc, 0xf,
    0x38, 0xcb, 0xbd, 0x86, 0x67, 0x38, 0x68, 0x3b,
    0x1c, 0x38,

    /* U+00B9 "¹" */
    0x0, 0x14, 0xff, 0x84, 0x0, 0x35, 0xac, 0x1,
    0xe5, 0x0, 0xf8, 0x5e, 0xe0, 0x3, 0xd0, 0x80,
    0x1f, 0xfd, 0xf2, 0x27, 0x80, 0x8, 0x80, 0xbb,
    0xa7, 0x0, 0x66, 0xa8, 0x7, 0xf0,

    /* U+00BA "º" */
    0x0, 0x9f, 0x7f, 0xa8, 0x80, 0x36, 0x41, 0x0,
    0xae, 0x10, 0x1, 0xcc, 0x1f, 0x68, 0x7, 0x80,
    0x14, 0x7, 0x4, 0xae, 0x6, 0x20, 0x40, 0x80,
    0x16, 0x0, 0x14, 0x3, 0xfc, 0xe0, 0x40, 0x80,
    0x16, 0x0, 0x8, 0x14, 0xe, 0x9, 0x5c, 0x10,
    0x42, 0xc, 0x1f, 0x68, 0x6, 0x80, 0x2c, 0x72,
    0x1, 0x6f, 0x10,

    /* U+00BB "»" */
    0x0, 0x18, 0x6, 0x12, 0x0, 0xeb, 0xc3, 0x0,
    0x16, 0x78, 0x80, 0x44, 0xa1, 0xa2, 0xe, 0x44,
    0xa0, 0x8, 0xa8, 0x7, 0x1, 0x5c, 0x12, 0x40,
    0x24, 0xa0, 0x2a, 0x8, 0x50, 0x66, 0x0, 0x4a,
    0xe0, 0xb0, 0x14, 0x61, 0x26, 0x1, 0x10, 0x3,
    0x80, 0x44, 0x0, 0x10, 0x4, 0x28, 0x3b, 0x6,
    0x90, 0x59, 0x2, 0xb8, 0x24, 0x5, 0x18, 0x4a,
    0x1, 0x50, 0x1d, 0x83, 0xa8, 0x33, 0x0, 0x4,
    0xc3, 0xa0, 0x6, 0x34, 0x90, 0xd, 0x3e, 0x20,
    0x1, 0xcb, 0x0, 0xc0,

    /* U+00BC "¼" */
    0x0, 0xff, 0xe1, 0x1f, 0xf8, 0xc0, 0x3f, 0xc4,
    0xf0, 0x1, 0xfa, 0xc0, 0x4c, 0x3, 0xf1, 0xde,
    0xc3, 0x88, 0x7, 0xcc, 0xc, 0x1, 0xf8, 0xf1,
    0x0, 0x3f, 0xc6, 0x21, 0x60, 0x1f, 0x8d, 0x19,
    0x40, 0x3f, 0xac, 0x4, 0xc0, 0x3f, 0xae, 0x74,
    0x3, 0xf9, 0x81, 0x80, 0x3f, 0xf9, 0x26, 0x21,
    0x60, 0x1f, 0xfc, 0x9a, 0x1, 0x30, 0xf, 0xfe,
    0x4b, 0x83, 0x0, 0x7f, 0xf2, 0x4c, 0x42, 0xc0,
    0x3c, 0x66, 0x0, 0x84, 0x5e, 0x0, 0x31, 0x0,
    0xa8, 0x8, 0xc0, 0x3a, 0x73, 0x6, 0xb, 0xdc,
    0x70, 0x6, 0xf2, 0x80, 0x1c, 0x14, 0x3, 0x9d,
    0x80, 0x3f, 0xf8, 0x46, 0x21, 0x60, 0x19, 0x60,
    0x3, 0x97, 0xff, 0xe5, 0xa, 0x2, 0x30, 0x9,
    0x28, 0x18, 0x3, 0xff, 0x84, 0xe0, 0xa0, 0x11,
    0x58, 0x4d, 0x0, 0x7f, 0xf0, 0x50, 0x42, 0xc0,
    0x3, 0x81, 0x2c, 0x1, 0xff, 0xc2, 0xd0, 0x23,
    0x0, 0x30, 0x84, 0xfe, 0x0, 0x33, 0xc0, 0x3f,
    0x9c, 0x14, 0x3, 0xff, 0x92, 0x82, 0x16, 0x1,
    0x3f, 0xfe, 0xc0, 0x6, 0x78, 0x7, 0xed, 0x2,
    0x30, 0xf, 0xfe, 0x4b, 0x82, 0x80, 0x7f, 0xf2,
    0x50, 0x42, 0xc0, 0x3f, 0x8f, 0xfc, 0x60, 0x1f,
    0xb4, 0x8, 0xc0, 0x3f, 0xf9, 0x2e, 0xa, 0x1,
    0xff, 0xc9, 0x16, 0x7a, 0x0, 0xff, 0xe1, 0x80,

    /* U+00BD "½" */
    0x0, 0xff, 0xe1, 0x1f, 0xf8, 0xc0, 0x3f, 0xc4,
    0xf0, 0x1, 0xfa, 0xc0, 0x4c, 0x3, 0xf1, 0xd6,
    0xc3, 0x88, 0x7, 0xcc, 0xc, 0x1, 0xf8, 0xf1,
    0x40, 0x3f, 0xc6, 0x21, 0x60, 0x1f, 0x8c, 0xcc,
    0xa0, 0x1f, 0xd6, 0x2, 0x60, 0x1f, 0xd9, 0x3a,
    0x1, 0xfc, 0xc0, 0xc0, 0x1f, 0xfc, 0x93, 0x10,
    0xb0, 0xf, 0xfe, 0x4d, 0x0, 0x98, 0x7, 0xff,
    0x25, 0xc1, 0x80, 0x3f, 0xf9, 0x26, 0x21, 0x60,
    0x10, 0xa2, 0x8, 0x3, 0x8, 0xbc, 0x0, 0x62,
    0x1, 0x50, 0x11, 0x82, 0x5f, 0x5d, 0xb7, 0xc,
    0x17, 0xb8, 0xe0, 0xd, 0xe5, 0x0, 0x38, 0x28,
    0x2, 0x50, 0x3, 0x1e, 0x80, 0x7f, 0xc6, 0x21,
    0x60, 0x8, 0x5c, 0xfd, 0x20, 0x14, 0x5f, 0xff,
    0x94, 0x28, 0x8, 0xc0, 0xb, 0x46, 0x4, 0xa0,
    0x1f, 0xfc, 0x17, 0x5, 0x0, 0xfc, 0x60, 0x28,
    0x1, 0xfc, 0x82, 0x16, 0x1, 0xf4, 0x20, 0x58,
    0x7, 0xfb, 0x40, 0x8c, 0x3, 0xd2, 0xe1, 0x4a,
    0x1, 0xfe, 0x70, 0x50, 0xe, 0x1c, 0x61, 0xc5,
    0x0, 0xff, 0x20, 0x85, 0x80, 0x63, 0xf3, 0x1b,
    0x3, 0x31, 0x0, 0x7e, 0xd0, 0x23, 0x0, 0xde,
    0x20, 0x35, 0x99, 0x40, 0x7, 0xe7, 0x5, 0x0,
    0xff, 0xe4, 0xa0, 0x85, 0x80, 0x76, 0x7f, 0xfd,
    0x40, 0x1f, 0x68, 0x11, 0x80, 0x7f, 0xf2, 0x5c,
    0x14, 0x3, 0xff, 0x92, 0x2c, 0xf4, 0x1, 0xff,
    0xc3,

    /* U+00BE "¾" */
    0x0, 0xff, 0xe1, 0x97, 0xf9, 0x40, 0x3f, 0x9a,
    0xfb, 0xf6, 0x88, 0x3, 0xe5, 0x0, 0x28, 0x7,
    0xe8, 0x94, 0x10, 0x25, 0xd2, 0x0, 0xf5, 0x82,
    0x80, 0x7f, 0x49, 0x46, 0x6b, 0x0, 0x28, 0x3,
    0x88, 0xc3, 0x80, 0x3f, 0x87, 0x5c, 0xca, 0xc0,
    0x3f, 0x28, 0x1, 0x0, 0x3f, 0xf8, 0x23, 0x60,
    0xa, 0x0, 0xeb, 0x5, 0x0, 0xff, 0xe0, 0x2f,
    0xf3, 0x5, 0x90, 0x6, 0x23, 0xe, 0x0, 0xff,
    0xe0, 0x9, 0x8, 0x2, 0x90, 0x3, 0x28, 0x1,
    0x0, 0x3f, 0xf8, 0x9, 0xbd, 0xc1, 0x14, 0x80,
    0x6a, 0x5, 0x0, 0xff, 0xe2, 0xa, 0x81, 0x0,
    0x44, 0x40, 0xe0, 0xf, 0x19, 0x84, 0x0, 0x9c,
    0xe8, 0x88, 0x40, 0x20, 0x9, 0x40, 0x8, 0x1,
    0xd1, 0x98, 0x40, 0x7, 0xc, 0x5d, 0x9c, 0x1,
    0xc0, 0x15, 0x2, 0x80, 0x73, 0x38, 0x7, 0x5b,
    0x98, 0x0, 0x9b, 0x8c, 0x0, 0x44, 0xe, 0x0,
    0xc9, 0x20, 0x1e, 0x18, 0xcf, 0xf6, 0xc8, 0x80,
    0x4a, 0x2, 0x80, 0x11, 0xd8, 0x40, 0x7, 0xff,
    0x12, 0x81, 0x0, 0x21, 0xd0, 0x95, 0x0, 0xff,
    0xe1, 0x91, 0x3, 0x80, 0x2c, 0x18, 0x60, 0xf,
    0xfe, 0x25, 0x0, 0xa0, 0x1, 0x88, 0x23, 0xf4,
    0x1, 0x5e, 0x1, 0xff, 0x28, 0x38, 0x7, 0xff,
    0x2c, 0x88, 0x1a, 0x1, 0x37, 0xfe, 0xe0, 0x5,
    0x78, 0x7, 0xfa, 0x80, 0x50, 0x3, 0xff, 0x96,
    0xa0, 0xe0, 0x1f, 0xfc, 0xb2, 0x20, 0x68, 0x7,
    0xf0, 0xff, 0x94, 0x3, 0xfd, 0x40, 0x28, 0x1,
    0xff, 0xcb, 0x50, 0x70, 0xf, 0xfe, 0x62, 0xbd,
    0x80, 0x7f, 0xf1, 0x0,

    /* U+00BF "¿" */
    0x0, 0xe8, 0xfd, 0x20, 0xf, 0xc4, 0xe0, 0x50,
    0x1, 0xff, 0xc0, 0x10, 0xf, 0xc4, 0xc0, 0x30,
    0x1, 0xfd, 0x3f, 0xc6, 0x1, 0xff, 0xca, 0x9d,
    0xd1, 0x80, 0x7f, 0x21, 0x10, 0x40, 0x3f, 0x19,
    0x0, 0x8, 0x3, 0xf7, 0x0, 0x1c, 0x3, 0xe1,
    0xc2, 0x2, 0x80, 0xf, 0xe, 0x18, 0x16, 0x0,
    0x7d, 0x84, 0x7, 0x82, 0x1, 0xe7, 0x20, 0x6,
    0x88, 0x7, 0xd6, 0x0, 0x41, 0x0, 0xfc, 0x20,
    0x6, 0x0, 0xfe, 0x70, 0x1, 0x48, 0x6, 0x4c,
    0x80, 0x90, 0x9, 0xbf, 0x75, 0xf6, 0x6c, 0x7,
    0x40, 0x18, 0x88, 0x1, 0x20, 0x82, 0xeb, 0x90,
    0x80, 0x9b, 0xed, 0x8,

    /* U+00C0 "À" */
    0x0, 0xe5, 0xff, 0x98, 0x3, 0xff, 0x86, 0xb4,
    0x0, 0x80, 0xf, 0xfe, 0x22, 0xd0, 0xb, 0x0,
    0x7f, 0xf1, 0x16, 0x93, 0x0, 0x3f, 0xf8, 0xab,
    0x74, 0x1, 0xff, 0xd8, 0x3f, 0xfb, 0x40, 0x3f,
    0xf8, 0x74, 0x1, 0x11, 0x80, 0x7f, 0xf0, 0x98,
    0x3, 0x48, 0x7, 0xff, 0x5, 0x40, 0x4, 0x0,
    0x51, 0x0, 0xff, 0xe0, 0x48, 0x2, 0xcc, 0x0,
    0xe0, 0x1f, 0xf1, 0x18, 0x1, 0xe8, 0x1, 0x60,
    0x1f, 0xf5, 0x0, 0x10, 0x5c, 0x0, 0x46, 0x1,
    0xfe, 0x60, 0x7, 0x0, 0xa0, 0x2, 0x80, 0x3f,
    0x90, 0x40, 0xa, 0x0, 0xd0, 0x3, 0x0, 0x7f,
    0x78, 0x1, 0x40, 0x26, 0x0, 0x98, 0x3, 0xe1,
    0x40, 0x7, 0x0, 0x65, 0x0, 0x50, 0x7, 0xcc,
    0x0, 0x14, 0x0, 0xde, 0x0, 0x33, 0x0, 0x7a,
    0x80, 0x3, 0xff, 0xd4, 0x1, 0x50, 0x7, 0x19,
    0x0, 0x7f, 0xf0, 0x18, 0x3, 0xa8, 0x2, 0x22,
    0xfc, 0x1, 0x28, 0x6, 0x60, 0x3, 0xee, 0xfe,
    0x10, 0x4, 0x80, 0x4c, 0x1, 0x58, 0x7, 0xe6,
    0x0, 0x19, 0x0, 0x28, 0x0, 0x46, 0x1, 0xfa,
    0xc0, 0x2a, 0x2, 0x30, 0x2, 0x80, 0x7f, 0x19,
    0x0, 0x18, 0x0,

    /* U+00C1 "Á" */
    0x0, 0xfe, 0x5f, 0xf9, 0x80, 0x3f, 0xf8, 0x70,
    0x0, 0x96, 0x0, 0xff, 0xe1, 0x29, 0x4, 0xb0,
    0x7, 0xff, 0xf, 0x52, 0x58, 0x3, 0xff, 0x89,
    0x16, 0xc0, 0x1f, 0xfd, 0x83, 0xff, 0xb4, 0x3,
    0xff, 0x87, 0x40, 0x11, 0x18, 0x7, 0xff, 0x9,
    0x80, 0x34, 0x80, 0x7f, 0xf0, 0x54, 0x0, 0x40,
    0x5, 0x10, 0xf, 0xfe, 0x4, 0x80, 0x2c, 0xc0,
    0xe, 0x1, 0xff, 0x11, 0x80, 0x1e, 0x80, 0x16,
    0x1, 0xff, 0x50, 0x1, 0x5, 0xc0, 0x4, 0x60,
    0x1f, 0xe6, 0x0, 0x70, 0xa, 0x0, 0x28, 0x3,
    0xf9, 0x4, 0x0, 0xa0, 0xd, 0x0, 0x30, 0x7,
    0xf7, 0x80, 0x14, 0x2, 0x60, 0x9, 0x80, 0x3e,
    0x14, 0x0, 0x70, 0x6, 0x50, 0x5, 0x0, 0x7c,
    0xc0, 0x1, 0x40, 0xd, 0xe0, 0x3, 0x30, 0x7,
    0xa8, 0x0, 0x3f, 0xfd, 0x40, 0x15, 0x0, 0x71,
    0x90, 0x7, 0xff, 0x1, 0x80, 0x3a, 0x80, 0x22,
    0x2f, 0xc0, 0x12, 0x80, 0x66, 0x0, 0x3e, 0xef,
    0xe1, 0x0, 0x48, 0x4, 0xc0, 0x15, 0x80, 0x7e,
    0x60, 0x1, 0x90, 0x2, 0x80, 0x4, 0x60, 0x1f,
    0xac, 0x2, 0xa0, 0x23, 0x0, 0x28, 0x7, 0xf1,
    0x90, 0x1, 0x80,

    /* U+00C2 "Â" */
    0x0, 0xfd, 0x3f, 0xe4, 0x0, 0xff, 0xe1, 0xc3,
    0x0, 0x2c, 0xc0, 0x3f, 0xf8, 0x2e, 0xe0, 0xa4,
    0xd, 0x20, 0xf, 0xf8, 0x41, 0xe9, 0x6e, 0x19,
    0xc0, 0x3f, 0xe1, 0x78, 0x50, 0x3, 0xc2, 0x80,
    0x7f, 0xf5, 0x4f, 0xfe, 0xd0, 0xf, 0xfe, 0x1d,
    0x0, 0x44, 0x60, 0x1f, 0xfc, 0x26, 0x0, 0xd2,
    0x1, 0xff, 0xc1, 0x50, 0x1, 0x0, 0x14, 0x40,
    0x3f, 0xf8, 0x12, 0x0, 0xb3, 0x0, 0x38, 0x7,
    0xfc, 0x46, 0x0, 0x7a, 0x0, 0x58, 0x7, 0xfd,
    0x40, 0x4, 0x17, 0x0, 0x11, 0x80, 0x7f, 0x98,
    0x1, 0xc0, 0x28, 0x0, 0xa0, 0xf, 0xe4, 0x10,
    0x2, 0x80, 0x34, 0x0, 0xc0, 0x1f, 0xde, 0x0,
    0x50, 0x9, 0x80, 0x26, 0x0, 0xf8, 0x50, 0x1,
    0xc0, 0x19, 0x40, 0x14, 0x1, 0xf3, 0x0, 0x5,
    0x0, 0x37, 0x80, 0xc, 0xc0, 0x1e, 0xa0, 0x0,
    0xff, 0xf5, 0x0, 0x54, 0x1, 0xc6, 0x40, 0x1f,
    0xfc, 0x6, 0x0, 0xea, 0x0, 0x88, 0xbf, 0x0,
    0x4a, 0x1, 0x98, 0x0, 0xfb, 0xbf, 0x84, 0x1,
    0x20, 0x13, 0x0, 0x56, 0x1, 0xf9, 0x80, 0x6,
    0x40, 0xa, 0x0, 0x11, 0x80, 0x7e, 0xb0, 0xa,
    0x80, 0x8c, 0x0, 0xa0, 0x1f, 0xc6, 0x40, 0x6,
    0x0,

    /* U+00C3 "Ã" */
    0x0, 0xf8, 0xcc, 0x1, 0x8, 0x80, 0x3f, 0xf8,
    0x17, 0x98, 0xd5, 0xb, 0xe4, 0x0, 0xff, 0x42,
    0x0, 0xa, 0xbd, 0x45, 0x0, 0x3f, 0xc4, 0x19,
    0xce, 0x0, 0x1a, 0x0, 0xff, 0xab, 0x8c, 0x63,
    0xb3, 0xd0, 0x3, 0xff, 0x80, 0x20, 0x10, 0x98,
    0x80, 0x7f, 0xf5, 0x8f, 0xfe, 0xd0, 0xf, 0xfe,
    0x1d, 0x0, 0x44, 0x60, 0x1f, 0xfc, 0x26, 0x0,
    0xd2, 0x1, 0xff, 0xc1, 0x50, 0x1, 0x0, 0x14,
    0x40, 0x3f, 0xf8, 0x12, 0x0, 0xb3, 0x0, 0x38,
    0x7, 0xfc, 0x46, 0x0, 0x7a, 0x0, 0x58, 0x7,
    0xfd, 0x40, 0x4, 0x17, 0x0, 0x11, 0x80, 0x7f,
    0x98, 0x1, 0xc0, 0x28, 0x0, 0xa0, 0xf, 0xe4,
    0x10, 0x2, 0x80, 0x34, 0x0, 0xc0, 0x1f, 0xde,
    0x0, 0x50, 0x9, 0x80, 0x26, 0x0, 0xf8, 0x50,
    0x1, 0xc0, 0x19, 0x40, 0x14, 0x1, 0xf3, 0x0,
    0x5, 0x0, 0x37, 0x80, 0xc, 0xc0, 0x1e, 0xa0,
    0x0, 0xff, 0xf5, 0x0, 0x54, 0x1, 0xc6, 0x40,
    0x1f, 0xfc, 0x6, 0x0, 0xea, 0x0, 0x88, 0xbf,
    0x0, 0x4a, 0x1, 0x98, 0x0, 0xfb, 0xbf, 0x84,
    0x1, 0x20, 0x13, 0x0, 0x56, 0x1, 0xf9, 0x80,
    0x6, 0x40, 0xa, 0x0, 0x11, 0x80, 0x7e, 0xb0,
    0xa, 0x80, 0x8c, 0x0, 0xa0, 0x1f, 0xc6, 0x40,
    0x6, 0x0,

    /* U+00C4 "Ä" */
    0x0, 0xe2, 0xde, 0x40, 0x5, 0x7d, 0x0, 0x7f,
    0xd4, 0x43, 0xe0, 0x2a, 0xa, 0x20, 0x1f, 0xec,
    0x0, 0x60, 0x9, 0x1, 0x8, 0x7, 0xf9, 0x37,
    0x1c, 0x1, 0xb9, 0xa0, 0x1f, 0xfc, 0x2, 0x30,
    0xc, 0x60, 0x1f, 0xfc, 0x23, 0xff, 0xb4, 0x3,
    0xff, 0x87, 0x40, 0x11, 0x18, 0x7, 0xff, 0x9,
    0x80, 0x34, 0x80, 0x7f, 0xf0, 0x54, 0x0, 0x40,
    0x5, 0x10, 0xf, 0xfe, 0x4, 0x80, 0x2c, 0xc0,
    0xe, 0x1, 0xff, 0x11, 0x80, 0x1e, 0x80, 0x16,
    0x1, 0xff, 0x50, 0x1, 0x5, 0xc0, 0x4, 0x60,
    0x1f, 0xe6, 0x0, 0x70, 0xa, 0x0, 0x28, 0x3,
    0xf9, 0x4, 0x0, 0xa0, 0xd, 0x0, 0x30, 0x7,
    0xf7, 0x80, 0x14, 0x2, 0x60, 0x9, 0x80, 0x3e,
    0x14, 0x0, 0x70, 0x6, 0x50, 0x5, 0x0, 0x7c,
    0xc0, 0x1, 0x40, 0xd, 0xe0, 0x3, 0x30, 0x7,
    0xa8, 0x0, 0x3f, 0xfd, 0x40, 0x15, 0x0, 0x71,
    0x90, 0x7, 0xff, 0x1, 0x80, 0x3a, 0x80, 0x22,
    0x2f, 0xc0, 0x12, 0x80, 0x66, 0x0, 0x3e, 0xef,
    0xe1, 0x0, 0x48, 0x4, 0xc0, 0x15, 0x80, 0x7e,
    0x60, 0x1, 0x90, 0x2, 0x80, 0x4, 0x60, 0x1f,
    0xac, 0x2, 0xa0, 0x23, 0x0, 0x28, 0x7, 0xf1,
    0x90, 0x1, 0x80,

    /* U+00C5 "Å" */
    0x0, 0xf8, 0xf3, 0xfa, 0x40, 0x3f, 0xf8, 0x45,
    0x86, 0xa4, 0xd4, 0x1, 0xff, 0xc1, 0x40, 0x8a,
    0xc1, 0x50, 0xf, 0xfe, 0x9, 0x86, 0x1, 0x88,
    0x80, 0x3f, 0xf8, 0x2a, 0x69, 0xf8, 0x16, 0x1,
    0xff, 0xc2, 0xca, 0x78, 0xd5, 0x0, 0xff, 0xe1,
    0xac, 0x39, 0x0, 0x7f, 0xf0, 0xcf, 0xfe, 0xd0,
    0xf, 0xfe, 0x1d, 0x0, 0x44, 0x60, 0x1f, 0xfc,
    0x26, 0x0, 0xd2, 0x1, 0xff, 0xc1, 0x50, 0x1,
    0x0, 0x14, 0x40, 0x3f, 0xf8, 0x12, 0x0, 0xb3,
    0x0, 0x38, 0x7, 0xfc, 0x46, 0x0, 0x7a, 0x0,
    0x58, 0x7, 0xfd, 0x40, 0x4, 0x17, 0x0, 0x11,
    0x80, 0x7f, 0x98, 0x1, 0xc0, 0x28, 0x0, 0xa0,
    0xf, 0xe4, 0x10, 0x2, 0x80, 0x34, 0x0, 0xc0,
    0x1f, 0xde, 0x0, 0x50, 0x9, 0x80, 0x26, 0x0,
    0xf8, 0x50, 0x1, 0xc0, 0x19, 0x40, 0x14, 0x1,
    0xf3, 0x0, 0x5, 0x0, 0x37, 0x80, 0xc, 0xc0,
    0x1e, 0xa0, 0x0, 0xff, 0xf5, 0x0, 0x54, 0x1,
    0xc6, 0x40, 0x1f, 0xfc, 0x6, 0x0, 0xea, 0x0,
    0x88, 0xbf, 0x0, 0x4a, 0x1, 0x98, 0x0, 0xfb,
    0xbf, 0x84, 0x1, 0x20, 0x13, 0x0, 0x56, 0x1,
    0xf9, 0x80, 0x6, 0x40, 0xa, 0x0, 0x11, 0x80,
    0x7e, 0xb0, 0xa, 0x80, 0x8c, 0x0, 0xa0, 0x1f,
    0xc6, 0x40, 0x6, 0x0,

    /* U+00C6 "Æ" */
    0x0, 0xff, 0x47, 0xff, 0xff, 0x5, 0x0, 0x3f,
    0x85, 0xc0, 0x3f, 0xf9, 0x70, 0x1, 0xff, 0xcb,
    0x26, 0x0, 0xe2, 0xdd, 0xfc, 0x80, 0x1f, 0xa0,
    0x0, 0x48, 0x1, 0x11, 0x7e, 0x0, 0xfc, 0x4a,
    0x0, 0x80, 0xf, 0xfe, 0x44, 0x80, 0xd, 0x40,
    0x3f, 0xf8, 0xe6, 0x80, 0xf, 0x0, 0xe1, 0x1f,
    0x80, 0x3f, 0x78, 0x1, 0x4c, 0x3, 0x17, 0x77,
    0xc6, 0x1, 0xe4, 0x30, 0x4, 0x0, 0x7f, 0xf2,
    0x24, 0x0, 0xc4, 0x1, 0xff, 0xc7, 0x52, 0x0,
    0x40, 0x7, 0x8b, 0xff, 0xe3, 0x0, 0xeb, 0x0,
    0xb3, 0x76, 0x40, 0xf, 0xfe, 0x1b, 0x8, 0x4,
    0x45, 0x80, 0x3f, 0xf8, 0x90, 0x1, 0xff, 0xcb,
    0x81, 0x0, 0x77, 0xff, 0x20, 0x7, 0xff, 0x4,
    0x5c, 0x0, 0xc2, 0x1, 0xf8, 0xbf, 0xff, 0x20,
    0x40, 0x5, 0x60, 0x1f, 0xfc, 0x71, 0x60, 0x2,
    0x90, 0x7, 0xff, 0x1c,

    /* U+00C7 "Ç" */
    0x0, 0xe2, 0x7c, 0xef, 0xf7, 0x5c, 0x10, 0x7,
    0xc, 0xec, 0x18, 0x80, 0x5, 0x1f, 0x6c, 0x40,
    0x3, 0x8c, 0x1, 0xfe, 0x61, 0x0, 0x69, 0x0,
    0x49, 0x39, 0x8b, 0x72, 0x9, 0x0, 0x39, 0x80,
    0x6, 0xec, 0xc6, 0x64, 0x8d, 0xc4, 0x0, 0x48,
    0x5, 0x48, 0x1, 0xf1, 0x80, 0x10, 0x40, 0xa,
    0x80, 0x1f, 0xf1, 0x80, 0x5e, 0x1, 0xff, 0xc0,
    0xe0, 0x9, 0xc0, 0x3f, 0xf8, 0x6, 0x1, 0x18,
    0x7, 0xff, 0x0, 0xc0, 0x23, 0x0, 0xff, 0xe0,
    0x70, 0x4, 0xc0, 0x1f, 0xfc, 0x3, 0x0, 0xb4,
    0x3, 0xff, 0x80, 0x80, 0x13, 0x10, 0x7, 0xff,
    0x1, 0xc0, 0x2c, 0x30, 0xf, 0xa0, 0xc0, 0x10,
    0x40, 0x1, 0xca, 0x64, 0x42, 0xcf, 0x3e, 0x88,
    0x3, 0xc8, 0x2, 0x59, 0xbb, 0x53, 0x8, 0xc,
    0x80, 0xb, 0x14, 0x3, 0xfd, 0x10, 0x0, 0x86,
    0xb5, 0xd0, 0x2, 0x24, 0x9f, 0x70, 0xf, 0x14,
    0x58, 0xaf, 0xed, 0xb0, 0x7, 0xf9, 0xc4, 0x52,
    0x60, 0x1f, 0xfc, 0x5, 0x40, 0x6c, 0x20, 0xf,
    0xf8, 0xae, 0xc4, 0x8, 0x1, 0xff, 0x6c, 0xd1,
    0x2, 0x0, 0x7f, 0xc2, 0xca, 0x76, 0x40, 0x18,

    /* U+00C8 "È" */
    0x0, 0x37, 0xfc, 0xc0, 0x1f, 0xcd, 0x20, 0xb,
    0x0, 0xff, 0x35, 0x1, 0x30, 0x7, 0xf9, 0x69,
    0x3c, 0x3, 0xfe, 0x5b, 0x90, 0xf, 0xfe, 0x45,
    0xff, 0xff, 0xf0, 0xc, 0x3, 0xff, 0xa6, 0x7f,
    0xff, 0xc6, 0x1, 0xff, 0xef, 0x3f, 0xff, 0xc0,
    0x1f, 0xfd, 0x53, 0xff, 0xfc, 0x1, 0xff, 0xe4,
    0x11, 0xfe, 0x0, 0xc7, 0xdd, 0xfc, 0x60, 0x1f,
    0xfd, 0x0,

    /* U+00C9 "É" */
    0x0, 0xf3, 0x7f, 0xcc, 0x1, 0xfd, 0x60, 0x9,
    0x60, 0xf, 0xca, 0x41, 0x2c, 0x1, 0xfd, 0x89,
    0x2c, 0x1, 0xfe, 0x9b, 0x60, 0xf, 0xfe, 0x45,
    0xff, 0xff, 0xf0, 0xc, 0x3, 0xff, 0xa6, 0x7f,
    0xff, 0xc6, 0x1, 0xff, 0xef, 0x3f, 0xff, 0xc0,
    0x1f, 0xfd, 0x53, 0xff, 0xfc, 0x1, 0xff, 0xe4,
    0x11, 0xfe, 0x0, 0xc7, 0xdd, 0xfc, 0x60, 0x1f,
    0xfd, 0x0,

    /* U+00CA "Ê" */
    0x0, 0xe9, 0xff, 0x18, 0x7, 0xf4, 0xb0, 0x3,
    0x48, 0x3, 0xe8, 0x60, 0xa3, 0x1c, 0x10, 0xe,
    0x1f, 0x7b, 0x5c, 0x86, 0x40, 0xe, 0x17, 0x84,
    0x0, 0x3c, 0x28, 0x7, 0xff, 0x16, 0xff, 0xff,
    0xf8, 0x6, 0x1, 0xff, 0xd3, 0x3f, 0xff, 0xe3,
    0x0, 0xff, 0xf7, 0x9f, 0xff, 0xe0, 0xf, 0xfe,
    0xa9, 0xff, 0xfe, 0x0, 0xff, 0xf2, 0x8, 0xff,
    0x0, 0x63, 0xee, 0xfe, 0x30, 0xf, 0xfe, 0x80,

    /* U+00CB "Ë" */
    0x0, 0x1f, 0x71, 0x0, 0x17, 0xf2, 0x1, 0xd4,
    0x22, 0xe0, 0x24, 0x6, 0x0, 0xec, 0x0, 0x68,
    0x10, 0x81, 0x0, 0x72, 0xee, 0x38, 0x3, 0xf3,
    0x40, 0x3c, 0x46, 0x1, 0x9, 0x80, 0x6b, 0xff,
    0xff, 0xe0, 0x18, 0x7, 0xff, 0x4c, 0xff, 0xff,
    0x8c, 0x3, 0xff, 0xde, 0x7f, 0xff, 0x80, 0x3f,
    0xfa, 0xa7, 0xff, 0xf8, 0x3, 0xff, 0xc8, 0x23,
    0xfc, 0x1, 0x8f, 0xbb, 0xf8, 0xc0, 0x3f, 0xfa,
    0x0,

    /* U+00CC "Ì" */
    0x2e, 0xff, 0x50, 0x0, 0xb0, 0x41, 0x48, 0x0,
    0x58, 0x21, 0x0, 0x11, 0x62, 0x8, 0x80, 0x22,
    0xbb, 0x8, 0x7, 0xfa, 0xff, 0xd8, 0x1, 0xff,
    0xff, 0x0, 0xff, 0xf3, 0x80,

    /* U+00CD "Í" */
    0x1, 0xff, 0xa8, 0x1, 0x0, 0x5, 0xa0, 0x16,
    0x5, 0xa0, 0x2, 0x21, 0xa8, 0x2, 0x5b, 0x90,
    0xf, 0xfa, 0xff, 0xd8, 0x1, 0xff, 0xff, 0x0,
    0xff, 0xf5, 0x0,

    /* U+00CE "Î" */
    0x0, 0x97, 0xfd, 0x0, 0x1c, 0x94, 0x0, 0x76,
    0x0, 0x8e, 0xc1, 0xa0, 0x25, 0x0, 0x8, 0xf1,
    0x2f, 0x2e, 0x60, 0x7, 0x87, 0x0, 0x34, 0x38,
    0x7, 0xff, 0xa, 0xff, 0xd8, 0x1, 0xff, 0xff,
    0x0, 0xff, 0xff, 0x80, 0x7f, 0xf5, 0x40,

    /* U+00CF "Ï" */
    0xc, 0xf8, 0x0, 0x3f, 0xe8, 0xa1, 0x83, 0x80,
    0x28, 0x9, 0x14, 0x0, 0x80, 0x7, 0x0, 0x38,
    0xf6, 0x58, 0x2, 0xb3, 0x88, 0x4, 0xc0, 0x31,
    0x88, 0x6, 0xbf, 0xf6, 0x0, 0x7f, 0xff, 0xc0,
    0x3f, 0xff, 0xe0, 0x1f, 0xfd, 0x50,

    /* U+00D0 "Ð" */
    0x0, 0x5f, 0xff, 0xdb, 0x2a, 0x1, 0xff, 0xc4,
    0x26, 0xae, 0x50, 0xf, 0xfe, 0x28, 0xd4, 0x80,
    0x7e, 0x2d, 0xdb, 0x25, 0x0, 0x26, 0x80, 0xf,
    0xc4, 0x51, 0xb5, 0xd8, 0x2, 0x72, 0x0, 0xff,
    0xe0, 0xa5, 0x0, 0x50, 0x1, 0xff, 0xc2, 0x52,
    0x0, 0x28, 0x7, 0xff, 0xd, 0x0, 0x22, 0x7f,
    0x40, 0x1, 0x7f, 0xd8, 0x1, 0xb8, 0x2, 0x60,
    0xf, 0xfe, 0x10, 0x80, 0x42, 0x90, 0x40, 0x1,
    0x88, 0xa4, 0x3, 0x8, 0x4, 0x26, 0xec, 0x0,
    0x37, 0x79, 0x40, 0x36, 0x80, 0x4c, 0x1, 0xff,
    0xc2, 0x40, 0x0, 0x90, 0x7, 0xff, 0x5, 0xc4,
    0x0, 0xe0, 0x1f, 0xfc, 0x15, 0x80, 0xa, 0x0,
    0x3e, 0x22, 0x1a, 0x3e, 0x50, 0x5, 0x22, 0x1,
    0xe2, 0xdd, 0x65, 0xc1, 0x80, 0x50, 0xc0, 0x1f,
    0xfc, 0x32, 0xb7, 0x0, 0xff, 0xe0, 0x93, 0x5e,
    0xa0, 0x6,

    /* U+00D1 "Ñ" */
    0x0, 0xf2, 0x10, 0x4, 0x20, 0x1f, 0xc5, 0xd7,
    0xb6, 0x44, 0xfd, 0x0, 0xfd, 0xe2, 0x0, 0x4d,
    0xd0, 0xb8, 0x7, 0xc2, 0x66, 0xec, 0x40, 0x1,
    0xd8, 0x7, 0xc3, 0xd8, 0x27, 0x7b, 0x98, 0x10,
    0xf, 0xfe, 0x9, 0x18, 0x7, 0xff, 0x2e, 0xff,
    0xd4, 0x1, 0xfd, 0x9f, 0xec, 0x0, 0x95, 0x80,
    0x3f, 0xf8, 0x92, 0x60, 0x1f, 0xfc, 0x4e, 0x0,
    0xff, 0xe2, 0x15, 0x0, 0x7f, 0xf1, 0x15, 0x80,
    0x3f, 0xf8, 0x4, 0x60, 0x9, 0x30, 0xf, 0xf8,
    0x74, 0x40, 0x1a, 0x20, 0x1f, 0xf0, 0xd0, 0x0,
    0x68, 0x3, 0xff, 0x80, 0x90, 0x0, 0x47, 0x0,
    0xff, 0xe0, 0x3a, 0x0, 0x20, 0xc0, 0x3f, 0xf8,
    0x14, 0x20, 0xd, 0x10, 0xf, 0xf8, 0x74, 0x0,
    0x34, 0x1, 0xff, 0xc0, 0x39, 0x0, 0x21, 0x80,
    0x7f, 0xf0, 0x19, 0x40, 0x3f, 0xf8, 0x94, 0x40,
    0x1f, 0xfc, 0x4f, 0x0, 0xff, 0xe2, 0x15, 0x0,
    0x7f, 0xf1, 0x15, 0x80, 0x20,

    /* U+00D2 "Ò" */
    0x0, 0xe2, 0xbb, 0x98, 0x3, 0xff, 0x86, 0x5a,
    0x88, 0x91, 0x0, 0xff, 0xe1, 0xb5, 0x0, 0x24,
    0x3, 0xff, 0x88, 0xb4, 0xe, 0x20, 0x1f, 0xfc,
    0x45, 0xff, 0x8, 0x7, 0xff, 0xa4, 0x5e, 0xfb,
    0xfd, 0xd6, 0xe2, 0x1, 0xfd, 0x3d, 0x8, 0x20,
    0x1, 0x48, 0xe8, 0x0, 0xf0, 0xeb, 0x0, 0x7f,
    0x9f, 0x4, 0x3, 0x69, 0x0, 0x49, 0x59, 0x89,
    0x40, 0x8, 0xf4, 0x2, 0x73, 0x0, 0xe, 0x5a,
    0x99, 0x9a, 0xf0, 0x40, 0x6, 0xe0, 0x9, 0x0,
    0xb4, 0xc0, 0x3c, 0x7a, 0x1, 0x48, 0x20, 0x80,
    0x14, 0xc0, 0x3f, 0x1a, 0x80, 0x5, 0xc, 0x2,
    0xe0, 0xf, 0xf7, 0x0, 0x47, 0xc0, 0x13, 0x0,
    0x7f, 0x98, 0x2, 0xe3, 0x0, 0x8c, 0x3, 0xfc,
    0x60, 0x11, 0x98, 0x2, 0x30, 0xf, 0xf1, 0x80,
    0x47, 0xc0, 0x13, 0x80, 0x7f, 0x9c, 0x2, 0xe4,
    0x0, 0xbc, 0x3, 0xfd, 0xc0, 0x12, 0x18, 0x80,
    0x15, 0x0, 0x3f, 0x22, 0x0, 0x2, 0x61, 0x0,
    0x15, 0x20, 0x7, 0x92, 0x80, 0x28, 0x0, 0x32,
    0x0, 0x6, 0xec, 0xc8, 0x86, 0xbb, 0x8, 0x1,
    0x18, 0x2, 0xb3, 0x0, 0x92, 0x6e, 0xd2, 0x80,
    0x12, 0x58, 0x7, 0x64, 0x0, 0x7f, 0xa2, 0xc0,
    0x3e, 0x7e, 0x94, 0x10, 0x0, 0xa4, 0xf3, 0x80,
    0x60,

    /* U+00D3 "Ó" */
    0x0, 0xff, 0x5d, 0xd0, 0x1, 0xff, 0xc3, 0x74,
    0x43, 0x48, 0x7, 0xff, 0xe, 0x40, 0xb0, 0x40,
    0x3f, 0xf8, 0x4e, 0x25, 0x82, 0x1, 0xff, 0xc3,
    0x7f, 0xd1, 0x0, 0xff, 0xf4, 0x8b, 0xdf, 0x7f,
    0xba, 0xdc, 0x40, 0x3f, 0xa7, 0xa1, 0x4, 0x0,
    0x29, 0x1d, 0x0, 0x1e, 0x1d, 0x60, 0xf, 0xf3,
    0xe0, 0x80, 0x6d, 0x20, 0x9, 0x2b, 0x31, 0x28,
    0x1, 0x1e, 0x80, 0x4e, 0x60, 0x1, 0xcb, 0x53,
    0x33, 0x5e, 0x8, 0x0, 0xdc, 0x1, 0x20, 0x16,
    0x98, 0x7, 0x8f, 0x40, 0x29, 0x4, 0x10, 0x2,
    0x98, 0x7, 0xe3, 0x50, 0x0, 0xa1, 0x80, 0x5c,
    0x1, 0xfe, 0xe0, 0x8, 0xf8, 0x2, 0x60, 0xf,
    0xf3, 0x0, 0x5c, 0x60, 0x11, 0x80, 0x7f, 0x8c,
    0x2, 0x33, 0x0, 0x46, 0x1, 0xfe, 0x30, 0x8,
    0xf8, 0x2, 0x70, 0xf, 0xf3, 0x80, 0x5c, 0x80,
    0x17, 0x80, 0x7f, 0xb8, 0x2, 0x43, 0x10, 0x2,
    0xa0, 0x7, 0xe4, 0x40, 0x0, 0x4c, 0x20, 0x2,
    0xa4, 0x0, 0xf2, 0x50, 0x5, 0x0, 0x6, 0x40,
    0x0, 0xdd, 0x99, 0x10, 0xd7, 0x61, 0x0, 0x23,
    0x0, 0x56, 0x60, 0x12, 0x4d, 0xda, 0x50, 0x2,
    0x4b, 0x0, 0xec, 0x80, 0xf, 0xf4, 0x58, 0x7,
    0xcf, 0xd2, 0x82, 0x0, 0x14, 0x9e, 0x70, 0xc,

    /* U+00D4 "Ô" */
    0x0, 0xfc, 0x2f, 0x4, 0x1, 0xff, 0xc4, 0xd8,
    0x7f, 0x10, 0xf, 0xfe, 0x15, 0x98, 0x91, 0x34,
    0x3, 0xff, 0x83, 0x68, 0x39, 0xe2, 0x74, 0x1,
    0xff, 0xc0, 0xbf, 0xe2, 0x27, 0x7d, 0x0, 0x7f,
    0xf9, 0xc5, 0xef, 0xbf, 0xdd, 0x6e, 0x20, 0x1f,
    0xd3, 0xd0, 0x82, 0x0, 0x14, 0x8e, 0x80, 0xf,
    0xe, 0xb0, 0x7, 0xf9, 0xf0, 0x40, 0x36, 0x90,
    0x4, 0x95, 0x98, 0x94, 0x0, 0x8f, 0x40, 0x27,
    0x30, 0x0, 0xe5, 0xa9, 0x99, 0xaf, 0x4, 0x0,
    0x6e, 0x0, 0x90, 0xb, 0x4c, 0x3, 0xc7, 0xa0,
    0x14, 0x82, 0x8, 0x1, 0x4c, 0x3, 0xf1, 0xa8,
    0x0, 0x50, 0xc0, 0x2e, 0x0, 0xff, 0x70, 0x4,
    0x7c, 0x1, 0x30, 0x7, 0xf9, 0x80, 0x2e, 0x30,
    0x8, 0xc0, 0x3f, 0xc6, 0x1, 0x19, 0x80, 0x23,
    0x0, 0xff, 0x18, 0x4, 0x7c, 0x1, 0x38, 0x7,
    0xf9, 0xc0, 0x2e, 0x40, 0xb, 0xc0, 0x3f, 0xdc,
    0x1, 0x21, 0x88, 0x1, 0x50, 0x3, 0xf2, 0x20,
    0x0, 0x26, 0x10, 0x1, 0x52, 0x0, 0x79, 0x28,
    0x2, 0x80, 0x3, 0x20, 0x0, 0x6e, 0xcc, 0x88,
    0x6b, 0xb0, 0x80, 0x11, 0x80, 0x2b, 0x30, 0x9,
    0x26, 0xed, 0x28, 0x1, 0x25, 0x80, 0x76, 0x40,
    0x7, 0xfa, 0x2c, 0x3, 0xe7, 0xe9, 0x41, 0x0,
    0xa, 0x4f, 0x38, 0x6,

    /* U+00D5 "Õ" */
    0x0, 0xf8, 0x90, 0x40, 0x22, 0x0, 0xff, 0xe0,
    0x4e, 0xdf, 0x52, 0xd6, 0xb8, 0x7, 0xf9, 0x58,
    0x2, 0x5a, 0x50, 0x50, 0xf, 0xf8, 0xab, 0xed,
    0x0, 0xac, 0x80, 0x3f, 0xcb, 0xaa, 0x9, 0x7f,
    0xa8, 0x1, 0xff, 0xe7, 0x17, 0xbe, 0xff, 0x75,
    0xb8, 0x80, 0x7f, 0x4f, 0x42, 0x8, 0x0, 0x52,
    0x3a, 0x0, 0x3c, 0x3a, 0xc0, 0x1f, 0xe7, 0xc1,
    0x0, 0xda, 0x40, 0x12, 0x56, 0x62, 0x50, 0x2,
    0x3d, 0x0, 0x9c, 0xc0, 0x3, 0x96, 0xa6, 0x66,
    0xbc, 0x10, 0x1, 0xb8, 0x2, 0x40, 0x2d, 0x30,
    0xf, 0x1e, 0x80, 0x52, 0x8, 0x20, 0x5, 0x30,
    0xf, 0xc6, 0xa0, 0x1, 0x43, 0x0, 0xb8, 0x3,
    0xfd, 0xc0, 0x11, 0xf0, 0x4, 0xc0, 0x1f, 0xe6,
    0x0, 0xb8, 0xc0, 0x23, 0x0, 0xff, 0x18, 0x4,
    0x66, 0x0, 0x8c, 0x3, 0xfc, 0x60, 0x11, 0xf0,
    0x4, 0xe0, 0x1f, 0xe7, 0x0, 0xb9, 0x0, 0x2f,
    0x0, 0xff, 0x70, 0x4, 0x86, 0x20, 0x5, 0x40,
    0xf, 0xc8, 0x80, 0x0, 0x98, 0x40, 0x5, 0x48,
    0x1, 0xe4, 0xa0, 0xa, 0x0, 0xc, 0x80, 0x1,
    0xbb, 0x32, 0x21, 0xae, 0xc2, 0x0, 0x46, 0x0,
    0xac, 0xc0, 0x24, 0x9b, 0xb4, 0xa0, 0x4, 0x96,
    0x1, 0xd9, 0x0, 0x1f, 0xe8, 0xb0, 0xf, 0x9f,
    0xa5, 0x4, 0x0, 0x29, 0x3c, 0xe0, 0x18,

    /* U+00D6 "Ö" */
    0x0, 0xf0, 0x98, 0x6, 0x31, 0x0, 0xff, 0x8b,
    0xb2, 0xc0, 0x17, 0x9c, 0x40, 0x1f, 0xe6, 0x0,
    0x28, 0x1, 0x40, 0xc, 0x1, 0xfe, 0x43, 0x9,
    0x0, 0x48, 0x1a, 0x0, 0x7f, 0xd9, 0xee, 0x0,
    0x7f, 0xc0, 0xf, 0xfe, 0x98, 0xbd, 0xf7, 0xfb,
    0xad, 0xc4, 0x3, 0xfa, 0x7a, 0x10, 0x40, 0x2,
    0x91, 0xd0, 0x1, 0xe1, 0xd6, 0x0, 0xff, 0x3e,
    0x8, 0x6, 0xd2, 0x0, 0x92, 0xb3, 0x12, 0x80,
    0x11, 0xe8, 0x4, 0xe6, 0x0, 0x1c, 0xb5, 0x33,
    0x35, 0xe0, 0x80, 0xd, 0xc0, 0x12, 0x1, 0x69,
    0x80, 0x78, 0xf4, 0x2, 0x90, 0x41, 0x0, 0x29,
    0x80, 0x7e, 0x35, 0x0, 0xa, 0x18, 0x5, 0xc0,
    0x1f, 0xee, 0x0, 0x8f, 0x80, 0x26, 0x0, 0xff,
    0x30, 0x5, 0xc6, 0x1, 0x18, 0x7, 0xf8, 0xc0,
    0x23, 0x30, 0x4, 0x60, 0x1f, 0xe3, 0x0, 0x8f,
    0x80, 0x27, 0x0, 0xff, 0x38, 0x5, 0xc8, 0x1,
    0x78, 0x7, 0xfb, 0x80, 0x24, 0x31, 0x0, 0x2a,
    0x0, 0x7e, 0x44, 0x0, 0x4, 0xc2, 0x0, 0x2a,
    0x40, 0xf, 0x25, 0x0, 0x50, 0x0, 0x64, 0x0,
    0xd, 0xd9, 0x91, 0xd, 0x76, 0x10, 0x2, 0x30,
    0x5, 0x66, 0x1, 0x24, 0xdd, 0xa5, 0x0, 0x24,
    0xb0, 0xe, 0xc8, 0x0, 0xff, 0x45, 0x80, 0x7c,
    0xfd, 0x28, 0x20, 0x1, 0x49, 0xe7, 0x0, 0xc0,

    /* U+00D7 "×" */
    0x1, 0x40, 0xf, 0xe6, 0x0, 0x17, 0xda, 0x0,
    0x7d, 0x32, 0xb0, 0x51, 0xb, 0x40, 0xe, 0x96,
    0x4, 0x37, 0x70, 0x2, 0xd0, 0x2, 0x96, 0x0,
    0x59, 0x84, 0x40, 0x1, 0x68, 0x12, 0xc0, 0xb,
    0x40, 0x9, 0xe0, 0x1, 0x76, 0x60, 0x5, 0xa0,
    0x7, 0x3c, 0x0, 0x10, 0x1, 0x68, 0x1, 0xf3,
    0x98, 0x4, 0xe8, 0x1, 0xfa, 0x4c, 0x2, 0x75,
    0x0, 0xfa, 0x58, 0x0, 0xc0, 0xa, 0x50, 0xe,
    0x96, 0x0, 0x5c, 0xc0, 0x2, 0x94, 0x2, 0x96,
    0x0, 0x62, 0x3, 0xc0, 0x2, 0x94, 0x21, 0x80,
    0x18, 0x60, 0x13, 0xc0, 0x2, 0x8e, 0x48, 0x30,
    0xc0, 0x39, 0xe0, 0x18, 0xc7, 0x30, 0x60, 0x1f,
    0x3d, 0xc8, 0x0,

    /* U+00D8 "Ø" */
    0x0, 0xff, 0xe1, 0x89, 0x0, 0x7f, 0xf1, 0xaf,
    0x5c, 0x3, 0xff, 0x88, 0x6a, 0x8, 0x1, 0xf0,
    0xbd, 0xf7, 0xfb, 0x69, 0xbc, 0x18, 0xc0, 0x3d,
    0x3d, 0x8, 0x20, 0x2, 0x59, 0x30, 0xb0, 0xe,
    0x1d, 0x60, 0xf, 0xfb, 0xc4, 0x3, 0x69, 0x0,
    0x49, 0x59, 0x8a, 0x20, 0x8, 0xb4, 0x2, 0x73,
    0x0, 0xe, 0x5a, 0x99, 0x98, 0x80, 0x31, 0xb8,
    0x2, 0x0, 0x2d, 0x30, 0xd, 0xe0, 0x98, 0x1,
    0x48, 0x20, 0x4, 0xa6, 0x1, 0x9c, 0xc2, 0x4d,
    0x40, 0x2, 0x98, 0x1, 0x70, 0x6, 0x18, 0x8,
    0x20, 0xe0, 0x8, 0xc4, 0x2, 0x60, 0xd, 0x40,
    0x4e, 0x0, 0x60, 0xb, 0xcc, 0x2, 0x30, 0x9,
    0x50, 0x38, 0x2, 0x30, 0x8, 0x48, 0x2, 0x30,
    0xa, 0xc1, 0x8c, 0x2, 0x30, 0xd, 0xe0, 0x13,
    0x80, 0x24, 0x45, 0x0, 0x19, 0xc0, 0x2e, 0x50,
    0xb, 0xc0, 0xd8, 0x2c, 0x40, 0x37, 0x0, 0x48,
    0x44, 0x0, 0x2a, 0x70, 0x22, 0x80, 0x64, 0x40,
    0x0, 0x4c, 0x24, 0x2, 0xb2, 0x9, 0x0, 0xc9,
    0x40, 0x14, 0x0, 0x11, 0x80, 0x31, 0x21, 0xa3,
    0x5d, 0x84, 0x0, 0x8c, 0x1, 0x4b, 0x0, 0x45,
    0x39, 0x72, 0x80, 0x12, 0x58, 0x7, 0x68, 0x7,
    0xfd, 0x16, 0x1, 0xe9, 0x3, 0xa5, 0x20, 0x0,
    0xa4, 0xf3, 0x80, 0x79, 0x88, 0x3d, 0x6b, 0x7f,
    0xdd, 0x6c, 0x20, 0x1f, 0x8, 0x31, 0x80, 0x7f,
    0xf1, 0x1f, 0x60, 0x3, 0xff, 0x86,

    /* U+00D9 "Ù" */
    0x0, 0x8a, 0xee, 0x70, 0xf, 0xf8, 0xb9, 0x11,
    0x2, 0x1, 0xff, 0x2d, 0x0, 0x20, 0x3, 0xff,
    0x80, 0xb4, 0xc, 0x20, 0x1f, 0xfc, 0x5, 0xff,
    0x8, 0x7, 0xff, 0x6a, 0xff, 0xd8, 0x1, 0xfa,
    0xbf, 0xda, 0x1, 0xff, 0xff, 0x0, 0xff, 0xff,
    0x80, 0x7f, 0xf3, 0x84, 0x0, 0x20, 0x1f, 0x84,
    0x0, 0x26, 0x0, 0x22, 0x0, 0x7c, 0x80, 0x7,
    0xc0, 0xa, 0x40, 0x3d, 0x20, 0x16, 0x28, 0x80,
    0x13, 0x5d, 0x10, 0xf8, 0xc0, 0x13, 0x5, 0x0,
    0x45, 0x17, 0x68, 0x30, 0xa, 0x44, 0x12, 0xc4,
    0x3, 0xf0, 0xd3, 0x0, 0x49, 0xd2, 0x82, 0x0,
    0x14, 0x9e, 0x50, 0x0,

    /* U+00DA "Ú" */
    0x0, 0xfd, 0x77, 0x48, 0x7, 0xfc, 0xc8, 0x86,
    0x80, 0xf, 0xfa, 0x0, 0xb0, 0x40, 0x3f, 0xcc,
    0x25, 0x82, 0x1, 0xff, 0x37, 0xe8, 0x80, 0x7f,
    0xf6, 0xaf, 0xfd, 0x80, 0x1f, 0xab, 0xfd, 0xa0,
    0x1f, 0xff, 0xf0, 0xf, 0xff, 0xf8, 0x7, 0xff,
    0x38, 0x40, 0x2, 0x1, 0xf8, 0x40, 0x2, 0x60,
    0x2, 0x20, 0x7, 0xc8, 0x0, 0x7c, 0x0, 0xa4,
    0x3, 0xd2, 0x1, 0x62, 0x88, 0x1, 0x35, 0xd1,
    0xf, 0x8c, 0x1, 0x30, 0x50, 0x4, 0x51, 0x76,
    0x83, 0x0, 0xa4, 0x41, 0x2c, 0x40, 0x3f, 0xd,
    0x30, 0x4, 0x9d, 0x28, 0x20, 0x1, 0x49, 0xe5,
    0x0, 0x0,

    /* U+00DB "Û" */
    0x0, 0xf9, 0xe0, 0x80, 0x3f, 0xf8, 0x17, 0xf,
    0x82, 0x1, 0xfe, 0xa4, 0x12, 0x1c, 0x0, 0xfe,
    0x95, 0xd, 0xc2, 0x25, 0x80, 0x7e, 0x9f, 0xf1,
    0x8e, 0xfd, 0x80, 0x7f, 0xf6, 0x2f, 0xfd, 0x80,
    0x1f, 0xab, 0xfd, 0xa0, 0x1f, 0xff, 0xf0, 0xf,
    0xff, 0xf8, 0x7, 0xff, 0x38, 0x40, 0x2, 0x1,
    0xf8, 0x40, 0x2, 0x60, 0x2, 0x20, 0x7, 0xc8,
    0x0, 0x7c, 0x0, 0xa4, 0x3, 0xd2, 0x1, 0x62,
    0x88, 0x1, 0x35, 0xd1, 0xf, 0x8c, 0x1, 0x30,
    0x50, 0x4, 0x51, 0x76, 0x83, 0x0, 0xa4, 0x41,
    0x2c, 0x40, 0x3f, 0xd, 0x30, 0x4, 0x9d, 0x28,
    0x20, 0x1, 0x49, 0xe5, 0x0, 0x0,

    /* U+00DC "Ü" */
    0x0, 0xc2, 0x60, 0x18, 0xc4, 0x3, 0xe1, 0xec,
    0xc0, 0x2, 0xb3, 0x88, 0x3, 0xc4, 0x0, 0x30,
    0x3, 0x80, 0x1c, 0x3, 0xc6, 0x80, 0xe0, 0xb,
    0x3, 0x40, 0xf, 0xaf, 0xe0, 0x0, 0xdf, 0x82,
    0x1, 0xff, 0xc7, 0xbf, 0xf6, 0x0, 0x7e, 0xaf,
    0xf6, 0x80, 0x7f, 0xff, 0xc0, 0x3f, 0xff, 0xe0,
    0x1f, 0xfc, 0xe1, 0x0, 0x8, 0x7, 0xe1, 0x0,
    0x9, 0x80, 0x8, 0x80, 0x1f, 0x20, 0x1, 0xf0,
    0x2, 0x90, 0xf, 0x48, 0x5, 0x8a, 0x20, 0x4,
    0xd7, 0x44, 0x3e, 0x30, 0x4, 0xc1, 0x40, 0x11,
    0x45, 0xda, 0xc, 0x2, 0x91, 0x4, 0xb1, 0x0,
    0xfc, 0x34, 0xc0, 0x12, 0x74, 0xa0, 0x80, 0x5,
    0x27, 0x94, 0x0,

    /* U+00DD "Ý" */
    0x0, 0xfc, 0x3f, 0xf5, 0x80, 0x7f, 0xf0, 0x64,
    0x0, 0x96, 0x1, 0xff, 0xc1, 0x70, 0x4b, 0x0,
    0xff, 0xe0, 0xaa, 0x35, 0x80, 0x7f, 0xf0, 0x96,
    0xe4, 0x3, 0xff, 0x9c, 0xff, 0xf4, 0x80, 0x7e,
    0xbf, 0xf8, 0x9c, 0x80, 0xc, 0x40, 0x1e, 0x44,
    0x0, 0x1c, 0x82, 0x40, 0x29, 0x0, 0xf4, 0x80,
    0x6, 0x0, 0x8, 0xa0, 0x4, 0x40, 0x6, 0x62,
    0x0, 0x58, 0x6, 0xb0, 0xa, 0x40, 0x34, 0x0,
    0x11, 0x40, 0x30, 0xc0, 0x0, 0x98, 0x1, 0x2,
    0x0, 0x90, 0xf, 0x39, 0x0, 0x20, 0x49, 0xc0,
    0xe, 0x40, 0x1f, 0x48, 0x0, 0x66, 0x0, 0x3,
    0x0, 0x1f, 0x91, 0x40, 0xe, 0xa0, 0xb, 0x0,
    0xff, 0x58, 0x7, 0x22, 0x80, 0x7f, 0x86, 0x0,
    0x34, 0x80, 0x7f, 0xf0, 0x1c, 0x2, 0x52, 0x0,
    0xff, 0xe0, 0x88, 0x0, 0xc0, 0x3f, 0xff, 0xe0,
    0x1f, 0xfd, 0xc0,

    /* U+00DE "Þ" */
    0xbf, 0xf6, 0x80, 0x7f, 0xf7, 0x4b, 0xff, 0x6c,
    0xa0, 0x7, 0xfc, 0x4d, 0x74, 0x1, 0xff, 0xc1,
    0x59, 0x0, 0xc5, 0xff, 0x74, 0x0, 0x4c, 0x40,
    0x1f, 0xb, 0xc0, 0x4, 0xa0, 0x1f, 0xca, 0x1,
    0x70, 0x7, 0xff, 0x2d, 0x40, 0x2e, 0x0, 0xfc,
    0xd0, 0x1, 0x30, 0x4, 0x5b, 0xae, 0xf9, 0x0,
    0x9c, 0x40, 0x31, 0x10, 0x40, 0x33, 0xc0, 0x7,
    0xf1, 0x36, 0x40, 0x7, 0x17, 0xfe, 0xd9, 0x30,
    0xf, 0xff, 0x8,

    /* U+00DF "ß" */
    0x0, 0xcf, 0x7b, 0xdb, 0x48, 0x1, 0xf1, 0x74,
    0x21, 0x9, 0x2d, 0xd0, 0x7, 0xb0, 0x40, 0x3e,
    0x59, 0x0, 0xcc, 0x20, 0x5, 0xdf, 0xb1, 0x0,
    0x30, 0x6, 0xd0, 0x1, 0x51, 0x2, 0x58, 0x4,
    0x40, 0x12, 0x80, 0x14, 0x3, 0x30, 0x7, 0xc2,
    0x0, 0xf0, 0xc, 0xc0, 0x11, 0x0, 0x7f, 0xd0,
    0x0, 0x70, 0xf, 0xfa, 0x48, 0xe, 0x0, 0x3f,
    0xc6, 0xc0, 0xe, 0x0, 0xff, 0xac, 0x0, 0x84,
    0x1, 0xff, 0x78, 0x1, 0x14, 0x3, 0xfe, 0x61,
    0x0, 0x54, 0x80, 0x7f, 0x87, 0xc, 0x0, 0xd6,
    0x1, 0xfe, 0x2c, 0x50, 0x2, 0x38, 0x7, 0xfd,
    0x46, 0x0, 0x90, 0xf, 0xfe, 0x5, 0x0, 0x4,
    0x3, 0xff, 0x80, 0x20, 0x1f, 0xfc, 0x21, 0xa0,
    0x0, 0x80, 0x7c, 0x9d, 0x76, 0xf2, 0x0, 0x48,
    0x7, 0xd8, 0x28, 0x81, 0x0, 0x23, 0x80, 0x7e,
    0x10, 0x0, 0xa4, 0xd8, 0x0,

    /* U+00E0 "à" */
    0x0, 0x2d, 0xdc, 0x80, 0x1f, 0xe5, 0x24, 0x44,
    0x0, 0x7f, 0xd2, 0xc0, 0x68, 0x1, 0xff, 0x4b,
    0x4, 0x80, 0x7f, 0xf0, 0x27, 0xf4, 0x3, 0xff,
    0x98, 0x2f, 0x7d, 0xfe, 0xc8, 0x10, 0xe, 0x7e,
    0x84, 0x10, 0x1, 0xbf, 0x98, 0x6, 0xb0, 0x0,
    0x99, 0x84, 0x0, 0x3a, 0x1, 0xb9, 0x73, 0xb3,
    0x1c, 0xe0, 0x1, 0x40, 0x8, 0xa8, 0xc0, 0x34,
    0x8, 0x0, 0xc0, 0x3f, 0xe3, 0x0, 0x78, 0x6,
    0x4a, 0xdf, 0xf7, 0x61, 0x0, 0x7a, 0x6d, 0x48,
    0x0, 0x26, 0x1, 0xe6, 0x60, 0x1, 0xf3, 0x72,
    0x84, 0x3, 0xa8, 0x0, 0xf0, 0x64, 0x6a, 0x40,
    0x1c, 0x40, 0xd, 0x0, 0xe1, 0x0, 0xe2, 0x0,
    0x78, 0x4, 0x34, 0x40, 0x1, 0x0, 0x58, 0x1,
    0x76, 0xaf, 0x94, 0x2, 0x6a, 0x17, 0x30, 0x1,
    0x2a, 0x0, 0xc8, 0x4, 0xa2, 0x19, 0x6, 0x0,
    0x28, 0xe6, 0x81, 0x4, 0x0,

    /* U+00E1 "á" */
    0x0, 0xfa, 0xae, 0xd0, 0x1, 0xfe, 0x65, 0x47,
    0x90, 0xf, 0xf4, 0x1, 0x68, 0x80, 0x7f, 0x30,
    0x96, 0x8, 0x7, 0xf9, 0xbf, 0x44, 0x3, 0xff,
    0x96, 0x2f, 0x7d, 0xfe, 0xc8, 0x10, 0xe, 0x7e,
    0x84, 0x10, 0x1, 0xbf, 0x98, 0x6, 0xb0, 0x0,
    0x99, 0x84, 0x0, 0x3a, 0x1, 0xb9, 0x73, 0xb3,
    0x1c, 0xe0, 0x1, 0x40, 0x8, 0xa8, 0xc0, 0x34,
    0x8, 0x0, 0xc0, 0x3f, 0xe3, 0x0, 0x78, 0x6,
    0x4a, 0xdf, 0xf7, 0x61, 0x0, 0x7a, 0x6d, 0x48,
    0x0, 0x26, 0x1, 0xe6, 0x60, 0x1, 0xf3, 0x72,
    0x84, 0x3, 0xa8, 0x0, 0xf0, 0x64, 0x6a, 0x40,
    0x1c, 0x40, 0xd, 0x0, 0xe1, 0x0, 0xe2, 0x0,
    0x78, 0x4, 0x34, 0x40, 0x1, 0x0, 0x58, 0x1,
    0x76, 0xaf, 0x94, 0x2, 0x6a, 0x17, 0x30, 0x1,
    0x2a, 0x0, 0xc8, 0x4, 0xa2, 0x19, 0x6, 0x0,
    0x28, 0xe6, 0x81, 0x4, 0x0,

    /* U+00E2 "â" */
    0x0, 0xe8, 0xff, 0x18, 0x7, 0xf9, 0x5c, 0x1,
    0xa2, 0x1, 0xf8, 0xa8, 0x10, 0x45, 0x40, 0x1f,
    0xbc, 0xa, 0xe8, 0x11, 0xc0, 0x3e, 0xce, 0xd0,
    0x4e, 0xe3, 0x0, 0x7c, 0x22, 0x0, 0x84, 0x60,
    0xf, 0xb, 0xdf, 0x7f, 0xb2, 0x4, 0x3, 0x9f,
    0xa1, 0x4, 0x0, 0x6f, 0xe6, 0x1, 0xac, 0x0,
    0x26, 0x61, 0x0, 0xe, 0x80, 0x6e, 0x5c, 0xec,
    0xc7, 0x38, 0x0, 0x50, 0x2, 0x2a, 0x30, 0xd,
    0x2, 0x0, 0x30, 0xf, 0xf8, 0xc0, 0x1e, 0x1,
    0x92, 0xb7, 0xfd, 0xd8, 0x40, 0x1e, 0x9b, 0x52,
    0x0, 0x9, 0x80, 0x79, 0x98, 0x0, 0x7c, 0xdc,
    0xa1, 0x0, 0xea, 0x0, 0x3c, 0x19, 0x1a, 0x90,
    0x7, 0x10, 0x3, 0x40, 0x38, 0x40, 0x38, 0x80,
    0x1e, 0x1, 0xd, 0x10, 0x0, 0x40, 0x16, 0x0,
    0x5d, 0xab, 0xe5, 0x0, 0x9a, 0x85, 0xcc, 0x0,
    0x4a, 0x80, 0x32, 0x1, 0x28, 0x86, 0x41, 0x80,
    0xa, 0x39, 0xa0, 0x41, 0x0,

    /* U+00E3 "ã" */
    0x0, 0x9b, 0xb5, 0x0, 0xd, 0x22, 0x1, 0xcb,
    0x22, 0x56, 0xc3, 0x6c, 0x60, 0x1d, 0x20, 0xce,
    0x13, 0xc4, 0x84, 0x1, 0xca, 0x73, 0x18, 0x20,
    0x54, 0x1, 0xe9, 0xc0, 0x1, 0xf6, 0x68, 0x80,
    0x7f, 0xf0, 0xc, 0x3, 0xf0, 0xbd, 0xf7, 0xfb,
    0x20, 0x40, 0x39, 0xfa, 0x10, 0x40, 0x6, 0xfe,
    0x60, 0x1a, 0xc0, 0x2, 0x66, 0x10, 0x0, 0xe8,
    0x6, 0xe5, 0xce, 0xcc, 0x73, 0x80, 0x5, 0x0,
    0x22, 0xa3, 0x0, 0xd0, 0x20, 0x3, 0x0, 0xff,
    0x8c, 0x1, 0xe0, 0x19, 0x2b, 0x7f, 0xdd, 0x84,
    0x1, 0xe9, 0xb5, 0x20, 0x0, 0x98, 0x7, 0x99,
    0x80, 0x7, 0xcd, 0xca, 0x10, 0xe, 0xa0, 0x3,
    0xc1, 0x91, 0xa9, 0x0, 0x71, 0x0, 0x34, 0x3,
    0x84, 0x3, 0x88, 0x1, 0xe0, 0x10, 0xd1, 0x0,
    0x4, 0x1, 0x60, 0x5, 0xda, 0xbe, 0x50, 0x9,
    0xa8, 0x5c, 0xc0, 0x4, 0xa8, 0x3, 0x20, 0x12,
    0x88, 0x64, 0x18, 0x0, 0xa3, 0x9a, 0x4, 0x10,
    0x0,

    /* U+00E4 "ä" */
    0x0, 0xe, 0xfb, 0x0, 0xe7, 0xb0, 0x7, 0x9c,
    0x82, 0xc1, 0xc, 0x2c, 0x3, 0xca, 0x0, 0x70,
    0x60, 0x3, 0x0, 0x78, 0xf6, 0xe8, 0xf, 0x6a,
    0xc0, 0x3c, 0x2b, 0xfd, 0xfe, 0xed, 0x10, 0xe,
    0x7e, 0x84, 0x10, 0x1, 0xbf, 0x98, 0x6, 0xb0,
    0x0, 0x99, 0x84, 0x0, 0x3a, 0x1, 0xb9, 0x73,
    0xb3, 0x1c, 0xe0, 0x1, 0x40, 0x8, 0xa8, 0xc0,
    0x34, 0x8, 0x0, 0xc0, 0x3f, 0xe3, 0x0, 0x78,
    0x6, 0x4a, 0xdf, 0xf7, 0x61, 0x0, 0x7a, 0x6d,
    0x48, 0x0, 0x26, 0x1, 0xe6, 0x60, 0x1, 0xf3,
    0x72, 0x84, 0x3, 0xa8, 0x0, 0xf0, 0x64, 0x6a,
    0x40, 0x1c, 0x40, 0xd, 0x0, 0xe1, 0x0, 0xe2,
    0x0, 0x78, 0x4, 0x34, 0x40, 0x1, 0x0, 0x58,
    0x1, 0x76, 0xaf, 0x94, 0x2, 0x6a, 0x17, 0x30,
    0x1, 0x2a, 0x0, 0xc8, 0x4, 0xa2, 0x19, 0x6,
    0x0, 0x28, 0xe6, 0x81, 0x4, 0x0,

    /* U+00E5 "å" */
    0x0, 0xc7, 0x9f, 0xd2, 0x1, 0xfc, 0x58, 0x6a,
    0x4d, 0x40, 0x1f, 0x90, 0x22, 0xb0, 0x54, 0x3,
    0xf1, 0x86, 0x1, 0x88, 0x80, 0x3f, 0x2a, 0x23,
    0xf0, 0x2c, 0x3, 0xfa, 0xe9, 0xe3, 0x54, 0x3,
    0xfc, 0xb0, 0xe4, 0x1, 0xf8, 0x5e, 0xfb, 0xfd,
    0x90, 0x20, 0x1c, 0xfd, 0x8, 0x20, 0x3, 0x7f,
    0x30, 0xd, 0x60, 0x1, 0x33, 0x8, 0x0, 0x74,
    0x3, 0x72, 0xe7, 0x66, 0x39, 0xc0, 0x2, 0x80,
    0x11, 0x51, 0x80, 0x68, 0x10, 0x1, 0x80, 0x7f,
    0xc6, 0x0, 0xf0, 0xc, 0x95, 0xbf, 0xee, 0xc2,
    0x0, 0xf4, 0xda, 0x90, 0x0, 0x4c, 0x3, 0xcc,
    0xc0, 0x3, 0xe6, 0xe5, 0x8, 0x7, 0x50, 0x1,
    0xe0, 0xc8, 0xd4, 0x80, 0x38, 0x80, 0x1a, 0x1,
    0xc2, 0x1, 0xc4, 0x0, 0xf0, 0x8, 0x68, 0x80,
    0x2, 0x0, 0xb0, 0x2, 0xed, 0x5f, 0x28, 0x4,
    0xd4, 0x2e, 0x60, 0x2, 0x54, 0x1, 0x90, 0x9,
    0x44, 0x32, 0xc, 0x0, 0x51, 0xcd, 0x2, 0x8,
    0x0,

    /* U+00E6 "æ" */
    0x0, 0xb, 0xdf, 0x7f, 0x63, 0x0, 0x47, 0x3b,
    0xfd, 0x8e, 0x1, 0xa3, 0xa1, 0x4, 0x4, 0xe6,
    0x82, 0x31, 0x88, 0x4, 0xe3, 0x4, 0x0, 0x60,
    0x11, 0x18, 0x80, 0x16, 0xdc, 0x0, 0x26, 0x20,
    0x3, 0xa0, 0x5, 0x25, 0xfe, 0xe7, 0x40, 0x1,
    0x0, 0x6f, 0xb3, 0xa0, 0x0, 0x88, 0x1, 0xb4,
    0x0, 0xce, 0x60, 0x15, 0x20, 0x4, 0xe8, 0x0,
    0xd0, 0xf, 0xe6, 0x0, 0x90, 0x3, 0xb4, 0x0,
    0xa0, 0x3, 0x9d, 0xff, 0x76, 0xa0, 0x5, 0xff,
    0xe9, 0x0, 0x8, 0x56, 0x31, 0x0, 0x4, 0x84,
    0x3, 0xff, 0x80, 0x2c, 0xa0, 0x4, 0x89, 0x98,
    0xc0, 0x3, 0x33, 0xfd, 0x14, 0x0, 0x6b, 0x76,
    0x69, 0x40, 0x2, 0xec, 0xdf, 0x90, 0x80, 0x18,
    0x1, 0xca, 0x1, 0x30, 0x7, 0xf1, 0x0, 0x38,
    0x2, 0x19, 0x30, 0xa, 0x1c, 0x3, 0x1d, 0xb8,
    0x58, 0x1, 0x3b, 0x31, 0xcc, 0x6, 0xa0, 0x8,
    0xfc, 0xc7, 0x62, 0x40, 0xba, 0x0, 0x4, 0xcc,
    0x0, 0x4d, 0xa5, 0x0, 0x8c, 0xc2, 0x0, 0x71,
    0xb, 0x93, 0x0, 0x12, 0xdd, 0x84, 0x2a, 0xd4,
    0x40, 0x4d, 0xf6, 0x0,

    /* U+00E7 "ç" */
    0x0, 0xcd, 0x7d, 0xfd, 0x6e, 0x1, 0x8f, 0x65,
    0x4, 0x5, 0x23, 0x90, 0xb, 0x8, 0x2, 0x10,
    0x8, 0x5c, 0x3c, 0x2, 0x8e, 0xe7, 0xeb, 0x30,
    0xd0, 0x80, 0x12, 0xe2, 0x0, 0x29, 0x90, 0x70,
    0x0, 0x98, 0x3, 0xf3, 0x0, 0x10, 0x3, 0xf8,
    0x40, 0x2, 0x1, 0xfc, 0x20, 0x2, 0x0, 0xfe,
    0x50, 0x2, 0x0, 0x7f, 0x60, 0x0, 0x5c, 0x3,
    0xf2, 0x90, 0x2, 0x20, 0x20, 0x2, 0x9e, 0x10,
    0xe0, 0x9, 0xfb, 0x9f, 0xac, 0x36, 0x7, 0x82,
    0x1, 0x8, 0x6, 0xf0, 0x1, 0xf4, 0xa0, 0x0,
    0x4d, 0xf9, 0x40, 0x33, 0x78, 0x57, 0x64, 0x8,
    0x7, 0xa4, 0x3e, 0x4, 0x3, 0xf5, 0xab, 0xbb,
    0x40, 0x3f, 0x35, 0x78, 0x18, 0x7, 0xc9, 0x93,
    0xe0, 0x60, 0x1f, 0x85, 0x8d, 0x74, 0x2,

    /* U+00E8 "è" */
    0x0, 0xd, 0xdc, 0xe0, 0x1f, 0xc3, 0xe8, 0x88,
    0x20, 0xf, 0xe4, 0xb0, 0x4, 0x0, 0x7f, 0x92,
    0xc1, 0x48, 0x3, 0xfc, 0x9f, 0xe2, 0x0, 0xff,
    0xe5, 0xb, 0xe7, 0x7e, 0xd1, 0x80, 0x72, 0x7c,
    0x18, 0x81, 0x2e, 0x48, 0x4, 0x76, 0x20, 0x2a,
    0xc6, 0x0, 0x68, 0x0, 0x70, 0x1, 0x7a, 0xa7,
    0x28, 0x0, 0xe4, 0xa4, 0x3, 0x40, 0x19, 0x54,
    0x0, 0x5f, 0x0, 0x20, 0x7, 0xb4, 0x1, 0xac,
    0x0, 0x5f, 0xff, 0x40, 0x1, 0x84, 0x3, 0xff,
    0x80, 0xc2, 0x0, 0x4b, 0xbf, 0xe8, 0x60, 0x3,
    0x22, 0x7f, 0x17, 0x80, 0x9, 0x0, 0x3f, 0x94,
    0x40, 0x14, 0x80, 0x18, 0xaa, 0x80, 0xa, 0x0,
    0xd, 0xed, 0xdb, 0x74, 0xaa, 0x40, 0x4b, 0x10,
    0x1, 0x22, 0x8, 0x0, 0x8c, 0x0, 0x4f, 0x83,
    0x10, 0x13, 0x6c, 0xb2,

    /* U+00E9 "é" */
    0x0, 0xf9, 0xee, 0xd4, 0x20, 0x1f, 0x86, 0x11,
    0x12, 0x20, 0x1f, 0xa0, 0x1, 0x66, 0x1, 0xf8,
    0x58, 0x2d, 0x0, 0x3f, 0x87, 0xfc, 0x80, 0x1f,
    0xfc, 0xa1, 0x7c, 0xef, 0xda, 0x30, 0xe, 0x4f,
    0x83, 0x10, 0x25, 0xc9, 0x0, 0x8e, 0xc4, 0x5,
    0x58, 0xc0, 0xd, 0x0, 0xe, 0x0, 0x2f, 0x54,
    0xe5, 0x0, 0x1c, 0x94, 0x80, 0x68, 0x3, 0x2a,
    0x80, 0xb, 0xe0, 0x4, 0x0, 0xf6, 0x80, 0x35,
    0x80, 0xb, 0xff, 0xe8, 0x0, 0x30, 0x80, 0x7f,
    0xf0, 0x18, 0x40, 0x9, 0x77, 0xfd, 0xc, 0x0,
    0x64, 0x4f, 0xe2, 0xf0, 0x1, 0x20, 0x7, 0xf2,
    0x88, 0x2, 0x90, 0x3, 0x15, 0x50, 0x1, 0x40,
    0x1, 0xbd, 0xbb, 0x6e, 0x95, 0x48, 0x9, 0x62,
    0x0, 0x24, 0x41, 0x0, 0x11, 0x80, 0x9, 0xf0,
    0x62, 0x2, 0x6d, 0x96, 0x40,

    /* U+00EA "ê" */
    0x0, 0xe3, 0xff, 0x40, 0x7, 0xf0, 0xe8, 0x1,
    0xd0, 0x3, 0xf6, 0x88, 0x90, 0x28, 0x40, 0x3d,
    0x26, 0x1b, 0x44, 0x3a, 0x1, 0xe8, 0xee, 0x18,
    0xef, 0x68, 0x7, 0x84, 0x60, 0x8, 0x44, 0x1,
    0xe1, 0x7c, 0xef, 0xda, 0x30, 0xe, 0x4f, 0x83,
    0x10, 0x25, 0xc9, 0x0, 0x8e, 0xc4, 0x5, 0x58,
    0xc0, 0xd, 0x0, 0xe, 0x0, 0x2f, 0x54, 0xe5,
    0x0, 0x1c, 0x94, 0x80, 0x68, 0x3, 0x2a, 0x80,
    0xb, 0xe0, 0x4, 0x0, 0xf6, 0x80, 0x35, 0x80,
    0xb, 0xff, 0xe8, 0x0, 0x30, 0x80, 0x7f, 0xf0,
    0x18, 0x40, 0x9, 0x77, 0xfd, 0xc, 0x0, 0x64,
    0x4f, 0xe2, 0xf0, 0x1, 0x20, 0x7, 0xf2, 0x88,
    0x2, 0x90, 0x3, 0x15, 0x50, 0x1, 0x40, 0x1,
    0xbd, 0xbb, 0x6e, 0x95, 0x48, 0x9, 0x62, 0x0,
    0x24, 0x41, 0x0, 0x11, 0x80, 0x9, 0xf0, 0x62,
    0x2, 0x6d, 0x96, 0x40,

    /* U+00EB "ë" */
    0x0, 0xa7, 0xec, 0x1, 0x1f, 0x60, 0x1c, 0x2c,
    0x8, 0x40, 0xe0, 0x86, 0x1, 0x84, 0x40, 0x2,
    0x2, 0x0, 0x10, 0x7, 0x7d, 0x70, 0x3, 0x2b,
    0x44, 0x3, 0xc5, 0xbd, 0xf9, 0xe2, 0x1, 0xc9,
    0xf0, 0x62, 0x4, 0xb9, 0x20, 0x11, 0xd8, 0x80,
    0xab, 0x18, 0x1, 0xa0, 0x1, 0xc0, 0x5, 0xea,
    0x9c, 0xa0, 0x3, 0x92, 0x90, 0xd, 0x0, 0x65,
    0x50, 0x1, 0x7c, 0x0, 0x80, 0x1e, 0xd0, 0x6,
    0xb0, 0x1, 0x7f, 0xfd, 0x0, 0x6, 0x10, 0xf,
    0xfe, 0x3, 0x8, 0x1, 0x2e, 0xff, 0xa1, 0x80,
    0xc, 0x89, 0xfc, 0x5e, 0x0, 0x24, 0x0, 0xfe,
    0x51, 0x0, 0x52, 0x0, 0x62, 0xaa, 0x0, 0x28,
    0x0, 0x37, 0xb7, 0x6d, 0xd2, 0xa9, 0x1, 0x2c,
    0x40, 0x4, 0x88, 0x20, 0x2, 0x30, 0x1, 0x3e,
    0xc, 0x40, 0x4d, 0xb2, 0xc8,

    /* U+00EC "ì" */
    0x6f, 0xf9, 0x40, 0xd, 0x20, 0x8, 0x0, 0x9a,
    0x80, 0x98, 0x2, 0x5a, 0x4f, 0x0, 0xcb, 0x72,
    0x1, 0xbb, 0xfc, 0xe0, 0x1f, 0xff, 0xf0, 0xf,
    0xfe, 0x58,

    /* U+00ED "í" */
    0x1, 0xff, 0xa0, 0x1, 0x0, 0x6, 0x80, 0x16,
    0x6, 0x90, 0x3, 0xa3, 0xc8, 0x4, 0xd7, 0x0,
    0x1b, 0xbf, 0xce, 0x1, 0xff, 0xff, 0x0, 0xff,
    0xe7, 0x0,

    /* U+00EE "î" */
    0x0, 0xa7, 0xfc, 0x60, 0x19, 0xd8, 0x1, 0xa2,
    0x0, 0x58, 0x7, 0x21, 0xd0, 0x1e, 0x36, 0x8f,
    0x30, 0x71, 0xbc, 0x90, 0x2c, 0xc3, 0x80, 0x7f,
    0xf0, 0x3b, 0xfc, 0xe0, 0x1f, 0xff, 0xf0, 0xf,
    0xff, 0x48,

    /* U+00EF "ï" */
    0x2d, 0xe5, 0x1, 0xdf, 0x65, 0x21, 0x90, 0x72,
    0xa, 0x30, 0x2, 0x81, 0x0, 0x19, 0x32, 0xe4,
    0x13, 0x2e, 0x80, 0xd3, 0xbf, 0xc8, 0x80, 0xf,
    0xff, 0xf8, 0x7, 0xff, 0xa0,

    /* U+00F0 "ð" */
    0x0, 0xf1, 0x0, 0x7f, 0xf0, 0x53, 0x70, 0xc0,
    0x64, 0x80, 0x3e, 0x80, 0x3c, 0xbe, 0x64, 0x0,
    0xfb, 0x18, 0x0, 0x83, 0xac, 0x1, 0xe1, 0x96,
    0x1, 0x1, 0xb0, 0xf, 0x95, 0x97, 0x70, 0x0,
    0xcc, 0x0, 0xf2, 0x75, 0x11, 0x2c, 0x1, 0x0,
    0x1c, 0x51, 0x9f, 0xec, 0x24, 0x1, 0x70, 0x9,
    0xb5, 0xc8, 0x0, 0x72, 0xc0, 0xa, 0x0, 0x2c,
    0x80, 0x61, 0x0, 0x10, 0x0, 0x88, 0x14, 0x0,
    0x1b, 0xfe, 0xe3, 0x80, 0x64, 0x60, 0xa, 0xd0,
    0x0, 0x30, 0xc0, 0x17, 0x60, 0x0, 0x94, 0x3,
    0xa0, 0x2, 0x16, 0x0, 0x38, 0x7, 0x84, 0x40,
    0x3, 0x10, 0x1, 0x80, 0x7c, 0x60, 0x3, 0x60,
    0x1, 0x80, 0x7c, 0x60, 0xe, 0x20, 0x2, 0x0,
    0x78, 0x84, 0x0, 0x7a, 0x0, 0x16, 0x0, 0xe8,
    0x0, 0x91, 0x4, 0x0, 0x98, 0x20, 0x2a, 0x50,
    0x3, 0x80, 0x38, 0x2, 0x7d, 0xfd, 0x50, 0x1,
    0x40, 0x0, 0xec, 0x40, 0x3e, 0x2c, 0x0, 0xc9,
    0xf0, 0x62, 0x2, 0x93, 0xa2, 0x0,

    /* U+00F1 "ñ" */
    0x0, 0x86, 0xbe, 0xc4, 0x1, 0x6c, 0x1, 0xd4,
    0xa0, 0x98, 0x4a, 0x94, 0x1, 0x89, 0x6, 0x50,
    0xb6, 0x82, 0x40, 0x38, 0xe1, 0xad, 0xc0, 0xc,
    0xa0, 0x18, 0xb1, 0x80, 0x11, 0xba, 0x90, 0xf,
    0xf8, 0x88, 0x1, 0xdf, 0xe6, 0x0, 0x3e, 0xff,
    0xb5, 0xc0, 0x3b, 0xcb, 0x60, 0x80, 0x5, 0x18,
    0x1, 0x9f, 0x8, 0x3, 0xc6, 0xe0, 0x10, 0x88,
    0x1a, 0xf2, 0x0, 0x2a, 0x0, 0xeb, 0x94, 0x37,
    0x50, 0x1, 0x0, 0x68, 0x40, 0xd, 0x80, 0x1f,
    0x10, 0x7, 0xff, 0xfc, 0x3, 0xff, 0xc4,

    /* U+00F2 "ò" */
    0x0, 0xa2, 0xee, 0x10, 0xf, 0xf4, 0x3a, 0x22,
    0x40, 0x3f, 0xec, 0x30, 0x71, 0x0, 0xff, 0xb0,
    0xc2, 0x0, 0x3f, 0xf8, 0x19, 0xf2, 0x1, 0xff,
    0xcd, 0x6b, 0xef, 0xec, 0x61, 0x0, 0xe4, 0xe9,
    0x41, 0x1, 0x39, 0xf4, 0x0, 0x8e, 0xc4, 0x3,
    0xe1, 0xb4, 0x0, 0x68, 0x5, 0x1d, 0xfd, 0x20,
    0x15, 0x2, 0x88, 0x2, 0x5c, 0x40, 0x5a, 0x80,
    0x2, 0xfe, 0x0, 0x16, 0x0, 0xe5, 0x30, 0x6,
    0x30, 0x1, 0x0, 0x3e, 0x50, 0x3, 0x8, 0x0,
    0xc0, 0x3e, 0x10, 0x1, 0x88, 0x0, 0xc0, 0x3e,
    0x10, 0x1, 0xb0, 0x1, 0xc0, 0x3e, 0x50, 0x3,
    0x60, 0x0, 0x98, 0x3, 0x90, 0xc0, 0x18, 0xc2,
    0x0, 0x97, 0x10, 0x16, 0xb0, 0x0, 0xb8, 0x68,
    0x5, 0x1d, 0xfd, 0x20, 0x15, 0x0, 0xe, 0xc4,
    0x3, 0xe1, 0xb4, 0x0, 0x93, 0xa5, 0x4, 0x4,
    0xe7, 0xd0, 0x0,

    /* U+00F3 "ó" */
    0x0, 0xf8, 0xae, 0xe5, 0x0, 0xff, 0x42, 0x20,
    0x54, 0x3, 0xf8, 0x94, 0x16, 0x80, 0x3f, 0xd0,
    0x9, 0x40, 0x1f, 0xf5, 0x7d, 0x80, 0x7f, 0xf3,
    0x5a, 0xfb, 0xfb, 0x18, 0x40, 0x39, 0x3a, 0x50,
    0x40, 0x4e, 0x7d, 0x0, 0x23, 0xb1, 0x0, 0xf8,
    0x6d, 0x0, 0x1a, 0x1, 0x47, 0x7f, 0x48, 0x5,
    0x40, 0xa2, 0x0, 0x97, 0x10, 0x16, 0xa0, 0x0,
    0xbf, 0x80, 0x5, 0x80, 0x39, 0x4c, 0x1, 0x8c,
    0x0, 0x40, 0xf, 0x94, 0x0, 0xc2, 0x0, 0x30,
    0xf, 0x84, 0x0, 0x62, 0x0, 0x30, 0xf, 0x84,
    0x0, 0x6c, 0x0, 0x70, 0xf, 0x94, 0x0, 0xd8,
    0x0, 0x26, 0x0, 0xe4, 0x30, 0x6, 0x30, 0x80,
    0x25, 0xc4, 0x5, 0xac, 0x0, 0x2e, 0x1a, 0x1,
    0x47, 0x7f, 0x48, 0x5, 0x40, 0x3, 0xb1, 0x0,
    0xf8, 0x6d, 0x0, 0x24, 0xe9, 0x41, 0x1, 0x39,
    0xf4, 0x0, 0x0,

    /* U+00F4 "ô" */
    0x0, 0xf5, 0xff, 0x8, 0x7, 0xfa, 0x10, 0x6,
    0x80, 0x3f, 0x95, 0xc1, 0x41, 0x1c, 0x3, 0xe3,
    0xa0, 0x5a, 0x70, 0x83, 0x0, 0xf1, 0xf7, 0x28,
    0x23, 0xb8, 0x60, 0x1f, 0x8, 0x80, 0x21, 0x10,
    0x7, 0xe6, 0xbe, 0xfe, 0xc6, 0x10, 0xe, 0x4e,
    0x94, 0x10, 0x13, 0x9f, 0x40, 0x8, 0xec, 0x40,
    0x3e, 0x1b, 0x40, 0x6, 0x80, 0x51, 0xdf, 0xd2,
    0x1, 0x50, 0x28, 0x80, 0x25, 0xc4, 0x5, 0xa8,
    0x0, 0x2f, 0xe0, 0x1, 0x60, 0xe, 0x53, 0x0,
    0x63, 0x0, 0x10, 0x3, 0xe5, 0x0, 0x30, 0x80,
    0xc, 0x3, 0xe1, 0x0, 0x18, 0x80, 0xc, 0x3,
    0xe1, 0x0, 0x1b, 0x0, 0x1c, 0x3, 0xe5, 0x0,
    0x36, 0x0, 0x9, 0x80, 0x39, 0xc, 0x1, 0x8c,
    0x20, 0x9, 0x71, 0x1, 0x6b, 0x0, 0xb, 0x86,
    0x80, 0x51, 0xdf, 0xd2, 0x1, 0x50, 0x0, 0xec,
    0x40, 0x3e, 0x1b, 0x40, 0x9, 0x3a, 0x50, 0x40,
    0x4e, 0x7d, 0x0, 0x0,

    /* U+00F5 "õ" */
    0x0, 0xd3, 0xf8, 0x60, 0xa, 0x80, 0xf, 0x4b,
    0x1, 0xe4, 0x3a, 0xa8, 0x3, 0x85, 0x82, 0x18,
    0x1e, 0x2, 0x0, 0x38, 0x5e, 0x5e, 0x6c, 0x86,
    0x14, 0x3, 0xd0, 0xc0, 0x4, 0xde, 0x70, 0xf,
    0xfe, 0x5b, 0x5f, 0x7f, 0x63, 0x8, 0x7, 0x27,
    0x4a, 0x8, 0x9, 0xcf, 0xa0, 0x4, 0x76, 0x20,
    0x1f, 0xd, 0xa0, 0x3, 0x40, 0x28, 0xef, 0xe9,
    0x0, 0xa8, 0x14, 0x40, 0x12, 0xe2, 0x2, 0xd4,
    0x0, 0x17, 0xf0, 0x0, 0xb0, 0x7, 0x29, 0x80,
    0x31, 0x80, 0x8, 0x1, 0xf2, 0x80, 0x18, 0x40,
    0x6, 0x1, 0xf0, 0x80, 0xc, 0x40, 0x6, 0x1,
    0xf0, 0x80, 0xd, 0x80, 0xe, 0x1, 0xf2, 0x80,
    0x1b, 0x0, 0x4, 0xc0, 0x1c, 0x86, 0x0, 0xc6,
    0x10, 0x4, 0xb8, 0x80, 0xb5, 0x80, 0x5, 0xc3,
    0x40, 0x28, 0xef, 0xe9, 0x0, 0xa8, 0x0, 0x76,
    0x20, 0x1f, 0xd, 0xa0, 0x4, 0x9d, 0x28, 0x20,
    0x27, 0x3e, 0x80, 0x0,

    /* U+00F6 "ö" */
    0x0, 0x93, 0xb8, 0x60, 0x7d, 0xc3, 0x0, 0xf7,
    0x8, 0xa8, 0x28, 0x45, 0x40, 0x1e, 0xd0, 0x7,
    0x87, 0x80, 0x38, 0x3, 0xcf, 0x76, 0x60, 0x6c,
    0xb7, 0x0, 0xf8, 0xbf, 0xbf, 0xbc, 0x84, 0x3,
    0x93, 0xa5, 0x4, 0x4, 0xe7, 0xd0, 0x2, 0x3b,
    0x10, 0xf, 0x86, 0xd0, 0x1, 0xa0, 0x14, 0x77,
    0xf4, 0x80, 0x54, 0xa, 0x20, 0x9, 0x71, 0x1,
    0x6a, 0x0, 0xb, 0xf8, 0x0, 0x58, 0x3, 0x94,
    0xc0, 0x18, 0xc0, 0x4, 0x0, 0xf9, 0x40, 0xc,
    0x20, 0x3, 0x0, 0xf8, 0x40, 0x6, 0x20, 0x3,
    0x0, 0xf8, 0x40, 0x6, 0xc0, 0x7, 0x0, 0xf9,
    0x40, 0xd, 0x80, 0x2, 0x60, 0xe, 0x43, 0x0,
    0x63, 0x8, 0x2, 0x5c, 0x40, 0x5a, 0xc0, 0x2,
    0xe1, 0xa0, 0x14, 0x77, 0xf4, 0x80, 0x54, 0x0,
    0x3b, 0x10, 0xf, 0x86, 0xd0, 0x2, 0x4e, 0x94,
    0x10, 0x13, 0x9f, 0x40, 0x0,

    /* U+00F7 "÷" */
    0x0, 0xff, 0xe4, 0x16, 0x7c, 0x80, 0x7f, 0xd6,
    0x60, 0xc8, 0x1, 0xff, 0xcd, 0x83, 0x6, 0x40,
    0xf, 0xf0, 0xe7, 0xc8, 0x7, 0x9a, 0xab, 0xff,
    0x82, 0x7e, 0xab, 0xff, 0xc1, 0x70, 0xf, 0xfe,
    0x1c, 0xff, 0xff, 0xf0, 0x50, 0x3, 0xff, 0x90,
    0x59, 0xf4, 0x1, 0xff, 0x59, 0x82, 0xa0, 0x7,
    0xff, 0x36, 0xc, 0x19, 0x0, 0x38,

    /* U+00F8 "ø" */
    0x0, 0xff, 0xe7, 0x4e, 0x98, 0x7, 0xfc, 0x2c,
    0x64, 0x1, 0xcd, 0x7d, 0xfd, 0x7a, 0x10, 0x20,
    0x12, 0x74, 0xa0, 0x80, 0xa1, 0x81, 0x80, 0x47,
    0x62, 0x1, 0xfa, 0x94, 0x1, 0xa0, 0x14, 0x77,
    0xd8, 0x6, 0xb1, 0x61, 0x0, 0x4b, 0x88, 0x78,
    0x40, 0x0, 0x5f, 0x0, 0x2, 0xc0, 0x4, 0x42,
    0xb9, 0x80, 0x35, 0x80, 0x8, 0x1, 0x48, 0x58,
    0x28, 0x1, 0x84, 0x0, 0x60, 0x6, 0x27, 0x10,
    0x10, 0x1, 0x88, 0x0, 0xc0, 0x10, 0x30, 0x0,
    0x10, 0x1, 0xb0, 0x1, 0xc2, 0x6, 0x0, 0x25,
    0x0, 0x37, 0x80, 0x9, 0xdc, 0x4c, 0x0, 0x43,
    0x0, 0x6a, 0x90, 0x2, 0x2, 0xc0, 0x5a, 0xc0,
    0x2, 0xc1, 0xc0, 0x1a, 0x7f, 0xa4, 0x2, 0xa0,
    0x1, 0xe0, 0x7, 0xe1, 0xb4, 0x0, 0x94, 0xd,
    0x4, 0x4, 0xe7, 0xd0, 0x2, 0x18, 0xe, 0xbe,
    0xfe, 0xc6, 0x10, 0xc, 0x66, 0x52, 0x0, 0xff,
    0x8b, 0x68, 0x3, 0xfe,

    /* U+00F9 "ù" */
    0x0, 0xa6, 0xed, 0x40, 0x1f, 0xe8, 0x64, 0x56,
    0x0, 0xfe, 0x1c, 0x20, 0x80, 0xf, 0xf0, 0xe1,
    0xb, 0x0, 0x7f, 0x87, 0x7d, 0x80, 0x3f, 0xf9,
    0x1f, 0xf2, 0x80, 0x74, 0x7f, 0xb0, 0x3, 0xff,
    0xfe, 0x1, 0xff, 0xe3, 0x10, 0xf, 0xb4, 0x3,
    0x23, 0x0, 0x62, 0x0, 0x3a, 0x0, 0xbd, 0x80,
    0x75, 0x0, 0x57, 0xfd, 0x0, 0x1e, 0x73, 0x0,
    0xf1, 0x68, 0x7, 0x64, 0x10, 0x0, 0x9f, 0x49,
    0x0, 0x0,

    /* U+00FA "ú" */
    0x0, 0xf9, 0x2e, 0xe3, 0x0, 0xfe, 0x84, 0x46,
    0x18, 0x7, 0xe4, 0x30, 0x77, 0x0, 0x7f, 0x40,
    0x3c, 0x0, 0x7f, 0xb3, 0xe0, 0x3, 0xff, 0x91,
    0xff, 0x28, 0x7, 0x47, 0xfb, 0x0, 0x3f, 0xff,
    0xe0, 0x1f, 0xfe, 0x31, 0x0, 0xfb, 0x40, 0x32,
    0x30, 0x6, 0x20, 0x3, 0xa0, 0xb, 0xd8, 0x7,
    0x50, 0x5, 0x7f, 0xd0, 0x1, 0xe7, 0x30, 0xf,
    0x16, 0x80, 0x76, 0x41, 0x0, 0x9, 0xf4, 0x90,
    0x0,

    /* U+00FB "û" */
    0x0, 0xe1, 0xdf, 0xc0, 0xf, 0xf6, 0x90, 0x1d,
    0x0, 0x7e, 0xa3, 0x8, 0x5, 0x70, 0xf, 0x2b,
    0x1d, 0xbc, 0x9d, 0x90, 0x7, 0x2e, 0x61, 0x1,
    0xb3, 0x4, 0x1, 0xff, 0xc5, 0xff, 0x94, 0x3,
    0xa3, 0xfd, 0x80, 0x1f, 0xff, 0xf0, 0xf, 0xff,
    0x18, 0x80, 0x7d, 0xa0, 0x19, 0x18, 0x3, 0x10,
    0x1, 0xd0, 0x5, 0xec, 0x3, 0xa8, 0x2, 0xbf,
    0xe8, 0x0, 0xf3, 0x98, 0x7, 0x8b, 0x40, 0x3b,
    0x20, 0x80, 0x4, 0xfa, 0x48, 0x0,

    /* U+00FC "ü" */
    0x0, 0x97, 0xb4, 0x41, 0x7b, 0x48, 0x3, 0xa4,
    0x49, 0xc3, 0x84, 0x94, 0x3, 0x94, 0x0, 0x40,
    0x40, 0x3, 0x0, 0xe9, 0xbc, 0x40, 0x9b, 0xc4,
    0x0, 0xbf, 0xe1, 0x30, 0x9, 0x2f, 0xfd, 0x80,
    0x1f, 0xff, 0xf0, 0xf, 0xff, 0x18, 0x80, 0x7d,
    0xa0, 0x19, 0x18, 0x3, 0x10, 0x1, 0xd0, 0x5,
    0xec, 0x3, 0xa8, 0x2, 0xbf, 0xe8, 0x0, 0xf3,
    0x98, 0x7, 0x8b, 0x40, 0x3b, 0x20, 0x80, 0x4,
    0xfa, 0x48, 0x0,

    /* U+00FD "ý" */
    0x0, 0xfd, 0x3f, 0xee, 0x10, 0xf, 0xf0, 0xb0,
    0xe, 0x8, 0x7, 0xfa, 0x0, 0x70, 0x80, 0x3f,
    0xe2, 0x4c, 0x20, 0xf, 0xfe, 0x5, 0xd8, 0x80,
    0x3c, 0x7f, 0xf2, 0x0, 0x7d, 0xff, 0x41, 0x98,
    0x1, 0xc0, 0x1e, 0x50, 0xa, 0x82, 0x80, 0xa,
    0x1, 0xef, 0x0, 0x11, 0x1, 0x80, 0x25, 0x0,
    0xe5, 0x0, 0x50, 0x4, 0xa0, 0xe, 0x0, 0xca,
    0x1, 0x30, 0x5, 0x20, 0x4, 0x10, 0xb, 0xc0,
    0x6, 0x20, 0x11, 0x90, 0x1, 0xc0, 0x24, 0x0,
    0x50, 0x7, 0x50, 0x2, 0x80, 0x8, 0x20, 0x7,
    0x0, 0xe6, 0x0, 0x18, 0x86, 0x80, 0x10, 0x40,
    0x38, 0x54, 0x0, 0xc0, 0xe0, 0xe, 0x0, 0xfb,
    0x80, 0x16, 0x62, 0x0, 0x50, 0xf, 0x90, 0x80,
    0xe0, 0x0, 0xa0, 0x1f, 0xd4, 0x0, 0x40, 0x7,
    0x0, 0x7f, 0x30, 0x6, 0x14, 0x0, 0xfe, 0x14,
    0x0, 0x9c, 0x3, 0xfe, 0xd0, 0xa, 0x80, 0x3f,
    0xea, 0x0, 0x11, 0x80, 0x7f, 0x9c, 0xc0, 0x16,
    0x1, 0xf2, 0x6d, 0xec, 0x0, 0xd, 0x80, 0x3e,
    0xc2, 0x42, 0x0, 0x16, 0x80, 0x7e, 0xf2, 0x0,
    0x13, 0xe0, 0x80, 0x7c,

    /* U+00FE "þ" */
    0xf, 0xf9, 0x0, 0x3f, 0xff, 0xe0, 0x1f, 0xfc,
    0x31, 0x9e, 0xfe, 0xa3, 0x0, 0xfb, 0x3d, 0x84,
    0x5, 0x71, 0x80, 0x3c, 0xe2, 0x1, 0xe9, 0x40,
    0xf, 0x1e, 0x7f, 0x38, 0x5, 0x20, 0x1c, 0x78,
    0x60, 0x30, 0xc0, 0x2, 0x20, 0x6, 0x90, 0xe,
    0xb0, 0x9, 0x0, 0x3f, 0xc4, 0x1, 0x8, 0x7,
    0xfc, 0x20, 0xf, 0x0, 0xff, 0x84, 0x1, 0xc0,
    0x1f, 0xe4, 0x0, 0x88, 0x3, 0xfd, 0x0, 0x1,
    0x40, 0xd, 0x80, 0x10, 0xd9, 0x80, 0x24, 0x3,
    0x9b, 0xf7, 0x5c, 0x80, 0x3, 0x70, 0xf, 0x88,
    0x80, 0x12, 0x68, 0x7, 0x99, 0x48, 0x5, 0x2a,
    0xc4, 0x3, 0xd9, 0x5b, 0xfd, 0x6a, 0x1, 0xff,
    0xff, 0x0, 0xc0,

    /* U+00FF "ÿ" */
    0x0, 0xd1, 0xf6, 0x0, 0x7f, 0xc0, 0xf, 0xce,
    0x8, 0x61, 0x0, 0x68, 0x1, 0xf1, 0x0, 0x8,
    0xc, 0x0, 0xc0, 0x1f, 0x65, 0x68, 0x86, 0x56,
    0x90, 0x4, 0x7f, 0xf2, 0xa8, 0x80, 0x25, 0x2f,
    0xfa, 0xc, 0xc0, 0xe, 0x0, 0xf2, 0x80, 0x54,
    0x14, 0x0, 0x50, 0xf, 0x78, 0x0, 0x88, 0xc,
    0x1, 0x28, 0x7, 0x28, 0x2, 0x80, 0x25, 0x0,
    0x70, 0x6, 0x50, 0x9, 0x80, 0x29, 0x0, 0x20,
    0x80, 0x5e, 0x0, 0x31, 0x0, 0x8c, 0x80, 0xe,
    0x1, 0x20, 0x2, 0x80, 0x3a, 0x80, 0x14, 0x0,
    0x41, 0x0, 0x38, 0x7, 0x30, 0x0, 0xc4, 0x34,
    0x0, 0x82, 0x1, 0xc2, 0xa0, 0x6, 0x7, 0x0,
    0x70, 0x7, 0xdc, 0x0, 0xb3, 0x10, 0x2, 0x80,
    0x7c, 0x84, 0x7, 0x0, 0x5, 0x0, 0xfe, 0xa0,
    0x2, 0x0, 0x38, 0x3, 0xf9, 0x80, 0x30, 0xa0,
    0x7, 0xf0, 0xa0, 0x4, 0xe0, 0x1f, 0xf6, 0x80,
    0x54, 0x1, 0xff, 0x50, 0x0, 0x8c, 0x3, 0xfc,
    0xe6, 0x0, 0xb0, 0xf, 0x93, 0x6f, 0x60, 0x0,
    0x6c, 0x1, 0xf6, 0x12, 0x10, 0x0, 0xb4, 0x3,
    0xf7, 0x90, 0x0, 0x9f, 0x4, 0x3, 0xe0,

    /* U+2013 "–" */
    0x2e, 0xef, 0xfe, 0x4, 0x0, 0x8f, 0xff, 0x4,
    0x3, 0xff, 0x84,

    /* U+2014 "—" */
    0x2e, 0xef, 0xfe, 0x48, 0x0, 0x47, 0xff, 0x92,
    0x1, 0xff, 0xcc,

    /* U+2018 "‘" */
    0x0, 0x94, 0x40, 0x13, 0x4c, 0xc, 0xd3, 0x84,
    0xc, 0x82, 0x88, 0x28, 0x10, 0xd, 0x18, 0x80,
    0x4c, 0xc4, 0x4, 0x50,

    /* U+2019 "’" */
    0x1c, 0xf8, 0x6, 0x30, 0x73, 0x20, 0x9, 0xd6,
    0x0, 0xc, 0xa, 0x6, 0x41, 0x21, 0xe1, 0x49,
    0x26, 0x13, 0x6c, 0x0,

    /* U+201A "‚" */
    0x1c, 0xf8, 0x6, 0x30, 0x73, 0x20, 0x9, 0xd6,
    0x0, 0xc, 0xa, 0x6, 0x41, 0x21, 0xe1, 0x49,
    0x26, 0x13, 0x6c, 0x0,

    /* U+201C "“" */
    0x0, 0x94, 0x40, 0x24, 0x30, 0x4, 0xd3, 0x0,
    0x1a, 0xe4, 0x19, 0xa7, 0x4, 0x94, 0xa0, 0x81,
    0x90, 0x4, 0x5, 0x2, 0x88, 0x28, 0x11, 0x83,
    0x1, 0x0, 0xd1, 0xb8, 0x2, 0x14, 0x40, 0x26,
    0x60, 0x4, 0x4c, 0x80, 0x8a, 0x6c, 0x6, 0xc0,

    /* U+201D "”" */
    0x1c, 0xf8, 0x0, 0x5f, 0xd0, 0x31, 0x83, 0x9a,
    0xa0, 0x2a, 0x88, 0x2, 0x76, 0x0, 0x89, 0x60,
    0x0, 0xc7, 0x42, 0x6, 0xa, 0x6, 0x40, 0xa0,
    0x28, 0x12, 0x1e, 0x0, 0x91, 0x80, 0xa4, 0x93,
    0x7, 0x67, 0x60, 0x9b, 0x60, 0x2, 0xd4, 0x0,
    0x0,

    /* U+201E "„" */
    0x1c, 0xf8, 0x0, 0x5f, 0xd0, 0x31, 0x83, 0x9a,
    0xa0, 0x2a, 0x88, 0x2, 0x76, 0x0, 0x89, 0x60,
    0x0, 0xc7, 0x42, 0x6, 0xa, 0x6, 0x40, 0xa0,
    0x28, 0x12, 0x1e, 0x0, 0x91, 0x80, 0xa4, 0x93,
    0x7, 0x67, 0x60, 0x9b, 0x60, 0x2, 0xd4, 0x0,
    0x0,

    /* U+2020 "†" */
    0x0, 0xd1, 0xfe, 0x80, 0xf, 0xfe, 0xef, 0xfc,
    0xe0, 0x7, 0xff, 0x80, 0x3f, 0xf8, 0x48, 0x91,
    0x0, 0x9, 0x12, 0x0, 0x5d, 0xca, 0x0, 0x5b,
    0xb8, 0x3, 0xff, 0xfe, 0x1, 0xff, 0xee,

    /* U+2021 "‡" */
    0x0, 0xd9, 0xfe, 0x50, 0xf, 0xfe, 0xcf, 0xfc,
    0x60, 0xa, 0xff, 0x48, 0x7, 0xff, 0x1, 0x12,
    0x0, 0x89, 0x11, 0xe1, 0x77, 0x18, 0x2, 0x2e,
    0xcc, 0x1, 0xff, 0xc0, 0xcc, 0x8c, 0x1, 0x19,
    0x86, 0x3, 0x38, 0x2, 0x23, 0x37, 0x80, 0x7f,
    0xf0, 0x3f, 0xe3, 0x0, 0x57, 0xfa, 0x40, 0x3f,
    0xfe, 0xc0,

    /* U+2022 "•" */
    0x5, 0xce, 0xb2, 0x3, 0xa3, 0x14, 0xf0, 0xb0,
    0xc, 0x46, 0x1, 0xf5, 0x80, 0x61, 0x33, 0x51,
    0x2, 0x60, 0x0,

    /* U+2026 "…" */
    0x0, 0xff, 0xe3, 0x27, 0x7b, 0x80, 0x4b, 0xfe,
    0x60, 0x9, 0xbf, 0xcb, 0x2, 0x10, 0x20, 0x8,
    0x0, 0x48, 0x5, 0x20, 0xb, 0x0, 0xc2, 0x1,
    0xfc, 0x20, 0x3, 0xf2, 0x18, 0x0, 0xa4, 0x45,
    0x20, 0x15, 0x88, 0xa0,

    /* U+2030 "‰" */
    0x0, 0x15, 0x77, 0xf4, 0x88, 0x7, 0xd9, 0xfa,
    0x1, 0xff, 0xc2, 0x3d, 0x51, 0x1, 0x6f, 0x20,
    0xe, 0x83, 0xe, 0x0, 0xff, 0xe1, 0x78, 0xe,
    0xfe, 0x0, 0xc0, 0x6, 0x37, 0x8, 0x30, 0xf,
    0xfe, 0x11, 0x84, 0x90, 0x1b, 0x2, 0x0, 0x6e,
    0x3, 0x70, 0xf, 0xfe, 0x7c, 0x90, 0x70, 0x7,
    0xff, 0x10, 0xc2, 0x88, 0xd, 0xc1, 0x40, 0x8,
    0xc1, 0x24, 0x1, 0xff, 0xc4, 0xf0, 0x2d, 0xfc,
    0x10, 0x90, 0x1a, 0x4, 0x60, 0xf, 0xfe, 0x29,
    0xea, 0x88, 0xa, 0xe9, 0x5, 0x8, 0xa8, 0x3,
    0xff, 0x8e, 0x55, 0xdf, 0xd4, 0x40, 0xc8, 0x14,
    0x20, 0x1f, 0xfc, 0xe2, 0x90, 0x64, 0x2a, 0xee,
    0x5a, 0x0, 0x74, 0x6f, 0x6b, 0x80, 0x7f, 0xdc,
    0x5, 0x27, 0xaa, 0x22, 0x4b, 0x70, 0xb, 0x5c,
    0x84, 0xa2, 0xc0, 0x3f, 0x9c, 0xc3, 0x83, 0x80,
    0xb7, 0x94, 0x20, 0x82, 0x8, 0x2b, 0xe4, 0x11,
    0x80, 0x3e, 0x38, 0x7, 0x33, 0x10, 0x41, 0xd,
    0x80, 0x14, 0x18, 0x15, 0x40, 0xc6, 0x14, 0x1,
    0xf7, 0x1, 0xc0, 0x30, 0x1, 0xc0, 0x2, 0x20,
    0xd0, 0x10, 0xd0, 0x9, 0x80, 0x80, 0x3d, 0x24,
    0x1c, 0x1, 0xff, 0xc7, 0x30, 0xf, 0x91, 0x82,
    0x48, 0x0, 0xc0, 0x7, 0x0, 0x8, 0x80, 0x80,
    0x43, 0x40, 0x25, 0x2, 0x0, 0xc3, 0x40, 0x8c,
    0x1, 0x19, 0x4, 0x8, 0x40, 0x2, 0x81, 0xc1,
    0x50, 0x14, 0xc2, 0xc0, 0x35, 0x88, 0xa8, 0x3,
    0xa4, 0xb, 0xbd, 0x81, 0xc8, 0x20, 0x82, 0xfe,
    0x80, 0xdc, 0x2, 0x55, 0x5, 0x88, 0x7, 0x26,
    0x20, 0x0, 0xe6, 0x0, 0x3, 0x8c, 0x20, 0x4f,
    0x80,

    /* U+2039 "‹" */
    0x0, 0xc2, 0x40, 0x1d, 0xb8, 0x60, 0x15, 0x18,
    0xa0, 0x1, 0xd4, 0x19, 0xc1, 0x20, 0x12, 0x40,
    0xac, 0xa, 0x80, 0x6, 0x20, 0x66, 0x0, 0xe,
    0x80, 0xf8, 0x80, 0xe, 0xc0, 0xa8, 0x2, 0x48,
    0x4, 0x80, 0x9, 0xd8, 0xa8, 0x3, 0x4e, 0x10,

    /* U+203A "›" */
    0x0, 0x18, 0x7, 0x9b, 0x24, 0x3, 0xb4, 0x19,
    0x80, 0x1a, 0xc8, 0x24, 0xc0, 0x36, 0x8, 0x68,
    0x80, 0x43, 0xa0, 0x3a, 0x1, 0x98, 0x0, 0xe0,
    0x11, 0xd0, 0x15, 0x80, 0x7, 0x40, 0x70, 0x2,
    0xd1, 0xd, 0x10, 0xa, 0x2, 0x8c, 0x3, 0x27,
    0x28, 0x6,

    /* U+20AC "€" */
    0x0, 0xf0, 0xb5, 0xef, 0xfb, 0xb1, 0xc8, 0x3,
    0xe7, 0xe9, 0x42, 0x0, 0x9, 0xc6, 0xd0, 0x80,
    0x6a, 0x80, 0xf, 0xf2, 0xa8, 0x2, 0x75, 0x0,
    0x96, 0xb7, 0xb6, 0x94, 0x29, 0x0, 0x3, 0x0,
    0x15, 0xd2, 0x90, 0x92, 0xd7, 0xa8, 0x4, 0xe0,
    0x14, 0x20, 0x7, 0xfb, 0xfd, 0x20, 0x14, 0x7f,
    0xfe, 0x0, 0xff, 0xe2, 0x98, 0x5, 0xfe, 0x10,
    0x1, 0xff, 0xfe, 0xc0, 0xf, 0xfe, 0x4f, 0xf8,
    0x40, 0x7, 0xff, 0xf8, 0x80, 0x3f, 0xf8, 0xa4,
    0x1, 0x7f, 0xa4, 0x2, 0x8f, 0xff, 0x80, 0x3c,
    0x80, 0x14, 0x88, 0x7, 0xff, 0x0, 0x90, 0x0,
    0x3a, 0x20, 0x1e, 0x85, 0x0, 0xd2, 0x1, 0x1f,
    0xb9, 0x92, 0x47, 0x3d, 0x10, 0x4, 0x54, 0x1,
    0xc, 0x66, 0xdb, 0x88, 0x1, 0x40, 0x32, 0xe1,
    0x0, 0x7e, 0x19, 0x70, 0xe, 0x3d, 0xa5, 0x10,
    0x1, 0x2d, 0x73, 0x0
};


/*---------------------
 *  GLYPH DESCRIPTION
 *--------------------*/

static const lv_font_fmt_txt_glyph_dsc_t glyph_dsc[] = {
    {.bitmap_index = 0, .adv_w = 0, .box_w = 0, .box_h = 0, .ofs_x = 0, .ofs_y = 0} /* id = 0 reserved */,
    {.bitmap_index = 0, .adv_w = 124, .box_w = 0, .box_h = 0, .ofs_x = 0, .ofs_y = 0},
    {.bitmap_index = 0, .adv_w = 141, .box_w = 5, .box_h = 19, .ofs_x = 2, .ofs_y = 0},
    {.bitmap_index = 40, .adv_w = 203, .box_w = 9, .box_h = 7, .ofs_x = 2, .ofs_y = 12},
    {.bitmap_index = 74, .adv_w = 304, .box_w = 19, .box_h = 19, .ofs_x = 0, .ofs_y = 0},
    {.bitmap_index = 203, .adv_w = 260, .box_w = 15, .box_h = 26, .ofs_x = 1, .ofs_y = -3},
    {.bitmap_index = 345, .adv_w = 362, .box_w = 22, .box_h = 19, .ofs_x = 0, .ofs_y = 0},
    {.bitmap_index = 515, .adv_w = 333, .box_w = 18, .box_h = 20, .ofs_x = 2, .ofs_y = -1},
    {.bitmap_index = 674, .adv_w = 103, .box_w = 4, .box_h = 7, .ofs_x = 1, .ofs_y = 12},
    {.bitmap_index = 689, .adv_w = 166, .box_w = 9, .box_h = 25, .ofs_x = 1, .ofs_y = -3},
    {.bitmap_index = 778, .adv_w = 166, .box_w = 8, .box_h = 25, .ofs_x = 1, .ofs_y = -3},
    {.bitmap_index = 868, .adv_w = 258, .box_w = 14, .box_h = 12, .ofs_x = 1, .ofs_y = 7},
    {.bitmap_index = 948, .adv_w = 267, .box_w = 15, .box_h = 14, .ofs_x = 1, .ofs_y = 3},
    {.bitmap_index = 983, .adv_w = 121, .box_w = 5, .box_h = 8, .ofs_x = 1, .ofs_y = -4},
    {.bitmap_index = 1004, .adv_w = 199, .box_w = 10, .box_h = 3, .ofs_x = 1, .ofs_y = 7},
    {.bitmap_index = 1012, .adv_w = 129, .box_w = 5, .box_h = 5, .ofs_x = 2, .ofs_y = 0},
    {.bitmap_index = 1023, .adv_w = 157, .box_w = 10, .box_h = 23, .ofs_x = 0, .ofs_y = -2},
    {.bitmap_index = 1109, .adv_w = 303, .box_w = 17, .box_h = 19, .ofs_x = 1, .ofs_y = 0},
    {.bitmap_index = 1238, .adv_w = 256, .box_w = 14, .box_h = 19, .ofs_x = 1, .ofs_y = 0},
    {.bitmap_index = 1287, .adv_w = 284, .box_w = 16, .box_h = 19, .ofs_x = 1, .ofs_y = 0},
    {.bitmap_index = 1389, .adv_w = 276, .box_w = 16, .box_h = 19, .ofs_x = 0, .ofs_y = 0},
    {.bitmap_index = 1508, .adv_w = 295, .box_w = 17, .box_h = 19, .ofs_x = 1, .ofs_y = 0},
    {.bitmap_index = 1590, .adv_w = 287, .box_w = 16, .box_h = 19, .ofs_x = 1, .ofs_y = 0},
    {.bitmap_index = 1687, .adv_w = 284, .box_w = 16, .box_h = 19, .ofs_x = 1, .ofs_y = 0},
    {.bitmap_index = 1819, .adv_w = 258, .box_w = 15, .box_h = 19, .ofs_x = 0, .ofs_y = 0},
    {.bitmap_index = 1904, .adv_w = 286, .box_w = 16, .box_h = 19, .ofs_x = 1, .ofs_y = 0},
    {.bitmap_index = 2041, .adv_w = 286, .box_w = 16, .box_h = 19, .ofs_x = 1, .ofs_y = 0},
    {.bitmap_index = 2171, .adv_w = 128, .box_w = 4, .box_h = 15, .ofs_x = 2, .ofs_y = 0},
    {.bitmap_index = 2192, .adv_w = 128, .box_w = 5, .box_h = 19, .ofs_x = 2, .ofs_y = -4},
    {.bitmap_index = 2227, .adv_w = 267, .box_w = 14, .box_h = 15, .ofs_x = 1, .ofs_y = 2},
    {.bitmap_index = 2308, .adv_w = 267, .box_w = 15, .box_h = 8, .ofs_x = 1, .ofs_y = 5},
    {.bitmap_index = 2338, .adv_w = 267, .box_w = 13, .box_h = 15, .ofs_x = 2, .ofs_y = 2},
    {.bitmap_index = 2415, .adv_w = 228, .box_w = 14, .box_h = 19, .ofs_x = 0, .ofs_y = 0},
    {.bitmap_index = 2505, .adv_w = 406, .box_w = 24, .box_h = 23, .ofs_x = 1, .ofs_y = -4},
    {.bitmap_index = 2744, .adv_w = 317, .box_w = 20, .box_h = 19, .ofs_x = 0, .ofs_y = 0},
    {.bitmap_index = 2880, .adv_w = 290, .box_w = 15, .box_h = 19, .ofs_x = 2, .ofs_y = 0},
    {.bitmap_index = 2980, .adv_w = 294, .box_w = 17, .box_h = 19, .ofs_x = 1, .ofs_y = 0},
    {.bitmap_index = 3107, .adv_w = 315, .box_w = 17, .box_h = 19, .ofs_x = 2, .ofs_y = 0},
    {.bitmap_index = 3214, .adv_w = 268, .box_w = 14, .box_h = 19, .ofs_x = 2, .ofs_y = 0},
    {.bitmap_index = 3248, .adv_w = 244, .box_w = 13, .box_h = 19, .ofs_x = 2, .ofs_y = 0},
    {.bitmap_index = 3276, .adv_w = 323, .box_w = 18, .box_h = 19, .ofs_x = 1, .ofs_y = 0},
    {.bitmap_index = 3408, .adv_w = 337, .box_w = 17, .box_h = 19, .ofs_x = 2, .ofs_y = 0},
    {.bitmap_index = 3436, .adv_w = 129, .box_w = 4, .box_h = 19, .ofs_x = 2, .ofs_y = 0},
    {.bitmap_index = 3442, .adv_w = 204, .box_w = 11, .box_h = 19, .ofs_x = 0, .ofs_y = 0},
    {.bitmap_index = 3483, .adv_w = 301, .box_w = 17, .box_h = 19, .ofs_x = 2, .ofs_y = 0},
    {.bitmap_index = 3586, .adv_w = 249, .box_w = 13, .box_h = 19, .ofs_x = 2, .ofs_y = 0},
    {.bitmap_index = 3607, .adv_w = 400, .box_w = 21, .box_h = 19, .ofs_x = 2, .ofs_y = 0},
    {.bitmap_index = 3738, .adv_w = 337, .box_w = 17, .box_h = 19, .ofs_x = 2, .ofs_y = 0},
    {.bitmap_index = 3832, .adv_w = 352, .box_w = 20, .box_h = 19, .ofs_x = 1, .ofs_y = 0},
    {.bitmap_index = 3981, .adv_w = 267, .box_w = 15, .box_h = 19, .ofs_x = 2, .ofs_y = 0},
    {.bitmap_index = 4054, .adv_w = 352, .box_w = 20, .box_h = 24, .ofs_x = 1, .ofs_y = -5},
    {.bitmap_index = 4235, .adv_w = 294, .box_w = 16, .box_h = 19, .ofs_x = 2, .ofs_y = 0},
    {.bitmap_index = 4332, .adv_w = 263, .box_w = 15, .box_h = 19, .ofs_x = 1, .ofs_y = 0},
    {.bitmap_index = 4451, .adv_w = 271, .box_w = 17, .box_h = 19, .ofs_x = 0, .ofs_y = 0},
    {.bitmap_index = 4477, .adv_w = 322, .box_w = 16, .box_h = 19, .ofs_x = 2, .ofs_y = 0},
    {.bitmap_index = 4541, .adv_w = 310, .box_w = 20, .box_h = 19, .ofs_x = 0, .ofs_y = 0},
    {.bitmap_index = 4683, .adv_w = 450, .box_w = 28, .box_h = 19, .ofs_x = 0, .ofs_y = 0},
    {.bitmap_index = 4902, .adv_w = 300, .box_w = 19, .box_h = 19, .ofs_x = 0, .ofs_y = 0},
    {.bitmap_index = 5045, .adv_w = 283, .box_w = 18, .box_h = 19, .ofs_x = 0, .ofs_y = 0},
    {.bitmap_index = 5140, .adv_w = 280, .box_w = 16, .box_h = 19, .ofs_x = 1, .ofs_y = 0},
    {.bitmap_index = 5226, .adv_w = 138, .box_w = 7, .box_h = 26, .ofs_x = 1, .ofs_y = -3},
    {.bitmap_index = 5249, .adv_w = 157, .box_w = 10, .box_h = 23, .ofs_x = 0, .ofs_y = -2},
    {.bitmap_index = 5334, .adv_w = 138, .box_w = 6, .box_h = 26, .ofs_x = 1, .ofs_y = -3},
    {.bitmap_index = 5355, .adv_w = 302, .box_w = 17, .box_h = 10, .ofs_x = 1, .ofs_y = 11},
    {.bitmap_index = 5422, .adv_w = 314, .box_w = 17, .box_h = 3, .ofs_x = 1, .ofs_y = -3},
    {.bitmap_index = 5433, .adv_w = 130, .box_w = 6, .box_h = 4, .ofs_x = 1, .ofs_y = 16},
    {.bitmap_index = 5446, .adv_w = 254, .box_w = 15, .box_h = 15, .ofs_x = 1, .ofs_y = 0},
    {.bitmap_index = 5547, .adv_w = 271, .box_w = 15, .box_h = 21, .ofs_x = 1, .ofs_y = 0},
    {.bitmap_index = 5640, .adv_w = 235, .box_w = 13, .box_h = 15, .ofs_x = 1, .ofs_y = 0},
    {.bitmap_index = 5723, .adv_w = 271, .box_w = 14, .box_h = 21, .ofs_x = 1, .ofs_y = 0},
    {.bitmap_index = 5811, .adv_w = 255, .box_w = 14, .box_h = 15, .ofs_x = 1, .ofs_y = 0},
    {.bitmap_index = 5904, .adv_w = 163, .box_w = 11, .box_h = 21, .ofs_x = 0, .ofs_y = 0},
    {.bitmap_index = 5956, .adv_w = 269, .box_w = 15, .box_h = 21, .ofs_x = 1, .ofs_y = -6},
    {.bitmap_index = 6082, .adv_w = 268, .box_w = 14, .box_h = 21, .ofs_x = 1, .ofs_y = 0},
    {.bitmap_index = 6130, .adv_w = 120, .box_w = 5, .box_h = 21, .ofs_x = 1, .ofs_y = 0},
    {.bitmap_index = 6150, .adv_w = 125, .box_w = 10, .box_h = 27, .ofs_x = -3, .ofs_y = -6},
    {.bitmap_index = 6203, .adv_w = 250, .box_w = 15, .box_h = 21, .ofs_x = 1, .ofs_y = 0},
    {.bitmap_index = 6287, .adv_w = 118, .box_w = 5, .box_h = 21, .ofs_x = 1, .ofs_y = 0},
    {.bitmap_index = 6296, .adv_w = 401, .box_w = 23, .box_h = 15, .ofs_x = 1, .ofs_y = 0},
    {.bitmap_index = 6370, .adv_w = 268, .box_w = 14, .box_h = 15, .ofs_x = 1, .ofs_y = 0},
    {.bitmap_index = 6414, .adv_w = 273, .box_w = 15, .box_h = 15, .ofs_x = 1, .ofs_y = 0},
    {.bitmap_index = 6514, .adv_w = 267, .box_w = 15, .box_h = 21, .ofs_x = 1, .ofs_y = -6},
    {.bitmap_index = 6607, .adv_w = 269, .box_w = 15, .box_h = 21, .ofs_x = 1, .ofs_y = -6},
    {.bitmap_index = 6701, .adv_w = 175, .box_w = 10, .box_h = 15, .ofs_x = 1, .ofs_y = 0},
    {.bitmap_index = 6734, .adv_w = 216, .box_w = 12, .box_h = 15, .ofs_x = 1, .ofs_y = 0},
    {.bitmap_index = 6818, .adv_w = 175, .box_w = 11, .box_h = 19, .ofs_x = 0, .ofs_y = 0},
    {.bitmap_index = 6872, .adv_w = 265, .box_w = 14, .box_h = 15, .ofs_x = 1, .ofs_y = 0},
    {.bitmap_index = 6914, .adv_w = 247, .box_w = 16, .box_h = 15, .ofs_x = 0, .ofs_y = 0},
    {.bitmap_index = 7012, .adv_w = 355, .box_w = 22, .box_h = 15, .ofs_x = 0, .ofs_y = 0},
    {.bitmap_index = 7160, .adv_w = 234, .box_w = 15, .box_h = 15, .ofs_x = 0, .ofs_y = 0},
    {.bitmap_index = 7258, .adv_w = 256, .box_w = 16, .box_h = 21, .ofs_x = 0, .ofs_y = -6},
    {.bitmap_index = 7389, .adv_w = 216, .box_w = 12, .box_h = 15, .ofs_x = 1, .ofs_y = 0},
    {.bitmap_index = 7453, .adv_w = 178, .box_w = 9, .box_h = 25, .ofs_x = 1, .ofs_y = -3},
    {.bitmap_index = 7530, .adv_w = 107, .box_w = 3, .box_h = 26, .ofs_x = 2, .ofs_y = -3},
    {.bitmap_index = 7537, .adv_w = 178, .box_w = 9, .box_h = 25, .ofs_x = 1, .ofs_y = -3},
    {.bitmap_index = 7612, .adv_w = 267, .box_w = 15, .box_h = 4, .ofs_x = 1, .ofs_y = 8},
    {.bitmap_index = 7643, .adv_w = 124, .box_w = 0, .box_h = 0, .ofs_x = 0, .ofs_y = 0},
    {.bitmap_index = 7643, .adv_w = 141, .box_w = 5, .box_h = 20, .ofs_x = 2, .ofs_y = -5},
    {.bitmap_index = 7684, .adv_w = 243, .box_w = 14, .box_h = 21, .ofs_x = 1, .ofs_y = 0},
    {.bitmap_index = 7794, .adv_w = 263, .box_w = 14, .box_h = 19, .ofs_x = 2, .ofs_y = 0},
    {.bitmap_index = 7877, .adv_w = 295, .box_w = 17, .box_h = 17, .ofs_x = 1, .ofs_y = 1},
    {.bitmap_index = 8002, .adv_w = 284, .box_w = 18, .box_h = 19, .ofs_x = 0, .ofs_y = 0},
    {.bitmap_index = 8104, .adv_w = 107, .box_w = 3, .box_h = 26, .ofs_x = 2, .ofs_y = -3},
    {.bitmap_index = 8120, .adv_w = 233, .box_w = 11, .box_h = 19, .ofs_x = 2, .ofs_y = 0},
    {.bitmap_index = 8223, .adv_w = 169, .box_w = 9, .box_h = 4, .ofs_x = 1, .ofs_y = 17},
    {.bitmap_index = 8242, .adv_w = 362, .box_w = 21, .box_h = 20, .ofs_x = 1, .ofs_y = 0},
    {.bitmap_index = 8426, .adv_w = 178, .box_w = 10, .box_h = 10, .ofs_x = 1, .ofs_y = 10},
    {.bitmap_index = 8474, .adv_w = 228, .box_w = 13, .box_h = 12, .ofs_x = 0, .ofs_y = 1},
    {.bitmap_index = 8549, .adv_w = 267, .box_w = 15, .box_h = 8, .ofs_x = 1, .ofs_y = 4},
    {.bitmap_index = 8567, .adv_w = 199, .box_w = 10, .box_h = 3, .ofs_x = 1, .ofs_y = 7},
    {.bitmap_index = 8575, .adv_w = 362, .box_w = 21, .box_h = 20, .ofs_x = 1, .ofs_y = 0},
    {.bitmap_index = 8751, .adv_w = 151, .box_w = 8, .box_h = 2, .ofs_x = 1, .ofs_y = 17},
    {.bitmap_index = 8756, .adv_w = 177, .box_w = 9, .box_h = 9, .ofs_x = 1, .ofs_y = 11},
    {.bitmap_index = 8796, .adv_w = 267, .box_w = 15, .box_h = 16, .ofs_x = 1, .ofs_y = 2},
    {.bitmap_index = 8841, .adv_w = 173, .box_w = 10, .box_h = 12, .ofs_x = 0, .ofs_y = 12},
    {.bitmap_index = 8893, .adv_w = 183, .box_w = 10, .box_h = 12, .ofs_x = 1, .ofs_y = 12},
    {.bitmap_index = 8950, .adv_w = 128, .box_w = 6, .box_h = 4, .ofs_x = 1, .ofs_y = 16},
    {.bitmap_index = 8962, .adv_w = 273, .box_w = 15, .box_h = 21, .ofs_x = 1, .ofs_y = -6},
    {.bitmap_index = 9012, .adv_w = 235, .box_w = 12, .box_h = 19, .ofs_x = 1, .ofs_y = 0},
    {.bitmap_index = 9058, .adv_w = 129, .box_w = 6, .box_h = 6, .ofs_x = 1, .ofs_y = 7},
    {.bitmap_index = 9074, .adv_w = 125, .box_w = 6, .box_h = 6, .ofs_x = 1, .ofs_y = -6},
    {.bitmap_index = 9092, .adv_w = 166, .box_w = 9, .box_h = 12, .ofs_x = 1, .ofs_y = 12},
    {.bitmap_index = 9122, .adv_w = 181, .box_w = 11, .box_h = 10, .ofs_x = 0, .ofs_y = 10},
    {.bitmap_index = 9173, .adv_w = 228, .box_w = 13, .box_h = 12, .ofs_x = 1, .ofs_y = 1},
    {.bitmap_index = 9249, .adv_w = 428, .box_w = 25, .box_h = 25, .ofs_x = 1, .ofs_y = -4},
    {.bitmap_index = 9433, .adv_w = 430, .box_w = 25, .box_h = 25, .ofs_x = 1, .ofs_y = -4},
    {.bitmap_index = 9626, .adv_w = 446, .box_w = 27, .box_h = 25, .ofs_x = 1, .ofs_y = -4},
    {.bitmap_index = 9846, .adv_w = 228, .box_w = 13, .box_h = 20, .ofs_x = 1, .ofs_y = -5},
    {.bitmap_index = 9938, .adv_w = 317, .box_w = 20, .box_h = 25, .ofs_x = 0, .ofs_y = 0},
    {.bitmap_index = 10101, .adv_w = 317, .box_w = 20, .box_h = 25, .ofs_x = 0, .ofs_y = 0},
    {.bitmap_index = 10264, .adv_w = 317, .box_w = 20, .box_h = 25, .ofs_x = 0, .ofs_y = 0},
    {.bitmap_index = 10433, .adv_w = 317, .box_w = 20, .box_h = 26, .ofs_x = 0, .ofs_y = 0},
    {.bitmap_index = 10611, .adv_w = 317, .box_w = 20, .box_h = 24, .ofs_x = 0, .ofs_y = 0},
    {.bitmap_index = 10782, .adv_w = 317, .box_w = 20, .box_h = 26, .ofs_x = 0, .ofs_y = 0},
    {.bitmap_index = 10962, .adv_w = 413, .box_w = 25, .box_h = 19, .ofs_x = 0, .ofs_y = 0},
    {.bitmap_index = 11086, .adv_w = 294, .box_w = 17, .box_h = 25, .ofs_x = 1, .ofs_y = -6},
    {.bitmap_index = 11246, .adv_w = 268, .box_w = 14, .box_h = 25, .ofs_x = 2, .ofs_y = 0},
    {.bitmap_index = 11304, .adv_w = 268, .box_w = 14, .box_h = 25, .ofs_x = 2, .ofs_y = 0},
    {.bitmap_index = 11362, .adv_w = 268, .box_w = 14, .box_h = 25, .ofs_x = 2, .ofs_y = 0},
    {.bitmap_index = 11426, .adv_w = 268, .box_w = 14, .box_h = 24, .ofs_x = 2, .ofs_y = 0},
    {.bitmap_index = 11491, .adv_w = 129, .box_w = 7, .box_h = 25, .ofs_x = -1, .ofs_y = 0},
    {.bitmap_index = 11520, .adv_w = 129, .box_w = 7, .box_h = 25, .ofs_x = 2, .ofs_y = 0},
    {.bitmap_index = 11547, .adv_w = 129, .box_w = 10, .box_h = 25, .ofs_x = -1, .ofs_y = 0},
    {.bitmap_index = 11586, .adv_w = 129, .box_w = 10, .box_h = 24, .ofs_x = -1, .ofs_y = 0},
    {.bitmap_index = 11624, .adv_w = 315, .box_w = 19, .box_h = 19, .ofs_x = 0, .ofs_y = 0},
    {.bitmap_index = 11746, .adv_w = 337, .box_w = 17, .box_h = 26, .ofs_x = 2, .ofs_y = 0},
    {.bitmap_index = 11879, .adv_w = 352, .box_w = 20, .box_h = 26, .ofs_x = 1, .ofs_y = 0},
    {.bitmap_index = 12056, .adv_w = 352, .box_w = 20, .box_h = 26, .ofs_x = 1, .ofs_y = 0},
    {.bitmap_index = 12232, .adv_w = 352, .box_w = 20, .box_h = 26, .ofs_x = 1, .ofs_y = 0},
    {.bitmap_index = 12412, .adv_w = 352, .box_w = 20, .box_h = 26, .ofs_x = 1, .ofs_y = 0},
    {.bitmap_index = 12595, .adv_w = 352, .box_w = 20, .box_h = 25, .ofs_x = 1, .ofs_y = 0},
    {.bitmap_index = 12779, .adv_w = 267, .box_w = 15, .box_h = 15, .ofs_x = 1, .ofs_y = 2},
    {.bitmap_index = 12878, .adv_w = 352, .box_w = 20, .box_h = 25, .ofs_x = 1, .ofs_y = -3},
    {.bitmap_index = 13076, .adv_w = 322, .box_w = 16, .box_h = 26, .ofs_x = 2, .ofs_y = 0},
    {.bitmap_index = 13168, .adv_w = 322, .box_w = 16, .box_h = 26, .ofs_x = 2, .ofs_y = 0},
    {.bitmap_index = 13258, .adv_w = 322, .box_w = 16, .box_h = 26, .ofs_x = 2, .ofs_y = 0},
    {.bitmap_index = 13352, .adv_w = 322, .box_w = 16, .box_h = 25, .ofs_x = 2, .ofs_y = 0},
    {.bitmap_index = 13451, .adv_w = 283, .box_w = 18, .box_h = 25, .ofs_x = 0, .ofs_y = 0},
    {.bitmap_index = 13574, .adv_w = 259, .box_w = 14, .box_h = 19, .ofs_x = 2, .ofs_y = 0},
    {.bitmap_index = 13641, .adv_w = 271, .box_w = 16, .box_h = 22, .ofs_x = 1, .ofs_y = 0},
    {.bitmap_index = 13766, .adv_w = 254, .box_w = 15, .box_h = 21, .ofs_x = 1, .ofs_y = 0},
    {.bitmap_index = 13891, .adv_w = 254, .box_w = 15, .box_h = 21, .ofs_x = 1, .ofs_y = 0},
    {.bitmap_index = 14016, .adv_w = 254, .box_w = 15, .box_h = 21, .ofs_x = 1, .ofs_y = 0},
    {.bitmap_index = 14149, .adv_w = 254, .box_w = 15, .box_h = 21, .ofs_x = 1, .ofs_y = 0},
    {.bitmap_index = 14286, .adv_w = 254, .box_w = 15, .box_h = 19, .ofs_x = 1, .ofs_y = 0},
    {.bitmap_index = 14412, .adv_w = 254, .box_w = 15, .box_h = 22, .ofs_x = 1, .ofs_y = 0},
    {.bitmap_index = 14549, .adv_w = 399, .box_w = 23, .box_h = 15, .ofs_x = 1, .ofs_y = 0},
    {.bitmap_index = 14705, .adv_w = 235, .box_w = 13, .box_h = 21, .ofs_x = 1, .ofs_y = -6},
    {.bitmap_index = 14816, .adv_w = 255, .box_w = 14, .box_h = 21, .ofs_x = 1, .ofs_y = 0},
    {.bitmap_index = 14932, .adv_w = 255, .box_w = 14, .box_h = 21, .ofs_x = 1, .ofs_y = 0},
    {.bitmap_index = 15049, .adv_w = 255, .box_w = 14, .box_h = 21, .ofs_x = 1, .ofs_y = 0},
    {.bitmap_index = 15173, .adv_w = 255, .box_w = 14, .box_h = 19, .ofs_x = 1, .ofs_y = 0},
    {.bitmap_index = 15290, .adv_w = 120, .box_w = 7, .box_h = 20, .ofs_x = -1, .ofs_y = 0},
    {.bitmap_index = 15316, .adv_w = 120, .box_w = 7, .box_h = 20, .ofs_x = 2, .ofs_y = 0},
    {.bitmap_index = 15342, .adv_w = 120, .box_w = 9, .box_h = 21, .ofs_x = -1, .ofs_y = 0},
    {.bitmap_index = 15376, .adv_w = 120, .box_w = 9, .box_h = 19, .ofs_x = -1, .ofs_y = 0},
    {.bitmap_index = 15405, .adv_w = 269, .box_w = 15, .box_h = 22, .ofs_x = 1, .ofs_y = 0},
    {.bitmap_index = 15547, .adv_w = 268, .box_w = 14, .box_h = 21, .ofs_x = 1, .ofs_y = 0},
    {.bitmap_index = 15626, .adv_w = 273, .box_w = 15, .box_h = 21, .ofs_x = 1, .ofs_y = 0},
    {.bitmap_index = 15749, .adv_w = 273, .box_w = 15, .box_h = 21, .ofs_x = 1, .ofs_y = 0},
    {.bitmap_index = 15872, .adv_w = 273, .box_w = 15, .box_h = 21, .ofs_x = 1, .ofs_y = 0},
    {.bitmap_index = 16004, .adv_w = 273, .box_w = 15, .box_h = 21, .ofs_x = 1, .ofs_y = 0},
    {.bitmap_index = 16136, .adv_w = 273, .box_w = 15, .box_h = 19, .ofs_x = 1, .ofs_y = 0},
    {.bitmap_index = 16261, .adv_w = 267, .box_w = 15, .box_h = 15, .ofs_x = 1, .ofs_y = 2},
    {.bitmap_index = 16315, .adv_w = 273, .box_w = 15, .box_h = 21, .ofs_x = 1, .ofs_y = -3},
    {.bitmap_index = 16447, .adv_w = 265, .box_w = 14, .box_h = 21, .ofs_x = 1, .ofs_y = 0},
    {.bitmap_index = 16513, .adv_w = 265, .box_w = 14, .box_h = 21, .ofs_x = 1, .ofs_y = 0},
    {.bitmap_index = 16578, .adv_w = 265, .box_w = 14, .box_h = 21, .ofs_x = 1, .ofs_y = 0},
    {.bitmap_index = 16648, .adv_w = 265, .box_w = 14, .box_h = 19, .ofs_x = 1, .ofs_y = 0},
    {.bitmap_index = 16715, .adv_w = 256, .box_w = 16, .box_h = 26, .ofs_x = 0, .ofs_y = -6},
    {.bitmap_index = 16871, .adv_w = 267, .box_w = 15, .box_h = 27, .ofs_x = 1, .ofs_y = -6},
    {.bitmap_index = 16970, .adv_w = 256, .box_w = 16, .box_h = 25, .ofs_x = 0, .ofs_y = -6},
    {.bitmap_index = 17129, .adv_w = 263, .box_w = 14, .box_h = 3, .ofs_x = 1, .ofs_y = 6},
    {.bitmap_index = 17140, .adv_w = 398, .box_w = 23, .box_h = 3, .ofs_x = 1, .ofs_y = 6},
    {.bitmap_index = 17151, .adv_w = 109, .box_w = 5, .box_h = 8, .ofs_x = 1, .ofs_y = 12},
    {.bitmap_index = 17171, .adv_w = 109, .box_w = 5, .box_h = 8, .ofs_x = 1, .ofs_y = 11},
    {.bitmap_index = 17191, .adv_w = 109, .box_w = 5, .box_h = 8, .ofs_x = 1, .ofs_y = -4},
    {.bitmap_index = 17211, .adv_w = 192, .box_w = 10, .box_h = 8, .ofs_x = 1, .ofs_y = 12},
    {.bitmap_index = 17251, .adv_w = 192, .box_w = 10, .box_h = 8, .ofs_x = 1, .ofs_y = 11},
    {.bitmap_index = 17292, .adv_w = 192, .box_w = 10, .box_h = 8, .ofs_x = 1, .ofs_y = -4},
    {.bitmap_index = 17333, .adv_w = 192, .box_w = 12, .box_h = 19, .ofs_x = 0, .ofs_y = 0},
    {.bitmap_index = 17364, .adv_w = 185, .box_w = 11, .box_h = 19, .ofs_x = 0, .ofs_y = 0},
    {.bitmap_index = 17414, .adv_w = 139, .box_w = 7, .box_h = 6, .ofs_x = 1, .ofs_y = 6},
    {.bitmap_index = 17433, .adv_w = 386, .box_w = 18, .box_h = 5, .ofs_x = 3, .ofs_y = 0},
    {.bitmap_index = 17469, .adv_w = 527, .box_w = 32, .box_h = 19, .ofs_x = 0, .ofs_y = 0},
    {.bitmap_index = 17694, .adv_w = 154, .box_w = 7, .box_h = 12, .ofs_x = 1, .ofs_y = 1},
    {.bitmap_index = 17734, .adv_w = 157, .box_w = 8, .box_h = 12, .ofs_x = 1, .ofs_y = 1},
    {.bitmap_index = 17776, .adv_w = 310, .box_w = 18, .box_h = 19, .ofs_x = 1, .ofs_y = 0}
};

/*---------------------
 *  CHARACTER MAPPING
 *--------------------*/

static const uint16_t unicode_list_2[] = {
    0x0, 0x1, 0x5, 0x6, 0x7, 0x9, 0xa, 0xb,
    0xd, 0xe, 0xf, 0x13, 0x1d, 0x26, 0x27, 0x99
};

/*Collect the unicode lists and glyph_id offsets*/
static const lv_font_fmt_txt_cmap_t cmaps[] =
{
    {
        .range_start = 32, .range_length = 95, .glyph_id_start = 1,
        .unicode_list = NULL, .glyph_id_ofs_list = NULL, .list_length = 0, .type = LV_FONT_FMT_TXT_CMAP_FORMAT0_TINY
    },
    {
        .range_start = 160, .range_length = 96, .glyph_id_start = 96,
        .unicode_list = NULL, .glyph_id_ofs_list = NULL, .list_length = 0, .type = LV_FONT_FMT_TXT_CMAP_FORMAT0_TINY
    },
    {
        .range_start = 8211, .range_length = 154, .glyph_id_start = 192,
        .unicode_list = unicode_list_2, .glyph_id_ofs_list = NULL, .list_length = 16, .type = LV_FONT_FMT_TXT_CMAP_SPARSE_TINY
    }
};

/*-----------------
 *    KERNING
 *----------------*/


/*Map glyph_ids to kern left classes*/
static const uint8_t kern_left_class_mapping[] =
{
    0, 0, 0, 1, 0, 0, 0, 0,
    2, 3, 0, 0, 0, 4, 5, 4,
    6, 7, 8, 0, 0, 9, 0, 10,
    11, 12, 13, 0, 0, 0, 0, 0,
    14, 15, 16, 17, 18, 19, 20, 21,
    22, 23, 23, 24, 25, 26, 23, 23,
    19, 27, 19, 28, 29, 30, 31, 32,
    33, 34, 35, 36, 37, 38, 0, 0,
    0, 0, 39, 40, 41, 42, 43, 44,
    45, 46, 47, 48, 49, 42, 46, 46,
    40, 40, 50, 51, 52, 53, 46, 54,
    54, 55, 56, 57, 3, 0, 0, 0,
    0, 0, 0, 0, 0, 0, 0, 0,
    0, 0, 58, 0, 0, 5, 0, 0,
    0, 0, 0, 0, 0, 0, 0, 0,
    0, 0, 59, 0, 0, 0, 0, 60,
    16, 16, 16, 16, 16, 16, 20, 18,
    20, 20, 20, 20, 23, 23, 23, 23,
    19, 23, 19, 19, 19, 19, 19, 0,
    19, 31, 31, 31, 31, 35, 27, 61,
    39, 39, 39, 39, 39, 39, 43, 62,
    43, 43, 43, 43, 47, 63, 64, 65,
    40, 46, 40, 40, 40, 40, 40, 0,
    40, 46, 46, 46, 46, 54, 40, 54,
    5, 5, 66, 67, 68, 66, 67, 68,
    0, 0, 0, 4, 0, 0, 0, 0
};

/*Map glyph_ids to kern right classes*/
static const uint8_t kern_right_class_mapping[] =
{
    0, 0, 0, 1, 0, 0, 0, 0,
    2, 0, 3, 4, 0, 5, 6, 7,
    8, 0, 9, 10, 9, 0, 11, 0,
    12, 0, 0, 13, 13, 0, 0, 0,
    14, 15, 16, 17, 18, 17, 17, 17,
    18, 17, 17, 19, 17, 17, 17, 17,
    18, 17, 18, 17, 20, 21, 22, 23,
    24, 25, 26, 0, 27, 28, 29, 0,
    30, 0, 31, 32, 33, 33, 33, 34,
    35, 32, 36, 37, 32, 32, 38, 38,
    39, 40, 33, 38, 41, 42, 38, 43,
    43, 44, 45, 46, 47, 0, 48, 0,
    0, 0, 0, 0, 0, 0, 0, 0,
    0, 0, 49, 0, 0, 6, 0, 0,
    0, 0, 0, 0, 0, 0, 0, 0,
    0, 0, 50, 0, 0, 0, 0, 51,
    16, 16, 16, 16, 16, 16, 52, 18,
    17, 17, 17, 17, 53, 17, 17, 53,
    17, 17, 18, 18, 18, 18, 18, 0,
    18, 22, 22, 22, 22, 26, 17, 32,
    31, 31, 31, 31, 31, 31, 31, 33,
    33, 33, 33, 33, 54, 36, 55, 56,
    33, 38, 33, 33, 33, 33, 33, 0,
    33, 38, 38, 38, 38, 45, 32, 45,
    6, 6, 57, 58, 59, 60, 61, 59,
    0, 0, 0, 62, 0, 63, 0, 0
};

/*Kern values between classes*/
static const int8_t kern_class_values[] =
{
    0, 0, 0, 0, 0, 0, 0, 0,
    0, 0, 0, 0, 0, 0, 0, 0,
    0, 0, 0, 0, 0, 0, 0, 0,
    0, 0, 0, 0, 0, 0, 0, 0,
    -17, 0, -17, 0, 0, 0, -17, 0,
    0, 0, 0, 0, 0, 0, 0, 0,
    0, 0, 0, 0, 0, 0, 0, 0,
    0, 0, 0, 0, 0, 0, 0, 0,
    0, 0, 0, 0, 0, 0, 0, 0,
    0, 0, 0, 0, 0, 0, -23, 0,
    0, -25, 0, 0, 0, 0, 0, 0,
    0, 0, 0, 0, 0, 0, 0, -9,
    0, -9, 0, 0, 0, -9, 0, 0,
    0, 0, 0, 0, 0, 0, 0, 0,
    0, 0, -23, 0, 0, 0, 0, 0,
    0, 0, 0, 0, 0, 0, 0, 0,
    0, 0, 0, 0, 0, 0, 0, 0,
    0, 0, 0, 0, 0, 0, 0, 0,
    0, 0, 0, 0, 0, 0, 0, 0,
    0, 0, 0, 0, 0, 0, 0, -9,
    0, 0, 0, 0, 0, 0, 0, 0,
    0, 0, 0, 0, 0, 0, 0, 0,
    0, 0, 0, 0, 0, 0, 0, 0,
    0, 0, 0, 0, 0, 0, 0, -10,
    0, -18, 0, -18, 0, 0, 0, 0,
    0, 0, 0, 0, 0, 0, 0, 0,
    0, 0, 0, 0, 0, 0, 0, 0,
    0, 0, 0, 0, 0, 0, 0, 0,
    0, 0, 0, 0, 0, 0, 0, 0,
    0, 0, 0, -9, 0, 0, 0, 0,
    0, 0, 0, 0, 0, -29, 0, 0,
    -29, 0, -18, -7, 0, 0, 0, 0,
    0, 0, 0, 0, 0, 0, 0, 0,
    0, 0, 0, -18, 0, 0, 0, 0,
    -75, 0, -32, 0, 0, 0, 0, 0,
    0, 0, 0, 0, 0, 0, 0, 0,
    0, 0, 0, 0, 0, 0, 0, 0,
    0, 0, 0, 0, 0, 0, 0, -18,
    0, 0, 0, 0, 0, 0, 0, 0,
    0, 0, 0, 0, 0, 0, 0, 0,
    0, 0, -10, 0, 0, 0, 0, 0,
    0, 0, 0, 0, 0, 0, 0, 0,
    0, 0, 0, 0, 0, 0, 0, 0,
    0, 0, 0, 0, 0, 0, 0, 0,
    0, 0, 0, 0, 0, 0, 0, 0,
    0, 0, 0, 0, 0, 0, 0, 0,
    0, 0, 0, 0, 0, 0, 0, 0,
    0, 0, 0, 0, 0, 0, 0, 0,
    0, 0, 0, 0, 0, 0, 0, 0,
    0, 0, 0, 0, 0, 0, 0, 0,
    0, 0, 0, 0, 0, 0, 0, 0,
    0, 0, 0, 0, 0, 0, 0, 0,
    0, 0, 0, 0, 0, 0, 0, 0,
    0, 0, -9, -7, 0, 0, 0, 0,
    0, 0, 0, 0, 0, 0, 0, 0,
    0, 0, 0, 0, 0, 0, 0, 0,
    0, 0, 0, 0, 0, 0, 0, -5,
    0, 0, 0, 0, 0, 0, 0, 0,
    0, 0, 0, 0, 0, 0, 0, 0,
    0, 0, 0, 0, 0, 0, 0, 0,
    0, 0, 0, 0, 0, 0, 0, 0,
    0, -29, -29, 0, 0, 0, 0, 0,
    0, 0, 0, 0, 0, 0, 0, 0,
    0, 0, 0, 0, 0, 0, 0, 0,
    0, 0, 0, 0, 0, 0, 0, 0,
    0, 0, 0, 0, 0, 0, 0, 0,
    0, 0, 0, 0, 0, 0, 0, 0,
    0, 0, 0, 0, 0, 0, 0, 0,
    0, 0, 0, 0, 0, 0, 0, 0,
    -23, -21, 0, 0, 0, 0, 0, 0,
    0, 0, 0, 0, 0, 0, 0, 0,
    0, 0, 0, 0, 0, 0, 0, 0,
    0, 0, 0, 0, 0, 0, 0, 0,
    0, 0, 0, 0, 0, 0, 0, 0,
    0, 0, 0, 0, 0, 0, 0, 0,
    0, 0, 0, 0, 0, 0, 0, 0,
    0, 0, 0, 0, 0, 0, 0, -6,
    -9, 0, 0, 0, 0, 0, 0, 0,
    0, 0, 0, 0, 0, 0, 0, 0,
    0, 0, 0, 0, 0, 0, 0, 0,
    0, 0, 0, 0, -9, 0, 0, 0,
    0, 0, 0, 0, 0, 0, 0, 0,
    0, 0, 0, 0, 0, 0, 0, 0,
    0, 0, 0, 0, 0, 0, 0, 0,
    0, 0, 0, 0, 0, 0, 2, 4,
    0, 0, 0, 0, 0, 0, 0, 0,
    0, 0, 0, 0, 0, 0, 0, 0,
    0, 0, 0, 0, 0, 0, 0, 0,
    0, 0, 0, 0, 0, 0, 0, 0,
    0, 0, 0, 0, 0, 0, 0, 0,
    0, 0, 0, 0, 0, 0, 0, 0,
    0, 0, 0, 0, 0, 0, 0, 0,
    0, 0, 0, 0, 0, -2, 0, 0,
    0, 0, 0, 0, 0, 0, 0, 0,
    0, 0, 0, 0, 0, 0, 0, 0,
    0, 0, 0, 0, 0, 0, 0, 0,
    0, 0, 0, 0, 0, 0, 0, 0,
    0, 0, 0, 0, 0, 0, 0, 0,
    0, 0, 0, 0, 0, 0, 0, 0,
    0, 0, 0, 0, 0, 0, 0, 0,
    0, 0, 0, 0, -2, -2, 0, 0,
    0, 0, 0, 0, 0, 0, 0, 0,
    0, 0, 0, 0, 0, 0, 0, 0,
    0, 0, 0, 0, 0, 0, 0, 0,
    0, 0, 0, 0, 0, 0, 0, 0,
    0, 0, 0, 0, 0, 0, 0, 0,
    0, 0, 0, 0, 0, 0, 0, 0,
    0, 0, 0, 0, 0, 0, 0, 0,
    0, 0, 0, 0, 0, -26, 0, 0,
    0, 0, 0, 0, 0, 0, 0, 0,
    0, 0, 0, 0, 0, 0, 0, 0,
    0, 0, -2, -4, -4, -1, 0, 0,
    0, 0, 0, 0, 0, 0, 0, 0,
    0, 0, 0, 0, 0, 0, 0, 0,
    0, 0, 0, 0, 0, 0, 0, 0,
    0, 0, 0, 0, 0, 0, 0, 0,
    0, 0, 0, 0, 0, 0, 0, 0,
    0, 0, 0, 0, 0, 0, 0, 0,
    0, 0, 0, 0, 0, 0, 0, 0,
    0, 0, 0, 0, 0, 0, 0, -5,
    0, 0, -15, -2, 0, -38, -13, -31,
    -26, 5, -31, 0, -18, 0, 0, -2,
    -2, -9, -9, -9, -2, -4, -2, -9,
    -2, -4, -13, -26, 2, -26, -2, 0,
    0, 0, 0, 0, 0, 0, -2, -2,
    -2, -41, -13, 0, -41, -13, 0, 0,
    0, 0, 0, 0, -12, 0, -12, 0,
    0, 0, 0, 0, 0, 0, 0, -4,
    0, 0, 0, 0, -9, 0, -9, -4,
    0, -11, 0, 0, 0, 0, 0, 0,
    0, 0, 0, 0, 0, 0, 0, 0,
    -2, -2, -3, -2, -4, -2, 0, 0,
    0, 0, 0, -4, 0, 0, 0, 0,
    0, 0, 0, 0, 0, -12, 0, 0,
    0, 0, 0, -2, 0, -2, 0, 0,
    0, 0, 0, 0, 0, 0, 0, 0,
    -8, 0, 2, -1, 0, 2, 2, 0,
    2, 0, 0, 0, 0, 0, 0, -4,
    0, -4, 6, 0, 0, -4, 0, -2,
    -2, -9, 0, -9, 0, 0, 0, 0,
    0, 0, 0, 0, 6, 6, 6, 0,
    0, 0, 0, 0, -2, 0, 0, 0,
    0, 0, -25, 0, -25, -2, 0, 0,
    0, 0, 0, 0, -2, -16, 0, -1,
    -17, 0, -16, 0, -14, -4, -16, -20,
    0, 0, 0, 0, -2, 0, -2, 2,
    -2, -2, 10, 0, -2, 0, 0, 2,
    0, 0, 0, 0, 0, 0, 0, 0,
    0, -16, 0, -2, -2, -2, -9, 0,
    0, -9, 0, -25, 0, 0, 0, 0,
    0, 0, 0, 0, 0, 0, 0, 0,
    0, 0, 0, 0, -2, 0, 0, 0,
    0, 0, 0, 2, 2, 5, 0, 0,
    0, 0, 0, -2, 0, -4, -2, -4,
    -4, 8, -4, -4, -2, -4, -2, -4,
    0, -7, -4, 0, 0, 0, 0, 0,
    -2, 0, -4, -4, 0, 0, 0, 0,
    0, 0, 0, 0, 0, 0, 0, 0,
    -42, 0, -42, -9, 0, 0, 0, 0,
    0, 0, 0, -26, 0, 0, -29, 0,
    5, 0, 7, 5, 2, 4, 0, 0,
    0, 0, -12, 0, -12, 2, -12, -4,
    -4, -5, -12, -7, -9, -4, 0, 0,
    -2, -6, 0, 0, 0, 0, 0, -26,
    0, -4, 2, 7, 0, 0, 0, 0,
    0, -42, 0, 0, 0, 0, 0, 0,
    0, 0, 0, 0, 0, 0, 0, 0,
    0, 0, -2, 0, 0, 0, 0, -2,
    0, -2, -2, 0, -14, 0, 0, 0,
    0, 0, 0, 0, 2, 0, 0, 0,
    0, 0, 0, 0, 0, -2, 0, -2,
    0, 0, 0, 0, 0, 0, -2, 0,
    0, 0, 0, 0, 0, 0, 0, 0,
    0, 0, 0, 0, 0, 0, 0, 0,
    0, 0, 0, 0, 0, 0, 0, 0,
    0, 0, 0, 0, 0, 0, 0, 0,
    0, 0, 1, 0, 0, 0, 0, 0,
    0, 0, 0, 0, 0, 0, 0, 0,
    0, 0, 0, 0, 0, 0, -1, 0,
    0, 0, 0, 0, 0, 0, 5, 0,
    4, 0, 0, 0, 0, 0, 0, 0,
    0, 0, 0, 0, 0, -7, 0, -7,
    0, 0, 0, 0, 0, 0, 0, 0,
    -11, 0, 0, -4, 2, 0, 0, 0,
    0, 0, 0, 0, 0, 0, 0, -2,
    0, 0, 0, 0, 0, 0, 0, 0,
    0, 0, 0, 0, 0, 0, 0, 0,
    0, 0, 0, 0, -11, 0, 0, 0,
    0, 0, 0, 0, 0, 0, -7, 0,
    0, 0, 0, 0, 0, -32, 0, 0,
    0, 0, 0, 0, 0, 0, -1, 2,
    -4, -13, 5, 0, 0, -4, 0, 0,
    6, 0, 0, 0, 0, 0, -4, 0,
    -13, -4, -13, 6, 2, -5, -13, 0,
    -2, -9, -24, 4, -20, 0, 0, 0,
    0, 0, 0, 2, -4, 6, 6, 6,
    -11, 0, 0, -11, 0, 0, 0, 0,
    0, 0, -29, 0, 0, 0, 0, 0,
    0, 0, 0, 0, 0, 0, 0, 0,
    -14, 9, 0, -50, -7, -31, -24, 7,
    -45, 0, 0, 0, 0, 2, 0, 0,
    -2, 0, 0, 0, 0, 0, 0, 0,
    -6, -27, 2, -17, 0, 0, 0, 0,
    0, 0, 0, 0, 0, 0, 0, -27,
    -34, 0, -27, -34, 0, 0, 0, 0,
    0, 0, -47, 0, -47, 0, 0, 0,
    0, 0, 0, 0, 0, -26, 0, 0,
    -26, 0, 5, 0, 5, 5, -4, -2,
    0, 0, 0, 0, 0, 0, -2, 9,
    -2, 2, 2, 0, -2, 0, 0, 9,
    11, 7, 9, 5, 0, 0, 0, 0,
    0, -26, 0, 2, 2, 2, 0, 0,
    0, 0, 0, -47, 0, 0, 0, 0,
    0, 0, 0, 0, 0, 0, 0, 0,
    0, 0, 0, 0, 0, 0, 0, 2,
    0, 0, 0, 0, 0, 2, -6, 0,
    0, 0, 0, 0, 0, -2, 0, -2,
    0, 0, 0, -2, 0, 0, 4, 2,
    7, 0, 2, 0, 0, 0, 0, 0,
    0, 0, 0, 0, 0, 0, 0, 0,
    0, 0, 0, 0, 0, 0, 0, 0,
    0, 0, 0, 0, 0, 0, 0, 0,
    0, 0, 0, -2, 0, 0, -2, 0,
    0, 0, -6, 0, 0, -2, 0, 0,
    0, 0, 0, 0, -3, 0, -3, 4,
    0, 0, -3, 0, 0, -2, -4, 0,
    -9, -4, 0, 0, 0, 0, 0, -2,
    0, 4, 4, 4, 0, 0, 0, 0,
    0, 0, 0, 0, 0, 0, 0, -60,
    -32, -60, 0, 0, 0, 0, 0, -37,
    0, -9, -38, 0, -14, -26, 0, 7,
    0, 4, 4, 0, 10, 0, 0, 0,
    0, -34, 0, -45, 0, -45, 11, 0,
    -26, -45, -24, -34, -2, -21, -14, -21,
    -30, 0, 0, 0, 0, 0, -38, 0,
    11, 11, 16, 0, 0, 0, 0, 0,
    -60, 0, 0, 0, 0, 0, 0, 0,
    0, 0, 0, 0, 0, 0, 0, 0,
    0, -15, 0, 0, -7, 0, 0, 0,
    0, 0, -4, 0, 0, 0, 0, 0,
    0, 0, -4, 0, -4, 0, 0, 0,
    -4, 0, -4, 0, 0, 0, -4, -2,
    0, 0, 0, 0, 0, -15, 0, 0,
    0, 0, 0, 0, 0, 0, 0, 0,
    0, 0, 0, 0, 0, -37, -23, -37,
    -10, 0, 0, 0, 0, 0, 0, -20,
    -44, 0, -16, -31, 0, 7, 0, 9,
    7, 4, 8, 0, 0, 0, 0, -25,
    2, -27, 0, -27, 0, -2, -11, -27,
    -13, -20, -2, -7, -7, -9, -11, 0,
    0, 0, 0, 0, -51, 0, 0, 0,
    10, 0, 0, 0, 0, 0, -37, 0,
    0, 0, 0, 0, 0, 0, 0, 0,
    0, 0, 0, 0, 0, 0, -16, -35,
    0, -7, -26, 0, 9, 0, 9, 7,
    4, 7, 0, 0, 0, 0, -17, 0,
    -20, 0, -20, 10, 0, -7, -20, -7,
    -11, -2, -4, 0, 0, -4, 0, 0,
    0, 0, 0, -42, 0, 9, 10, 10,
    0, 0, 0, 0, 0, 0, 0, 0,
    0, 0, 0, 0, 0, 0, 0, 0,
    0, 0, 0, 0, 0, -9, 5, 1,
    -17, 2, 0, 0, -4, 2, 2, 11,
    4, 0, 0, 0, 0, 2, 0, -11,
    0, -11, 10, 2, -5, -11, 0, 0,
    -6, -16, 6, -20, 0, 0, 0, 0,
    0, 0, 5, 1, 10, 10, 10, 0,
    0, 0, 0, 0, 0, 0, 0, 0,
    0, 0, -53, 0, -53, 0, 0, 0,
    0, 0, -30, 0, -9, -42, 0, -22,
    -43, -7, 10, 0, 5, 4, 4, 6,
    0, 0, 0, 0, -31, -3, -35, -4,
    -35, 4, 0, -25, -35, -22, -29, -4,
    -13, -11, -11, -20, 0, 0, 0, 0,
    0, -42, 0, 6, 4, 13, 0, 0,
    0, 0, 0, -53, 0, 0, 0, 0,
    0, 0, 0, 0, 0, 0, 0, 0,
    0, 0, 0, -9, -2, 0, -2, 0,
    0, 0, -2, 0, 0, 0, 0, 0,
    0, 0, 0, 0, 0, -5, 0, -5,
    2, 0, 0, -5, 0, -5, 0, -12,
    2, -12, 0, 0, 0, 0, 0, 0,
    -2, 0, 2, 2, 2, 0, 0, 0,
    0, 0, 0, 0, 0, 0, 0, 0,
    0, 0, 0, 0, 0, 0, 0, 0,
    0, 0, 0, 0, 0, 0, 0, 0,
    0, 0, 0, 0, 0, 0, 0, 0,
    0, 0, 0, 0, 0, -12, 0, 0,
    27, 0, 0, 0, 0, 0, 0, 0,
    0, 0, 0, 0, 0, 0, 0, 0,
    0, 0, 0, 0, 0, 0, 0, 0,
    0, 0, 0, 0, 0, 0, 0, 0,
    0, 0, 0, 0, 0, 0, 0, 0,
    0, 0, 0, 0, 0, 0, 0, 0,
    0, -6, 0, 0, 0, 0, 0, 0,
    0, 0, 0, 0, 0, 0, 0, 0,
    0, 0, 0, 0, 0, 0, 0, 0,
    0, 0, 0, 0, 0, 0, 0, 0,
    0, 0, 0, 0, 0, 0, 0, 0,
    0, 0, 0, -10, 0, 0, 0, 0,
    0, 0, 0, 0, 0, 0, 0, 0,
    0, 0, 0, 0, 0, 0, -46, 0,
    0, 0, 0, 0, 0, 0, 0, 0,
    0, 0, -4, -2, -4, -2, 25, 0,
    -4, 0, 0, -4, -9, 2, -11, 2,
    0, 0, 0, 0, 0, 0, 0, 9,
    -2, -2, -7, 0, 0, -7, 0, 0,
    0, -17, 0, 0, 0, -11, 0, -11,
    0, 0, 0, 0, 0, 0, 0, 0,
    0, 0, 0, 0, 0, -45, 0, 0,
    0, 0, 0, 0, 0, 0, -4, -6,
    0, 0, -2, 0, 0, -2, 0, 0,
    -2, 0, 0, -10, -9, -11, -4, 0,
    0, 0, 0, 0, 0, 0, 0, 0,
    0, -9, -19, 0, -9, -19, -11, 0,
    0, 0, 0, 0, 0, 0, 0, 0,
    0, 0, 0, 0, 0, 0, -2, 0,
    0, 0, 0, 0, -48, 0, 0, 0,
    0, 0, 0, 0, 0, 0, -5, 0,
    -9, 0, -9, 0, 0, 0, -9, 0,
    0, 2, -2, 0, -4, -2, 0, 0,
    0, 0, 0, 0, 0, 6, 0, 0,
    0, 0, 0, 0, 0, 0, 0, 0,
    0, 0, 0, 0, 0, 0, 0, 0,
    0, 0, 0, 0, 0, 0, 0, 0,
    0, 0, 0, 0, 0, 0, 0, 0,
    0, 0, 0, 0, 0, 0, 2, -2,
    0, -2, 0, 0, 0, -2, 0, 0,
    0, 0, 0, 0, 0, 0, 0, 0,
    0, 0, 0, 0, 6, 9, 4, 0,
    0, 0, 0, 0, 0, 0, 0, -9,
    0, 0, 0, 0, 0, 0, 0, 0,
    0, 0, 0, 0, 0, 0, 0, 0,
    0, 0, -75, 0, -14, 0, 0, 0,
    0, 0, 0, 0, 0, 4, 0, -5,
    0, 0, 0, 0, 0, 0, 0, 0,
    -4, -4, -4, 0, 0, 0, 0, 0,
    0, 0, 0, 17, 0, 6, -17, 0,
    0, -17, 0, 0, 0, 0, 4, 0,
    0, -18, 0, -18, -7, 0, 0, 0,
    0, 0, 0, 0, 0, 0, 0, 0,
    0, 16, 0, 0, 0, 0, 0, 0,
    6, 2, 0, -7, 2, -2, 4, -2,
    13, 0, 0, -2, 0, -4, 4, 7,
    4, 2, 0, 0, 2, 0, 0, 0,
    0, 0, 24, 9, 13, 2, 0, 0,
    2, 0, -18, 0, 0, 0, 0, 0,
    0, 0, 0, 0, 0, 0, 0, 0,
    0, 0, 0, 0, 0, 0, 0, 0,
    0, 0, 0, 0, 0, 0, 0, 0,
    0, 0, 0, 0, -2, 0, -2, 0,
    13, 0, -2, 0, 0, 0, 0, 0,
    0, 0, 0, 0, 0, 0, 0, 0,
    0, 0, 0, 0, 0, 0, 0, 0,
    0, 0, 0, 0, -6, 0, 0, 0,
    0, 0, 0, 0, 0, 0, 0, 0,
    0, 0, 0, 0, 0, 0, 0, -55,
    0, 0, 0, 0, 0, 0, 0, 0,
    0, 0, 0, 0, 0, 0, 0, 0,
    0, 0, 0, 0, -2, -4, 0, -5,
    0, 0, 0, 0, 0, 0, 0, 0,
    0, 0, 0, -9, -2, 0, -9, -2,
    0, 0, 0, 6, 2, 0, 0, 0,
    0, 0, 0, 0, 0, 0, 0, 2,
    0, 0, 0, 0, 0, 0, 0, 0,
    0, 0, 0, 0, 2, 0, 10, 0,
    0, 0, 0, 0, 0, 0, 0, 0,
    0, 0, 0, 0, 0, 0, 0, 0,
    0, 9, 0, 0, 0, 0, 0, 5,
    5, 14, 0, 0, 0, 0, 0, 0,
    0, 0, 0, 0, 0, 0, 0, 0,
    0, 0, 0, 0, 0, 0, 0, 0,
    0, 0, 0, 0, 0, 0, 0, 0,
    0, 0, 0, 0, 0, 0, 0, 0,
    0, -2, 0, -2, 4, 13, 0, -2,
    0, 0, 0, 0, 0, 0, 0, 0,
    0, 0, 0, 0, 0, 0, 4, 4,
    4, 0, 0, 0, 0, 0, 0, 0,
    0, 0, 0, 0, 0, 0, 0, 0,
    0, 0, 0, 0, 0, 0, -3, 0,
    0, 0, 0, 0, -19, 0, 0, 0,
    0, 0, 0, 0, 0, 0, -4, 0,
    -13, 0, -13, 0, 0, 0, -17, 0,
    -2, 0, 0, 7, -1, 2, 0, 0,
    0, 0, 0, 0, 0, 0, 0, 0,
    0, 0, 0, 0, 0, 0, 0, 0,
    0, 0, 0, 0, 0, 0, 0, 0,
    0, 0, 0, 0, 0, 0, 0, 0,
    0, 0, 0, 0, 0, 0, 0, 0,
    0, 0, 0, 0, 0, 0, 0, 0,
    0, 0, 0, 29, 0, 0, 0, 0,
    0, 0, 0, 0, 0, 0, 0, 0,
    0, 0, 0, 0, 0, 0, 0, 0,
    0, 0, 0, 0, 0, 0, 0, 0,
    0, 0, -36, 0, -36, -9, 0, 0,
    0, 0, 0, 0, -7, 0, 0, 0,
    0, 0, -39, 0, 0, 0, 0, 0,
    0, 0, 0, 0, -8, -2, -10, 4,
    -10, -2, -2, 0, -10, 0, -4, 7,
    7, 8, 7, 0, 0, 0, 0, 0,
    0, 0, 0, 15, -2, 6, 0, 2,
    0, 0, 2, -36, 0, 0, 0, 0,
    0, 0, 0, 0, 0, 0, 0, 0,
    0, 0, 0, -2, 0, 0, 0, 0,
    0, -50, 0, 0, 0, 0, 0, 0,
    0, 0, 0, 0, 0, -4, 0, -4,
    0, 0, 0, -4, 0, 0, 0, -2,
    0, -4, -2, 0, 0, 0, 0, 0,
    0, 0, 0, 0, 0, 0, 0, 0,
    0, 0, 0, 0, 0, 0, 0, 0,
    0, 0, 0, 0, 0, 0, 0, 0,
    0, 0, 0, 0, 0, 0, 0, 0,
    -14, 0, 0, 0, 0, 0, 0, 6,
    6, 0, -2, 2, -7, 2, -7, 0,
    0, 0, -7, 0, 0, 0, 0, 2,
    -1, 0, 0, 4, 0, 0, 0, 0,
    0, 17, 2, 10, 0, 0, 0, 0,
    0, 0, 0, 0, 0, 0, 0, -18,
    0, -27, -4, 0, 0, 0, 0, 0,
    0, -9, 0, 0, 0, 0, 0, -32,
    0, 0, 0, 0, 0, 0, 0, 0,
    0, -6, 0, -9, 3, -9, 0, -2,
    0, -9, 0, -3, 7, 8, 6, 2,
    0, 0, 0, 0, 0, 0, 0, 0,
    0, 0, 0, 0, 0, 0, 0, 0,
    -29, 0, 0, 0, 0, 0, 0, 0,
    0, 0, 0, 0, 0, 0, 0, 0,
    -7, 0, 0, 0, 0, 0, -9, 0,
    0, 0, 0, 0, 0, 0, 0, 0,
    -2, 0, -9, 4, -9, 0, 2, 0,
    -9, 0, 0, 4, 4, 6, 3, 0,
    0, 0, 0, 0, 0, 0, 0, 0,
    0, 0, 0, 0, 0, 0, 0, 0,
    0, 0, 0, 0, 0, -18, 0, -27,
    -4, 0, 0, 0, 0, 0, 0, -9,
    0, 0, 0, 0, 0, -32, 0, 0,
    0, 0, 0, 0, 0, 0, 0, -6,
    0, -9, 3, -7, 0, -2, 0, -9,
    0, -3, 7, 8, 6, 2, 0, 0,
    0, 0, 0, 0, 0, 0, 0, 0,
    0, 0, 0, 0, 0, 0, -29, 0,
    0, 0, 0, 0, 0, 0, 0, 0,
    0, 0, 0, 0, 0, 0, 0, 0,
    0, 0, 0, 0, -21, 0, 0, 0,
    0, 0, 0, 0, 0, 0, -1, 0,
    -5, 2, -5, 0, 0, -2, -5, 0,
    0, 4, 0, 2, 0, 4, 0, 0,
    0, 0, 0, 0, 0, 0, 0, 0,
    0, 0, 0, 0, 0, 0, 0, 0,
    0, 0, 0, 0, 0, 0, 0, 0,
    0, 0, 2, 0, 0, 0, 0, 0,
    0, 0, 0, 0, 0, 0, 0, 0,
    0, 0, 0, 0, 0, 0, 0, 0,
    0, 0, 0, 0, 0, 0, 0, 0,
    0, 0, 0, 0, 0, 0, 0, 0,
    0, 0, 0, 0, 0, 0, 0, 0,
    0, 0, 0, 0, 0, 0, 0, 0,
    0, 0, 0, 0, 0, 0, 0, 0,
    0, 4, 0, 0, 0, 0, 0, 0,
    0, 0, 0, 0, 0, 0, 0, 0,
    0, 0, 0, 0, 0, 0, 0, 0,
    0, 0, 0, 0, 0, 0, 0, 0,
    0, 0, 0, 0, 0, 0, 0, 0,
    0, 0, 0, 0, 0, 0, 0, 0,
    0, 0, 0, 0, 0, 0, 0, 0,
    0, 0, 0, 0, 0, 0, 0, 0,
    0, 0, -26, 0, 0, 0, 0, 0,
    0, 0, 0, 0, 0, 0, 0, 0,
    0, 0, 0, 0, 0, 0, 0, 0,
    0, 0, 0, 0, 0, 0, 0, 0,
    0, 0, 0, 0, 0, 0, 0, 0,
    0, 0, 0, 0, 0, 0, 0, 0,
    0, 0, 0, 0, 0, 0, 0, 0,
    0, 0, 0, 0, 0, 0, 0, 0,
    0, 0, 0, 0, 0, 0, 0, 0,
    0, 0, 0, 0, 0, 0, 0, 0,
    0, 0, 2, 0, 0, -2, 0, 0,
    0, 0, 0, 0, -2, -2, -9, -2,
    -13, 0, 0, 0, 0, 0, 0, 0,
    0, 0, 0, 0, 0, 0, 0, 0,
    0, 0, 0, 0, 0, 0, 0, 0,
    0, 0, 0, 0, 0, 0, 0, 0,
    0, -2, 0, 0, 0, 0, 0, -48,
    0, 0, 0, 0, 0, 0, 0, 0,
    0, -5, 0, -9, 0, -9, 0, 6,
    0, -9, 0, 0, 2, -2, 0, -4,
    -2, 0, 0, 0, 0, 0, 0, 0,
    6, 0, 0, 0, 0, 0, 0, 0,
    0, 0, 0, 6, 2, 0, 0, 0,
    0, 0, 0, 0, 0, 0, 0, 2,
    0, 0, 0, 0, 0, 0, 0, 0,
    0, 0, 0, 0, 2, 13, 10, 0,
    0, 6, 0, 0, 0, 19, 0, 0,
    0, 0, 0, 0, 0, 0, 0, 0,
    0, 9, 0, 0, 0, 0, 0, 5,
    5, 14, 0, 0, 0, 0, 0, 0,
    0, 0, 6, 2, 0, 0, 0, 0,
    0, 0, 0, 0, 0, 0, 2, 0,
    0, 0, 0, 0, 0, 0, 0, 0,
    0, 0, 0, 2, 0, 10, 0, 0,
    0, 0, 0, 0, 2, 0, 0, 0,
    0, 0, 0, 0, 0, 0, 0, 0,
    9, 0, 0, 0, 0, 0, 5, 5,
    14, 0, 0, 0, 0, 0, 0, 0,
    0, 6, 2, 0, 0, 0, 0, 0,
    0, 0, 0, 0, 0, 2, 0, 0,
    0, 0, 0, 0, 0, 0, 0, 0,
    0, 0, 2, 4, 6, 0, 0, 2,
    0, 0, 0, 22, 0, 0, 0, 0,
    0, 0, 0, 0, 0, 0, 0, 2,
    0, 0, 0, 0, 0, 24, 5, 28,
    0, 0, 0, 0, 0, 0, 0, 0,
    0, 0, 0, 0, 0, 0, 0, 0,
    0, 0, 0, 0, 0, 0, -41, 0,
    -9, -43, 0, 0, 0, 9, 0, 0,
    0, 0, 0, 0, 0, -9, 0, -27,
    0, -27, 0, 0, -7, -27, 0, -17,
    0, 0, 0, 0, 0, 0, 0, 0,
    0, 0, -41, 0, 0, 0, 0, -27,
    0, 0, 0, 0, 0, 0, 0, 0,
    0, 0, 0, 0, 0, 0, 0, 0,
    0, 0, 0, 0, 0, 0, 0, 0,
    0, 0, 0, 0, 0, 0, 0, 0,
    0, 0, 0, 0, 0, 0, 0, 0,
    0, 0, 0, 0, 0, 0, -9, 0,
    0, 0, 0, 0, 0, 0, 0, 0,
    0, 0, 0, 0, 0, 0, 0, -27,
    0, 0, 0, 0, 0, 0, 0, 0,
    0, 0, 0, 0, 0, 0, 0, 0,
    0, 0, 0, 0, 0, 0, 0, 0,
    0, 0, 0, 0, 0, 0, 0, 0,
    0, 0, 0, 0, 0, 0, 0, 0,
    0, 0, 0, 0, 0, 0, 0, 0,
    0, 0, 0, 0, 0, 0, 0, 0,
    0, 0, 0, 0, 0, 0, 0, -27,
    0, 0, 0, 0
};


/*Collect the kern class' data in one place*/
static const lv_font_fmt_txt_kern_classes_t kern_classes =
{
    .class_pair_values   = kern_class_values,
    .left_class_mapping  = kern_left_class_mapping,
    .right_class_mapping = kern_right_class_mapping,
    .left_class_cnt      = 68,
    .right_class_cnt     = 63,
};

/*--------------------
 *  ALL CUSTOM DATA
 *--------------------*/

#if LVGL_VERSION_MAJOR == 8
/*Store all the custom data of the font*/
static  lv_font_fmt_txt_glyph_cache_t cache;
#endif

#if LVGL_VERSION_MAJOR >= 8
static const lv_font_fmt_txt_dsc_t font_dsc = {
#else
static lv_font_fmt_txt_dsc_t font_dsc = {
#endif
    .glyph_bitmap = glyph_bitmap,
    .glyph_dsc = glyph_dsc,
    .cmaps = cmaps,
    .kern_dsc = &kern_classes,
    .kern_scale = 16,
    .cmap_num = 3,
    .bpp = 4,
    .kern_classes = 1,
    .bitmap_format = 1,
#if LVGL_VERSION_MAJOR == 8
    .cache = &cache
#endif
};



/*-----------------
 *  PUBLIC FONT
 *----------------*/

/*Initialize a public general font descriptor*/
#if LVGL_VERSION_MAJOR >= 8
const lv_font_t motiva_medium_28 = {
#else
lv_font_t motiva_medium_28 = {
#endif
    .get_glyph_dsc = lv_font_get_glyph_dsc_fmt_txt,    /*Function pointer to get glyph's data*/
    .get_glyph_bitmap = lv_font_get_bitmap_fmt_txt,    /*Function pointer to get glyph's bitmap*/
    .line_height = 32,          /*The maximum line height required by the font*/
    .base_line = 6,             /*Baseline measured from the bottom of the line*/
#if !(LVGL_VERSION_MAJOR == 6 && LVGL_VERSION_MINOR == 0)
    .subpx = LV_FONT_SUBPX_NONE,
#endif
#if LV_VERSION_CHECK(7, 4, 0) || LVGL_VERSION_MAJOR >= 8
    .underline_position = -1,
    .underline_thickness = 1,
#endif
    .dsc = &font_dsc,          /*The custom font data. Will be accessed by `get_glyph_bitmap/dsc` */
#if LV_VERSION_CHECK(8, 2, 0) || LVGL_VERSION_MAJOR >= 9
    .fallback = NULL,
#endif
    .user_data = NULL,
};



#endif /*#if MOTIVA_MEDIUM_28*/

