/*******************************************************************************
 * Size: 20 px
 * Bpp: 4
 * Opts: --size 20 --bpp 4 --format lvgl --font C:\Users\Kekko\AppData\Local\Temp/motiva/MotivaSans-Regular.ttf -r 0x20-0x7E,0xA0-0xFF,0x2010-0x2027,0x2030-0x203A,0x20AC --lv-font-name motiva_20 -o assets/fonts/motiva_20.c
 ******************************************************************************/

#ifdef LV_LVGL_H_INCLUDE_SIMPLE
#include "lvgl.h"
#else
#include "lvgl/lvgl.h"
#endif

#ifndef MOTIVA_20
#define MOTIVA_20 1
#endif

#if MOTIVA_20

/*-----------------
 *    BITMAPS
 *----------------*/

/*Store the image of the glyphs*/
static LV_ATTRIBUTE_LARGE_CONST const uint8_t glyph_bitmap[] = {
    /* U+0020 " " */

    /* U+0021 "!" */
    0xf, 0xf0, 0x7, 0xf8, 0x40, 0x30, 0x80, 0xc,
    0x3, 0x18, 0x0, 0x44, 0x1, 0xe7, 0x70, 0x2,
    0x20, 0x0, 0x44, 0x1, 0xc4, 0xc, 0xc4, 0x50,

    /* U+0022 "\"" */
    0xfb, 0xe, 0xc1, 0x10, 0x1b, 0x99, 0x80, 0x47,
    0x3, 0x9d, 0x60, 0x76, 0x80,

    /* U+0023 "#" */
    0x0, 0xc9, 0xe0, 0x16, 0xb0, 0x7, 0x8c, 0xc0,
    0x11, 0x28, 0x7, 0xb5, 0x80, 0x4, 0x4, 0x1,
    0x77, 0xf9, 0x55, 0xfe, 0xd0, 0xef, 0xf0, 0x6d,
    0xd8, 0x5e, 0xec, 0xc5, 0x77, 0x1, 0xa2, 0x7,
    0x11, 0x2, 0xc8, 0x90, 0x4, 0x20, 0xc0, 0x2,
    0x10, 0xf, 0x10, 0x18, 0x0, 0x48, 0x3, 0xcc,
    0x2, 0x0, 0x6f, 0x0, 0x97, 0xfd, 0x41, 0xff,
    0x14, 0x7f, 0xa5, 0x33, 0xa, 0x79, 0x8b, 0x9,
    0xcc, 0x40, 0x99, 0x85, 0x4c, 0xce, 0xe, 0x66,
    0x10, 0x9, 0xb8, 0x0, 0xc0, 0x20, 0x1e, 0x22,
    0x0, 0x8, 0x80, 0x18,

    /* U+0024 "$" */
    0x0, 0xe7, 0x50, 0xf, 0xe9, 0xd0, 0xf, 0x8d,
    0xc5, 0x18, 0x80, 0x35, 0x64, 0x1, 0xce, 0xd0,
    0x2, 0x14, 0xf3, 0xfa, 0xd0, 0x40, 0xc, 0x1a,
    0x60, 0x29, 0x76, 0x0, 0xc2, 0x1, 0xf9, 0x2,
    0x80, 0x3f, 0x40, 0xaf, 0x38, 0x80, 0x71, 0x7b,
    0xc, 0x74, 0x90, 0x6, 0x19, 0xe8, 0x26, 0xd6,
    0x0, 0xe1, 0x7d, 0x90, 0x93, 0x0, 0xf9, 0x9c,
    0x10, 0x3, 0xf7, 0x80, 0x4e, 0xa0, 0x18, 0xa4,
    0xc, 0x22, 0xbf, 0x2f, 0x34, 0x55, 0x3, 0x9c,
    0xcc, 0x86, 0x51, 0x40, 0x1, 0x8c, 0xb0, 0xed,
    0x70, 0xf, 0x8, 0x18, 0x6,

    /* U+0025 "%" */
    0x2, 0xbf, 0xe7, 0x0, 0xe9, 0xe1, 0x0, 0x7b,
    0xdc, 0x41, 0x80, 0x24, 0x6a, 0x10, 0x22, 0x7a,
    0x32, 0x68, 0x5, 0x2c, 0x80, 0x1, 0x0, 0xfd,
    0x27, 0x20, 0x11, 0x8c, 0x81, 0xa6, 0x2, 0x35,
    0x0, 0x75, 0x27, 0xe2, 0xb8, 0xd3, 0x20, 0x7,
    0x27, 0x6f, 0x50, 0x59, 0xc8, 0x7, 0xe2, 0x10,
    0x45, 0xe2, 0xbf, 0xd5, 0x0, 0xf0, 0xd3, 0x1f,
    0xbd, 0xad, 0x18, 0x7, 0x59, 0xc9, 0x97, 0xa4,
    0x15, 0x0, 0x65, 0x57, 0x3, 0x1, 0x0, 0x18,
    0x80, 0x21, 0xb7, 0x30, 0x60, 0x20, 0x3, 0x10,
    0x5, 0x47, 0x0, 0x3, 0x2f, 0x48, 0x2a, 0x0,
    0x2a, 0x70, 0x6, 0xf7, 0xb5, 0xa3,

    /* U+0026 "&" */
    0x0, 0x1d, 0xf7, 0xe2, 0x80, 0x78, 0xf1, 0x10,
    0xc5, 0x4c, 0x1, 0xd4, 0x17, 0x53, 0xe1, 0x40,
    0x1c, 0x60, 0x80, 0x1, 0x10, 0x7, 0xb4, 0x18,
    0x0, 0xe3, 0x40, 0x1c, 0xe5, 0x2d, 0x30, 0xcc,
    0x0, 0xf6, 0x14, 0xb4, 0x48, 0x1, 0x40, 0x33,
    0x90, 0x3, 0x80, 0xb, 0x4c, 0x0, 0x79, 0x4e,
    0x56, 0xb0, 0x90, 0x60, 0x28, 0x3b, 0x1a, 0x64,
    0xd3, 0x70, 0x3, 0x85, 0x80, 0x53, 0x4, 0x16,
    0x1, 0xac, 0x2, 0x1c, 0x0, 0x69, 0x2, 0x91,
    0xf5, 0xe7, 0x23, 0x58, 0xe1, 0x86, 0x39, 0xa1,
    0x25, 0x4a, 0x61, 0x90, 0xc, 0x6f, 0xf5, 0xa8,
    0x0, 0xf4, 0x40,

    /* U+0027 "'" */
    0x6f, 0x43, 0x7, 0x10, 0x17, 0x3, 0x27, 0x10,

    /* U+0028 "(" */
    0x0, 0xc2, 0x1, 0x97, 0x88, 0x0, 0x94, 0xc4,
    0x3, 0x47, 0x20, 0x9, 0x1f, 0x0, 0x98, 0x8c,
    0x0, 0x42, 0x80, 0x13, 0x86, 0x0, 0x44, 0xc,
    0x1, 0xc2, 0x1, 0xc2, 0x1, 0xce, 0x1, 0x10,
    0x10, 0x4, 0xe1, 0xe0, 0x11, 0x11, 0xc0, 0x35,
    0x8a, 0x80, 0x4c, 0x70, 0x1, 0xb8, 0xe8, 0x2,
    0x2d, 0x72, 0x0, 0x8f, 0x48,

    /* U+0029 ")" */
    0x1, 0x0, 0xef, 0x80, 0xd, 0x6e, 0xe0, 0x9,
    0x5a, 0x8, 0x2, 0x80, 0x90, 0x8, 0x55, 0x4,
    0x2, 0xf0, 0x70, 0x9, 0xc3, 0xc0, 0x22, 0x3,
    0x0, 0xe1, 0x0, 0xff, 0x84, 0x2, 0x20, 0x20,
    0x9, 0x3, 0x40, 0x2d, 0x4, 0x0, 0xa, 0x30,
    0x80, 0x2c, 0x60, 0x0, 0xeb, 0x42, 0x0, 0xaa,
    0x20, 0x5, 0xaa, 0x1, 0x0,

    /* U+002A "*" */
    0x0, 0x97, 0xd0, 0x2, 0x37, 0x6, 0x6, 0x8,
    0x2b, 0x8c, 0x0, 0xe, 0xba, 0xc6, 0x36, 0x6,
    0x26, 0xb8, 0x1e, 0x8, 0x16, 0x10, 0x2f, 0x5d,
    0x82, 0x6f, 0x99, 0x89, 0xac, 0xd, 0xc8, 0xa7,
    0x40, 0xe0, 0xc1, 0x46, 0x1, 0x2e, 0x28, 0x4,

    /* U+002B "+" */
    0x0, 0xd7, 0x40, 0x1f, 0x9c, 0x40, 0x3f, 0xf9,
    0x93, 0x38, 0x96, 0x66, 0x86, 0x6c, 0x22, 0x66,
    0xdf, 0xf8, 0xd3, 0xfe, 0xe0, 0xf, 0xfe, 0x90,

    /* U+002C "," */
    0x3e, 0xa0, 0x71, 0x50, 0x47, 0x30, 0x2, 0xc8,
    0x35, 0x28, 0x0,

    /* U+002D "-" */
    0x59, 0x9e, 0x2d, 0x66, 0xe7,

    /* U+002E "." */
    0x19, 0x50, 0x76, 0xa0, 0x51, 0x40,

    /* U+002F "/" */
    0x0, 0xc9, 0xea, 0x1, 0xb0, 0x10, 0x3, 0x29,
    0x88, 0x4, 0x24, 0x80, 0x19, 0x2, 0xc0, 0x37,
    0x81, 0x80, 0x64, 0x40, 0x6, 0x31, 0xd0, 0xc,
    0x80, 0x80, 0x1b, 0x8, 0x80, 0x19, 0x10, 0x1,
    0x90, 0x34, 0x3, 0x68, 0x20, 0x6, 0x43, 0x0,
    0xc2, 0x56, 0x1, 0x9c, 0x10, 0x3, 0x60, 0x98,
    0x6,

    /* U+0030 "0" */
    0x0, 0xc, 0x6f, 0xf4, 0x90, 0x6, 0x2c, 0x70,
    0x52, 0x6d, 0x40, 0xb, 0x8a, 0x36, 0xb2, 0x82,
    0x84, 0x10, 0xd1, 0xc0, 0x25, 0x61, 0x60, 0xe0,
    0xe0, 0xe, 0xa0, 0xb0, 0x70, 0x40, 0xe, 0x30,
    0x30, 0x30, 0x10, 0xf, 0x8, 0x7, 0xff, 0x8,
    0xc0, 0x40, 0x3c, 0x22, 0x7, 0x5, 0x0, 0xe3,
    0x5, 0xf, 0xf, 0x0, 0xe9, 0xd, 0x5, 0x24,
    0x70, 0x9, 0x94, 0x98, 0x1, 0xe3, 0x1b, 0x7b,
    0x23, 0xc0, 0x11, 0x7b, 0x82, 0x3, 0x79, 0x80,
    0x0,

    /* U+0031 "1" */
    0x0, 0xc, 0x7e, 0x80, 0x43, 0x1c, 0xe0, 0x1d,
    0x4e, 0x74, 0x1, 0xd1, 0x98, 0x50, 0xe, 0x33,
    0x0, 0x7f, 0xfe, 0x96, 0xee, 0x2, 0xbb, 0x31,
    0x22, 0x40, 0x4, 0x47, 0x80,

    /* U+0032 "2" */
    0x1, 0x7c, 0xff, 0x6c, 0x8, 0x0, 0xfa, 0x9,
    0xc, 0x9f, 0xc8, 0xd, 0x6f, 0xaf, 0x39, 0x6,
    0x0, 0x14, 0x80, 0x10, 0xc8, 0x20, 0x7, 0xe2,
    0x3, 0x0, 0xfc, 0xa0, 0x80, 0x1f, 0xd, 0x84,
    0x0, 0x78, 0xb0, 0x6c, 0x40, 0x38, 0xf0, 0xf1,
    0x0, 0x39, 0x70, 0xf0, 0xc0, 0x39, 0xe8, 0xf0,
    0x80, 0x3a, 0xa1, 0xb0, 0x40, 0x3a, 0x54, 0xa,
    0xef, 0xc8, 0x60, 0x4, 0x4f, 0x84,

    /* U+0033 "3" */
    0x0, 0x1d, 0x6f, 0xfb, 0x60, 0x40, 0x29, 0xc5,
    0x15, 0x32, 0x7f, 0x20, 0x6, 0xcf, 0xe5, 0x67,
    0x18, 0xd0, 0x1, 0x18, 0x3, 0xc, 0x80, 0x7f,
    0x86, 0x42, 0x80, 0x3a, 0x65, 0x7c, 0x18, 0x40,
    0x18, 0x59, 0x88, 0x2, 0x80, 0x1c, 0x3f, 0xee,
    0xb1, 0x89, 0x0, 0xf8, 0x53, 0x5, 0x84, 0x3,
    0xf9, 0x40, 0x80, 0x3f, 0x94, 0x8, 0x2d, 0x80,
    0x30, 0xd0, 0xa0, 0x92, 0xcf, 0xdd, 0x67, 0x29,
    0xd0, 0x17, 0x4a, 0x2a, 0x89, 0x27, 0x4, 0x0,

    /* U+0034 "4" */
    0x0, 0xf9, 0x3f, 0x80, 0x3f, 0x8a, 0x80, 0x3f,
    0xc3, 0xe6, 0x1, 0xfe, 0xa3, 0xf0, 0xf, 0xe9,
    0x4a, 0x20, 0xf, 0xce, 0xd2, 0x80, 0x1f, 0x92,
    0x1d, 0x80, 0x3f, 0x15, 0xa4, 0x0, 0x7f, 0x78,
    0x14, 0xce, 0x1, 0x99, 0x0, 0x90, 0x33, 0x70,
    0x1, 0x98, 0x3, 0xff, 0xf0, 0xf, 0xf8, 0x3,
    0xff, 0xb8,

    /* U+0035 "5" */
    0xa, 0xff, 0xfa, 0x80, 0x32, 0x2a, 0xf6, 0x0,
    0x68, 0xaa, 0xe6, 0x0, 0xff, 0xe2, 0x1b, 0x43,
    0x8, 0x7, 0x6e, 0x4b, 0xcf, 0xa0, 0x3, 0xc1,
    0x33, 0xf9, 0xc6, 0x80, 0xb, 0xf4, 0x60, 0x30,
    0x82, 0xa0, 0x1f, 0xb0, 0x8, 0x3, 0xf7, 0x80,
    0x7f, 0x90, 0xc, 0x20, 0x80, 0x34, 0x99, 0x21,
    0x3e, 0xea, 0xf3, 0xd8, 0x7c, 0xb, 0x14, 0xd0,
    0xc9, 0xfc, 0x80,

    /* U+0036 "6" */
    0x0, 0x9b, 0x3b, 0xf6, 0x4c, 0x0, 0x39, 0x24,
    0xa8, 0x2d, 0x0, 0xa, 0x38, 0xeb, 0xb6, 0x75,
    0x2, 0x21, 0xdc, 0x1, 0x84, 0x41, 0xa1, 0x40,
    0xb3, 0x26, 0x0, 0x90, 0x1b, 0xa9, 0x99, 0x3c,
    0x60, 0x61, 0x69, 0x9f, 0xac, 0x3a, 0x2, 0xf,
    0x46, 0x5, 0x28, 0x2c, 0x21, 0x20, 0x1d, 0xa1,
    0xc4, 0xa, 0x1, 0xc6, 0x0, 0x40, 0xe0, 0xe,
    0xc0, 0xd9, 0x5, 0x50, 0x4, 0xac, 0x2a, 0x34,
    0x15, 0x95, 0xb4, 0x3a, 0x0, 0x5c, 0x52, 0x50,
    0x6f, 0x30,

    /* U+0037 "7" */
    0x6f, 0xff, 0xe9, 0x24, 0x4f, 0x88, 0x5, 0x2e,
    0xfe, 0x10, 0xa0, 0xf, 0x94, 0xd4, 0x80, 0x3e,
    0x80, 0x80, 0xf, 0x94, 0x94, 0x80, 0x3e, 0x80,
    0x80, 0xf, 0x94, 0x94, 0x80, 0x3e, 0x80, 0x80,
    0xf, 0x94, 0x94, 0x80, 0x3e, 0x80, 0x80, 0xf,
    0x94, 0x94, 0x80, 0x3e, 0x80, 0x80, 0xf, 0x94,
    0x94, 0x80, 0x38,

    /* U+0038 "8" */
    0x0, 0x3e, 0x7f, 0xba, 0x90, 0x2, 0xc8, 0x24,
    0x52, 0x5b, 0x60, 0x53, 0x4e, 0xba, 0xcc, 0x4,
    0x0, 0x58, 0x1, 0x8c, 0x2, 0x52, 0x86, 0x21,
    0x4b, 0x8, 0x0, 0x6a, 0x4e, 0xf5, 0xa5, 0x30,
    0x2, 0x91, 0x13, 0x4e, 0x14, 0x80, 0xca, 0xd6,
    0xcb, 0x1a, 0x14, 0x16, 0x10, 0x1, 0x89, 0xc5,
    0x48, 0x4, 0x3, 0xb8, 0x8, 0x80, 0x40, 0x1d,
    0xe0, 0x54, 0x1c, 0x20, 0x12, 0xb0, 0xab, 0xa1,
    0xf6, 0x56, 0xd0, 0x50, 0x2, 0xe4, 0xc9, 0x41,
    0xb5, 0x0,

    /* U+0039 "9" */
    0x0, 0x2d, 0xf7, 0xec, 0x0, 0x6b, 0xa4, 0x54,
    0x37, 0xd1, 0x7, 0x43, 0xeb, 0xb7, 0x31, 0x58,
    0x50, 0x68, 0x80, 0x52, 0x4a, 0x24, 0x2, 0x1,
    0xca, 0x8, 0x40, 0x40, 0x1c, 0x21, 0xaa, 0x1e,
    0x80, 0x29, 0x8c, 0x3, 0xa, 0x57, 0xfd, 0x61,
    0x0, 0x21, 0x56, 0xea, 0xf9, 0x80, 0x7, 0x0,
    0x12, 0x2a, 0xc, 0x34, 0x14, 0x3, 0xe2, 0x51,
    0x30, 0x50, 0xc, 0x5e, 0x16, 0xf, 0x5f, 0x95,
    0x9a, 0x4e, 0xa0, 0xd0, 0x64, 0xa4, 0xb7, 0x0,
    0x0,

    /* U+003A ":" */
    0x3e, 0xa0, 0x51, 0x50, 0x76, 0xa0, 0x19, 0x50,
    0xf, 0xfe, 0x28, 0xca, 0x83, 0xb5, 0x2, 0x8a,
    0x80,

    /* U+003B ";" */
    0x1d, 0xd0, 0x11, 0x63, 0x78, 0x20, 0x87, 0x0,
    0xff, 0xe3, 0x19, 0x1, 0x66, 0x81, 0x90, 0x8,
    0xac, 0x84, 0x57, 0x20, 0x72, 0x80,

    /* U+003C "<" */
    0x0, 0xfc, 0x40, 0x1f, 0x1e, 0x68, 0x7, 0xc,
    0xe0, 0xd0, 0x6, 0x7e, 0x68, 0xd5, 0x0, 0x26,
    0xc3, 0x73, 0x80, 0x4f, 0x63, 0x92, 0x20, 0x18,
    0x40, 0x3f, 0x9b, 0x3, 0x28, 0x40, 0x38, 0xf2,
    0x53, 0x9c, 0x3, 0xcd, 0xcf, 0x1c, 0xa0, 0x1e,
    0x8d, 0x5b, 0x10, 0xf, 0x15, 0xe0, 0x80,

    /* U+003D "=" */
    0x88, 0xfe, 0x77, 0xff, 0x4f, 0xff, 0xf7, 0x0,
    0x7f, 0xa2, 0x3f, 0x9d, 0xff, 0xd2,

    /* U+003E ">" */
    0x2, 0x0, 0xfc, 0x3b, 0x64, 0x1, 0xe1, 0x95,
    0xd9, 0x0, 0xf3, 0x7b, 0xb7, 0x30, 0x7, 0xc,
    0x6a, 0x4e, 0x18, 0x7, 0x15, 0x60, 0x63, 0x0,
    0x79, 0xc4, 0xc, 0x3, 0xd, 0x58, 0xe2, 0x80,
    0x51, 0xc9, 0x58, 0x60, 0x5, 0xe7, 0x77, 0x28,
    0x4, 0x34, 0xbb, 0x0, 0x1c, 0x3b, 0x64, 0x1,
    0xe0,

    /* U+003F "?" */
    0x2, 0x9d, 0xff, 0x5a, 0x80, 0x7, 0x59, 0xa4,
    0x45, 0x38, 0xd, 0x75, 0xcd, 0xe0, 0x40, 0x1,
    0x44, 0x2, 0x32, 0x1, 0x0, 0xf0, 0x91, 0x88,
    0x7, 0x16, 0xf, 0x0, 0x71, 0x61, 0xe1, 0x0,
    0x77, 0xe, 0x10, 0x7, 0x11, 0xb9, 0x0, 0x79,
    0x8b, 0x0, 0x3e, 0x4d, 0x40, 0xf, 0x8e, 0x48,
    0x3, 0xe8, 0x68, 0x0, 0xfb, 0x3, 0x0, 0x30,

    /* U+0040 "@" */
    0x0, 0xfe, 0x10, 0xf, 0xfe, 0x1, 0xd7, 0x7f,
    0x7e, 0xc1, 0x0, 0x7d, 0x38, 0x8f, 0x35, 0x28,
    0xda, 0xc0, 0x1d, 0x8d, 0x1d, 0x2c, 0xad, 0x3c,
    0xb2, 0xa0, 0x14, 0x9d, 0x38, 0x7, 0xd4, 0x74,
    0x0, 0x36, 0x62, 0x80, 0xcf, 0xfd, 0x82, 0x10,
    0xc, 0x14, 0x16, 0x0, 0xc6, 0x8b, 0x53, 0x0,
    0x20, 0x78, 0x39, 0x90, 0x39, 0x5b, 0xa1, 0x0,
    0x80, 0x4, 0x80, 0x58, 0x1, 0x84, 0x80, 0x2,
    0x20, 0x6, 0x11, 0x1, 0x80, 0x18, 0x40, 0x26,
    0x60, 0x4, 0x24, 0x20, 0x60, 0x6, 0x10, 0x8,
    0x44, 0x0, 0x60, 0xc0, 0x17, 0x0, 0x61, 0x39,
    0x41, 0x21, 0x24, 0x22, 0x1, 0xc8, 0x80, 0xe7,
    0x1a, 0xb0, 0x3b, 0x6b, 0x40, 0xa, 0x9, 0x0,
    0x66, 0x5a, 0xfd, 0x7b, 0x62, 0x0, 0x37, 0x4a,
    0x0, 0x19, 0x80, 0x2, 0x84, 0x1, 0xd0, 0xcb,
    0xce, 0x84, 0x6b, 0x0, 0x1f, 0xa6, 0xd6, 0x2f,
    0x72, 0x98, 0x80, 0x3f, 0x25, 0xf6, 0x5e, 0x6f,
    0x10, 0x6,

    /* U+0041 "A" */
    0x0, 0xe7, 0xff, 0x8, 0x7, 0xfa, 0x80, 0xc,
    0x1, 0xfc, 0x64, 0xe3, 0x40, 0x1f, 0xd4, 0x14,
    0xc4, 0x60, 0x1f, 0x9c, 0xca, 0xc2, 0x80, 0x3e,
    0x51, 0xb0, 0x32, 0x70, 0xf, 0xb8, 0x18, 0x0,
    0xa2, 0xa0, 0x1c, 0x28, 0x62, 0x0, 0xa0, 0xe0,
    0xe, 0x70, 0xa0, 0x8, 0x88, 0x82, 0x1, 0xa8,
    0x27, 0xff, 0x10, 0x30, 0x4, 0x46, 0x4c, 0xde,
    0xa, 0x0, 0xa8, 0x2e, 0x67, 0xc6, 0x46, 0x0,
    0x60, 0x60, 0xf, 0x50, 0x50, 0x20, 0xa8, 0x7,
    0xce, 0xe, 0x0,

    /* U+0042 "B" */
    0x3f, 0xfe, 0xea, 0x30, 0xc, 0x2c, 0xc5, 0x35,
    0xc4, 0x0, 0x96, 0x65, 0x5b, 0x1, 0xe0, 0x1f,
    0x98, 0x1c, 0x3, 0xf1, 0x2, 0x80, 0x7c, 0x9c,
    0x30, 0x1, 0x27, 0xfd, 0x65, 0x62, 0x1, 0x13,
    0xbc, 0xc3, 0x54, 0x0, 0x9a, 0x22, 0x9e, 0x45,
    0x50, 0x7, 0xee, 0xf, 0x0, 0xff, 0xe3, 0xc,
    0x86, 0x80, 0x16, 0xaa, 0xbe, 0x32, 0x70, 0x0,
    0xaa, 0xe3, 0x9d, 0x0,

    /* U+0043 "C" */
    0x0, 0x92, 0xb7, 0xfd, 0x90, 0x40, 0x15, 0x5a,
    0x99, 0x88, 0xdf, 0x0, 0x12, 0xa3, 0x7d, 0x9b,
    0xf5, 0x60, 0x6c, 0x1e, 0x80, 0x19, 0x54, 0x14,
    0x10, 0x20, 0x1f, 0x94, 0x10, 0x3, 0xf8, 0x40,
    0x80, 0x3f, 0x8c, 0x4, 0x3, 0xf8, 0x80, 0x80,
    0x3f, 0x94, 0x10, 0x3, 0xfa, 0x82, 0x4, 0x3,
    0xf1, 0xb0, 0xe1, 0x80, 0x66, 0xc0, 0x4, 0xa9,
    0x67, 0x66, 0x3e, 0x48, 0xc0, 0x15, 0x6a, 0x6,
    0x47, 0x1e, 0x60,

    /* U+0044 "D" */
    0x3f, 0xfe, 0xd9, 0x30, 0xe, 0x14, 0x41, 0x99,
    0xb2, 0x0, 0x32, 0xdd, 0xb3, 0xac, 0x9d, 0xc0,
    0x1f, 0x93, 0x6, 0x4, 0x3, 0xf0, 0xb0, 0x30,
    0x7, 0xf6, 0x6, 0x80, 0x7f, 0x30, 0x30, 0x7,
    0xf0, 0x83, 0x80, 0x7f, 0x30, 0x8, 0x7, 0xf6,
    0x6, 0x0, 0x7e, 0x26, 0x6, 0x0, 0xf9, 0x70,
    0x28, 0x2, 0x5c, 0xc6, 0xfd, 0xc, 0xa8, 0x4,
    0x26, 0x62, 0x23, 0xeb, 0x0, 0x0,

    /* U+0045 "E" */
    0x3f, 0xff, 0xd6, 0x0, 0x15, 0x5f, 0x60, 0x1,
    0x6a, 0xbc, 0xe0, 0x1f, 0xfd, 0x44, 0xff, 0xee,
    0x0, 0x85, 0x13, 0x9c, 0x2, 0x5b, 0xbe, 0x90,
    0xf, 0xfe, 0xaa, 0xdd, 0xfa, 0x0, 0x2, 0x89,
    0xe3,

    /* U+0046 "F" */
    0x3f, 0xff, 0xc0, 0x10, 0xaa, 0xf8, 0x2, 0x5a,
    0xaf, 0x0, 0x7f, 0xf5, 0x56, 0xab, 0x88, 0x2,
    0x15, 0x5e, 0x10, 0x9, 0x3f, 0xf8, 0xc0, 0x3f,
    0xfc, 0xe0,

    /* U+0047 "G" */
    0x0, 0x8e, 0xb7, 0xfd, 0x90, 0x20, 0x14, 0xe2,
    0x99, 0xe7, 0xe4, 0x8, 0x62, 0xce, 0xcc, 0x7d,
    0xa2, 0x93, 0x8e, 0x18, 0x6, 0x4b, 0x1a, 0x9,
    0x10, 0xf, 0xc8, 0xa, 0x1, 0xfc, 0x20, 0x60,
    0x17, 0xff, 0x8c, 0x3, 0x99, 0xb0, 0x0, 0x80,
    0x80, 0x29, 0x9c, 0x20, 0xa1, 0x60, 0x1f, 0xd4,
    0xe, 0x40, 0x1f, 0x8d, 0x83, 0x10, 0x2, 0x19,
    0x11, 0x4, 0xa8, 0xdf, 0x66, 0xf3, 0xe, 0x80,
    0x2a, 0xd4, 0xc, 0xe9, 0xe3,

    /* U+0048 "H" */
    0x3f, 0xb0, 0xf, 0xb7, 0xc0, 0x3f, 0xfe, 0x49,
    0xff, 0xf1, 0x0, 0x42, 0xab, 0xf0, 0x6, 0x5a,
    0xaf, 0x88, 0x3, 0xff, 0xe2,

    /* U+0049 "I" */
    0x3f, 0xb0, 0xf, 0xfe, 0xd8,

    /* U+004A "J" */
    0x0, 0xee, 0xf0, 0xf, 0xff, 0x88, 0x88, 0x3,
    0x10, 0x18, 0x4, 0x3c, 0x9, 0x19, 0xbc, 0x63,
    0x4, 0x64, 0x46, 0xf1,

    /* U+004B "K" */
    0x3f, 0xb0, 0xe, 0xaf, 0xa0, 0xf, 0xd0, 0xa9,
    0x40, 0x1f, 0x3b, 0x8e, 0xc0, 0x3e, 0x58, 0x3c,
    0x0, 0xf9, 0x28, 0xb4, 0x3, 0xe3, 0xb2, 0xc1,
    0x0, 0xf3, 0x68, 0x40, 0x80, 0x7c, 0x42, 0x16,
    0x20, 0x1f, 0xb1, 0x87, 0x0, 0x3e, 0x43, 0x94,
    0x2b, 0x0, 0xfe, 0xb2, 0x49, 0x0, 0xfe, 0xc1,
    0x67, 0x0, 0xfc, 0x3a, 0x10, 0xa0, 0x1f, 0x8e,
    0xc2, 0x8c,

    /* U+004C "L" */
    0x3f, 0xb0, 0xf, 0xff, 0xf8, 0x7, 0xff, 0x81,
    0x6e, 0xfc, 0x80, 0x1, 0x44, 0xf1, 0x0,

    /* U+004D "M" */
    0x3f, 0xe0, 0xf, 0xe4, 0xff, 0x0, 0x5, 0x80,
    0x3f, 0x78, 0x7, 0x58, 0x7, 0xc2, 0x80, 0x1c,
    0x48, 0x1, 0xe9, 0x0, 0xe5, 0xf, 0x0, 0xf3,
    0x21, 0x0, 0x46, 0xc8, 0x40, 0x19, 0x87, 0xc0,
    0x3a, 0xc2, 0xc0, 0x35, 0x92, 0x0, 0x71, 0x2b,
    0x8, 0x0, 0xca, 0xc0, 0x3e, 0x90, 0x90, 0x4,
    0x8b, 0x0, 0x7c, 0x66, 0x60, 0x15, 0x60, 0xf,
    0xe9, 0x16, 0x90, 0x90, 0xf, 0xe5, 0x1b, 0x65,
    0x10, 0xf, 0xf4, 0x90, 0xc8, 0x7, 0xfc, 0xe0,
    0x66, 0x0, 0xe0,

    /* U+004E "N" */
    0x3f, 0xc0, 0xf, 0xaf, 0xcc, 0x0, 0x70, 0x1,
    0xff, 0xc0, 0x74, 0x0, 0xff, 0x10, 0x50, 0x80,
    0x7f, 0x34, 0x8d, 0x0, 0x7f, 0x99, 0x51, 0xc0,
    0x3f, 0xd6, 0x30, 0x60, 0x1f, 0xc3, 0xa1, 0xc0,
    0x1f, 0xe3, 0x82, 0xa0, 0xf, 0xf3, 0xa2, 0xb0,
    0x7, 0xfa, 0x86, 0x58, 0x3, 0xf8, 0x68, 0x8,
    0x3, 0xfc, 0x8e, 0x1, 0xff, 0xc0, 0x83, 0x0,
    0x0,

    /* U+004F "O" */
    0x0, 0x8e, 0x77, 0xfb, 0x1c, 0x40, 0x3a, 0x31,
    0x8c, 0xf4, 0x7a, 0x0, 0x50, 0xe3, 0x7d, 0x9b,
    0xce, 0x36, 0x40, 0x4e, 0x18, 0x80, 0x10, 0xc3,
    0x84, 0x85, 0x3, 0x90, 0x7, 0xa0, 0x50, 0x90,
    0x2c, 0x3, 0xf3, 0x83, 0x88, 0x10, 0x7, 0xee,
    0x2, 0x0, 0xff, 0xe1, 0x8, 0x10, 0x7, 0xee,
    0x2, 0x40, 0xb0, 0xf, 0xce, 0x9, 0x40, 0xe4,
    0x1, 0xe8, 0x14, 0x12, 0x80, 0xc4, 0x0, 0x86,
    0x5c, 0x64, 0x0, 0xee, 0x1b, 0xec, 0xde, 0x61,
    0xd2, 0x0, 0xa3, 0x18, 0xcf, 0x47, 0x18, 0x0,

    /* U+0050 "P" */
    0x3f, 0xfe, 0xd9, 0x20, 0xc, 0x2a, 0xa4, 0x36,
    0xc2, 0x0, 0x96, 0xa9, 0x7c, 0xc3, 0x20, 0x1f,
    0xa0, 0x10, 0x3, 0xf0, 0x80, 0x7f, 0x8c, 0x8,
    0x3, 0xc2, 0x9a, 0x16, 0x1, 0x27, 0xfb, 0xac,
    0x5d, 0x80, 0x21, 0x55, 0x9f, 0x60, 0x3, 0x2d,
    0x55, 0x4, 0x1, 0xff, 0xe3,

    /* U+0051 "Q" */
    0x0, 0x8e, 0x77, 0xfb, 0x1c, 0x40, 0x3a, 0x31,
    0x8c, 0xf4, 0x7a, 0x0, 0x50, 0xe3, 0x7d, 0x9b,
    0xce, 0x36, 0x40, 0x4e, 0x18, 0x80, 0x10, 0xc3,
    0x84, 0x85, 0x3, 0x90, 0x7, 0xa0, 0x50, 0x90,
    0x2c, 0x3, 0xf3, 0x83, 0x88, 0x10, 0x7, 0xee,
    0x2, 0x0, 0xff, 0xe1, 0x8, 0x10, 0x7, 0xee,
    0x1, 0x40, 0xb0, 0xf, 0xce, 0x9, 0x40, 0xe4,
    0x1, 0xe8, 0x14, 0x22, 0x40, 0x62, 0x0, 0x43,
    0x2e, 0x32, 0x0, 0x77, 0xd, 0xf6, 0x6f, 0x31,
    0x61, 0x0, 0x51, 0x8c, 0x66, 0x20, 0x4d, 0x20,
    0xe, 0x39, 0xdf, 0xc3, 0x4d, 0x60, 0xf, 0xe3,
    0xcb, 0x9, 0xe3, 0x0, 0xfe, 0x4d, 0x92, 0x30,
    0xf, 0xf9, 0xb0, 0x0,

    /* U+0052 "R" */
    0x3f, 0xff, 0x63, 0x80, 0x70, 0xaa, 0xc6, 0x68,
    0xb0, 0xc, 0xb5, 0x56, 0x68, 0xa2, 0x80, 0x7e,
    0x29, 0xc, 0x0, 0xfe, 0x20, 0xf, 0xfb, 0x3,
    0xc0, 0x3e, 0x17, 0x61, 0x70, 0x9, 0x3f, 0xee,
    0x81, 0xd1, 0x0, 0x85, 0x56, 0x0, 0x79, 0x80,
    0x65, 0xaa, 0x9c, 0x24, 0x3, 0xfa, 0x5, 0xc8,
    0x3, 0xfa, 0xc2, 0x40, 0x3f, 0x95, 0x10, 0xa0,
    0x1f, 0xd2, 0x16, 0x20,

    /* U+0053 "S" */
    0x0, 0xa3, 0x7f, 0xdb, 0x22, 0x0, 0x1d, 0x73,
    0x55, 0xb, 0x71, 0x4, 0x92, 0xf5, 0x53, 0x31,
    0x4, 0x6, 0x12, 0x1, 0x8d, 0xc0, 0x4, 0x8,
    0x1, 0xfa, 0xc2, 0x28, 0x80, 0x3c, 0x5a, 0x8b,
    0xb8, 0xa0, 0x1c, 0x57, 0x8c, 0x55, 0xc8, 0x1,
    0xc7, 0x3d, 0x3, 0x66, 0x1, 0xf3, 0xc8, 0x50,
    0x7, 0xe3, 0x3, 0x8, 0x61, 0x0, 0x8a, 0x3,
    0x1, 0xa7, 0xb7, 0x37, 0x44, 0x8c, 0x1f, 0x28,
    0x67, 0xa6, 0xc0,

    /* U+0054 "T" */
    0x9f, 0xff, 0xf3, 0xfa, 0xae, 0x0, 0x2a, 0xe3,
    0x6a, 0xac, 0x5, 0x55, 0x90, 0x3, 0xff, 0xfe,
    0x1, 0xff, 0xed,

    /* U+0055 "U" */
    0x3f, 0xb0, 0xf, 0x2f, 0xc0, 0x7, 0xff, 0xfc,
    0x3, 0xf8, 0x40, 0x3f, 0xf8, 0x2e, 0x1, 0xe3,
    0xf, 0x20, 0x31, 0x0, 0xed, 0x2, 0x6, 0xd,
    0x20, 0xa, 0x10, 0x54, 0x20, 0xcd, 0xbd, 0xbe,
    0xe1, 0x40, 0x1, 0xc8, 0x31, 0x22, 0x36, 0xa0,
    0x0,

    /* U+0056 "V" */
    0x8f, 0x80, 0xf, 0x87, 0xf8, 0x24, 0x18, 0x3,
    0xe6, 0x7, 0x1, 0x41, 0x40, 0xf, 0x58, 0x50,
    0x3, 0x83, 0x80, 0x38, 0x8c, 0x8c, 0x0, 0xa0,
    0xa0, 0x1d, 0x41, 0x60, 0x19, 0x81, 0x40, 0x32,
    0x83, 0x80, 0x6a, 0xe, 0x0, 0x8c, 0x94, 0x40,
    0x31, 0x92, 0x8, 0x2, 0x83, 0x80, 0x3d, 0x40,
    0xc0, 0x7, 0x14, 0x0, 0xf3, 0x5, 0x2, 0xb,
    0x0, 0x7c, 0x28, 0x44, 0xe0, 0xa0, 0xf, 0xdc,
    0x16, 0xa6, 0x40, 0x1f, 0x94, 0x58, 0x28, 0x3,
    0xfc, 0xc0, 0x7, 0x0, 0xe0,

    /* U+0057 "W" */
    0x8f, 0x70, 0xf, 0x7f, 0x80, 0x3c, 0xfe, 0xf6,
    0x18, 0x1, 0xca, 0x0, 0x50, 0xe, 0xc0, 0x53,
    0x14, 0x0, 0xec, 0x0, 0x60, 0x7, 0x21, 0x10,
    0x1c, 0x14, 0x3, 0x3a, 0x13, 0x80, 0x64, 0x5,
    0x0, 0x60, 0x60, 0x4, 0x63, 0xaa, 0x26, 0x1,
    0x68, 0x58, 0x1, 0x41, 0xc0, 0x2b, 0x7, 0xb0,
    0x40, 0x9, 0x4, 0xc0, 0x24, 0x12, 0x0, 0x29,
    0x89, 0x8d, 0x80, 0x8, 0x8e, 0x1, 0xb4, 0x14,
    0x8, 0x96, 0x0, 0x73, 0x10, 0x50, 0xd0, 0xc,
    0xe1, 0x80, 0xa0, 0xa0, 0xd, 0x7, 0xc, 0x4,
    0x0, 0xc2, 0x68, 0x16, 0x24, 0x0, 0x40, 0xc0,
    0x45, 0x0, 0xf5, 0x83, 0x1b, 0x80, 0x65, 0x58,
    0x3c, 0x3, 0xca, 0x10, 0x1a, 0x1, 0xbc, 0x20,
    0x10, 0x3, 0xc4, 0x41, 0x4, 0x0, 0xc8, 0x4,
    0x62, 0x1, 0xf2, 0x82, 0x80, 0x70, 0x98, 0x58,
    0x6,

    /* U+0058 "X" */
    0x2f, 0xf1, 0x80, 0x75, 0x7d, 0x81, 0x40, 0x70,
    0x6, 0x55, 0xd, 0x0, 0x1c, 0xc9, 0xc0, 0x2b,
    0xa, 0x10, 0xb, 0x42, 0x8, 0x24, 0x5d, 0x0,
    0x30, 0xd0, 0x49, 0xb1, 0xc0, 0x7, 0x95, 0x49,
    0x81, 0xc0, 0x1f, 0xac, 0x1, 0x4, 0x1, 0xf9,
    0x0, 0x14, 0x1, 0xf8, 0x6c, 0x58, 0xa8, 0x3,
    0xeb, 0x1b, 0x92, 0x55, 0x0, 0x72, 0xa9, 0x14,
    0x38, 0x28, 0x40, 0x21, 0xb0, 0x90, 0x1, 0xc0,
    0x68, 0x5, 0x43, 0x4, 0x1, 0x39, 0x9a, 0x1,
    0x90, 0x9c, 0x3, 0xb8, 0x1c, 0xc0,

    /* U+0059 "Y" */
    0x6f, 0xc0, 0xf, 0x3f, 0xd3, 0x11, 0xa8, 0x6,
    0x19, 0xb, 0x9, 0x8, 0x0, 0xd2, 0x30, 0x20,
    0x8a, 0x4c, 0x0, 0x27, 0x27, 0x0, 0xa0, 0x20,
    0x1, 0x1, 0x0, 0x18, 0x9c, 0x60, 0xd5, 0x14,
    0x3, 0xa0, 0x5f, 0xc2, 0x40, 0x3e, 0xb0, 0x36,
    0x20, 0xf, 0x94, 0x82, 0x0, 0x3f, 0xfe, 0x80,

    /* U+005A "Z" */
    0xa, 0xff, 0xfe, 0x20, 0xc5, 0x5f, 0x20, 0x0,
    0xc1, 0xaa, 0xbc, 0x21, 0x42, 0x1, 0xf3, 0x2b,
    0x28, 0x7, 0xc7, 0x25, 0x20, 0x1f, 0xb8, 0x3c,
    0x3, 0xf5, 0x14, 0x90, 0x7, 0xcc, 0xaa, 0x60,
    0xf, 0x8a, 0x4a, 0x80, 0x3f, 0x78, 0x70, 0x7,
    0xe9, 0x28, 0x30, 0xf, 0x95, 0x91, 0xc0, 0x3f,
    0x50, 0x2, 0xab, 0xe5, 0x10, 0x2, 0x2a, 0xfd,
    0xa0,

    /* U+005B "[" */
    0x1, 0x1a, 0x3b, 0x98, 0x0, 0xa9, 0x0, 0x2a,
    0x0, 0x7f, 0xfa, 0x88, 0x40, 0x1b, 0x95, 0x76,
    0x90,

    /* U+005C "\\" */
    0xae, 0x0, 0xec, 0x13, 0x0, 0xce, 0x8, 0x1,
    0x84, 0xac, 0x3, 0x90, 0xc0, 0x3b, 0x41, 0x0,
    0x32, 0x6, 0x80, 0x72, 0x20, 0x3, 0xb0, 0x88,
    0x1, 0x90, 0x10, 0x3, 0x18, 0xe8, 0x7, 0x22,
    0x0, 0x3b, 0xc0, 0xc0, 0x32, 0x5, 0x80, 0x61,
    0x24, 0x0, 0xe5, 0x31, 0x0, 0xd8, 0x8,

    /* U+005D "]" */
    0x11, 0x83, 0xba, 0x6b, 0x90, 0x2, 0x28, 0x7,
    0xff, 0xa8, 0x5c, 0x1, 0xd6, 0x0, 0xbb, 0x9c,

    /* U+005E "^" */
    0x0, 0xd1, 0xfa, 0x1, 0xf8, 0xdc, 0x49, 0xc0,
    0x3e, 0xe0, 0xc3, 0x82, 0x0, 0xe7, 0x28, 0x2e,
    0xe, 0x0, 0xc5, 0x6, 0xe0, 0x4e, 0x6c, 0x1,
    0x70, 0x78, 0x5, 0x5, 0x22, 0xc, 0x6e, 0x60,
    0x1b, 0x82, 0x80,

    /* U+005F "_" */
    0x12, 0x2f, 0xf0, 0xd6, 0xef, 0xfb, 0x22, 0xab,
    0xfd, 0x20,

    /* U+0060 "`" */
    0x7, 0x82, 0x0, 0x1b, 0xc8, 0x1, 0x2d, 0x10,

    /* U+0061 "a" */
    0x0, 0x25, 0xf7, 0xec, 0x88, 0x4, 0x96, 0xce,
    0xc0, 0xd8, 0x1, 0x25, 0x6c, 0xcb, 0x4c, 0x90,
    0x2, 0x50, 0xd, 0x40, 0x40, 0x1f, 0x8c, 0x4,
    0x2, 0x7d, 0xff, 0xac, 0x3, 0x54, 0x3d, 0x5d,
    0x20, 0x6, 0x53, 0xa5, 0x45, 0xf0, 0xf, 0xf7,
    0x0, 0x65, 0x3b, 0x78, 0xe6, 0xb, 0x40, 0xa6,
    0x58, 0x59, 0xd5, 0x33, 0x0,

    /* U+0062 "b" */
    0x6f, 0x60, 0xf, 0xff, 0x3, 0x67, 0xf4, 0x88,
    0x6, 0xb9, 0x5, 0x6, 0xc0, 0xc, 0x57, 0x95,
    0xc8, 0x50, 0x1, 0x42, 0x0, 0x52, 0xa, 0x1,
    0x8, 0x6, 0x21, 0x20, 0xf, 0xe2, 0x0, 0xff,
    0x10, 0x7, 0xf1, 0x8a, 0x0, 0x54, 0x1, 0xf,
    0x87, 0x0, 0x45, 0xd5, 0x4f, 0x35, 0x50, 0x0,
    0x7d, 0xd1, 0x4e, 0x28, 0x0,

    /* U+0063 "c" */
    0x0, 0x97, 0x3b, 0xf1, 0xc0, 0x29, 0xa3, 0x45,
    0x18, 0x80, 0x2b, 0x1f, 0x55, 0x36, 0xe0, 0x24,
    0x38, 0x40, 0x24, 0x0, 0x19, 0x10, 0x3, 0xc2,
    0x2, 0x1, 0xf0, 0x80, 0x80, 0x7e, 0x32, 0x30,
    0xf, 0xa4, 0x38, 0x40, 0x24, 0x30, 0x56, 0x2e,
    0xba, 0xdb, 0x80, 0x4, 0xd1, 0xaa, 0x82, 0x2c,

    /* U+0064 "d" */
    0x0, 0xfc, 0xfe, 0xa0, 0x1f, 0xfd, 0x87, 0xdf,
    0xe9, 0xf0, 0xd, 0x70, 0x68, 0xac, 0xe0, 0x13,
    0x21, 0xf5, 0xdb, 0x4c, 0x2, 0xa0, 0xe0, 0x8,
    0xac, 0x2, 0x32, 0x20, 0x7, 0xc2, 0x2, 0x1,
    0xf8, 0x40, 0x40, 0x3f, 0x88, 0xa0, 0xf, 0xd4,
    0x1c, 0x20, 0x3, 0x90, 0x9, 0xcc, 0xdd, 0x79,
    0x83, 0x0, 0xd8, 0xe4, 0x83, 0x1a, 0x0,

    /* U+0065 "e" */
    0x0, 0x9b, 0x3f, 0xac, 0xc0, 0x35, 0x48, 0xb3,
    0xae, 0x20, 0x1, 0x95, 0x5b, 0x32, 0xf1, 0x90,
    0x5, 0x5, 0x80, 0x42, 0xc4, 0x60, 0x64, 0x2,
    0x3b, 0x41, 0x44, 0xb, 0xbb, 0xa8, 0x0, 0x20,
    0x57, 0x7f, 0x38, 0x19, 0x2a, 0x27, 0x84, 0x28,
    0x2c, 0x3, 0xa, 0x80, 0x19, 0x55, 0xd5, 0x17,
    0xd6, 0x20, 0xa, 0x92, 0x57, 0x67, 0xf1,

    /* U+0066 "f" */
    0x0, 0x85, 0x9d, 0x80, 0x23, 0xe9, 0x8b, 0x0,
    0xa4, 0x27, 0xf0, 0x2, 0x60, 0x70, 0x10, 0xf,
    0xe5, 0xf3, 0xe, 0xfa, 0x7, 0x61, 0x6, 0x67,
    0x81, 0x49, 0x4, 0x4a, 0x80, 0x7f, 0xfd, 0x40,

    /* U+0067 "g" */
    0x0, 0x97, 0x3f, 0xd6, 0x7b, 0x0, 0x9, 0xa3,
    0x32, 0x2e, 0x10, 0x1, 0x58, 0xb7, 0x2f, 0x90,
    0x2, 0x90, 0xe2, 0x0, 0xbc, 0x2, 0x31, 0x30,
    0xf, 0x84, 0xc, 0x3, 0xf0, 0x81, 0x80, 0x7f,
    0x10, 0x90, 0x7, 0xea, 0xe, 0x10, 0x1, 0x48,
    0x4, 0xe6, 0x6e, 0xbb, 0x69, 0x0, 0x6c, 0x82,
    0x45, 0x6b, 0xf, 0x0, 0x9f, 0x7f, 0xa4, 0x40,
    0x40, 0x6, 0x1, 0x86, 0x41, 0xc0, 0x73, 0xf2,
    0xaf, 0x8d, 0xc4, 0x7, 0x14, 0x95, 0xe, 0xa0,
    0x0,

    /* U+0068 "h" */
    0x6f, 0x60, 0xf, 0xfe, 0xe2, 0x67, 0xf4, 0x88,
    0x5, 0xb6, 0x28, 0xd, 0x40, 0x12, 0x4e, 0xdf,
    0x92, 0x10, 0x1, 0x98, 0x0, 0x15, 0x7, 0x0,
    0x78, 0x6, 0xf0, 0xf, 0xff, 0x90,

    /* U+0069 "i" */
    0x6f, 0x7e, 0xd, 0x8a, 0xb5, 0xa6, 0x0, 0xff,
    0xe9, 0x0,

    /* U+006A "j" */
    0x0, 0x8f, 0xa8, 0x2, 0x61, 0x70, 0x9, 0x6f,
    0xc0, 0x22, 0xb8, 0x0, 0xff, 0xfc, 0xb8, 0x11,
    0x2a, 0xa0, 0xb6, 0x45, 0x3b, 0x30,

    /* U+006B "k" */
    0x6f, 0x60, 0xf, 0xfe, 0xfd, 0x7b, 0x80, 0x79,
    0xd5, 0x9c, 0x3, 0x92, 0x12, 0x40, 0x38, 0xac,
    0xac, 0x3, 0x87, 0xc3, 0xc0, 0x3d, 0x4, 0x16,
    0x1, 0xf5, 0x13, 0x20, 0x7, 0x3a, 0xf0, 0x50,
    0x80, 0x6e, 0x3, 0x81, 0xa0, 0xf, 0x9d, 0x10,
    0xe0, 0x1f, 0x50, 0xc1, 0x80,

    /* U+006C "l" */
    0x6f, 0x60, 0xf, 0xfe, 0xf0,

    /* U+006D "m" */
    0x6f, 0x16, 0xdf, 0xd6, 0x2, 0xbf, 0xe9, 0x10,
    0xa, 0xe4, 0x50, 0xa5, 0xf5, 0x54, 0x6d, 0x40,
    0x12, 0xd6, 0x5d, 0x82, 0x17, 0xab, 0x49, 0x4,
    0x0, 0xea, 0x0, 0x40, 0x1a, 0x0, 0x90, 0x8,
    0x1, 0xe0, 0x1c, 0x60, 0x1e, 0x70, 0xf, 0xff,
    0xf8, 0x7, 0xff, 0x24,

    /* U+006E "n" */
    0x6e, 0x5, 0xcf, 0xea, 0x10, 0x0, 0xc5, 0x12,
    0x2, 0xe8, 0x4, 0xf1, 0xd7, 0xc6, 0x70, 0x1,
    0xdc, 0x1, 0x20, 0x30, 0x3, 0x80, 0x37, 0x80,
    0x7f, 0xfc, 0x80,

    /* U+006F "o" */
    0x0, 0x97, 0x3f, 0xd8, 0xc0, 0x1d, 0x54, 0x34,
    0x41, 0x4d, 0x80, 0x4c, 0xa7, 0xd7, 0x6e, 0x44,
    0x38, 0x2, 0x83, 0xc4, 0x2, 0xa0, 0x90, 0x1,
    0x89, 0x80, 0x61, 0x31, 0x18, 0x8, 0x3, 0xce,
    0x6, 0x20, 0x40, 0x1e, 0x70, 0x30, 0x31, 0x30,
    0xc, 0x26, 0x22, 0xa, 0xf, 0x10, 0xa, 0x82,
    0x40, 0xc, 0xa7, 0xd7, 0x5c, 0x88, 0x70, 0xa,
    0xa8, 0x68, 0xa5, 0x36, 0x0,

    /* U+0070 "p" */
    0x6f, 0x5, 0xdf, 0xd8, 0x0, 0xd3, 0x42, 0x84,
    0xf6, 0x1, 0x35, 0xe5, 0xf1, 0x22, 0x80, 0x1d,
    0x0, 0x3, 0x21, 0xe0, 0xe, 0x0, 0xc8, 0xc,
    0x1, 0xfc, 0x20, 0x1f, 0x8, 0x30, 0x7, 0xcc,
    0x18, 0x0, 0xe0, 0x8, 0xe0, 0x18, 0x0, 0xf9,
    0x37, 0x81, 0x42, 0x0, 0x50, 0x64, 0x46, 0x28,
    0x5, 0x98, 0xff, 0x59, 0x80, 0x7f, 0xf5, 0x0,

    /* U+0071 "q" */
    0x0, 0x97, 0x3f, 0xa8, 0xf9, 0x80, 0x13, 0x46,
    0x8a, 0xac, 0x10, 0x2, 0xb1, 0x75, 0xdb, 0x90,
    0x2, 0x90, 0xf1, 0x0, 0xe, 0x80, 0x46, 0x44,
    0x0, 0xf8, 0x40, 0x40, 0x3f, 0x8, 0x10, 0x7,
    0xf1, 0x89, 0x80, 0x7e, 0x90, 0xe1, 0x0, 0xe,
    0x0, 0x4a, 0xa2, 0xeb, 0xb7, 0x28, 0x6, 0xa9,
    0x34, 0x55, 0x30, 0x7, 0x36, 0x7f, 0x57, 0x80,
    0x7f, 0xf5, 0xc0,

    /* U+0072 "r" */
    0x6f, 0x19, 0xff, 0x0, 0x54, 0xc6, 0x80, 0x12,
    0x66, 0x2c, 0x2, 0x63, 0x0, 0xef, 0x0, 0xff,
    0xf1, 0x0,

    /* U+0073 "s" */
    0x0, 0x26, 0x77, 0xe3, 0x80, 0x16, 0xc9, 0xd8,
    0x20, 0x83, 0x83, 0xe6, 0x59, 0xa4, 0x1, 0x10,
    0x4, 0x40, 0xf, 0xc, 0x94, 0x0, 0xc9, 0xaa,
    0xd7, 0xcc, 0x1, 0x15, 0x7c, 0x84, 0xa0, 0x7,
    0x36, 0x86, 0x82, 0x88, 0x4, 0xa0, 0x21, 0x7d,
    0x75, 0x92, 0x14, 0x1a, 0xab, 0x12, 0xe9, 0x0,

    /* U+0074 "t" */
    0x0, 0x1f, 0x88, 0x6, 0x80, 0xf, 0xf9, 0xfd,
    0x3, 0xbe, 0x8d, 0x84, 0x19, 0x9e, 0x92, 0xa1,
    0x12, 0xa0, 0x1f, 0xfe, 0x2, 0xc, 0xb7, 0x0,
    0x41, 0x92, 0x88,

    /* U+0075 "u" */
    0x6f, 0x60, 0xd, 0x1e, 0x60, 0x1f, 0xff, 0x3,
    0x1, 0x0, 0xc4, 0x0, 0x60, 0xa0, 0xa, 0x54,
    0x0, 0x66, 0x2d, 0xbe, 0x66, 0x0, 0x5a, 0xa6,
    0x8b, 0x96, 0x0,

    /* U+0076 "v" */
    0x8f, 0x60, 0xe, 0xbf, 0x2a, 0xd, 0x0, 0xc2,
    0x86, 0x44, 0x34, 0x10, 0x9, 0x82, 0x80, 0x14,
    0xc, 0x1, 0x58, 0x30, 0x1, 0xc2, 0xc0, 0x4,
    0x6a, 0x1, 0xa, 0x99, 0x5, 0x4, 0x80, 0x6e,
    0x5, 0x6, 0x23, 0x0, 0xc8, 0x34, 0x63, 0x40,
    0x1e, 0x72, 0xf0, 0x60, 0xf, 0x50, 0x1a, 0x8,
    0x7, 0x8c, 0x83, 0x80, 0x30,

    /* U+0077 "w" */
    0x7f, 0x50, 0xd, 0xf2, 0x1, 0xa7, 0xc9, 0x43,
    0x0, 0x24, 0x7, 0x0, 0xce, 0x64, 0x53, 0x80,
    0x5a, 0x2, 0x60, 0x3, 0x1b, 0x0, 0x20, 0x90,
    0x1, 0xd8, 0x2c, 0x0, 0x80, 0xa0, 0xd, 0x4,
    0x3, 0x1b, 0x35, 0x0, 0x59, 0x90, 0x1, 0x3,
    0x42, 0x88, 0x94, 0x44, 0x13, 0xb0, 0xc, 0xa8,
    0xf, 0x40, 0xe0, 0xae, 0xa, 0x1, 0xbc, 0x1c,
    0x54, 0x4, 0xef, 0x4c, 0x80, 0x32, 0x4, 0x11,
    0x0, 0x16, 0x69, 0x60, 0x1c, 0x26, 0x14, 0x1,
    0x28, 0x1, 0x40, 0x3d, 0x60, 0xa0, 0x11, 0x19,
    0x88, 0x2,

    /* U+0078 "x" */
    0x2f, 0xe1, 0x0, 0xaf, 0xd4, 0xa0, 0x60, 0x0,
    0xa8, 0xaa, 0x7, 0x36, 0x31, 0xb1, 0xb0, 0xb,
    0x83, 0xe0, 0x6c, 0x40, 0x22, 0x93, 0x65, 0x50,
    0x7, 0x38, 0x3, 0x80, 0x3d, 0x60, 0x9, 0x0,
    0xe5, 0x53, 0x51, 0x48, 0x4, 0x36, 0x30, 0xa6,
    0xc6, 0x0, 0xa1, 0xb1, 0xe, 0xe, 0x6, 0x44,
    0x28, 0x0, 0x9c, 0xa4,

    /* U+0079 "y" */
    0x4f, 0x90, 0xe, 0x4f, 0x94, 0x16, 0x0, 0xed,
    0xa, 0x9, 0x5, 0x0, 0xce, 0x26, 0xc, 0x1c,
    0x1, 0x20, 0xb0, 0x0, 0x55, 0x4, 0x1, 0xa1,
    0x40, 0x17, 0x3, 0x0, 0x1c, 0xc8, 0x2, 0x42,
    0xa0, 0x41, 0xb0, 0xe, 0xa2, 0x3e, 0x6, 0x0,
    0xe6, 0xa, 0x54, 0x10, 0xe, 0x15, 0x60, 0xd0,
    0xf, 0xb8, 0x0, 0xc0, 0x1f, 0x38, 0x28, 0x7,
    0xef, 0x9, 0x0, 0xe7, 0x8c, 0x36, 0x30, 0xe,
    0xb7, 0x18, 0x90, 0xe,

    /* U+007A "z" */
    0xf, 0xff, 0xa4, 0x19, 0xb8, 0x43, 0x82, 0x67,
    0x50, 0x9b, 0x80, 0x77, 0x7, 0x0, 0x74, 0x94,
    0x90, 0x6, 0x46, 0x56, 0x0, 0xc3, 0x43, 0x60,
    0x1d, 0x43, 0xa2, 0x1, 0x99, 0x1c, 0xc0, 0x30,
    0xc8, 0xc, 0xce, 0x72, 0x0, 0x33, 0x75, 0x80,

    /* U+007B "{" */
    0x0, 0x8e, 0xf0, 0x0, 0x58, 0xfe, 0x0, 0xb0,
    0xd3, 0x0, 0x10, 0x88, 0x2, 0x70, 0xf, 0xf8,
    0x4c, 0x2, 0x32, 0x70, 0x3, 0x61, 0xd8, 0x6,
    0x10, 0x9, 0xb4, 0xa8, 0x2, 0x23, 0x60, 0xe,
    0x30, 0xf, 0xf3, 0x80, 0x71, 0x8, 0x80, 0x2b,
    0xd, 0x30, 0x1, 0x60, 0x78,

    /* U+007C "|" */
    0x18, 0x2, 0x70, 0xf, 0xff, 0x40,

    /* U+007D "}" */
    0x1e, 0xa1, 0x0, 0x86, 0xd3, 0x0, 0x32, 0xd1,
    0x28, 0x6, 0x50, 0xd0, 0xf, 0xfe, 0x40, 0x80,
    0x61, 0x13, 0x88, 0x6, 0xd0, 0xf3, 0x0, 0xff,
    0x69, 0xf1, 0x80, 0x4, 0x48, 0x1, 0xe1, 0x0,
    0xff, 0xe3, 0x20, 0x68, 0x4, 0x96, 0x4a, 0x0,
    0x1a, 0x4f, 0x0, 0x80,

    /* U+007E "~" */
    0x2, 0x76, 0x20, 0x9, 0xd4, 0xf6, 0x27, 0x75,
    0x37, 0x3, 0x43, 0xdc, 0x96, 0x75, 0x84,

    /* U+00A0 " " */

    /* U+00A1 "¡" */
    0xd, 0xd0, 0x91, 0x74, 0x39, 0x83, 0xc0, 0x2,
    0xac, 0x0, 0x2e, 0x0, 0x71, 0x0, 0xf0, 0x98,
    0x7, 0x8c, 0x40, 0x2, 0x1, 0xff, 0x55, 0x0,

    /* U+00A2 "¢" */
    0x0, 0xd5, 0x60, 0x1f, 0x8c, 0x3, 0xe2, 0x97,
    0x4b, 0x60, 0x9, 0xb5, 0x89, 0x16, 0x68, 0xa,
    0x47, 0x31, 0x7d, 0x50, 0x16, 0x16, 0x60, 0x12,
    0x90, 0x20, 0x28, 0x7, 0xc6, 0x20, 0x1f, 0x8c,
    0x40, 0x3f, 0x38, 0x20, 0x7, 0xdc, 0x12, 0x40,
    0x11, 0x18, 0x23, 0x16, 0xd4, 0x5e, 0xf0, 0x2,
    0x68, 0x95, 0xd1, 0x7c, 0x2, 0x5d, 0x91, 0xfa,
    0x20, 0xf, 0xf8,

    /* U+00A3 "£" */
    0x0, 0x97, 0x3f, 0xdb, 0x2, 0x0, 0x5a, 0x32,
    0x32, 0x79, 0x0, 0x48, 0x56, 0xe7, 0xd4, 0x0,
    0x8, 0x14, 0x2, 0x50, 0xf, 0xfe, 0x1, 0x0,
    0x8, 0xb0, 0x0, 0xf4, 0x43, 0x77, 0x18, 0x15,
    0x0, 0x2a, 0xb1, 0x0, 0xa8, 0x82, 0xae, 0x10,
    0xf, 0xfe, 0x8, 0x80, 0x7e, 0x30, 0x50, 0xf,
    0x16, 0x80, 0xdd, 0xf0, 0x90, 0x1, 0x13, 0xe0,

    /* U+00A4 "¤" */
    0x6, 0x40, 0xf, 0xa0, 0x83, 0x6d, 0xab, 0xbf,
    0x5e, 0x5d, 0xc1, 0x67, 0x2a, 0x67, 0x43, 0x4a,
    0x80, 0x8, 0x2b, 0x73, 0xd0, 0x38, 0x0, 0x82,
    0x8a, 0x0, 0x19, 0x5, 0x0, 0x10, 0x18, 0x6,
    0x20, 0x20, 0x1, 0x1, 0x80, 0x62, 0x2, 0x0,
    0x20, 0xa2, 0x80, 0x6, 0x41, 0x40, 0x23, 0xa,
    0xdc, 0xf4, 0xf, 0x0, 0x61, 0x4a, 0x99, 0xce,
    0xd0, 0xc1, 0x58, 0xd5, 0xdf, 0xb1, 0x30, 0x80,

    /* U+00A5 "¥" */
    0x1f, 0xf1, 0x0, 0x70, 0xff, 0x8, 0xa0, 0x24,
    0x3, 0xac, 0x20, 0x41, 0xc9, 0xc, 0x2, 0x35,
    0x36, 0x0, 0xa4, 0x3c, 0x2, 0x80, 0xf0, 0xc,
    0x88, 0x35, 0x4, 0x42, 0x98, 0x7, 0x48, 0x40,
    0x48, 0x58, 0x7, 0x9, 0xb1, 0x61, 0x38, 0x8,
    0x4, 0xdd, 0xc6, 0x3, 0x7, 0xee, 0x20, 0x1,
    0x2a, 0xa5, 0x6, 0xaa, 0x94, 0x0, 0x95, 0x52,
    0x83, 0x55, 0x4a, 0x0, 0x7b, 0xb9, 0x81, 0xae,
    0xe5, 0x0, 0xa, 0x25, 0xc1, 0xe8, 0x90, 0x80,
    0x7f, 0xf3, 0xc0,

    /* U+00A6 "¦" */
    0x2a, 0x1, 0x50, 0xf, 0xfe, 0x39, 0xf8, 0x7,
    0xc5, 0x80, 0x26, 0x1, 0xff, 0xc7,

    /* U+00A7 "§" */
    0x3, 0xbe, 0xfd, 0x90, 0x1c, 0x56, 0x84, 0x30,
    0x40, 0xb8, 0x79, 0xa0, 0x70, 0xc0, 0xe, 0x2b,
    0x7f, 0xb7, 0x10, 0x7, 0x83, 0x9d, 0x71, 0xaa,
    0x54, 0x43, 0x42, 0x40, 0x3e, 0x35, 0x2a, 0x98,
    0xd3, 0x80, 0xd8, 0x26, 0x24, 0x10, 0x3, 0x5f,
    0x4b, 0xb8, 0x3, 0x90, 0x34, 0xf6, 0x5e, 0x3c,
    0x3c, 0x51, 0x10, 0xc3, 0x4a,

    /* U+00A8 "¨" */
    0x1, 0x0, 0x84, 0x7, 0xac, 0x2b, 0x88, 0x4,
    0x40, 0x62, 0x60,

    /* U+00A9 "©" */
    0x0, 0xff, 0xe4, 0xb, 0xe7, 0x7e, 0xc9, 0x0,
    0x7c, 0x9f, 0x57, 0x59, 0x65, 0xb0, 0x1, 0xc9,
    0x73, 0xae, 0x86, 0xd7, 0x8d, 0x20, 0x10, 0xd4,
    0x38, 0x7, 0x8f, 0x59, 0x0, 0xc, 0x6e, 0x3,
    0x5d, 0xcb, 0x30, 0x37, 0x80, 0x5, 0x58, 0x3,
    0x1a, 0xb7, 0x1c, 0x1, 0x46, 0x20, 0x4a, 0x8,
    0x5a, 0x86, 0xe8, 0x0, 0x20, 0x21, 0x1, 0x2,
    0x31, 0x0, 0xf8, 0x98, 0x40, 0x40, 0xc8, 0x3,
    0xf1, 0x8, 0x12, 0x82, 0x5, 0x90, 0x22, 0x0,
    0x2, 0xc, 0xb, 0xa0, 0x3a, 0xfb, 0xf6, 0x40,
    0x6, 0x22, 0x5, 0x22, 0x0, 0xf3, 0xb7, 0xd8,
    0x6, 0x6c, 0x0, 0x53, 0x48, 0x0, 0x12, 0x0,
    0xe, 0xab, 0x0, 0x4d, 0x37, 0x48, 0x20, 0x71,
    0xed, 0x60, 0x1c, 0xf8, 0x17, 0xdf, 0x89, 0x74,
    0x1, 0xf1, 0xd7, 0xf6, 0xfe, 0x28, 0x6,

    /* U+00AA "ª" */
    0x3, 0xbe, 0xd6, 0x0, 0x87, 0x72, 0xa4, 0x40,
    0x4, 0xc4, 0xe0, 0xa0, 0x4, 0xce, 0xd0, 0xd,
    0x49, 0xda, 0x1, 0x87, 0xc1, 0x0, 0x34, 0xc7,
    0xf1, 0xd8, 0x1, 0xbf, 0xd5, 0x9c, 0x0,

    /* U+00AB "«" */
    0x0, 0xff, 0xe0, 0x5a, 0x1, 0xd8, 0x80, 0x29,
    0x1c, 0x75, 0xc4, 0x19, 0x68, 0xe8, 0x34, 0xe,
    0x59, 0x61, 0x34, 0x40, 0xc9, 0x2, 0xc2, 0xc0,
    0x2f, 0x3b, 0x39, 0x75, 0x0, 0x15, 0x23, 0x35,
    0x42, 0x0, 0x4b, 0x60, 0x9b, 0x10,

    /* U+00AC "¬" */
    0x88, 0xff, 0x3b, 0xff, 0x37, 0xff, 0xe5, 0x0,
    0xff, 0xe8, 0xfc, 0x80,

    /* U+00AD "­" */
    0x59, 0x9e, 0x2d, 0x66, 0xe7,

    /* U+00AE "®" */
    0x0, 0xff, 0xe4, 0xb, 0xe7, 0x7e, 0xc9, 0x0,
    0x7c, 0x9f, 0x57, 0x59, 0x65, 0xb0, 0x1, 0xc9,
    0x73, 0xae, 0x86, 0xd7, 0x8d, 0x20, 0x10, 0xd4,
    0x38, 0x7, 0x8f, 0x59, 0x0, 0xc, 0x6e, 0x7,
    0xfe, 0xeb, 0x20, 0x37, 0x80, 0x5, 0x58, 0x4,
    0x3b, 0x8f, 0x0, 0xa, 0x31, 0x2, 0x50, 0xc,
    0x44, 0x70, 0x8, 0x80, 0x84, 0x4, 0x2, 0x1f,
    0xf3, 0xd8, 0x4, 0x4c, 0x20, 0x20, 0x10, 0xeb,
    0x80, 0x80, 0x44, 0x20, 0x4a, 0x1, 0x8a, 0xd,
    0x40, 0x2, 0xc, 0xb, 0xa0, 0x1e, 0x78, 0x0,
    0x31, 0x10, 0x29, 0x10, 0x7, 0x80, 0x8, 0xf0,
    0x19, 0xb0, 0x1, 0x4d, 0x20, 0x10, 0x4, 0x43,
    0xaa, 0xc0, 0x13, 0x4d, 0xd2, 0x8, 0x1c, 0x7b,
    0x58, 0x7, 0x3e, 0x5, 0xf7, 0xe2, 0x5d, 0x0,
    0x7c, 0x75, 0xfd, 0xbf, 0x8a, 0x1, 0x80,

    /* U+00AF "¯" */
    0x3f, 0xfd, 0x27, 0xbb, 0xa0,

    /* U+00B0 "°" */
    0x0, 0xfc, 0x59, 0xfe, 0x80, 0x7, 0x15, 0x3b,
    0x98, 0xe, 0x56, 0x7, 0xc0, 0xac, 0x90, 0x78,
    0x38, 0xb6, 0xd1, 0xc0, 0xfb, 0x36, 0xc0,

    /* U+00B1 "±" */
    0x0, 0xd9, 0x60, 0x1f, 0xfc, 0xc8, 0x8c, 0x4d,
    0x11, 0x3b, 0xf0, 0x93, 0xbd, 0x3f, 0xf8, 0xd3,
    0xfe, 0xe0, 0xf, 0xfe, 0x63, 0x88, 0x6, 0x88,
    0xc6, 0x51, 0x13, 0xbf, 0xfa, 0x40,

    /* U+00B2 "²" */
    0x7, 0xdf, 0xd6, 0x1, 0xba, 0xa0, 0xc9, 0x8e,
    0x3a, 0xc0, 0x30, 0x6, 0xc0, 0x40, 0x9, 0x5e,
    0x84, 0x0, 0xf5, 0x45, 0x0, 0x54, 0x40, 0x50,
    0xc9, 0x42, 0x2e, 0xd2,

    /* U+00B3 "³" */
    0x4, 0xcf, 0xea, 0x10, 0xcb, 0xa9, 0x59, 0x8,
    0x75, 0x40, 0xf0, 0x2, 0x7e, 0x1b, 0x80, 0x13,
    0x6c, 0xac, 0x2, 0x24, 0x42, 0x86, 0x42, 0xba,
    0xa0, 0x52, 0x54, 0xb5, 0x0,

    /* U+00B4 "´" */
    0x0, 0x3c, 0x10, 0x2c, 0x1, 0x5, 0xb4, 0x0,

    /* U+00B5 "µ" */
    0x6f, 0x60, 0xc, 0x7f, 0x20, 0x1f, 0xff, 0x2e,
    0x0, 0xcc, 0x1, 0x98, 0x40, 0x7, 0x60, 0x18,
    0x7a, 0xf3, 0x8, 0x1, 0x90, 0x90, 0x9e, 0x88,
    0x2, 0xdd, 0x7f, 0x40, 0x6c, 0x80, 0x7f, 0xf4,
    0x80,

    /* U+00B6 "¶" */
    0x4, 0xcf, 0xfd, 0x45, 0x66, 0x0, 0xa2, 0xa,
    0x0, 0xc8, 0x20, 0x20, 0x1f, 0x78, 0x7, 0xcc,
    0x60, 0x1f, 0x65, 0x20, 0x7, 0x97, 0x80, 0x3f,
    0xfd, 0x0,

    /* U+00B7 "·" */
    0x5, 0x40, 0x8a, 0xb5, 0x20, 0x1, 0x70, 0x92,
    0x80,

    /* U+00B8 "¸" */
    0x0, 0x10, 0x4, 0x72, 0x1, 0x4b, 0x50, 0x84,
    0x62, 0x30, 0xff, 0x2b, 0x0,

    /* U+00B9 "¹" */
    0x6, 0xdc, 0x0, 0x4c, 0x18, 0x5, 0x1c, 0xa0,
    0x10, 0x80, 0x7f, 0xf1, 0x4d, 0x1c, 0x50, 0x62,
    0xcc, 0xad, 0x80,

    /* U+00BA "º" */
    0x0, 0x4f, 0x72, 0x84, 0x1, 0x49, 0x54, 0x7d,
    0x0, 0x2c, 0x22, 0x20, 0xc4, 0x40, 0x18, 0x40,
    0x2, 0x72, 0x22, 0x82, 0x10, 0xe1, 0xee, 0x7,
    0x80, 0xb, 0x7b, 0x98, 0x40,

    /* U+00BB "»" */
    0x0, 0xfe, 0x4b, 0x0, 0x4b, 0x0, 0x64, 0x80,
    0x4, 0x98, 0x1, 0x25, 0xd6, 0x53, 0x44, 0x0,
    0xcb, 0x45, 0x41, 0x40, 0x1, 0x43, 0x24, 0x1c,
    0x0, 0x68, 0x69, 0x52, 0xb8, 0x39, 0xe8, 0xf9,
    0xd0, 0x1, 0xec, 0xc3, 0xb4, 0x2,

    /* U+00BC "¼" */
    0x0, 0xff, 0x32, 0x0, 0x7c, 0xac, 0x1, 0xe9,
    0x20, 0xe, 0x4d, 0xaa, 0x0, 0x72, 0x83, 0x80,
    0x71, 0x21, 0x80, 0x7b, 0xd0, 0x40, 0x39, 0xa5,
    0xc0, 0x3c, 0xba, 0x1, 0xff, 0xc2, 0x40, 0x70,
    0xf, 0xfe, 0x16, 0x98, 0x80, 0x7f, 0xf0, 0x9e,
    0xc0, 0x30, 0x88, 0x3, 0xf1, 0x8a, 0x80, 0x43,
    0xf4, 0x17, 0xe8, 0x7e, 0xe1, 0x44, 0x40, 0xb,
    0x44, 0x1, 0x39, 0x99, 0x81, 0xd4, 0x2, 0x92,
    0x20, 0x0, 0x8c, 0xf0, 0x98, 0xd8, 0x1, 0x5b,
    0x58, 0x3, 0xf5, 0x91, 0x81, 0x54, 0x98, 0x7,
    0xf2, 0xa8, 0x0, 0xa1, 0x3e, 0x88, 0xf0, 0xe,
    0x22, 0x58, 0x1, 0xb3, 0x23, 0x36, 0x0, 0x72,
    0x89, 0x80, 0x4, 0xce, 0x77, 0x18, 0x7, 0x5b,
    0x80, 0x7d, 0x76, 0x0, 0xe1, 0x3d, 0x0, 0xff,
    0xe1, 0x1c, 0x20, 0x7, 0xf8,

    /* U+00BD "½" */
    0x0, 0xff, 0x11, 0x0, 0x3e, 0x13, 0x0, 0xf6,
    0x28, 0x7, 0xc, 0xf7, 0x80, 0x72, 0xa, 0x80,
    0x74, 0xa1, 0x0, 0x7b, 0x48, 0x80, 0x1d, 0x1a,
    0xc0, 0x1e, 0x75, 0x0, 0xff, 0xe1, 0x18, 0xd0,
    0x7, 0xff, 0xa, 0xc8, 0x80, 0x1f, 0xfc, 0x25,
    0x50, 0x4, 0x20, 0x1f, 0xe2, 0x25, 0x83, 0x77,
    0x3d, 0xc2, 0xfd, 0xf, 0xdc, 0x14, 0x4c, 0x6e,
    0x69, 0x21, 0x27, 0x33, 0x30, 0x5b, 0x80, 0xeb,
    0xac, 0x81, 0x10, 0xcf, 0x9, 0x1e, 0x80, 0x72,
    0x2, 0x0, 0x79, 0x45, 0x0, 0x31, 0xcb, 0x90,
    0x7, 0xad, 0x0, 0x32, 0x63, 0xc0, 0x7, 0x84,
    0xf8, 0x2, 0x6b, 0x89, 0x10, 0xf, 0x38, 0x20,
    0x0, 0x64, 0x23, 0xb9, 0x60, 0x1d, 0xaa, 0x1,
    0xd, 0xdf, 0x48, 0x7, 0x27, 0x80, 0x64, 0x4e,
    0x20, 0xc, 0x68, 0xa0, 0x1f, 0xe0,

    /* U+00BE "¾" */
    0x0, 0xff, 0xe0, 0x39, 0x0, 0x7f, 0xf1, 0x12,
    0xc, 0x3, 0xcb, 0xbf, 0xeb, 0x10, 0xd, 0xc6,
    0x20, 0x1e, 0x2a, 0xb9, 0x48, 0x0, 0xc9, 0x60,
    0x1f, 0x3b, 0x91, 0x43, 0xc0, 0x24, 0x15, 0x0,
    0xfc, 0x9f, 0x86, 0xc0, 0x16, 0x99, 0x0, 0x7e,
    0x4d, 0xa2, 0xa0, 0x9, 0xec, 0x3, 0xfc, 0x4a,
    0x8a, 0x0, 0x31, 0x50, 0xc, 0x42, 0x0, 0xb6,
    0x24, 0x48, 0x1, 0x64, 0x40, 0x9, 0x75, 0xc0,
    0x3, 0x3b, 0x65, 0x20, 0x5, 0x50, 0x4, 0x54,
    0x1, 0xab, 0xb3, 0x70, 0x80, 0x89, 0x60, 0x17,
    0xa8, 0x7, 0x9, 0x90, 0x5, 0x42, 0x60, 0xa,
    0xa, 0x0, 0xff, 0x95, 0xc0, 0xc, 0xbe, 0x1,
    0xff, 0x11, 0x34, 0x1, 0x41, 0xbe, 0x13, 0x40,
    0x1f, 0x28, 0xa0, 0x3, 0xb3, 0x20, 0x78, 0x0,
    0xfa, 0xdc, 0x2, 0x23, 0x38, 0x38, 0x80, 0x3c,
    0x27, 0xa0, 0x1f, 0x7b, 0x0, 0x7c, 0xe0, 0x80,
    0x1f, 0xfc, 0x43, 0xa0, 0xf, 0xf8,

    /* U+00BF "¿" */
    0x0, 0xcb, 0xf0, 0x1, 0xf6, 0x2, 0x0, 0x7d,
    0x6d, 0xe0, 0x1f, 0x14, 0x98, 0x7, 0xc5, 0x68,
    0x1, 0xf3, 0xa0, 0x80, 0x7d, 0x20, 0x80, 0x1e,
    0x83, 0x71, 0x0, 0xe8, 0x75, 0x80, 0xe, 0x67,
    0x5a, 0x0, 0xf4, 0x5, 0x0, 0x7c, 0x22, 0x0,
    0xfc, 0x42, 0xa0, 0x10, 0xb8, 0x2, 0x42, 0xb2,
    0x6f, 0xa0, 0x81, 0x31, 0x9, 0x95, 0xb0, 0x80,

    /* U+00C0 "À" */
    0x0, 0xd5, 0xee, 0x1, 0xff, 0x52, 0xc8, 0x80,
    0x7f, 0xd5, 0x24, 0x1, 0xff, 0xc0, 0x73, 0x0,
    0xff, 0x9f, 0xfc, 0x20, 0x1f, 0xea, 0x0, 0x30,
    0x7, 0xf1, 0x93, 0x8d, 0x0, 0x7f, 0x50, 0x53,
    0x11, 0x80, 0x7e, 0x73, 0x2b, 0xa, 0x0, 0xf9,
    0x46, 0xc0, 0xc9, 0xc0, 0x3e, 0xe0, 0x60, 0x2,
    0x8a, 0x80, 0x70, 0xa1, 0x88, 0x2, 0x83, 0x80,
    0x39, 0xc2, 0x80, 0x22, 0x22, 0x8, 0x6, 0xa0,
    0x9f, 0xfc, 0x40, 0xc0, 0x11, 0x19, 0x33, 0x78,
    0x28, 0x2, 0xa0, 0xb9, 0x9f, 0x19, 0x18, 0x1,
    0x81, 0x80, 0x3d, 0x41, 0x40, 0x82, 0xa0, 0x1f,
    0x38, 0x38, 0x0,

    /* U+00C1 "Á" */
    0x0, 0xf1, 0xfe, 0x88, 0x7, 0xfb, 0xcb, 0x4,
    0x3, 0xf8, 0x6f, 0x4, 0x3, 0xfc, 0x2e, 0x20,
    0x1f, 0xf3, 0xff, 0x84, 0x3, 0xfd, 0x40, 0x6,
    0x0, 0xfe, 0x32, 0x71, 0xa0, 0xf, 0xea, 0xa,
    0x62, 0x30, 0xf, 0xce, 0x65, 0x61, 0x40, 0x1f,
    0x28, 0xd8, 0x19, 0x38, 0x7, 0xdc, 0xc, 0x0,
    0x51, 0x50, 0xe, 0x14, 0x31, 0x0, 0x50, 0x70,
    0x7, 0x38, 0x50, 0x4, 0x44, 0x41, 0x0, 0xd4,
    0x13, 0xff, 0x88, 0x18, 0x2, 0x23, 0x26, 0x6f,
    0x5, 0x0, 0x54, 0x17, 0x33, 0xe3, 0x23, 0x0,
    0x30, 0x30, 0x7, 0xa8, 0x28, 0x10, 0x54, 0x3,
    0xe7, 0x7, 0x0,

    /* U+00C2 "Â" */
    0x0, 0xf3, 0x20, 0x7, 0xfd, 0x32, 0xb4, 0x0,
    0xfe, 0x76, 0xc7, 0xb2, 0x0, 0xfc, 0xfe, 0x71,
    0xe4, 0x1, 0xff, 0xcb, 0x7f, 0xf0, 0x80, 0x7f,
    0xa8, 0x0, 0xc0, 0x1f, 0xc6, 0x4e, 0x34, 0x1,
    0xfd, 0x41, 0x4c, 0x46, 0x1, 0xf9, 0xcc, 0xac,
    0x28, 0x3, 0xe5, 0x1b, 0x3, 0x27, 0x0, 0xfb,
    0x81, 0x80, 0xa, 0x2a, 0x1, 0xc2, 0x86, 0x20,
    0xa, 0xe, 0x0, 0xe7, 0xa, 0x0, 0x88, 0x88,
    0x20, 0x1a, 0x82, 0x7f, 0xf1, 0x3, 0x0, 0x44,
    0x64, 0xcd, 0xe0, 0xa0, 0xa, 0x82, 0xe6, 0x7c,
    0x64, 0x60, 0x6, 0x6, 0x0, 0xf5, 0x5, 0x2,
    0xa, 0x80, 0x7c, 0xe0, 0xe0,

    /* U+00C3 "Ã" */
    0x0, 0xff, 0xe3, 0x47, 0xea, 0x35, 0x0, 0x7c,
    0x2f, 0x29, 0x73, 0xe0, 0x1f, 0xf, 0xb4, 0xee,
    0x94, 0x3, 0xfe, 0x22, 0x0, 0x7f, 0x9f, 0xfc,
    0x20, 0x1f, 0xea, 0x0, 0x30, 0x7, 0xf1, 0x93,
    0x8d, 0x0, 0x7f, 0x50, 0x53, 0x11, 0x80, 0x7e,
    0x73, 0x2b, 0xa, 0x0, 0xf9, 0x46, 0xc0, 0xc9,
    0xc0, 0x3e, 0xe0, 0x60, 0x2, 0x8a, 0x80, 0x70,
    0xa1, 0x88, 0x2, 0x83, 0x80, 0x39, 0xc2, 0x80,
    0x22, 0x22, 0x8, 0x6, 0xa0, 0x9f, 0xfc, 0x40,
    0xc0, 0x11, 0x19, 0x33, 0x78, 0x28, 0x2, 0xa0,
    0xb9, 0x9f, 0x19, 0x18, 0x1, 0x81, 0x80, 0x3d,
    0x41, 0x40, 0x82, 0xa0, 0x1f, 0x38, 0x38, 0x0,

    /* U+00C4 "Ä" */
    0x0, 0xfc, 0x20, 0x1f, 0xdd, 0xa0, 0x7d, 0x0,
    0x1f, 0x8c, 0x40, 0x2f, 0x0, 0xfd, 0xb8, 0x7,
    0xee, 0x1, 0xfc, 0xff, 0xe1, 0x0, 0xff, 0x50,
    0x1, 0x80, 0x3f, 0x8c, 0x9c, 0x68, 0x3, 0xfa,
    0x82, 0x98, 0x8c, 0x3, 0xf3, 0x99, 0x58, 0x50,
    0x7, 0xca, 0x36, 0x6, 0x4e, 0x1, 0xf7, 0x3,
    0x0, 0x14, 0x54, 0x3, 0x85, 0xc, 0x40, 0x14,
    0x1c, 0x1, 0xce, 0x14, 0x1, 0x11, 0x10, 0x40,
    0x35, 0x4, 0xff, 0xe2, 0x6, 0x0, 0x88, 0xc9,
    0x9b, 0xc1, 0x40, 0x15, 0x5, 0xcc, 0xf8, 0xc8,
    0xc0, 0xc, 0xc, 0x1, 0xea, 0xa, 0x4, 0x15,
    0x0, 0xf9, 0xc1, 0xc0,

    /* U+00C5 "Å" */
    0x0, 0xe8, 0xfd, 0x30, 0xf, 0xe3, 0x7e, 0x5f,
    0x0, 0xff, 0xe0, 0x78, 0x7, 0xf8, 0xdf, 0xeb,
    0xc0, 0x3f, 0xd1, 0xda, 0x60, 0x1f, 0xe7, 0xff,
    0x8, 0x7, 0xfa, 0x80, 0xc, 0x1, 0xfc, 0x64,
    0xe3, 0x40, 0x1f, 0xd4, 0x14, 0xc4, 0x60, 0x1f,
    0x9c, 0xca, 0xc2, 0x80, 0x3e, 0x51, 0xb0, 0x32,
    0x70, 0xf, 0xb8, 0x18, 0x0, 0xa2, 0xa0, 0x1c,
    0x28, 0x62, 0x0, 0xa0, 0xe0, 0xe, 0x70, 0xa0,
    0x8, 0x88, 0x82, 0x1, 0xa8, 0x27, 0xff, 0x10,
    0x30, 0x4, 0x46, 0x4c, 0xde, 0xa, 0x0, 0xa8,
    0x2e, 0x67, 0xc6, 0x46, 0x0, 0x60, 0x60, 0xf,
    0x50, 0x50, 0x20, 0xa8, 0x7, 0xce, 0xe, 0x0,

    /* U+00C6 "Æ" */
    0x0, 0xfa, 0xbf, 0xff, 0x58, 0x7, 0x89, 0x40,
    0x6, 0x89, 0xc6, 0x1, 0xe8, 0x4, 0x9, 0xbb,
    0xe8, 0x0, 0xe2, 0x54, 0x30, 0xf, 0xfe, 0xc,
    0x4, 0x0, 0x7f, 0xf0, 0x49, 0x50, 0xc0, 0x3f,
    0xf8, 0x30, 0x10, 0x1, 0x57, 0xff, 0x0, 0x63,
    0x55, 0x18, 0x4, 0x68, 0x99, 0x40, 0x34, 0x4,
    0x0, 0x69, 0xbb, 0xd4, 0x1, 0x1a, 0xc, 0x55,
    0x14, 0x3, 0xfd, 0x0, 0x2a, 0xb1, 0x0, 0x7f,
    0x1a, 0x23, 0xff, 0x38, 0x7, 0xf4, 0x4, 0x0,
    0x7a, 0x6e, 0xfa, 0xd, 0xc, 0xc0, 0x1e, 0x34,
    0x4e, 0x30,

    /* U+00C7 "Ç" */
    0x0, 0x92, 0xb7, 0xfd, 0x90, 0x40, 0x15, 0x5a,
    0x99, 0x88, 0xdf, 0x0, 0x12, 0xa3, 0x7d, 0x9b,
    0xf5, 0x60, 0x6c, 0x1e, 0x80, 0x19, 0x54, 0x14,
    0x10, 0x20, 0x1f, 0x94, 0x10, 0x3, 0xf8, 0x40,
    0x80, 0x3f, 0x8c, 0x4, 0x3, 0xf8, 0x80, 0x80,
    0x3f, 0x94, 0x10, 0x3, 0xfa, 0x82, 0x4, 0x3,
    0xf1, 0xa8, 0xe1, 0x80, 0x66, 0xc0, 0x5, 0x21,
    0x67, 0x66, 0x3e, 0x48, 0xc0, 0x17, 0x64, 0x3,
    0x3a, 0x3c, 0xc0, 0x24, 0xb6, 0x8f, 0xc7, 0x10,
    0xf, 0x25, 0x58, 0x80, 0x7e, 0xdf, 0x44, 0x0,
    0x7c, 0x7f, 0xaa, 0xa0, 0x8,

    /* U+00C8 "È" */
    0x0, 0x1f, 0xf0, 0x7, 0xc7, 0x83, 0x0, 0x1f,
    0x1e, 0x78, 0x7, 0xe3, 0x70, 0xc, 0x7f, 0xff,
    0xac, 0x0, 0x2a, 0xbe, 0xc0, 0x2, 0xd5, 0x79,
    0xc0, 0x3f, 0xfa, 0x89, 0xff, 0xdc, 0x1, 0xa,
    0x27, 0x38, 0x4, 0xb7, 0x7d, 0x20, 0x1f, 0xfd,
    0x55, 0xbb, 0xf4, 0x0, 0x5, 0x13, 0xc6,

    /* U+00C9 "É" */
    0x0, 0xeb, 0xf6, 0x0, 0xf2, 0x22, 0x18, 0x3,
    0xc3, 0x4e, 0x1, 0xf2, 0xa8, 0x3, 0x1f, 0xff,
    0xeb, 0x0, 0xa, 0xaf, 0xb0, 0x0, 0xb5, 0x5e,
    0x70, 0xf, 0xfe, 0xa2, 0x7f, 0xf7, 0x0, 0x42,
    0x89, 0xce, 0x1, 0x2d, 0xdf, 0x48, 0x7, 0xff,
    0x55, 0x6e, 0xfd, 0x0, 0x1, 0x44, 0xf1, 0x80,

    /* U+00CA "Ê" */
    0x0, 0xc4, 0xe2, 0x1, 0xe2, 0xc8, 0xa0, 0xe,
    0x1f, 0x5d, 0x5a, 0x0, 0xc3, 0xb6, 0x5d, 0x40,
    0x1f, 0xfc, 0x3, 0xff, 0xfd, 0x60, 0x1, 0x55,
    0xf6, 0x0, 0x16, 0xab, 0xce, 0x1, 0xff, 0xd4,
    0x4f, 0xfe, 0xe0, 0x8, 0x51, 0x39, 0xc0, 0x25,
    0xbb, 0xe9, 0x0, 0xff, 0xea, 0xad, 0xdf, 0xa0,
    0x0, 0x28, 0x9e, 0x30,

    /* U+00CB "Ë" */
    0x0, 0x84, 0x3, 0xf3, 0x73, 0x5, 0xf8, 0x80,
    0x46, 0x6, 0x2, 0x20, 0xc, 0xbe, 0xa1, 0x5c,
    0x20, 0x7f, 0xff, 0xac, 0x0, 0x2a, 0xbe, 0xc0,
    0x2, 0xd5, 0x79, 0xc0, 0x3f, 0xfa, 0x89, 0xff,
    0xdc, 0x1, 0xa, 0x27, 0x38, 0x4, 0xb7, 0x7d,
    0x20, 0x1f, 0xfd, 0x55, 0xbb, 0xf4, 0x0, 0x5,
    0x13, 0xc6,

    /* U+00CC "Ì" */
    0xb, 0xf6, 0x0, 0x5a, 0x40, 0x5, 0x72, 0x60,
    0x13, 0x98, 0x0, 0xfe, 0xc0, 0x3f, 0xfe, 0xa0,

    /* U+00CD "Í" */
    0x4, 0xfc, 0x0, 0x49, 0x68, 0x15, 0x60, 0x81,
    0x38, 0x80, 0xf, 0xec, 0x3, 0xff, 0xee,

    /* U+00CE "Î" */
    0x0, 0x9d, 0x0, 0x35, 0x45, 0x98, 0x2, 0x17,
    0x1b, 0x48, 0x23, 0xce, 0x78, 0x80, 0x3f, 0x8f,
    0xec, 0x3, 0xff, 0xfe, 0x1, 0xff, 0xc6,

    /* U+00CF "Ï" */
    0x0, 0xe1, 0x0, 0x76, 0x2, 0x73, 0x81, 0xb8,
    0x4, 0x21, 0xb6, 0x9, 0xec, 0x0, 0x3f, 0xb0,
    0xf, 0xff, 0xf8, 0x7, 0xff, 0x18,

    /* U+00D0 "Ð" */
    0x3, 0xff, 0xed, 0x93, 0x0, 0xf0, 0xa2, 0xc,
    0xcd, 0x90, 0x1, 0xcb, 0x76, 0xce, 0xb2, 0x77,
    0x0, 0x7f, 0x26, 0xc, 0x8, 0x7, 0xf0, 0xb0,
    0x30, 0xb8, 0x0, 0x88, 0x20, 0x16, 0x6, 0xc5,
    0x82, 0x6e, 0xa8, 0x2, 0x60, 0x6b, 0x80, 0x3a,
    0xa4, 0x0, 0x42, 0xe, 0x48, 0xe, 0xaa, 0x30,
    0x9, 0x80, 0x40, 0x3f, 0xd8, 0x18, 0x1, 0xfc,
    0x4c, 0xc, 0x1, 0xf9, 0x70, 0x28, 0x3, 0x2e,
    0x63, 0x7e, 0x86, 0x54, 0x3, 0x9, 0x98, 0x88,
    0xfa, 0xc0, 0x0,

    /* U+00D1 "Ñ" */
    0x0, 0xff, 0xe2, 0xe, 0xfc, 0x95, 0xa0, 0x7,
    0xa5, 0xa9, 0x35, 0x90, 0x3, 0xd1, 0x6b, 0xb9,
    0xa0, 0x1f, 0xf1, 0x80, 0x71, 0xfe, 0x0, 0x7d,
    0x7e, 0x60, 0x3, 0x80, 0xf, 0xfe, 0x3, 0xa0,
    0x7, 0xf8, 0x82, 0x84, 0x3, 0xf9, 0xa4, 0x68,
    0x3, 0xfc, 0xca, 0x8e, 0x1, 0xfe, 0xb1, 0x83,
    0x0, 0xfe, 0x1d, 0xe, 0x0, 0xff, 0x1c, 0x15,
    0x0, 0x7f, 0x9d, 0x15, 0x80, 0x3f, 0xd4, 0x32,
    0xc0, 0x1f, 0xc3, 0x40, 0x40, 0x1f, 0xe4, 0x70,
    0xf, 0xfe, 0x4, 0x18, 0x0,

    /* U+00D2 "Ò" */
    0x0, 0xcf, 0x4, 0x1, 0xff, 0x23, 0xc8, 0x7,
    0xfc, 0x78, 0x88, 0x0, 0xff, 0x8f, 0xd0, 0x3,
    0xff, 0x96, 0x73, 0xbf, 0xd8, 0xe2, 0x1, 0xd1,
    0x8c, 0x67, 0xa3, 0xd0, 0x2, 0x87, 0x1b, 0xec,
    0xde, 0x71, 0xb2, 0x2, 0x70, 0xc4, 0x0, 0x86,
    0x1c, 0x24, 0x28, 0x1c, 0x80, 0x3d, 0x2, 0x84,
    0x81, 0x60, 0x1f, 0x9c, 0x1c, 0x40, 0x80, 0x3f,
    0x70, 0x10, 0x7, 0xff, 0x8, 0x40, 0x80, 0x3f,
    0x70, 0x12, 0x5, 0x80, 0x7e, 0x70, 0x4a, 0x7,
    0x20, 0xf, 0x40, 0xa0, 0x94, 0x6, 0x20, 0x4,
    0x32, 0xe3, 0x20, 0x7, 0x70, 0xdf, 0x66, 0xf3,
    0xe, 0x90, 0x5, 0x18, 0xc6, 0x7a, 0x38, 0xc0,
    0x0,

    /* U+00D3 "Ó" */
    0x0, 0xf9, 0xdc, 0x20, 0x1f, 0xe7, 0x81, 0x10,
    0x7, 0xf0, 0xc4, 0x18, 0x3, 0xfc, 0x3e, 0xe0,
    0x1f, 0xfc, 0xb3, 0x9d, 0xfe, 0xc7, 0x10, 0xe,
    0x8c, 0x63, 0x3d, 0x1e, 0x80, 0x14, 0x38, 0xdf,
    0x66, 0xf3, 0x8d, 0x90, 0x13, 0x86, 0x20, 0x4,
    0x30, 0xe1, 0x21, 0x40, 0xe4, 0x1, 0xe8, 0x14,
    0x24, 0xb, 0x0, 0xfc, 0xe0, 0xe2, 0x4, 0x1,
    0xfb, 0x80, 0x80, 0x3f, 0xf8, 0x42, 0x4, 0x1,
    0xfb, 0x80, 0x90, 0x2c, 0x3, 0xf3, 0x82, 0x50,
    0x39, 0x0, 0x7a, 0x5, 0x4, 0xa0, 0x31, 0x0,
    0x21, 0x97, 0x19, 0x0, 0x3b, 0x86, 0xfb, 0x37,
    0x98, 0x74, 0x80, 0x28, 0xc6, 0x33, 0xd1, 0xc6,
    0x0,

    /* U+00D4 "Ô" */
    0x0, 0xf3, 0x20, 0x7, 0xfd, 0x13, 0x68, 0x1,
    0xfc, 0xee, 0xb7, 0xb2, 0x0, 0xfc, 0xfe, 0x91,
    0xe4, 0x1, 0xff, 0xc9, 0x39, 0xdf, 0xec, 0x71,
    0x0, 0xe8, 0xc6, 0x33, 0xd1, 0xe8, 0x1, 0x43,
    0x8d, 0xf6, 0x6f, 0x38, 0xd9, 0x1, 0x38, 0x62,
    0x0, 0x43, 0xe, 0x12, 0x14, 0xe, 0x40, 0x1e,
    0x81, 0x42, 0x40, 0xb0, 0xf, 0xce, 0xe, 0x20,
    0x40, 0x1f, 0xb8, 0x8, 0x3, 0xff, 0x84, 0x20,
    0x40, 0x1f, 0xb8, 0x9, 0x2, 0xc0, 0x3f, 0x38,
    0x25, 0x3, 0x90, 0x7, 0xa0, 0x50, 0x4a, 0x3,
    0x10, 0x2, 0x19, 0x71, 0x90, 0x3, 0xb8, 0x6f,
    0xb3, 0x79, 0x87, 0x48, 0x2, 0x8c, 0x63, 0x3d,
    0x1c, 0x60, 0x0,

    /* U+00D5 "Õ" */
    0x0, 0xff, 0xe3, 0x47, 0xea, 0x35, 0x0, 0x7c,
    0x2f, 0x29, 0x73, 0xe0, 0x1f, 0xf, 0xb4, 0xee,
    0x94, 0x3, 0xfe, 0x22, 0x0, 0x7e, 0x39, 0xdf,
    0xec, 0x71, 0x0, 0xe8, 0xc6, 0x33, 0xd1, 0xe8,
    0x1, 0x43, 0x8d, 0xf6, 0x6f, 0x38, 0xd9, 0x1,
    0x38, 0x62, 0x0, 0x43, 0xe, 0x12, 0x14, 0xe,
    0x40, 0x1e, 0x81, 0x42, 0x40, 0xb0, 0xf, 0xce,
    0xe, 0x20, 0x40, 0x1f, 0xb8, 0x8, 0x3, 0xff,
    0x84, 0x20, 0x40, 0x1f, 0xb8, 0x9, 0x2, 0xc0,
    0x3f, 0x38, 0x25, 0x3, 0x90, 0x7, 0xa0, 0x50,
    0x4a, 0x3, 0x10, 0x2, 0x19, 0x71, 0x90, 0x3,
    0xb8, 0x6f, 0xb3, 0x79, 0x87, 0x48, 0x2, 0x8c,
    0x63, 0x3d, 0x1c, 0x60, 0x0,

    /* U+00D6 "Ö" */
    0x0, 0xdb, 0x80, 0x7e, 0xe0, 0x1f, 0x8c, 0x41,
    0xc3, 0xc0, 0x3f, 0x76, 0x82, 0x74, 0x0, 0x7f,
    0xf0, 0x4, 0x3, 0xf1, 0xce, 0xff, 0x63, 0x88,
    0x7, 0x46, 0x31, 0x9e, 0x8f, 0x40, 0xa, 0x1c,
    0x6f, 0xb3, 0x79, 0xc6, 0xc8, 0x9, 0xc3, 0x10,
    0x2, 0x18, 0x70, 0x90, 0xa0, 0x72, 0x0, 0xf4,
    0xa, 0x12, 0x5, 0x80, 0x7e, 0x70, 0x71, 0x2,
    0x0, 0xfd, 0xc0, 0x40, 0x1f, 0xfc, 0x21, 0x2,
    0x0, 0xfd, 0xc0, 0x48, 0x16, 0x1, 0xf9, 0xc1,
    0x28, 0x1c, 0x80, 0x3d, 0x2, 0x82, 0x50, 0x18,
    0x80, 0x10, 0xcb, 0x8c, 0x80, 0x1d, 0xc3, 0x7d,
    0x9b, 0xcc, 0x3a, 0x40, 0x14, 0x63, 0x19, 0xe8,
    0xe3, 0x0, 0x0,

    /* U+00D7 "×" */
    0x0, 0xff, 0xe0, 0x45, 0x0, 0x7b, 0x1c, 0x0,
    0xb4, 0x1, 0xac, 0xc0, 0x10, 0xeb, 0x40, 0xb,
    0x48, 0x70, 0x4, 0x3a, 0xcd, 0xa4, 0x38, 0x6,
    0x86, 0x62, 0x3b, 0x80, 0x3c, 0x60, 0x1, 0x0,
    0xf5, 0x2b, 0x35, 0x0, 0x1a, 0x55, 0xa6, 0x4a,
    0xf0, 0x0, 0x96, 0x64, 0x80, 0x29, 0x5d, 0xc1,
    0xcb, 0x20, 0x1a, 0x94, 0x41, 0xe8, 0x3, 0xd4,
    0xc0,

    /* U+00D8 "Ø" */
    0x0, 0xff, 0xb, 0x80, 0x7f, 0xf0, 0x22, 0x40,
    0x38, 0xe7, 0x7f, 0xb1, 0xda, 0xc0, 0x34, 0x63,
    0x19, 0x88, 0xe0, 0x4, 0x2, 0x87, 0x1b, 0xec,
    0xc5, 0x0, 0x2c, 0xc0, 0x9c, 0x31, 0x0, 0x28,
    0x58, 0xf, 0xa, 0x7, 0x20, 0x9, 0xca, 0xdc,
    0x8c, 0x90, 0x2c, 0x2, 0x18, 0x80, 0x82, 0x2,
    0x8, 0x10, 0x5, 0x64, 0xe0, 0xe, 0x1, 0x0,
    0xe4, 0x59, 0x0, 0xf0, 0x81, 0x0, 0x25, 0x50,
    0x2, 0xe0, 0x2b, 0xb, 0x7, 0x2b, 0x0, 0xce,
    0x8, 0xa0, 0xe9, 0x10, 0x10, 0xa, 0x5, 0x4,
    0xa0, 0x2c, 0x5c, 0x0, 0x32, 0xe3, 0x20, 0x7,
    0x60, 0x1e, 0xcd, 0xe6, 0x1d, 0x20, 0x9, 0x4d,
    0x8c, 0xf4, 0x71, 0x80, 0x4a, 0x7f, 0x3b, 0xfd,
    0x8e, 0x1, 0xcf, 0x6, 0x1, 0xfe,

    /* U+00D9 "Ù" */
    0x0, 0x92, 0x14, 0x3, 0xf9, 0x11, 0x44, 0x1,
    0xfd, 0x87, 0x20, 0x1f, 0xec, 0xb0, 0xf, 0xfe,
    0x29, 0xfd, 0x80, 0x79, 0x7e, 0x0, 0x3f, 0xff,
    0xe0, 0x1f, 0xc2, 0x1, 0xff, 0xc1, 0x70, 0xf,
    0x18, 0x79, 0x1, 0x88, 0x7, 0x68, 0x10, 0x30,
    0x69, 0x0, 0x50, 0x82, 0xa1, 0x6, 0x6d, 0xed,
    0xf7, 0xa, 0x0, 0xe, 0x41, 0x89, 0x11, 0xb5,
    0x0,

    /* U+00DA "Ú" */
    0x0, 0xf2, 0xc2, 0x0, 0x7e, 0x2a, 0x44, 0x0,
    0x7e, 0x83, 0xc0, 0xf, 0xea, 0xc0, 0xf, 0xfe,
    0x29, 0xfd, 0x80, 0x79, 0x7e, 0x0, 0x3f, 0xff,
    0xe0, 0x1f, 0xc2, 0x1, 0xff, 0xc1, 0x70, 0xf,
    0x18, 0x79, 0x1, 0x88, 0x7, 0x68, 0x10, 0x30,
    0x69, 0x0, 0x50, 0x82, 0xa1, 0x6, 0x6d, 0xed,
    0xf7, 0xa, 0x0, 0xe, 0x41, 0x89, 0x11, 0xb5,
    0x0,

    /* U+00DB "Û" */
    0x0, 0xe4, 0x70, 0xf, 0xe3, 0xb8, 0x90, 0xf,
    0x8b, 0x5b, 0x19, 0xc0, 0x3c, 0x5d, 0x27, 0xee,
    0x1, 0xff, 0xc3, 0x3f, 0xb0, 0xf, 0x2f, 0xc0,
    0x7, 0xff, 0xfc, 0x3, 0xf8, 0x40, 0x3f, 0xf8,
    0x2e, 0x1, 0xe3, 0xf, 0x20, 0x31, 0x0, 0xed,
    0x2, 0x6, 0xd, 0x20, 0xa, 0x10, 0x54, 0x20,
    0xcd, 0xbd, 0xbe, 0xe1, 0x40, 0x1, 0xc8, 0x31,
    0x22, 0x36, 0xa0, 0x0,

    /* U+00DC "Ü" */
    0x0, 0x9f, 0xcc, 0x33, 0x40, 0x3d, 0xe0, 0xe0,
    0x26, 0x1, 0xe8, 0xe4, 0xd, 0xe0, 0xf, 0x84,
    0x3, 0xe3, 0xfb, 0x0, 0xf2, 0xfc, 0x0, 0x7f,
    0xff, 0xc0, 0x3f, 0x84, 0x3, 0xff, 0x82, 0xe0,
    0x1e, 0x30, 0xf2, 0x3, 0x10, 0xe, 0xd0, 0x20,
    0x60, 0xd2, 0x0, 0xa1, 0x5, 0x42, 0xc, 0xdb,
    0xdb, 0xee, 0x14, 0x0, 0x1c, 0x83, 0x12, 0x23,
    0x6a, 0x0,

    /* U+00DD "Ý" */
    0x0, 0xf5, 0xfb, 0x0, 0x7e, 0x44, 0x4b, 0x0,
    0x7e, 0x1a, 0x60, 0xf, 0xe5, 0x50, 0x7, 0x37,
    0xe0, 0x7, 0x9f, 0xe9, 0x88, 0xd4, 0x3, 0xc,
    0x85, 0x84, 0x84, 0x0, 0x69, 0x18, 0x10, 0x45,
    0x26, 0x0, 0x13, 0x93, 0x80, 0x50, 0x10, 0x0,
    0x80, 0x80, 0xc, 0x4e, 0x30, 0x6a, 0x8a, 0x1,
    0xd0, 0x2f, 0xe1, 0x20, 0x1f, 0x58, 0x1b, 0x10,
    0x7, 0xca, 0x41, 0x0, 0x1f, 0xff, 0x40,

    /* U+00DE "Þ" */
    0x3f, 0xb0, 0xf, 0xfe, 0x3a, 0x7f, 0xdb, 0x0,
    0x18, 0x55, 0x48, 0x4f, 0xa0, 0x12, 0xd5, 0x2f,
    0x8c, 0x9c, 0x3, 0xc3, 0x1, 0x60, 0x1f, 0x30,
    0x8, 0x7, 0xce, 0xc, 0x1, 0xe1, 0x80, 0xd0,
    0x2, 0xd5, 0x2f, 0x89, 0x18, 0x0, 0x2a, 0xa4,
    0x28, 0xb0, 0x9, 0x3f, 0xed, 0x70, 0xf, 0xfe,
    0x50,

    /* U+00DF "ß" */
    0x0, 0x3e, 0xff, 0x51, 0x0, 0x51, 0x3, 0x52,
    0x5c, 0x10, 0x3, 0x8f, 0xd6, 0x30, 0xb8, 0x20,
    0x38, 0x80, 0x30, 0x4, 0x4, 0x38, 0x2, 0xd0,
    0x20, 0x30, 0xc, 0x2e, 0x6a, 0x1, 0xea, 0xe,
    0x0, 0xf9, 0x10, 0x40, 0x1f, 0xa, 0x20, 0x3,
    0xed, 0xb, 0x60, 0xf, 0x1e, 0x8c, 0xa0, 0x7,
    0x8b, 0x43, 0xc0, 0x3e, 0x30, 0x60, 0xf, 0x8c,
    0x18, 0x3, 0x54, 0xcb, 0x43, 0xc0, 0x30, 0xbb,
    0x15, 0xa0,

    /* U+00E0 "à" */
    0x0, 0xe, 0x79, 0x80, 0x7c, 0x38, 0xbc, 0x1,
    0xfd, 0x58, 0x1, 0xf2, 0x5f, 0x73, 0x64, 0x40,
    0x24, 0xb6, 0x76, 0x6, 0xc0, 0x9, 0x2b, 0x66,
    0x5a, 0x64, 0x80, 0x12, 0x80, 0x6a, 0x2, 0x0,
    0xfc, 0x60, 0x20, 0x13, 0xef, 0xfd, 0x60, 0x1a,
    0xa1, 0xea, 0xe9, 0x0, 0x32, 0x9d, 0x2a, 0x2f,
    0x80, 0x7f, 0xb8, 0x3, 0x29, 0xdb, 0xc7, 0x30,
    0x5a, 0x5, 0x32, 0xc2, 0xce, 0xa9, 0x98,

    /* U+00E1 "á" */
    0x0, 0xe6, 0xf9, 0x0, 0xf8, 0xa6, 0x24, 0x3,
    0xe2, 0xe7, 0x0, 0xf2, 0x5f, 0x73, 0x64, 0x40,
    0x24, 0xb6, 0x76, 0x6, 0xc0, 0x9, 0x2b, 0x66,
    0x5a, 0x64, 0x80, 0x12, 0x80, 0x6a, 0x2, 0x0,
    0xfc, 0x60, 0x20, 0x13, 0xef, 0xfd, 0x60, 0x1a,
    0xa1, 0xea, 0xe9, 0x0, 0x32, 0x9d, 0x2a, 0x2f,
    0x80, 0x7f, 0xb8, 0x3, 0x29, 0xdb, 0xc7, 0x30,
    0x5a, 0x5, 0x32, 0xc2, 0xce, 0xa9, 0x98,

    /* U+00E2 "â" */
    0x0, 0xcd, 0xf0, 0x1, 0xf2, 0x4a, 0xba, 0x80,
    0x7b, 0x22, 0xa7, 0x0, 0x3d, 0xe, 0xd, 0x20,
    0x1c, 0x97, 0xdf, 0xb2, 0x20, 0x12, 0x5b, 0x3b,
    0x3, 0x60, 0x4, 0x95, 0xb3, 0x2d, 0x32, 0x40,
    0x9, 0x40, 0x35, 0x1, 0x0, 0x7e, 0x30, 0x10,
    0x9, 0xf7, 0xfe, 0xb0, 0xd, 0x50, 0xf5, 0x74,
    0x80, 0x19, 0x4e, 0x95, 0x17, 0xc0, 0x3f, 0xdc,
    0x1, 0x94, 0xed, 0xe3, 0x98, 0x2d, 0x2, 0x99,
    0x61, 0x67, 0x54, 0xcc,

    /* U+00E3 "ã" */
    0x0, 0xf0, 0x80, 0x78, 0xb3, 0xfd, 0xde, 0x40,
    0x1d, 0x32, 0xab, 0xe2, 0x0, 0xc4, 0xac, 0xa8,
    0x20, 0x1c, 0x97, 0xdf, 0xb2, 0x20, 0x12, 0x5b,
    0x3b, 0x3, 0x60, 0x4, 0x95, 0xb3, 0x2d, 0x32,
    0x40, 0x9, 0x40, 0x35, 0x1, 0x0, 0x7e, 0x30,
    0x10, 0x9, 0xf7, 0xfe, 0xb0, 0xd, 0x50, 0xf5,
    0x74, 0x80, 0x19, 0x4e, 0x95, 0x17, 0xc0, 0x3f,
    0xdc, 0x1, 0x94, 0xed, 0xe3, 0x98, 0x2d, 0x2,
    0x99, 0x61, 0x67, 0x54, 0xcc,

    /* U+00E4 "ä" */
    0x0, 0xf, 0x48, 0x4f, 0x8, 0x7, 0x9, 0x1,
    0x89, 0x80, 0x61, 0xeb, 0xa, 0xe2, 0x0, 0xc9,
    0x5d, 0xfb, 0x2, 0x1, 0x25, 0xb3, 0xb0, 0x36,
    0x0, 0x49, 0x5b, 0x32, 0xd3, 0x24, 0x0, 0x94,
    0x3, 0x50, 0x10, 0x7, 0xe3, 0x1, 0x0, 0x9f,
    0x7f, 0xeb, 0x0, 0xd5, 0xf, 0x57, 0x48, 0x1,
    0x94, 0xe9, 0x51, 0x7c, 0x3, 0xfd, 0xc0, 0x19,
    0x4e, 0xde, 0x39, 0x82, 0xd0, 0x29, 0x96, 0x16,
    0x75, 0x4c, 0xc0,

    /* U+00E5 "å" */
    0x0, 0xd5, 0xb4, 0x1, 0xf3, 0xb7, 0xb4, 0x0,
    0x7e, 0x27, 0x0, 0xf9, 0xdd, 0xe1, 0x20, 0x1f,
    0x5f, 0xd8, 0x80, 0x72, 0x5f, 0x7e, 0xc8, 0x80,
    0x49, 0x6c, 0xec, 0xd, 0x80, 0x12, 0x56, 0xcc,
    0xb4, 0xc9, 0x0, 0x25, 0x0, 0xd4, 0x4, 0x1,
    0xf8, 0xc0, 0x40, 0x27, 0xdf, 0xfa, 0xc0, 0x35,
    0x43, 0xd5, 0xd2, 0x0, 0x65, 0x3a, 0x54, 0x5f,
    0x0, 0xff, 0x70, 0x6, 0x53, 0xb7, 0x8e, 0x60,
    0xb4, 0xa, 0x65, 0x85, 0x9d, 0x53, 0x30,

    /* U+00E6 "æ" */
    0x0, 0x1d, 0x77, 0xf4, 0x80, 0x1b, 0x7f, 0xa8,
    0x80, 0x24, 0xc4, 0x56, 0x26, 0xaa, 0x48, 0xb2,
    0xab, 0x4, 0x0, 0x95, 0xd7, 0x38, 0xab, 0x4e,
    0x4d, 0xc8, 0xc0, 0x4, 0xa0, 0x1b, 0x80, 0x98,
    0x2, 0x62, 0x70, 0xc, 0x8f, 0xf, 0x80, 0x9,
    0x9e, 0x31, 0x0, 0x1f, 0x5c, 0x3c, 0x38, 0x13,
    0x37, 0x8, 0x5, 0xc3, 0x3d, 0xfe, 0xc0, 0x4f,
    0xff, 0x80, 0x4, 0x8c, 0x20, 0x7, 0x5, 0x0,
    0xff, 0x30, 0x4, 0x30, 0x3, 0x20, 0x19, 0x88,
    0x0, 0xc5, 0xb3, 0x5e, 0x58, 0x8d, 0xb5, 0x3b,
    0x2a, 0x0, 0x98, 0x6, 0x47, 0xf3, 0xb8, 0x5,
    0x76, 0xa7, 0x0,

    /* U+00E7 "ç" */
    0x0, 0x97, 0x3b, 0xf1, 0xc0, 0x29, 0xa3, 0x45,
    0x18, 0x80, 0x2b, 0x1f, 0x55, 0x36, 0xe0, 0x24,
    0x38, 0x40, 0x24, 0x0, 0x19, 0x10, 0x3, 0xc2,
    0x2, 0x1, 0xf0, 0x80, 0x80, 0x7e, 0x32, 0x30,
    0xf, 0xa4, 0x38, 0x40, 0x24, 0x30, 0x55, 0x17,
    0x5d, 0x6d, 0xc0, 0x2, 0xa8, 0x68, 0xa1, 0x16,
    0x1, 0x2e, 0x97, 0xeb, 0x80, 0x72, 0x1e, 0xa8,
    0x7, 0x9f, 0x9f, 0x80, 0x3d, 0x1e, 0xfe, 0x0,

    /* U+00E8 "è" */
    0x0, 0xa3, 0xe0, 0x3, 0xf4, 0x4b, 0x98, 0x7,
    0xe6, 0xe2, 0x0, 0xf9, 0xb3, 0xbe, 0xcc, 0x3,
    0x54, 0x8b, 0x3a, 0xe2, 0x0, 0x19, 0x55, 0xb3,
    0x2f, 0x19, 0x0, 0x50, 0x58, 0x4, 0x2c, 0x46,
    0x6, 0x40, 0x23, 0xb4, 0x14, 0x40, 0xbb, 0xba,
    0x80, 0x2, 0x5, 0x77, 0xf3, 0x81, 0x92, 0xa2,
    0x78, 0x42, 0x82, 0xc0, 0x30, 0xa8, 0x1, 0x95,
    0x5d, 0x51, 0x7d, 0x62, 0x0, 0xa9, 0x25, 0x76,
    0x7f, 0x10,

    /* U+00E9 "é" */
    0x0, 0xe2, 0xfd, 0x10, 0xf, 0xb9, 0x34, 0x40,
    0x3e, 0xdb, 0x0, 0xf9, 0xb3, 0xb9, 0x66, 0x1,
    0xaa, 0x45, 0x9d, 0x71, 0x0, 0xc, 0xaa, 0xd9,
    0x97, 0x8c, 0x80, 0x28, 0x2c, 0x2, 0x16, 0x23,
    0x3, 0x20, 0x11, 0xda, 0xa, 0x20, 0x5d, 0xdd,
    0x40, 0x1, 0x2, 0xbb, 0xf9, 0xc0, 0xc9, 0x51,
    0x3c, 0x21, 0x41, 0x60, 0x18, 0x54, 0x0, 0xca,
    0xae, 0xa8, 0xbe, 0xb1, 0x0, 0x54, 0x92, 0xbb,
    0x3f, 0x88,

    /* U+00EA "ê" */
    0x0, 0xc5, 0xd8, 0x1, 0xf0, 0xf9, 0x12, 0x80,
    0x3c, 0xe9, 0xba, 0x3, 0x0, 0xe6, 0x91, 0x3a,
    0x30, 0xe, 0x6c, 0xfe, 0xb3, 0x0, 0xd5, 0x22,
    0xce, 0xb8, 0x80, 0x6, 0x55, 0x6c, 0xcb, 0xc6,
    0x40, 0x14, 0x16, 0x1, 0xb, 0x11, 0x81, 0x90,
    0x8, 0xed, 0x5, 0x10, 0x2e, 0xee, 0xa0, 0x0,
    0x81, 0x5d, 0xfc, 0xe0, 0x64, 0xa8, 0x9e, 0x10,
    0xa0, 0xb0, 0xc, 0x2a, 0x0, 0x65, 0x57, 0x54,
    0x5f, 0x58, 0x80, 0x2a, 0x49, 0x5d, 0x9f, 0xc4,

    /* U+00EB "ë" */
    0x0, 0xab, 0x81, 0x3d, 0x40, 0x39, 0x84, 0x60,
    0x20, 0xe, 0xce, 0x15, 0xe7, 0x0, 0xe6, 0xdf,
    0xea, 0x30, 0xd, 0x52, 0x2c, 0xeb, 0x88, 0x0,
    0x65, 0x56, 0xcc, 0xbc, 0x64, 0x1, 0x41, 0x60,
    0x10, 0xb1, 0x18, 0x19, 0x0, 0x8e, 0xd0, 0x51,
    0x2, 0xee, 0xea, 0x0, 0x8, 0x15, 0xdf, 0xce,
    0x6, 0x4a, 0x89, 0xe1, 0xa, 0xb, 0x0, 0xc2,
    0xa0, 0x6, 0x55, 0x75, 0x45, 0xf5, 0x88, 0x2,
    0xa4, 0x95, 0xd9, 0xfc, 0x40,

    /* U+00EC "ì" */
    0x1b, 0xf4, 0x1, 0xb7, 0x91, 0x0, 0x46, 0x88,
    0x1, 0x7d, 0xc0, 0x3f, 0xfc, 0xc0,

    /* U+00ED "í" */
    0x7, 0xf8, 0x2, 0x9a, 0x80, 0x2e, 0x50, 0x2,
    0xfb, 0x80, 0x7f, 0xfa, 0x0,

    /* U+00EE "î" */
    0x0, 0x37, 0xc0, 0x4, 0xb2, 0xce, 0xc0, 0x3,
    0xb9, 0xc0, 0x9, 0x90, 0xd, 0x80, 0x25, 0xf7,
    0x0, 0xff, 0xfe, 0x0,

    /* U+00EF "ï" */
    0x1e, 0x90, 0x9e, 0x10, 0x12, 0x3, 0x13, 0x1e,
    0xb0, 0xae, 0x20, 0x15, 0xf7, 0x10, 0xf, 0xff,
    0xd8,

    /* U+00F0 "ð" */
    0x0, 0xe4, 0x0, 0xfe, 0x6b, 0xa5, 0xd6, 0x0,
    0xe6, 0x62, 0xd5, 0xb0, 0x7, 0x6a, 0xc8, 0xd8,
    0x7, 0xbb, 0x1b, 0x4a, 0x40, 0x33, 0xf7, 0xf5,
    0x23, 0x10, 0x2, 0xe0, 0xd5, 0x4c, 0x80, 0xa0,
    0xc8, 0x8e, 0xab, 0xd1, 0xc, 0xb, 0x9, 0x0,
    0x8a, 0xc1, 0x80, 0x84, 0x80, 0x32, 0x81, 0x8,
    0x10, 0x7, 0x84, 0x4, 0x8, 0x3, 0xc2, 0x40,
    0x62, 0x60, 0x19, 0x41, 0x2, 0x83, 0xc4, 0x0,
    0x30, 0x14, 0xc, 0xa7, 0xf5, 0x7c, 0x4e, 0x60,
    0xa, 0x92, 0x54, 0x3a, 0x80,

    /* U+00F1 "ñ" */
    0x0, 0xff, 0xe0, 0x4f, 0xfe, 0x80, 0xd, 0xb3,
    0x57, 0xb0, 0x1, 0x91, 0x95, 0x8, 0x2, 0x6e,
    0x5, 0xcf, 0xea, 0x10, 0x0, 0xc5, 0x12, 0x2,
    0xe8, 0x4, 0xf1, 0xd7, 0xc6, 0x70, 0x1, 0xdc,
    0x1, 0x20, 0x30, 0x3, 0x80, 0x37, 0x80, 0x7f,
    0xfc, 0x80,

    /* U+00F2 "ò" */
    0x0, 0x97, 0xec, 0x3, 0xf9, 0x71, 0x58, 0x3,
    0xf8, 0xf9, 0xc0, 0x3f, 0x2e, 0x7f, 0x63, 0x0,
    0x75, 0x50, 0xd1, 0x5, 0x36, 0x1, 0x32, 0x9f,
    0x5d, 0xb9, 0x10, 0xe0, 0xa, 0xf, 0x10, 0xa,
    0x82, 0x40, 0x6, 0x26, 0x1, 0x84, 0xc4, 0x60,
    0x20, 0xf, 0x38, 0x18, 0x81, 0x0, 0x79, 0xc0,
    0xc0, 0xc4, 0xc0, 0x30, 0x98, 0x88, 0x28, 0x3c,
    0x40, 0x2a, 0x9, 0x0, 0x32, 0x9f, 0x5d, 0x72,
    0x21, 0xc0, 0x2a, 0xa1, 0xa2, 0x94, 0xd8, 0x0,

    /* U+00F3 "ó" */
    0x0, 0xf6, 0xf1, 0x80, 0x7e, 0x90, 0xc3, 0x0,
    0xfd, 0x1a, 0x40, 0x1f, 0x2e, 0x77, 0xe3, 0x0,
    0x75, 0x50, 0xd1, 0x5, 0x36, 0x1, 0x32, 0x9f,
    0x5d, 0xb9, 0x10, 0xe0, 0xa, 0xf, 0x10, 0xa,
    0x82, 0x40, 0x6, 0x26, 0x1, 0x84, 0xc4, 0x60,
    0x20, 0xf, 0x38, 0x18, 0x81, 0x0, 0x79, 0xc0,
    0xc0, 0xc4, 0xc0, 0x30, 0x98, 0x88, 0x28, 0x3c,
    0x40, 0x2a, 0x9, 0x0, 0x32, 0x9f, 0x5d, 0x72,
    0x21, 0xc0, 0x2a, 0xa1, 0xa2, 0x94, 0xd8, 0x0,

    /* U+00F4 "ô" */
    0x0, 0xed, 0xe1, 0x0, 0xfd, 0x60, 0x5a, 0x1,
    0xf2, 0x17, 0xea, 0xa0, 0x7, 0x92, 0x48, 0x65,
    0x0, 0x3c, 0xb9, 0xfe, 0xc6, 0x0, 0xea, 0xa1,
    0xa2, 0xa, 0x6c, 0x2, 0x65, 0x3e, 0xbb, 0x72,
    0x21, 0xc0, 0x14, 0x1e, 0x20, 0x15, 0x4, 0x80,
    0xc, 0x4c, 0x3, 0x9, 0x88, 0xc0, 0x40, 0x1e,
    0x70, 0x31, 0x2, 0x0, 0xf3, 0x81, 0x81, 0x89,
    0x80, 0x61, 0x31, 0x10, 0x50, 0x78, 0x80, 0x54,
    0x12, 0x0, 0x65, 0x3e, 0xba, 0xe4, 0x43, 0x80,
    0x55, 0x43, 0x45, 0x29, 0xb0, 0x0,

    /* U+00F5 "õ" */
    0x0, 0xff, 0xe1, 0xbf, 0xfe, 0xa0, 0xf, 0x1c,
    0xd5, 0xed, 0x0, 0x79, 0x19, 0x50, 0x80, 0x3e,
    0x5c, 0xff, 0x63, 0x0, 0x75, 0x50, 0xd1, 0x5,
    0x36, 0x1, 0x32, 0x9f, 0x5d, 0xb9, 0x10, 0xe0,
    0xa, 0xf, 0x10, 0xa, 0x82, 0x40, 0x6, 0x26,
    0x1, 0x84, 0xc4, 0x60, 0x20, 0xf, 0x38, 0x18,
    0x81, 0x0, 0x79, 0xc0, 0xc0, 0xc4, 0xc0, 0x30,
    0x98, 0x88, 0x28, 0x3c, 0x40, 0x2a, 0x9, 0x0,
    0x32, 0x9f, 0x5d, 0x72, 0x21, 0xc0, 0x2a, 0xa1,
    0xa2, 0x94, 0xd8, 0x0,

    /* U+00F6 "ö" */
    0x0, 0x9f, 0x88, 0x9d, 0x0, 0x1e, 0xe1, 0x1e,
    0x0, 0xf4, 0xf1, 0x9b, 0xa4, 0x3, 0xcb, 0xbf,
    0xed, 0x60, 0xe, 0xaa, 0x1a, 0x20, 0xa6, 0xc0,
    0x26, 0x53, 0xeb, 0xb7, 0x22, 0x1c, 0x1, 0x41,
    0xe2, 0x1, 0x50, 0x48, 0x0, 0xc4, 0xc0, 0x30,
    0x98, 0x8c, 0x4, 0x1, 0xe7, 0x3, 0x10, 0x20,
    0xf, 0x38, 0x18, 0x18, 0x98, 0x6, 0x13, 0x11,
    0x5, 0x7, 0x88, 0x5, 0x41, 0x20, 0x6, 0x53,
    0xeb, 0xae, 0x44, 0x38, 0x5, 0x54, 0x34, 0x52,
    0x9b, 0x0, 0x0,

    /* U+00F7 "÷" */
    0x0, 0x87, 0x74, 0x1, 0xf2, 0x91, 0xc, 0x3,
    0xc8, 0xce, 0x60, 0x1f, 0x4c, 0x0, 0x6f, 0xff,
    0xee, 0x66, 0xff, 0x4c, 0xff, 0x40, 0x6, 0x88,
    0x0, 0x7c, 0x8e, 0xe3, 0x0, 0xf2, 0x89, 0x10,
    0x2,

    /* U+00F8 "ø" */
    0x0, 0xfe, 0x60, 0xf, 0xf3, 0xd0, 0x7, 0x2e,
    0x7f, 0xb2, 0x60, 0x3, 0x55, 0xd, 0x10, 0x63,
    0xe0, 0x13, 0x29, 0xf5, 0xd8, 0x4d, 0x1c, 0x1,
    0x41, 0xe2, 0x10, 0xba, 0x12, 0x0, 0x31, 0x30,
    0x17, 0x91, 0x31, 0x18, 0x8, 0x1, 0xa, 0x40,
    0xc0, 0x62, 0x2, 0x4, 0xd0, 0x0, 0x60, 0x30,
    0x32, 0x24, 0x31, 0x0, 0x99, 0x8, 0x50, 0x7a,
    0xc0, 0x2, 0x82, 0x80, 0xc, 0xa4, 0x15, 0x4e,
    0x44, 0x38, 0x5, 0x20, 0x68, 0xa5, 0x36, 0x1,
    0xbd, 0xf3, 0xfd, 0x8c, 0x1, 0xd3, 0x20, 0xf,
    0xc0,

    /* U+00F9 "ù" */
    0x0, 0x3f, 0xd0, 0x7, 0xcf, 0x8e, 0xa0, 0x1f,
    0x1e, 0xa8, 0x6, 0x6f, 0x60, 0xd, 0x1e, 0x60,
    0x1f, 0xff, 0x3, 0x1, 0x0, 0xc4, 0x0, 0x60,
    0xa0, 0xa, 0x54, 0x0, 0x66, 0x2d, 0xbe, 0x66,
    0x0, 0x5a, 0xa6, 0x8b, 0x96, 0x0,

    /* U+00FA "ú" */
    0x0, 0xc3, 0xda, 0x40, 0x1e, 0xa4, 0xd2, 0x0,
    0xf5, 0xd0, 0x6, 0x6f, 0x60, 0xd, 0x1e, 0x60,
    0x1f, 0xff, 0x3, 0x1, 0x0, 0xc4, 0x0, 0x60,
    0xa0, 0xa, 0x54, 0x0, 0x66, 0x2d, 0xbe, 0x66,
    0x0, 0x5a, 0xa6, 0x8b, 0x96, 0x0,

    /* U+00FB "û" */
    0x0, 0x8b, 0xb4, 0x40, 0x38, 0x7d, 0x47, 0x40,
    0x39, 0x6e, 0xdb, 0x46, 0x1, 0x91, 0x80, 0x58,
    0xc0, 0xd, 0xec, 0x1, 0xa3, 0xcc, 0x3, 0xff,
    0xe0, 0x60, 0x20, 0x18, 0x80, 0xc, 0x14, 0x1,
    0x4a, 0x80, 0xc, 0xc5, 0xb7, 0xcc, 0xc0, 0xb,
    0x54, 0xd1, 0x72, 0xc0, 0x0,

    /* U+00FC "ü" */
    0x0, 0x4f, 0x9, 0xfb, 0x0, 0x63, 0x13, 0x70,
    0xe0, 0xd, 0x5c, 0x49, 0xd0, 0x0, 0x6f, 0x61,
    0x0, 0xc, 0x79, 0x80, 0x7f, 0xfc, 0xc, 0x4,
    0x3, 0x10, 0x1, 0x82, 0x80, 0x29, 0x50, 0x1,
    0x98, 0xb6, 0xf9, 0x98, 0x1, 0x6a, 0x9a, 0x2e,
    0x58, 0x0,

    /* U+00FD "ý" */
    0x0, 0xe4, 0xfa, 0x0, 0xf8, 0x66, 0x28, 0x3,
    0xe1, 0xd7, 0x0, 0xc9, 0xf2, 0x1, 0xc9, 0xf2,
    0x82, 0xc0, 0x1d, 0xa1, 0x41, 0x20, 0xa0, 0x19,
    0xc4, 0xc1, 0x83, 0x80, 0x24, 0x16, 0x0, 0xa,
    0xa0, 0x80, 0x34, 0x28, 0x2, 0xe0, 0x60, 0x3,
    0x99, 0x0, 0x48, 0x54, 0x8, 0x36, 0x1, 0xd4,
    0x47, 0xc0, 0xc0, 0x1c, 0xc1, 0x4a, 0x82, 0x1,
    0xc2, 0xac, 0x1a, 0x1, 0xf7, 0x0, 0x18, 0x3,
    0xe7, 0x5, 0x0, 0xfd, 0xe1, 0x20, 0x1c, 0xf1,
    0x86, 0xc6, 0x1, 0xd6, 0xe3, 0x12, 0x1, 0xc0,

    /* U+00FE "þ" */
    0x6f, 0x50, 0xf, 0xfe, 0xe2, 0xef, 0xec, 0x0,
    0x6e, 0xa1, 0x43, 0x7b, 0x0, 0x92, 0xb2, 0xfc,
    0x91, 0x40, 0xe, 0xa0, 0x1, 0x90, 0xf0, 0x7,
    0x0, 0x64, 0x6, 0x0, 0xfe, 0x10, 0xf, 0x84,
    0x18, 0x3, 0xe6, 0xc, 0x0, 0x70, 0x4, 0x70,
    0xc, 0x0, 0x7c, 0x9b, 0xc0, 0xa1, 0x0, 0x28,
    0x3a, 0x23, 0x14, 0x2, 0xcc, 0x77, 0xd9, 0x80,
    0x7f, 0xf5, 0x0,

    /* U+00FF "ÿ" */
    0x0, 0xb7, 0x1, 0xfc, 0xc0, 0x38, 0xc4, 0x3c,
    0x1c, 0x3, 0xbf, 0x42, 0x39, 0x0, 0x9, 0xf2,
    0x20, 0x10, 0xa7, 0xca, 0xb, 0x0, 0x76, 0x85,
    0x4, 0x82, 0x80, 0x67, 0x13, 0x6, 0xe, 0x0,
    0x90, 0x58, 0x0, 0x2a, 0x82, 0x0, 0xd0, 0xa0,
    0xb, 0x81, 0x80, 0xe, 0x64, 0x1, 0x21, 0x50,
    0x20, 0xd8, 0x7, 0x51, 0x1f, 0x3, 0x0, 0x73,
    0x5, 0x2a, 0x8, 0x7, 0xa, 0xb0, 0x68, 0x7,
    0xdc, 0x0, 0x60, 0xf, 0x9c, 0x14, 0x3, 0xf7,
    0x84, 0x80, 0x73, 0xc6, 0x1b, 0x18, 0x7, 0x5b,
    0x8c, 0x48, 0x7, 0x0,

    /* U+2013 "–" */
    0x5a, 0xaf, 0xc9, 0xaa, 0xbf, 0x8c,

    /* U+2014 "—" */
    0x5a, 0xaf, 0xfe, 0x14, 0x6a, 0xaf, 0xff, 0xc,

    /* U+2018 "‘" */
    0x5, 0x73, 0xb6, 0x84, 0x16, 0x55, 0x81, 0x80,

    /* U+2019 "’" */
    0xa, 0xe2, 0x7, 0x17, 0xf, 0x6, 0xa, 0x43,
    0x13, 0xa0,

    /* U+201A "‚" */
    0xa, 0xe2, 0x7, 0x17, 0xf, 0x6, 0x5, 0x43,
    0x1c, 0xa0,

    /* U+201C "“" */
    0x5, 0x70, 0x2a, 0x3, 0xb6, 0xf, 0xe0, 0x84,
    0x16, 0x34, 0x6, 0x55, 0x70, 0xd0, 0x28, 0x36,
    0x6, 0x80,

    /* U+201D "”" */
    0xa, 0xe2, 0x6f, 0x60, 0x71, 0x7e, 0xc, 0xf,
    0x6, 0x82, 0xd0, 0xa4, 0x33, 0x98, 0x4e, 0x82,
    0x74, 0x40,

    /* U+201E "„" */
    0xa, 0xe2, 0x6f, 0x50, 0x71, 0x7e, 0xf, 0xf,
    0x6, 0x82, 0xd0, 0x54, 0x33, 0x98, 0x72, 0x82,
    0x74, 0x40,

    /* U+2020 "†" */
    0x0, 0xab, 0xc4, 0x3, 0xff, 0x8c, 0x9f, 0xe5,
    0xe, 0xfb, 0x67, 0x71, 0x3, 0xbb, 0x8a, 0x20,
    0xe1, 0x30, 0xa0, 0x1f, 0xff, 0x40,

    /* U+2021 "‡" */
    0x0, 0xb7, 0x40, 0x1f, 0xfc, 0x74, 0xff, 0x11,
    0x3f, 0xca, 0xce, 0xe1, 0x13, 0xbc, 0x51, 0x3,
    0x34, 0x40, 0x80, 0x3f, 0x27, 0xf8, 0x89, 0xfe,
    0x56, 0x68, 0x41, 0x9a, 0x29, 0x91, 0x94, 0xc8,
    0xc0, 0x3f, 0xfa, 0x80,

    /* U+2022 "•" */
    0x0, 0x8, 0x1, 0x3f, 0xa4, 0x3c, 0x0, 0xc2,
    0x1, 0x86, 0x8, 0x64, 0x0,

    /* U+2026 "…" */
    0x29, 0x30, 0x2, 0x48, 0x80, 0x1e, 0x2, 0x1b,
    0xc0, 0x12, 0xd2, 0x5, 0xe, 0x98, 0x8, 0x0,
    0x40, 0xc0, 0x22, 0xa, 0x80,

    /* U+2030 "‰" */
    0x2, 0xbf, 0xe7, 0x0, 0xea, 0xe0, 0xf, 0xf7,
    0xbd, 0xc4, 0x18, 0x2, 0x45, 0xa0, 0xf, 0xe2,
    0x27, 0xa3, 0x26, 0x80, 0x6, 0x99, 0x0, 0x3f,
    0x84, 0x3, 0xf5, 0x9c, 0x80, 0x7f, 0x8c, 0x64,
    0xd, 0x30, 0x15, 0x5c, 0x1, 0xff, 0xc0, 0xa4,
    0xfc, 0x57, 0x1b, 0x73, 0x0, 0xff, 0xe0, 0x27,
    0x6f, 0x50, 0x59, 0xc0, 0x7, 0xff, 0xc, 0x84,
    0x15, 0x5c, 0x57, 0xfa, 0xa0, 0x1, 0xaf, 0xd6,
    0x0, 0xf0, 0xdb, 0x9f, 0xbd, 0xad, 0x18, 0x6b,
    0xdd, 0x4a, 0x0, 0x75, 0x1c, 0x19, 0x7a, 0x41,
    0x51, 0x1c, 0xa3, 0x9f, 0x0, 0x66, 0x4e, 0x6,
    0x2, 0x0, 0x31, 0x8, 0x30, 0x1, 0x98, 0x1,
    0xc, 0xc1, 0x83, 0x1, 0x0, 0x18, 0x84, 0x18,
    0x0, 0xcc, 0x0, 0xa8, 0xdc, 0x0, 0x65, 0xe9,
    0x5, 0x44, 0x72, 0x8e, 0x7c, 0x0, 0x64, 0xe0,
    0xd, 0xef, 0x6b, 0x46, 0x1a, 0xf7, 0x52, 0x80,

    /* U+2039 "‹" */
    0x0, 0xf8, 0x70, 0x80, 0x1a, 0x46, 0x12, 0x7a,
    0x2a, 0xd2, 0x60, 0x83, 0xa0, 0x1, 0xd4, 0x90,
    0x1, 0xcb, 0x20, 0x1, 0xad, 0x0,

    /* U+203A "›" */
    0x0, 0xe1, 0xc2, 0x0, 0x87, 0xc0, 0x3, 0xe5,
    0x40, 0x2, 0xa5, 0x70, 0x7, 0x82, 0x83, 0xad,
    0x11, 0x21, 0xd4, 0xa, 0xa0, 0x0,

    /* U+20AC "€" */
    0x0, 0xe5, 0xbd, 0xfe, 0xb5, 0x0, 0xe1, 0xda,
    0x40, 0x33, 0x25, 0x50, 0x3, 0x69, 0x26, 0xeb,
    0x37, 0xea, 0x0, 0x2, 0x86, 0x54, 0x62, 0x39,
    0x48, 0xf, 0xac, 0xb, 0xbb, 0xce, 0x0, 0x3b,
    0x40, 0x7b, 0xbf, 0x30, 0x4, 0x84, 0x1a, 0x89,
    0xe1, 0x0, 0x84, 0x0, 0x62, 0x3c, 0x1, 0x8f,
    0x98, 0x27, 0xbb, 0xb4, 0x2, 0x3b, 0x80, 0x2b,
    0xbe, 0xf0, 0xc, 0x8c, 0x4, 0x8, 0x98, 0x80,
    0x38, 0x5c, 0x29, 0x40, 0x22, 0x96, 0x0, 0xd0,
    0xa3, 0x5d, 0x9b, 0xa6, 0xd0, 0xe, 0xaa, 0x20,
    0x19, 0x96, 0xec, 0x0
};


/*---------------------
 *  GLYPH DESCRIPTION
 *--------------------*/

static const lv_font_fmt_txt_glyph_dsc_t glyph_dsc[] = {
    {.bitmap_index = 0, .adv_w = 0, .box_w = 0, .box_h = 0, .ofs_x = 0, .ofs_y = 0} /* id = 0 reserved */,
    {.bitmap_index = 0, .adv_w = 92, .box_w = 0, .box_h = 0, .ofs_x = 0, .ofs_y = 0},
    {.bitmap_index = 0, .adv_w = 97, .box_w = 4, .box_h = 14, .ofs_x = 1, .ofs_y = 0},
    {.bitmap_index = 24, .adv_w = 141, .box_w = 5, .box_h = 5, .ofs_x = 2, .ofs_y = 9},
    {.bitmap_index = 37, .adv_w = 219, .box_w = 13, .box_h = 14, .ofs_x = 0, .ofs_y = 0},
    {.bitmap_index = 121, .adv_w = 181, .box_w = 11, .box_h = 19, .ofs_x = 0, .ofs_y = -2},
    {.bitmap_index = 206, .adv_w = 247, .box_w = 15, .box_h = 14, .ofs_x = 0, .ofs_y = 0},
    {.bitmap_index = 300, .adv_w = 235, .box_w = 13, .box_h = 15, .ofs_x = 1, .ofs_y = -1},
    {.bitmap_index = 391, .adv_w = 78, .box_w = 3, .box_h = 5, .ofs_x = 1, .ofs_y = 9},
    {.bitmap_index = 399, .adv_w = 116, .box_w = 6, .box_h = 20, .ofs_x = 1, .ofs_y = -3},
    {.bitmap_index = 452, .adv_w = 116, .box_w = 6, .box_h = 20, .ofs_x = 0, .ofs_y = -3},
    {.bitmap_index = 505, .adv_w = 176, .box_w = 9, .box_h = 9, .ofs_x = 1, .ofs_y = 5},
    {.bitmap_index = 545, .adv_w = 191, .box_w = 10, .box_h = 10, .ofs_x = 1, .ofs_y = 2},
    {.bitmap_index = 569, .adv_w = 87, .box_w = 4, .box_h = 5, .ofs_x = 1, .ofs_y = -3},
    {.bitmap_index = 580, .adv_w = 140, .box_w = 7, .box_h = 2, .ofs_x = 1, .ofs_y = 5},
    {.bitmap_index = 585, .adv_w = 89, .box_w = 4, .box_h = 3, .ofs_x = 1, .ofs_y = 0},
    {.bitmap_index = 591, .adv_w = 107, .box_w = 7, .box_h = 17, .ofs_x = 0, .ofs_y = -2},
    {.bitmap_index = 640, .adv_w = 209, .box_w = 12, .box_h = 14, .ofs_x = 1, .ofs_y = 0},
    {.bitmap_index = 713, .adv_w = 178, .box_w = 9, .box_h = 14, .ofs_x = 1, .ofs_y = 0},
    {.bitmap_index = 742, .adv_w = 203, .box_w = 11, .box_h = 14, .ofs_x = 1, .ofs_y = 0},
    {.bitmap_index = 804, .adv_w = 197, .box_w = 12, .box_h = 14, .ofs_x = 0, .ofs_y = 0},
    {.bitmap_index = 876, .adv_w = 209, .box_w = 13, .box_h = 14, .ofs_x = 0, .ofs_y = 0},
    {.bitmap_index = 926, .adv_w = 204, .box_w = 11, .box_h = 14, .ofs_x = 1, .ofs_y = 0},
    {.bitmap_index = 985, .adv_w = 198, .box_w = 11, .box_h = 14, .ofs_x = 1, .ofs_y = 0},
    {.bitmap_index = 1059, .adv_w = 185, .box_w = 11, .box_h = 14, .ofs_x = 0, .ofs_y = 0},
    {.bitmap_index = 1110, .adv_w = 201, .box_w = 11, .box_h = 14, .ofs_x = 1, .ofs_y = 0},
    {.bitmap_index = 1184, .adv_w = 199, .box_w = 11, .box_h = 14, .ofs_x = 1, .ofs_y = 0},
    {.bitmap_index = 1257, .adv_w = 89, .box_w = 4, .box_h = 11, .ofs_x = 1, .ofs_y = 0},
    {.bitmap_index = 1274, .adv_w = 89, .box_w = 4, .box_h = 14, .ofs_x = 1, .ofs_y = -3},
    {.bitmap_index = 1296, .adv_w = 191, .box_w = 10, .box_h = 12, .ofs_x = 1, .ofs_y = 1},
    {.bitmap_index = 1343, .adv_w = 191, .box_w = 10, .box_h = 6, .ofs_x = 1, .ofs_y = 4},
    {.bitmap_index = 1357, .adv_w = 191, .box_w = 10, .box_h = 12, .ofs_x = 1, .ofs_y = 1},
    {.bitmap_index = 1406, .adv_w = 161, .box_w = 10, .box_h = 14, .ofs_x = 0, .ofs_y = 0},
    {.bitmap_index = 1462, .adv_w = 283, .box_w = 17, .box_h = 18, .ofs_x = 0, .ofs_y = -4},
    {.bitmap_index = 1600, .adv_w = 219, .box_w = 14, .box_h = 14, .ofs_x = 0, .ofs_y = 0},
    {.bitmap_index = 1675, .adv_w = 202, .box_w = 11, .box_h = 14, .ofs_x = 1, .ofs_y = 0},
    {.bitmap_index = 1735, .adv_w = 209, .box_w = 12, .box_h = 14, .ofs_x = 1, .ofs_y = 0},
    {.bitmap_index = 1802, .adv_w = 222, .box_w = 12, .box_h = 14, .ofs_x = 1, .ofs_y = 0},
    {.bitmap_index = 1864, .adv_w = 188, .box_w = 10, .box_h = 14, .ofs_x = 1, .ofs_y = 0},
    {.bitmap_index = 1897, .adv_w = 170, .box_w = 10, .box_h = 14, .ofs_x = 1, .ofs_y = 0},
    {.bitmap_index = 1923, .adv_w = 228, .box_w = 12, .box_h = 14, .ofs_x = 1, .ofs_y = 0},
    {.bitmap_index = 1992, .adv_w = 237, .box_w = 12, .box_h = 14, .ofs_x = 1, .ofs_y = 0},
    {.bitmap_index = 2013, .adv_w = 88, .box_w = 3, .box_h = 14, .ofs_x = 1, .ofs_y = 0},
    {.bitmap_index = 2018, .adv_w = 140, .box_w = 7, .box_h = 14, .ofs_x = 0, .ofs_y = 0},
    {.bitmap_index = 2038, .adv_w = 204, .box_w = 12, .box_h = 14, .ofs_x = 1, .ofs_y = 0},
    {.bitmap_index = 2096, .adv_w = 173, .box_w = 10, .box_h = 14, .ofs_x = 1, .ofs_y = 0},
    {.bitmap_index = 2111, .adv_w = 284, .box_w = 15, .box_h = 14, .ofs_x = 1, .ofs_y = 0},
    {.bitmap_index = 2186, .adv_w = 240, .box_w = 13, .box_h = 14, .ofs_x = 1, .ofs_y = 0},
    {.bitmap_index = 2243, .adv_w = 250, .box_w = 14, .box_h = 14, .ofs_x = 1, .ofs_y = 0},
    {.bitmap_index = 2323, .adv_w = 183, .box_w = 11, .box_h = 14, .ofs_x = 1, .ofs_y = 0},
    {.bitmap_index = 2368, .adv_w = 250, .box_w = 14, .box_h = 18, .ofs_x = 1, .ofs_y = -4},
    {.bitmap_index = 2468, .adv_w = 205, .box_w = 12, .box_h = 14, .ofs_x = 1, .ofs_y = 0},
    {.bitmap_index = 2528, .adv_w = 184, .box_w = 11, .box_h = 14, .ofs_x = 0, .ofs_y = 0},
    {.bitmap_index = 2595, .adv_w = 190, .box_w = 12, .box_h = 14, .ofs_x = 0, .ofs_y = 0},
    {.bitmap_index = 2614, .adv_w = 230, .box_w = 12, .box_h = 14, .ofs_x = 1, .ofs_y = 0},
    {.bitmap_index = 2655, .adv_w = 215, .box_w = 14, .box_h = 14, .ofs_x = 0, .ofs_y = 0},
    {.bitmap_index = 2732, .adv_w = 319, .box_w = 20, .box_h = 14, .ofs_x = 0, .ofs_y = 0},
    {.bitmap_index = 2853, .adv_w = 206, .box_w = 13, .box_h = 14, .ofs_x = 0, .ofs_y = 0},
    {.bitmap_index = 2931, .adv_w = 196, .box_w = 12, .box_h = 14, .ofs_x = 0, .ofs_y = 0},
    {.bitmap_index = 2979, .adv_w = 199, .box_w = 12, .box_h = 14, .ofs_x = 0, .ofs_y = 0},
    {.bitmap_index = 3036, .adv_w = 94, .box_w = 4, .box_h = 20, .ofs_x = 1, .ofs_y = -3},
    {.bitmap_index = 3053, .adv_w = 107, .box_w = 7, .box_h = 17, .ofs_x = 0, .ofs_y = -2},
    {.bitmap_index = 3100, .adv_w = 94, .box_w = 4, .box_h = 20, .ofs_x = 1, .ofs_y = -3},
    {.bitmap_index = 3116, .adv_w = 219, .box_w = 12, .box_h = 7, .ofs_x = 1, .ofs_y = 9},
    {.bitmap_index = 3151, .adv_w = 227, .box_w = 12, .box_h = 3, .ofs_x = 1, .ofs_y = -2},
    {.bitmap_index = 3161, .adv_w = 86, .box_w = 5, .box_h = 3, .ofs_x = 0, .ofs_y = 12},
    {.bitmap_index = 3169, .adv_w = 179, .box_w = 11, .box_h = 11, .ofs_x = 0, .ofs_y = 0},
    {.bitmap_index = 3222, .adv_w = 192, .box_w = 11, .box_h = 15, .ofs_x = 1, .ofs_y = 0},
    {.bitmap_index = 3275, .adv_w = 169, .box_w = 10, .box_h = 11, .ofs_x = 0, .ofs_y = 0},
    {.bitmap_index = 3323, .adv_w = 191, .box_w = 11, .box_h = 15, .ofs_x = 0, .ofs_y = 0},
    {.bitmap_index = 3378, .adv_w = 182, .box_w = 11, .box_h = 11, .ofs_x = 0, .ofs_y = 0},
    {.bitmap_index = 3433, .adv_w = 112, .box_w = 8, .box_h = 16, .ofs_x = 0, .ofs_y = 0},
    {.bitmap_index = 3465, .adv_w = 191, .box_w = 11, .box_h = 15, .ofs_x = 0, .ofs_y = -4},
    {.bitmap_index = 3538, .adv_w = 189, .box_w = 10, .box_h = 15, .ofs_x = 1, .ofs_y = 0},
    {.bitmap_index = 3568, .adv_w = 81, .box_w = 3, .box_h = 14, .ofs_x = 1, .ofs_y = 0},
    {.bitmap_index = 3578, .adv_w = 85, .box_w = 6, .box_h = 18, .ofs_x = -2, .ofs_y = -4},
    {.bitmap_index = 3600, .adv_w = 172, .box_w = 10, .box_h = 15, .ofs_x = 1, .ofs_y = 0},
    {.bitmap_index = 3645, .adv_w = 80, .box_w = 3, .box_h = 15, .ofs_x = 1, .ofs_y = 0},
    {.bitmap_index = 3650, .adv_w = 283, .box_w = 16, .box_h = 11, .ofs_x = 1, .ofs_y = 0},
    {.bitmap_index = 3694, .adv_w = 189, .box_w = 10, .box_h = 11, .ofs_x = 1, .ofs_y = 0},
    {.bitmap_index = 3721, .adv_w = 193, .box_w = 12, .box_h = 11, .ofs_x = 0, .ofs_y = 0},
    {.bitmap_index = 3782, .adv_w = 188, .box_w = 10, .box_h = 15, .ofs_x = 1, .ofs_y = -4},
    {.bitmap_index = 3838, .adv_w = 189, .box_w = 11, .box_h = 15, .ofs_x = 0, .ofs_y = -4},
    {.bitmap_index = 3897, .adv_w = 119, .box_w = 7, .box_h = 11, .ofs_x = 1, .ofs_y = 0},
    {.bitmap_index = 3915, .adv_w = 152, .box_w = 9, .box_h = 11, .ofs_x = 0, .ofs_y = 0},
    {.bitmap_index = 3963, .adv_w = 119, .box_w = 7, .box_h = 14, .ofs_x = 0, .ofs_y = 0},
    {.bitmap_index = 3990, .adv_w = 187, .box_w = 10, .box_h = 11, .ofs_x = 1, .ofs_y = 0},
    {.bitmap_index = 4017, .adv_w = 170, .box_w = 11, .box_h = 11, .ofs_x = 0, .ofs_y = 0},
    {.bitmap_index = 4070, .adv_w = 251, .box_w = 16, .box_h = 11, .ofs_x = 0, .ofs_y = 0},
    {.bitmap_index = 4152, .adv_w = 163, .box_w = 10, .box_h = 11, .ofs_x = 0, .ofs_y = 0},
    {.bitmap_index = 4204, .adv_w = 177, .box_w = 11, .box_h = 15, .ofs_x = 0, .ofs_y = -4},
    {.bitmap_index = 4272, .adv_w = 152, .box_w = 9, .box_h = 11, .ofs_x = 0, .ofs_y = 0},
    {.bitmap_index = 4312, .adv_w = 124, .box_w = 6, .box_h = 18, .ofs_x = 1, .ofs_y = -2},
    {.bitmap_index = 4357, .adv_w = 77, .box_w = 3, .box_h = 19, .ofs_x = 1, .ofs_y = -2},
    {.bitmap_index = 4363, .adv_w = 124, .box_w = 7, .box_h = 18, .ofs_x = 0, .ofs_y = -2},
    {.bitmap_index = 4407, .adv_w = 191, .box_w = 10, .box_h = 3, .ofs_x = 1, .ofs_y = 6},
    {.bitmap_index = 4422, .adv_w = 92, .box_w = 0, .box_h = 0, .ofs_x = 0, .ofs_y = 0},
    {.bitmap_index = 4422, .adv_w = 97, .box_w = 4, .box_h = 15, .ofs_x = 1, .ofs_y = -4},
    {.bitmap_index = 4446, .adv_w = 172, .box_w = 10, .box_h = 15, .ofs_x = 1, .ofs_y = 0},
    {.bitmap_index = 4505, .adv_w = 188, .box_w = 10, .box_h = 14, .ofs_x = 1, .ofs_y = 0},
    {.bitmap_index = 4561, .adv_w = 202, .box_w = 12, .box_h = 11, .ofs_x = 0, .ofs_y = 1},
    {.bitmap_index = 4625, .adv_w = 206, .box_w = 13, .box_h = 14, .ofs_x = 0, .ofs_y = 0},
    {.bitmap_index = 4700, .adv_w = 77, .box_w = 3, .box_h = 19, .ofs_x = 1, .ofs_y = -2},
    {.bitmap_index = 4714, .adv_w = 162, .box_w = 8, .box_h = 14, .ofs_x = 1, .ofs_y = 0},
    {.bitmap_index = 4767, .adv_w = 113, .box_w = 7, .box_h = 3, .ofs_x = 0, .ofs_y = 12},
    {.bitmap_index = 4778, .adv_w = 260, .box_w = 16, .box_h = 17, .ofs_x = 0, .ofs_y = -1},
    {.bitmap_index = 4897, .adv_w = 127, .box_w = 8, .box_h = 8, .ofs_x = 0, .ofs_y = 7},
    {.bitmap_index = 4928, .adv_w = 153, .box_w = 9, .box_h = 9, .ofs_x = 0, .ofs_y = 1},
    {.bitmap_index = 4966, .adv_w = 191, .box_w = 10, .box_h = 6, .ofs_x = 1, .ofs_y = 3},
    {.bitmap_index = 4978, .adv_w = 140, .box_w = 7, .box_h = 2, .ofs_x = 1, .ofs_y = 5},
    {.bitmap_index = 4983, .adv_w = 260, .box_w = 16, .box_h = 17, .ofs_x = 0, .ofs_y = -1},
    {.bitmap_index = 5102, .adv_w = 102, .box_w = 6, .box_h = 2, .ofs_x = 0, .ofs_y = 12},
    {.bitmap_index = 5107, .adv_w = 122, .box_w = 7, .box_h = 7, .ofs_x = 0, .ofs_y = 8},
    {.bitmap_index = 5130, .adv_w = 191, .box_w = 10, .box_h = 11, .ofs_x = 1, .ofs_y = 2},
    {.bitmap_index = 5160, .adv_w = 121, .box_w = 7, .box_h = 8, .ofs_x = 0, .ofs_y = 9},
    {.bitmap_index = 5188, .adv_w = 128, .box_w = 7, .box_h = 8, .ofs_x = 0, .ofs_y = 9},
    {.bitmap_index = 5217, .adv_w = 85, .box_w = 5, .box_h = 3, .ofs_x = 0, .ofs_y = 12},
    {.bitmap_index = 5225, .adv_w = 192, .box_w = 10, .box_h = 15, .ofs_x = 1, .ofs_y = -4},
    {.bitmap_index = 5258, .adv_w = 167, .box_w = 8, .box_h = 14, .ofs_x = 1, .ofs_y = 0},
    {.bitmap_index = 5284, .adv_w = 93, .box_w = 4, .box_h = 4, .ofs_x = 1, .ofs_y = 5},
    {.bitmap_index = 5293, .adv_w = 85, .box_w = 5, .box_h = 5, .ofs_x = 0, .ofs_y = -4},
    {.bitmap_index = 5306, .adv_w = 117, .box_w = 6, .box_h = 8, .ofs_x = 1, .ofs_y = 9},
    {.bitmap_index = 5325, .adv_w = 129, .box_w = 8, .box_h = 7, .ofs_x = 0, .ofs_y = 7},
    {.bitmap_index = 5354, .adv_w = 153, .box_w = 9, .box_h = 9, .ofs_x = 1, .ofs_y = 1},
    {.bitmap_index = 5392, .adv_w = 298, .box_w = 17, .box_h = 19, .ofs_x = 1, .ofs_y = -3},
    {.bitmap_index = 5509, .adv_w = 298, .box_w = 17, .box_h = 19, .ofs_x = 1, .ofs_y = -3},
    {.bitmap_index = 5627, .adv_w = 309, .box_w = 19, .box_h = 19, .ofs_x = 0, .ofs_y = -3},
    {.bitmap_index = 5761, .adv_w = 161, .box_w = 10, .box_h = 15, .ofs_x = 0, .ofs_y = -4},
    {.bitmap_index = 5817, .adv_w = 219, .box_w = 14, .box_h = 18, .ofs_x = 0, .ofs_y = 0},
    {.bitmap_index = 5908, .adv_w = 219, .box_w = 14, .box_h = 18, .ofs_x = 0, .ofs_y = 0},
    {.bitmap_index = 5999, .adv_w = 219, .box_w = 14, .box_h = 19, .ofs_x = 0, .ofs_y = 0},
    {.bitmap_index = 6092, .adv_w = 219, .box_w = 14, .box_h = 19, .ofs_x = 0, .ofs_y = 0},
    {.bitmap_index = 6188, .adv_w = 219, .box_w = 14, .box_h = 18, .ofs_x = 0, .ofs_y = 0},
    {.bitmap_index = 6280, .adv_w = 219, .box_w = 14, .box_h = 19, .ofs_x = 0, .ofs_y = 0},
    {.bitmap_index = 6376, .adv_w = 284, .box_w = 17, .box_h = 14, .ofs_x = 0, .ofs_y = 0},
    {.bitmap_index = 6458, .adv_w = 209, .box_w = 12, .box_h = 18, .ofs_x = 1, .ofs_y = -4},
    {.bitmap_index = 6543, .adv_w = 188, .box_w = 10, .box_h = 18, .ofs_x = 1, .ofs_y = 0},
    {.bitmap_index = 6590, .adv_w = 188, .box_w = 10, .box_h = 18, .ofs_x = 1, .ofs_y = 0},
    {.bitmap_index = 6638, .adv_w = 188, .box_w = 10, .box_h = 19, .ofs_x = 1, .ofs_y = 0},
    {.bitmap_index = 6690, .adv_w = 188, .box_w = 10, .box_h = 18, .ofs_x = 1, .ofs_y = 0},
    {.bitmap_index = 6740, .adv_w = 88, .box_w = 5, .box_h = 18, .ofs_x = -1, .ofs_y = 0},
    {.bitmap_index = 6756, .adv_w = 88, .box_w = 5, .box_h = 18, .ofs_x = 1, .ofs_y = 0},
    {.bitmap_index = 6771, .adv_w = 88, .box_w = 7, .box_h = 19, .ofs_x = -1, .ofs_y = 0},
    {.bitmap_index = 6794, .adv_w = 88, .box_w = 7, .box_h = 18, .ofs_x = -1, .ofs_y = 0},
    {.bitmap_index = 6816, .adv_w = 222, .box_w = 13, .box_h = 14, .ofs_x = 0, .ofs_y = 0},
    {.bitmap_index = 6891, .adv_w = 240, .box_w = 13, .box_h = 19, .ofs_x = 1, .ofs_y = 0},
    {.bitmap_index = 6968, .adv_w = 250, .box_w = 14, .box_h = 19, .ofs_x = 1, .ofs_y = 0},
    {.bitmap_index = 7065, .adv_w = 250, .box_w = 14, .box_h = 19, .ofs_x = 1, .ofs_y = 0},
    {.bitmap_index = 7162, .adv_w = 250, .box_w = 14, .box_h = 19, .ofs_x = 1, .ofs_y = 0},
    {.bitmap_index = 7261, .adv_w = 250, .box_w = 14, .box_h = 19, .ofs_x = 1, .ofs_y = 0},
    {.bitmap_index = 7362, .adv_w = 250, .box_w = 14, .box_h = 18, .ofs_x = 1, .ofs_y = 0},
    {.bitmap_index = 7461, .adv_w = 191, .box_w = 11, .box_h = 12, .ofs_x = 0, .ofs_y = 1},
    {.bitmap_index = 7518, .adv_w = 250, .box_w = 14, .box_h = 18, .ofs_x = 1, .ofs_y = -2},
    {.bitmap_index = 7628, .adv_w = 230, .box_w = 12, .box_h = 19, .ofs_x = 1, .ofs_y = 0},
    {.bitmap_index = 7685, .adv_w = 230, .box_w = 12, .box_h = 19, .ofs_x = 1, .ofs_y = 0},
    {.bitmap_index = 7742, .adv_w = 230, .box_w = 12, .box_h = 19, .ofs_x = 1, .ofs_y = 0},
    {.bitmap_index = 7802, .adv_w = 230, .box_w = 12, .box_h = 18, .ofs_x = 1, .ofs_y = 0},
    {.bitmap_index = 7860, .adv_w = 196, .box_w = 12, .box_h = 18, .ofs_x = 0, .ofs_y = 0},
    {.bitmap_index = 7923, .adv_w = 180, .box_w = 10, .box_h = 14, .ofs_x = 1, .ofs_y = 0},
    {.bitmap_index = 7972, .adv_w = 184, .box_w = 10, .box_h = 16, .ofs_x = 1, .ofs_y = 0},
    {.bitmap_index = 8038, .adv_w = 179, .box_w = 11, .box_h = 14, .ofs_x = 0, .ofs_y = 0},
    {.bitmap_index = 8101, .adv_w = 179, .box_w = 11, .box_h = 14, .ofs_x = 0, .ofs_y = 0},
    {.bitmap_index = 8164, .adv_w = 179, .box_w = 11, .box_h = 15, .ofs_x = 0, .ofs_y = 0},
    {.bitmap_index = 8232, .adv_w = 179, .box_w = 11, .box_h = 15, .ofs_x = 0, .ofs_y = 0},
    {.bitmap_index = 8301, .adv_w = 179, .box_w = 11, .box_h = 14, .ofs_x = 0, .ofs_y = 0},
    {.bitmap_index = 8368, .adv_w = 179, .box_w = 11, .box_h = 16, .ofs_x = 0, .ofs_y = 0},
    {.bitmap_index = 8439, .adv_w = 287, .box_w = 18, .box_h = 11, .ofs_x = 0, .ofs_y = 0},
    {.bitmap_index = 8530, .adv_w = 169, .box_w = 10, .box_h = 15, .ofs_x = 0, .ofs_y = -4},
    {.bitmap_index = 8594, .adv_w = 182, .box_w = 11, .box_h = 14, .ofs_x = 0, .ofs_y = 0},
    {.bitmap_index = 8660, .adv_w = 182, .box_w = 11, .box_h = 14, .ofs_x = 0, .ofs_y = 0},
    {.bitmap_index = 8726, .adv_w = 182, .box_w = 11, .box_h = 15, .ofs_x = 0, .ofs_y = 0},
    {.bitmap_index = 8798, .adv_w = 182, .box_w = 11, .box_h = 14, .ofs_x = 0, .ofs_y = 0},
    {.bitmap_index = 8867, .adv_w = 81, .box_w = 5, .box_h = 14, .ofs_x = -1, .ofs_y = 0},
    {.bitmap_index = 8881, .adv_w = 81, .box_w = 5, .box_h = 14, .ofs_x = 1, .ofs_y = 0},
    {.bitmap_index = 8894, .adv_w = 81, .box_w = 7, .box_h = 15, .ofs_x = -1, .ofs_y = 0},
    {.bitmap_index = 8914, .adv_w = 81, .box_w = 7, .box_h = 14, .ofs_x = -1, .ofs_y = 0},
    {.bitmap_index = 8931, .adv_w = 190, .box_w = 11, .box_h = 16, .ofs_x = 0, .ofs_y = 0},
    {.bitmap_index = 9008, .adv_w = 189, .box_w = 10, .box_h = 15, .ofs_x = 1, .ofs_y = 0},
    {.bitmap_index = 9050, .adv_w = 193, .box_w = 12, .box_h = 14, .ofs_x = 0, .ofs_y = 0},
    {.bitmap_index = 9122, .adv_w = 193, .box_w = 12, .box_h = 14, .ofs_x = 0, .ofs_y = 0},
    {.bitmap_index = 9194, .adv_w = 193, .box_w = 12, .box_h = 15, .ofs_x = 0, .ofs_y = 0},
    {.bitmap_index = 9272, .adv_w = 193, .box_w = 12, .box_h = 15, .ofs_x = 0, .ofs_y = 0},
    {.bitmap_index = 9348, .adv_w = 193, .box_w = 12, .box_h = 14, .ofs_x = 0, .ofs_y = 0},
    {.bitmap_index = 9423, .adv_w = 191, .box_w = 10, .box_h = 10, .ofs_x = 1, .ofs_y = 2},
    {.bitmap_index = 9456, .adv_w = 193, .box_w = 12, .box_h = 15, .ofs_x = 0, .ofs_y = -2},
    {.bitmap_index = 9537, .adv_w = 187, .box_w = 10, .box_h = 14, .ofs_x = 1, .ofs_y = 0},
    {.bitmap_index = 9575, .adv_w = 187, .box_w = 10, .box_h = 14, .ofs_x = 1, .ofs_y = 0},
    {.bitmap_index = 9613, .adv_w = 187, .box_w = 10, .box_h = 15, .ofs_x = 1, .ofs_y = 0},
    {.bitmap_index = 9658, .adv_w = 187, .box_w = 10, .box_h = 14, .ofs_x = 1, .ofs_y = 0},
    {.bitmap_index = 9700, .adv_w = 177, .box_w = 11, .box_h = 18, .ofs_x = 0, .ofs_y = -4},
    {.bitmap_index = 9780, .adv_w = 188, .box_w = 10, .box_h = 19, .ofs_x = 1, .ofs_y = -4},
    {.bitmap_index = 9839, .adv_w = 177, .box_w = 11, .box_h = 18, .ofs_x = 0, .ofs_y = -4},
    {.bitmap_index = 9923, .adv_w = 190, .box_w = 10, .box_h = 2, .ofs_x = 1, .ofs_y = 5},
    {.bitmap_index = 9929, .adv_w = 292, .box_w = 16, .box_h = 2, .ofs_x = 1, .ofs_y = 5},
    {.bitmap_index = 9937, .adv_w = 72, .box_w = 3, .box_h = 5, .ofs_x = 1, .ofs_y = 10},
    {.bitmap_index = 9945, .adv_w = 72, .box_w = 4, .box_h = 5, .ofs_x = 0, .ofs_y = 9},
    {.bitmap_index = 9955, .adv_w = 72, .box_w = 4, .box_h = 5, .ofs_x = 0, .ofs_y = -2},
    {.bitmap_index = 9965, .adv_w = 125, .box_w = 7, .box_h = 5, .ofs_x = 1, .ofs_y = 10},
    {.bitmap_index = 9983, .adv_w = 125, .box_w = 7, .box_h = 5, .ofs_x = 0, .ofs_y = 9},
    {.bitmap_index = 10001, .adv_w = 125, .box_w = 7, .box_h = 5, .ofs_x = 0, .ofs_y = -2},
    {.bitmap_index = 10019, .adv_w = 134, .box_w = 8, .box_h = 14, .ofs_x = 0, .ofs_y = 0},
    {.bitmap_index = 10041, .adv_w = 129, .box_w = 8, .box_h = 14, .ofs_x = 0, .ofs_y = 0},
    {.bitmap_index = 10077, .adv_w = 101, .box_w = 5, .box_h = 5, .ofs_x = 1, .ofs_y = 5},
    {.bitmap_index = 10090, .adv_w = 267, .box_w = 13, .box_h = 3, .ofs_x = 2, .ofs_y = 0},
    {.bitmap_index = 10111, .adv_w = 361, .box_w = 22, .box_h = 14, .ofs_x = 0, .ofs_y = 0},
    {.bitmap_index = 10239, .adv_w = 112, .box_w = 5, .box_h = 9, .ofs_x = 1, .ofs_y = 1},
    {.bitmap_index = 10261, .adv_w = 115, .box_w = 5, .box_h = 9, .ofs_x = 1, .ofs_y = 1},
    {.bitmap_index = 10283, .adv_w = 217, .box_w = 14, .box_h = 14, .ofs_x = 0, .ofs_y = 0}
};

/*---------------------
 *  CHARACTER MAPPING
 *--------------------*/

static const uint16_t unicode_list_2[] = {
    0x0, 0x1, 0x5, 0x6, 0x7, 0x9, 0xa, 0xb,
    0xd, 0xe, 0xf, 0x13, 0x1d, 0x26, 0x27, 0x99
};

/*Collect the unicode lists and glyph_id offsets*/
static const lv_font_fmt_txt_cmap_t cmaps[] =
{
    {
        .range_start = 32, .range_length = 95, .glyph_id_start = 1,
        .unicode_list = NULL, .glyph_id_ofs_list = NULL, .list_length = 0, .type = LV_FONT_FMT_TXT_CMAP_FORMAT0_TINY
    },
    {
        .range_start = 160, .range_length = 96, .glyph_id_start = 96,
        .unicode_list = NULL, .glyph_id_ofs_list = NULL, .list_length = 0, .type = LV_FONT_FMT_TXT_CMAP_FORMAT0_TINY
    },
    {
        .range_start = 8211, .range_length = 154, .glyph_id_start = 192,
        .unicode_list = unicode_list_2, .glyph_id_ofs_list = NULL, .list_length = 16, .type = LV_FONT_FMT_TXT_CMAP_SPARSE_TINY
    }
};

/*-----------------
 *    KERNING
 *----------------*/


/*Map glyph_ids to kern left classes*/
static const uint8_t kern_left_class_mapping[] =
{
    0, 0, 0, 1, 0, 0, 0, 0,
    2, 3, 0, 0, 0, 4, 5, 4,
    6, 7, 8, 0, 0, 9, 0, 10,
    11, 12, 13, 0, 0, 0, 0, 0,
    14, 15, 16, 17, 18, 19, 20, 21,
    22, 23, 23, 24, 25, 26, 23, 23,
    19, 27, 19, 28, 29, 30, 31, 32,
    33, 34, 35, 36, 37, 38, 0, 0,
    0, 0, 39, 40, 41, 42, 43, 44,
    45, 46, 47, 48, 49, 42, 46, 46,
    40, 40, 50, 51, 52, 53, 46, 54,
    54, 55, 56, 57, 3, 0, 0, 0,
    0, 0, 0, 0, 0, 0, 0, 0,
    0, 0, 58, 0, 0, 5, 0, 0,
    0, 0, 0, 0, 0, 0, 0, 0,
    0, 0, 59, 0, 0, 0, 0, 60,
    16, 16, 16, 16, 16, 16, 20, 18,
    20, 20, 20, 20, 23, 23, 23, 23,
    19, 23, 19, 19, 19, 19, 19, 0,
    19, 31, 31, 31, 31, 35, 27, 61,
    39, 39, 39, 39, 39, 39, 43, 62,
    43, 43, 43, 43, 47, 63, 64, 65,
    40, 46, 40, 40, 40, 40, 40, 0,
    40, 46, 46, 46, 46, 54, 40, 54,
    5, 5, 66, 67, 68, 66, 67, 68,
    0, 0, 0, 4, 0, 0, 0, 0
};

/*Map glyph_ids to kern right classes*/
static const uint8_t kern_right_class_mapping[] =
{
    0, 0, 0, 1, 0, 0, 0, 0,
    2, 0, 3, 4, 0, 5, 6, 7,
    8, 0, 9, 10, 11, 0, 12, 0,
    13, 0, 0, 14, 14, 0, 0, 0,
    15, 16, 17, 18, 19, 18, 18, 18,
    19, 18, 18, 20, 18, 18, 18, 18,
    19, 18, 19, 18, 21, 22, 23, 24,
    25, 26, 27, 0, 28, 29, 30, 0,
    31, 0, 32, 33, 34, 34, 34, 35,
    36, 33, 37, 38, 33, 33, 39, 39,
    40, 41, 34, 39, 42, 43, 39, 44,
    44, 45, 46, 47, 48, 0, 49, 0,
    0, 0, 0, 0, 0, 0, 0, 0,
    0, 0, 50, 0, 0, 6, 0, 0,
    0, 0, 0, 0, 0, 0, 0, 0,
    0, 0, 51, 0, 0, 0, 0, 52,
    17, 17, 17, 17, 17, 17, 53, 19,
    18, 18, 18, 18, 54, 18, 18, 54,
    18, 18, 19, 19, 19, 19, 19, 0,
    19, 23, 23, 23, 23, 27, 18, 33,
    32, 32, 32, 32, 32, 32, 32, 34,
    34, 34, 34, 34, 55, 37, 56, 57,
    34, 39, 34, 34, 34, 34, 34, 0,
    34, 39, 39, 39, 39, 46, 33, 46,
    6, 6, 58, 59, 60, 61, 62, 60,
    0, 0, 0, 63, 0, 64, 0, 0
};

/*Kern values between classes*/
static const int8_t kern_class_values[] =
{
    0, 0, 0, 0, 0, 0, 0, 0,
    0, 0, 0, 0, 0, 0, 0, 0,
    0, 0, 0, 0, 0, 0, 0, 0,
    0, 0, 0, 0, 0, 0, 0, 0,
    0, -17, 0, -17, 0, 0, 0, -17,
    0, 0, 0, 0, 0, 0, 0, 0,
    0, 0, 0, 0, 0, 0, 0, 0,
    0, 0, 0, 0, 0, 0, 0, 0,
    0, 0, 0, 0, 0, 0, 0, 0,
    0, 0, 0, 0, 0, 0, 0, 0,
    -8, 0, 0, -9, 0, 0, 0, 0,
    0, 0, 0, 0, 0, 0, 0, 0,
    0, -3, 0, -3, 0, 0, 0, -3,
    0, 0, 0, 0, 0, 0, 0, 0,
    0, 0, 0, 0, -8, 0, 0, 0,
    0, 0, 0, 0, 0, 0, 0, 0,
    0, 0, 0, 0, 0, 0, 0, 0,
    0, 0, 0, 0, 0, 0, 0, 0,
    0, 0, 0, 0, 0, 0, 0, 0,
    0, 0, 0, 0, 0, 0, 0, 0,
    0, 0, -10, 0, 0, 0, 0, 0,
    0, 0, 0, 0, 0, 0, 0, 0,
    0, 0, 0, 0, 0, 0, 0, 0,
    0, 0, 0, 0, 0, 0, 0, 0,
    0, 0, -4, 0, -13, 0, -13, 0,
    0, 0, 0, 0, 0, 0, 0, 0,
    0, 0, 0, 0, 0, 0, 0, 0,
    0, 0, 0, 0, 0, 0, 0, 0,
    0, 0, 0, 0, 0, 0, 0, 0,
    0, 0, 0, 0, 0, 0, 0, -10,
    0, 0, 0, 0, 0, 0, 0, 0,
    0, -20, 0, 0, -20, 0, -13, -7,
    0, 0, 0, 0, 0, 0, 0, 0,
    0, 0, 0, 0, 0, 0, 0, 0,
    -14, 0, 0, 0, 0, -57, 0, -26,
    0, 0, 0, 0, 0, 0, 0, 0,
    0, 0, 0, 0, 0, 0, 0, 0,
    0, 0, 0, 0, 0, 0, 0, 0,
    0, 0, 0, 0, -14, 0, 0, 0,
    0, 0, 0, 0, 0, 0, 0, 0,
    0, 0, 0, 0, 0, 0, 0, -4,
    0, 0, 0, 0, 0, 0, 0, 0,
    0, 0, 0, 0, 0, 0, 0, 0,
    0, 0, 0, 0, 0, 0, 0, 0,
    0, 0, 0, 0, 0, 0, 0, 0,
    0, 0, 0, 0, 0, 0, 0, 0,
    0, 0, 0, 0, 0, 0, 0, 0,
    0, 0, 0, 0, 0, 0, 0, 0,
    0, 0, 0, 0, 0, 0, 0, 0,
    0, 0, 0, 0, 0, 0, 0, 0,
    0, 0, 0, 0, 0, 0, 0, 0,
    0, 0, 0, 0, 0, 0, 0, 0,
    0, 0, 0, 0, 0, 0, 0, 0,
    0, 0, 0, 0, 0, 0, 0, 0,
    0, -8, -6, 0, 0, 0, 0, 0,
    0, 0, 0, 0, 0, 0, 0, 0,
    0, 0, 0, 0, 0, 0, 0, 0,
    0, 0, 0, 0, 0, 0, 0, -5,
    0, 0, 0, 0, 0, 0, 0, 0,
    0, 0, 0, 0, 0, 0, 0, 0,
    0, 0, 0, 0, 0, 0, 0, 0,
    0, 0, 0, 0, 0, 0, 0, 0,
    0, -22, -22, 0, 0, 0, 0, 0,
    0, 0, 0, 0, 0, 0, 0, 0,
    0, 0, 0, 0, 0, 0, 0, 0,
    0, 0, 0, 0, 0, 0, 0, 0,
    0, 0, 0, 0, 0, 0, 0, 0,
    0, 0, 0, 0, 0, 0, 0, 0,
    0, 0, 0, 0, 0, 0, 0, 0,
    0, 0, 0, 0, 0, 0, 0, 0,
    0, -18, -17, 0, 0, 0, 0, 0,
    0, 0, 0, 0, 0, 0, 0, 0,
    0, 0, 0, 0, 0, 0, 0, 0,
    0, 0, 0, 0, 0, 0, 0, 0,
    0, 0, 0, 0, 0, 0, 0, 0,
    0, 0, 0, 0, 0, 0, 0, 0,
    0, 0, 0, 0, 0, 0, 0, 0,
    0, 0, 0, 0, 0, 0, 0, 0,
    0, -2, -3, 0, 0, 0, 0, 0,
    0, 0, 0, 0, 0, 0, 0, 0,
    0, 0, 0, 0, 0, 0, 0, 0,
    0, 0, 0, 0, 0, 0, 0, -3,
    0, 0, 0, 0, 0, 0, 0, 0,
    0, 0, 0, 0, 0, 0, 0, 0,
    0, 0, 0, 0, 0, 0, 0, 0,
    0, 0, 0, 0, 0, 0, 0, 0,
    0, 1, 2, 0, 0, 0, 0, 0,
    0, 0, 0, 0, 0, 0, 0, 0,
    0, 0, 0, 0, 0, 0, 0, 0,
    0, 0, 0, 0, 0, 0, 0, 0,
    0, 0, 0, 0, 0, 0, 0, 0,
    0, 0, 0, 0, 0, 0, 0, 0,
    0, 0, 0, 0, 0, 0, 0, 0,
    0, 0, 0, 0, 0, 0, 0, 0,
    0, -1, 0, 0, 0, 0, 0, 0,
    0, 0, 0, 0, 0, 0, 0, 0,
    0, 0, 0, 0, 0, 0, 0, 0,
    0, 0, 0, 0, 0, 0, 0, 0,
    0, 0, 0, 0, 0, 0, 0, 0,
    0, 0, 0, 0, 0, 0, 0, 0,
    0, 0, 0, 0, 0, 0, 0, 0,
    0, 0, 0, 0, 0, 0, 0, 0,
    0, -1, -1, 0, 0, 0, 0, 0,
    0, 0, 0, 0, 0, 0, 0, 0,
    0, 0, 0, 0, 0, 0, 0, 0,
    0, 0, 0, 0, 0, 0, 0, 0,
    0, 0, 0, 0, 0, 0, 0, 0,
    0, 0, 0, 0, 0, 0, 0, 0,
    0, 0, 0, 0, 0, 0, 0, 0,
    0, 0, 0, 0, 0, 0, 0, 0,
    0, 0, 0, -27, 0, 0, 0, 0,
    0, 0, 0, 0, 0, 0, 0, 0,
    0, 0, 0, 0, 0, 0, 0, 0,
    -1, -3, -3, -1, -1, 0, 0, 0,
    0, 0, 0, 0, 0, 0, 0, 0,
    0, 0, 0, 0, 0, 0, 0, 0,
    0, 0, 0, 0, 0, 0, 0, 0,
    0, 0, 0, 0, 0, 0, 0, 0,
    0, 0, 0, 0, 0, 0, 0, 0,
    0, 0, 0, 0, 0, 0, 0, 0,
    0, 0, 0, 0, 0, 0, 0, 0,
    0, 0, 0, 0, 0, 0, 0, -5,
    0, 0, -8, -1, 0, -25, -8, -19,
    -16, 2, -19, 0, -13, 0, 0, -1,
    -1, -5, -3, -5, -1, -2, -1, -5,
    -1, -2, -6, -16, 1, -18, -1, 0,
    0, 0, 0, 0, 0, 0, -1, -1,
    -1, -30, -4, 0, -30, -4, 0, 0,
    0, 0, 0, 0, -12, 0, -12, 0,
    0, 0, 0, 0, 0, 0, 0, 0,
    -2, 0, 0, 0, 0, -6, 0, -5,
    -2, 0, -5, 0, 0, 0, 0, 0,
    0, 0, 0, 0, 0, 0, 0, 0,
    0, -1, -1, -1, -1, -2, -1, 0,
    0, 0, 0, 0, -2, 0, 0, 0,
    0, 0, 0, 0, 0, 0, -12, 0,
    0, 0, 0, 0, -3, 0, -3, 0,
    0, 0, 0, 0, 0, 0, 0, 0,
    0, 0, -4, 0, 1, 0, 0, 1,
    1, 0, 1, 0, 0, 0, 0, 0,
    0, -2, 0, -2, 2, 0, 0, -2,
    0, -1, -1, -5, 0, -5, 0, 0,
    0, 0, 0, 0, 0, 0, 2, 2,
    2, 0, 0, 0, 0, 0, -3, 0,
    0, 0, 0, 0, -20, 0, -20, -3,
    0, 0, 0, 0, 0, 0, 0, -3,
    -10, 0, 0, -11, 0, -12, 0, -10,
    -2, -12, -15, 0, 0, 0, 0, -1,
    0, -1, 1, -1, -1, 4, 0, -1,
    0, 0, 1, 0, 0, 0, 0, 0,
    0, 0, 0, 0, -10, 0, -1, -1,
    -1, -10, 0, 0, -10, 0, -20, 0,
    0, 0, 0, 0, 0, 0, 0, 0,
    0, 0, 0, 0, 0, 0, 0, 0,
    -3, 0, 0, 2, 0, 0, 0, 3,
    3, 5, 0, 0, 0, 0, 0, -1,
    0, -2, -1, -2, -2, 9, -2, -2,
    -1, -2, -1, -2, 0, -4, -2, 0,
    0, 0, 0, 0, -3, 0, -2, -2,
    0, 0, 0, 0, 0, 0, 0, 0,
    0, 0, 0, 0, -36, 0, -36, -3,
    0, 0, 0, 0, 0, 0, 0, 0,
    -16, 0, 0, -20, 0, 5, 0, 6,
    5, 3, 3, 0, 0, 0, 0, -7,
    0, -8, 3, -8, -2, -2, -2, -8,
    -4, -5, -2, 0, 0, -1, -2, 0,
    0, 0, 0, 0, -16, 0, -2, 1,
    6, 0, 0, 0, 0, 0, -36, 0,
    0, 0, 0, 0, 0, 0, 0, 0,
    0, 0, 0, 0, 0, 0, 0, 0,
    -1, 0, 0, 0, 0, -3, 0, -1,
    -1, 0, -12, 0, 0, 0, 0, 0,
    0, 0, 1, 0, 0, 0, 0, 0,
    0, 0, 0, -1, 0, -1, 0, 0,
    0, 0, 0, 0, -1, 0, 0, 0,
    0, 0, 0, 0, 0, 0, 0, 0,
    0, 0, 0, 0, 0, 0, 0, 0,
    0, 0, 0, 0, 0, 0, 0, 0,
    0, 0, 0, 0, 0, 0, 0, 0,
    0, 0, 0, 0, 0, 0, 0, 0,
    0, 0, 0, 0, 0, 0, 0, 0,
    0, 0, 0, 0, 0, 0, 0, 0,
    0, 0, 0, 0, 0, 5, 0, 2,
    0, 0, 0, 0, 0, 0, 0, 0,
    0, 0, 0, 0, -7, 0, -7, 0,
    0, 0, 0, 0, 0, 0, 0, 0,
    -7, 0, 0, -2, 1, 0, 0, 0,
    0, 0, 0, 0, 0, 0, 0, -1,
    0, 0, 0, 0, 0, 0, 0, 0,
    0, 0, 0, 0, 0, 0, 0, 0,
    0, 0, 0, 0, -7, 0, 0, 0,
    0, 0, 0, 0, 0, 0, -7, 0,
    0, 0, 0, 0, 0, -24, 0, 0,
    0, 0, 0, 0, 0, 0, 0, 0,
    1, -3, -10, 5, 0, 0, -2, 0,
    0, 2, 0, 0, 0, 0, 0, -3,
    0, -8, -2, -8, 2, 1, -5, -8,
    0, -1, -3, -13, 2, -12, 0, 0,
    0, 0, 0, 0, 1, -3, 2, 2,
    2, -9, 0, 0, -9, 0, 0, 0,
    0, 0, 0, -18, 0, 0, 0, 0,
    0, 0, 0, 0, 0, 0, 0, 0,
    0, 0, -15, 6, 0, -37, -7, -22,
    -17, 4, -32, 0, 0, 0, 0, 1,
    0, 0, -1, 0, 0, 0, 0, 0,
    0, 0, -2, -19, 1, -11, 0, 0,
    0, 0, 0, 0, 0, 0, 0, 0,
    0, -19, -23, 0, -19, -23, 0, 0,
    0, 0, 0, 0, -36, 0, -36, 0,
    0, 0, 0, 0, 0, 0, 0, 0,
    -16, 0, 0, -18, 0, 5, 0, 5,
    5, -2, -1, 0, 0, 0, 0, 0,
    0, -1, 6, -1, 3, 3, 0, -1,
    0, 0, 6, 9, 6, 6, 5, 0,
    0, 0, 0, 0, -16, 0, 3, 3,
    3, 0, 0, 0, 0, 0, -36, 0,
    0, 0, 0, 0, 0, 0, 0, 0,
    0, 0, 0, 0, 0, 0, 0, 0,
    0, 0, 0, 3, 0, 0, 0, 0,
    0, 1, -2, 0, 0, 0, 0, 0,
    0, -1, 0, -1, 0, 0, 0, -1,
    0, 0, 3, 3, 4, 0, 3, 0,
    0, 0, 0, 0, 0, 0, 0, 0,
    0, 0, 0, 0, 0, 0, 0, 0,
    0, 0, 0, 0, 0, 0, 0, 0,
    0, 0, 0, 0, 0, 0, 0, 0,
    -1, 0, 0, -1, 0, 0, 0, -2,
    0, 0, -1, 0, 0, 0, 0, 0,
    0, -1, 0, -1, 2, 0, 0, -1,
    0, 0, -1, -2, 0, -6, -2, 0,
    0, 0, 0, 0, -1, 0, 2, 2,
    2, 0, 0, 0, 0, 0, 0, 0,
    0, 0, 0, 0, -45, -26, -45, 0,
    0, 0, 0, 0, 0, -32, 0, -3,
    -26, 0, -11, -16, 0, 7, 0, 3,
    3, 0, 7, 0, 0, 0, 0, -28,
    0, -34, 0, -34, 9, 0, -22, -34,
    -22, -28, -3, -22, -15, -20, -23, 0,
    0, 0, 0, 0, -26, 0, 9, 9,
    10, 0, 0, 0, 0, 0, -45, 0,
    0, 0, 0, 0, 0, 0, 0, 0,
    0, 0, 0, 0, 0, 0, 0, 0,
    -9, 0, 0, -4, 0, 0, 0, 0,
    0, -3, 0, 0, 0, 0, 0, 0,
    0, -3, 0, -3, 0, 0, 0, -3,
    0, -3, 0, 0, 0, -3, -1, 0,
    0, 0, 0, 0, -9, 0, 0, 0,
    0, 0, 0, 0, 0, 0, 0, 0,
    0, 0, 0, 0, -27, -18, -27, -4,
    0, 0, 0, 0, 0, 0, 0, -13,
    -28, 0, -11, -19, 0, 6, 0, 6,
    4, 2, 4, 0, 0, 0, 0, -17,
    1, -18, 0, -18, 0, -1, -7, -18,
    -10, -13, -1, -6, -6, -6, -5, 0,
    0, 0, 0, 0, -31, 0, 0, 0,
    4, 0, 0, 0, 0, 0, -27, 0,
    0, 0, 0, 0, 0, 0, 0, 0,
    0, 0, 0, 0, 0, 0, 0, -12,
    -24, 0, -4, -18, 0, 6, 0, 6,
    4, 2, 4, 0, 0, 0, 0, -11,
    0, -13, 0, -13, 4, 0, -6, -13,
    -6, -7, 1, -3, 0, 0, -2, 0,
    0, 0, 0, 0, -26, 0, 6, 4,
    4, 0, 0, 0, 0, 0, 0, 0,
    0, 0, 0, 0, 0, 0, 0, 0,
    0, 0, 0, 0, 0, 0, 0, -8,
    2, 0, -13, 1, 0, 0, -3, 1,
    1, 5, 2, 0, 0, 0, 0, 1,
    0, -7, 0, -7, 4, 1, -5, -7,
    0, 0, -2, -10, 2, -13, 0, 0,
    0, 0, 0, 0, 2, 0, 4, 4,
    4, 0, 0, 0, 0, 0, 0, 0,
    0, 0, 0, 0, -35, 0, -35, 0,
    0, 0, 0, 0, 0, -25, 0, -6,
    -29, 0, -14, -29, -4, 7, 0, 2,
    2, 2, 2, 0, 0, 0, 0, -22,
    -3, -25, -2, -25, 2, 0, -17, -25,
    -14, -20, -2, -8, -9, -7, -12, 0,
    0, 0, 0, 0, -29, 0, 2, 2,
    4, 0, 0, 0, 0, 0, -35, 0,
    0, 0, 0, 0, 0, 0, 0, 0,
    0, 0, 0, 0, 0, 0, 0, -10,
    -3, 0, -3, 0, 0, 0, -3, 0,
    0, 0, 0, 0, 0, 0, 0, 0,
    0, -5, 0, -5, 1, 0, 0, -5,
    0, -5, 0, -11, 1, -11, 0, 0,
    0, 0, 0, 0, -3, 0, 1, 1,
    1, 0, 0, 0, 0, 0, 0, 0,
    0, 0, 0, 0, 0, 0, 0, 0,
    0, 0, 0, 0, 0, 0, 0, 0,
    0, 0, 0, 0, 0, 0, 0, 0,
    0, 0, 0, 0, 0, 0, 0, 0,
    0, 0, -12, 0, 0, 10, 0, 0,
    0, 0, 0, 0, 0, 0, 0, 0,
    0, 0, 0, 0, 0, 0, 0, 0,
    0, 0, 0, 0, 0, 0, 0, 0,
    0, 0, 0, 0, 0, 0, 0, 0,
    0, 0, 0, 0, 0, 0, 0, 0,
    0, 0, 0, 0, 0, 0, 0, -2,
    0, 0, 0, 0, 0, 0, 0, 0,
    0, 0, 0, 0, 0, 0, 0, 0,
    0, 0, 0, 0, 0, 0, 0, 0,
    0, 0, 0, 0, 0, 0, 0, 0,
    0, 0, 0, 0, 0, 0, 0, 0,
    0, -4, 0, 0, 0, 0, 0, 0,
    0, 0, 0, 0, 0, 0, 0, 0,
    0, 0, 0, 0, 0, -37, 0, 0,
    0, 0, 0, 0, 0, 0, 0, 0,
    0, -3, -1, -3, -1, 9, 0, -3,
    0, 0, -2, -5, 3, -5, 3, 0,
    0, 0, 0, 0, 0, 0, 3, -1,
    -1, -7, 0, 0, -7, 0, 0, 0,
    -17, 0, 0, 0, -9, 0, -9, 0,
    0, 0, 0, 0, 0, 0, 0, 0,
    0, 0, 0, 0, 0, -32, 0, 0,
    0, 0, 0, 0, 0, 0, -2, -5,
    0, 0, -3, 0, 0, -1, 0, 0,
    -3, 0, 0, -6, -5, -7, -2, 0,
    0, 0, 0, 0, 0, 0, 0, 0,
    0, -10, -20, 0, -10, -20, -9, 0,
    0, 0, 0, 0, 0, 0, 0, 0,
    0, 0, 0, 0, 0, 0, 0, -3,
    0, 0, 0, 0, 0, -39, 0, 0,
    0, 0, 0, 0, 0, 0, 0, -5,
    0, -6, 0, -6, 0, 0, 0, -6,
    0, 0, 1, -1, 0, -3, -1, 0,
    0, 0, 0, 0, 0, 0, 2, 0,
    0, 0, 0, 0, 0, 0, 0, 0,
    0, 0, 0, 0, 0, 0, 0, 0,
    0, 0, 0, 0, 0, 0, 0, 0,
    0, 0, 0, 0, 0, 0, 0, 0,
    0, 0, 0, 0, 0, 0, 0, 0,
    1, -1, 0, -1, 0, 0, 0, -1,
    0, 0, 0, 0, 0, 0, 0, 0,
    0, 0, 0, 0, 0, 0, 2, 3,
    2, 0, 0, 0, 0, 0, 0, 0,
    0, -3, 0, 0, 0, 0, 0, 0,
    0, 0, 0, 0, 0, 0, 0, 0,
    0, 0, 0, 0, 0, -57, 0, -15,
    0, 0, 0, 0, 0, 0, 0, 0,
    2, 0, -5, 0, 0, 0, 0, 0,
    0, 0, 0, -2, -3, -3, 0, 0,
    0, 0, 0, 0, 0, 0, 6, 0,
    2, -17, 0, 0, -17, 0, 0, 0,
    0, 2, 0, 0, -13, 0, -13, -7,
    0, 0, 0, 0, 0, 0, 0, 0,
    0, 0, 0, 0, 0, 10, 0, 0,
    0, 0, 0, 0, 2, 3, 0, -6,
    1, -3, 3, -3, 4, 0, 0, -3,
    0, -3, 3, 6, 2, 3, 2, 0,
    3, 0, 0, 0, 0, 0, 13, 3,
    4, 3, 0, 0, 3, 0, -13, 0,
    0, 0, 0, 0, 0, 0, 0, 0,
    0, 0, 0, 0, 0, 0, 0, 0,
    0, 0, 0, 0, 0, 0, 0, 0,
    0, 0, 0, 0, 0, 0, 0, 0,
    0, -3, 0, -3, 0, 8, 0, -3,
    0, 0, 0, 0, 0, 0, 0, 0,
    0, 0, 0, 0, 0, 0, 0, 0,
    0, 0, 0, 0, 0, 0, 0, 0,
    0, -2, 0, 0, 0, 0, 0, 0,
    0, 0, 0, 0, 0, 0, 0, 0,
    0, 0, 0, 0, 0, -41, 0, 0,
    0, 0, 0, 0, 0, 0, 0, 0,
    0, 0, 0, 0, 0, 0, 0, 0,
    0, 0, -1, -2, 0, -2, 0, 0,
    0, 0, 0, 0, 0, 0, 0, 0,
    0, -10, -1, 0, -10, -1, 0, 0,
    0, 2, 1, 0, 0, 0, 0, 0,
    0, 0, 0, 0, 0, 0, 1, 0,
    0, 0, 0, 0, 0, 0, 0, 0,
    0, 0, 0, 1, 0, 4, 0, 0,
    0, 0, 0, 0, 0, 0, 0, 0,
    0, 0, 0, 0, 0, 0, 0, 0,
    3, 0, 0, 0, 0, 0, 5, 5,
    11, 0, 0, 0, 0, 0, 0, 0,
    0, 0, 0, 0, 0, 0, 0, 0,
    0, 0, 0, 0, 0, 0, 0, 0,
    0, 0, 0, 0, 0, 0, 0, 0,
    0, 0, 0, 0, 0, 0, 0, 0,
    0, -3, 0, -3, 2, 8, 0, -3,
    0, 0, 0, 0, 0, 0, 0, 0,
    0, 0, 0, 0, 0, 0, 2, 2,
    2, 0, 0, 0, 0, 0, 0, 0,
    0, 0, 0, 0, 0, 0, 0, 0,
    0, 0, 0, 0, 0, 0, 0, -1,
    0, 0, 0, 0, 0, -18, 0, 0,
    0, 0, 0, 0, 0, 0, 0, -3,
    0, -8, 0, -8, 0, 0, 0, -9,
    0, -1, 0, 0, 4, -1, 3, 0,
    0, 0, 0, 0, 0, 0, 0, 0,
    0, 0, 0, 0, 0, 0, 0, 0,
    0, 0, 0, 0, 0, 0, 0, 0,
    0, 0, 0, 0, 0, 0, 0, 0,
    0, 0, 0, 0, 0, 0, 0, 0,
    0, 0, 0, 0, 0, 0, 0, 0,
    0, 0, 0, 0, 0, 18, 0, 0,
    0, 0, 0, 0, 0, 0, 0, 0,
    0, 0, 0, 0, 0, 0, 0, 0,
    0, 0, 0, 0, 0, 0, 0, 0,
    0, 0, 0, 0, -29, 0, -29, -3,
    0, 0, 0, 0, 0, 0, 0, -4,
    0, 0, 0, 0, 0, -30, 0, 0,
    0, 0, 0, 0, 0, 0, 0, -6,
    -3, -8, 3, -8, -1, -1, 0, -8,
    0, -3, 4, 4, 4, 6, 0, 0,
    0, 0, 0, 0, 0, 0, 5, -1,
    2, 0, 1, 0, 0, 1, -29, 0,
    0, 0, 0, 0, 0, 0, 0, 0,
    0, 0, 0, 0, 0, 0, 0, -3,
    0, 0, 0, 0, 0, -37, 0, 0,
    0, 0, 0, 0, 0, 0, 0, 0,
    0, -3, 0, -3, 0, 0, 0, -3,
    0, 0, 0, -1, 0, -2, -1, 0,
    0, 0, 0, 0, 0, 0, 0, 0,
    0, 0, 0, 0, 0, 0, 0, 0,
    0, 0, 0, 0, 0, 0, 0, 0,
    0, 0, 0, 0, 0, 0, 0, 0,
    0, 0, 0, 0, 0, -15, 0, 0,
    0, 0, 0, 0, 2, 2, 0, -1,
    1, -6, 1, -6, 0, 0, 0, -6,
    0, 0, 0, 0, 1, 0, 0, 0,
    2, 0, 0, 0, 0, 0, 6, 1,
    4, 0, 0, 0, 0, 0, 0, 0,
    0, 0, 0, 0, -16, 0, -19, -2,
    0, 0, 0, 0, 0, 0, 0, -6,
    0, 0, 0, 0, 0, -26, 0, 0,
    0, 0, 0, 0, 0, 0, 0, -4,
    0, -6, 1, -6, 0, -1, 0, -6,
    0, -1, 4, 4, 2, 1, 0, 0,
    0, 0, 0, 0, 0, 0, 0, 0,
    0, 0, 0, 0, 0, 0, -20, 0,
    0, 0, 0, 0, 0, 0, 0, 0,
    0, 0, 0, 0, 0, 0, 0, -6,
    0, 0, 0, 0, 0, -10, 0, 0,
    0, 0, 0, 0, 0, 0, 0, -3,
    0, -6, 2, -6, 0, 1, 0, -6,
    0, 0, 2, 2, 2, 1, 0, 0,
    0, 0, 0, 0, 0, 0, 0, 0,
    0, 0, 0, 0, 0, 0, 0, 0,
    0, 0, 0, 0, -16, 0, -19, -2,
    0, 0, 0, 0, 0, 0, 0, -6,
    0, 0, 0, 0, 0, -26, 0, 0,
    0, 0, 0, 0, 0, 0, 0, -4,
    0, -6, 1, -6, 0, -1, 0, -6,
    0, -1, 4, 4, 2, 1, 0, 0,
    0, 0, 0, 0, 0, 0, 0, 0,
    0, 0, 0, 0, 0, 0, -20, 0,
    0, 0, 0, 0, 0, 0, 0, 0,
    0, 0, 0, 0, 0, 0, 0, 0,
    0, 0, 0, 0, 0, -19, 0, 0,
    0, 0, 0, 0, 0, 0, 0, -2,
    0, -5, 1, -5, 0, 0, -1, -5,
    0, 0, 2, 0, 1, 0, 3, 0,
    0, 0, 0, 0, 0, 0, 0, 0,
    0, 0, 0, 0, 0, 0, 0, 0,
    0, 0, 0, 0, 0, 0, 0, 0,
    0, 0, 0, 0, 1, 0, 0, 0,
    0, 0, 0, 0, 0, 0, 0, 0,
    0, 0, 0, 0, 0, 0, 0, 0,
    0, 0, 0, 0, 0, 0, 0, 0,
    0, 0, 0, 0, 0, 0, 0, 0,
    0, 0, 0, 0, 0, 0, 0, 0,
    0, 0, 0, 0, 0, 0, 0, 0,
    0, 0, 0, 0, 0, 0, 0, 0,
    0, 0, 0, 0, 2, 0, 0, 0,
    0, 0, 0, 0, 0, 0, 0, 0,
    0, 0, 0, 0, 0, 0, 0, 0,
    0, 0, 0, 0, 0, 0, 0, 0,
    0, 0, 0, 0, 0, 0, 0, 0,
    0, 0, 0, 0, 0, 0, 0, 0,
    0, 0, 0, 0, 0, 0, 0, 0,
    0, 0, 0, 0, 0, 0, 0, 0,
    0, 0, 0, 0, 0, 0, -27, 0,
    0, 0, 0, 0, 0, 0, 0, 0,
    0, 0, 0, 0, 0, 0, 0, 0,
    0, 0, 0, 0, 0, 0, 0, 0,
    0, 0, 0, 0, 0, 0, 0, 0,
    0, 0, 0, 0, 0, 0, 0, 0,
    0, 0, 0, 0, 0, 0, 0, 0,
    0, 0, 0, 0, 0, 0, 0, 0,
    0, 0, 0, 0, 0, 0, 0, 0,
    0, 0, 0, 0, 0, 0, 0, 0,
    0, 0, 0, 0, 0, 0, 0, 1,
    0, 0, -1, 0, 0, 0, 0, 0,
    0, -1, -1, -3, -1, -8, 0, 0,
    0, 0, 0, 0, 0, 0, 0, 0,
    0, 0, 0, 0, 0, 0, 0, 0,
    0, 0, 0, 0, 0, 0, 0, 0,
    0, 0, 0, 0, 0, 0, 0, -3,
    0, 0, 0, 0, 0, -39, 0, 0,
    0, 0, 0, 0, 0, 0, 0, -5,
    0, -6, 0, -6, 0, 2, 0, -6,
    0, 0, 1, -1, 0, -3, -1, 0,
    0, 0, 0, 0, 0, 0, 2, 0,
    0, 0, 0, 0, 0, 0, 0, 0,
    0, 2, 1, 0, 0, 0, 0, 0,
    0, 0, 0, 0, 0, 0, 1, 0,
    0, 0, 0, 0, 0, 0, 0, 0,
    0, 0, 0, 1, 4, 4, 0, 0,
    2, 0, 0, 0, 7, 0, 0, 0,
    0, 0, 0, 0, 0, 0, 0, 0,
    3, 0, 0, 0, 0, 0, 5, 5,
    11, 0, 0, 0, 0, 0, 0, 0,
    0, 2, 1, 0, 0, 0, 0, 0,
    0, 0, 0, 0, 0, 0, 1, 0,
    0, 0, 0, 0, 0, 0, 0, 0,
    0, 0, 0, 1, 0, 4, 0, 0,
    0, 0, 0, 0, 1, 0, 0, 0,
    0, 0, 0, 0, 0, 0, 0, 0,
    3, 0, 0, 0, 0, 0, 5, 5,
    11, 0, 0, 0, 0, 0, 0, 0,
    0, 2, 1, 0, 0, 0, 0, 0,
    0, 0, 0, 0, 0, 0, 1, 0,
    0, 0, 0, 0, 0, 0, 0, 0,
    0, 0, 0, 1, 2, 2, 0, 0,
    1, 0, 0, 0, 14, 0, 0, 0,
    0, 0, 0, 0, 0, 0, 0, 0,
    1, 0, 0, 0, 0, 0, 15, 5,
    17, 0, 0, 0, 0, 0, 0, 0,
    0, 0, 0, 0, 0, 0, 0, 0,
    0, 0, 0, 0, 0, 0, 0, 0,
    -30, 0, -10, -29, 0, 0, 0, 5,
    0, 0, 0, 0, 0, 0, 0, -10,
    0, -23, 0, -23, 0, 0, -7, -23,
    0, -17, 0, 0, 0, 0, 0, 0,
    0, 0, 0, 0, -30, 0, 0, 0,
    0, -19, 0, 0, 0, 0, 0, 0,
    0, 0, 0, 0, 0, 0, 0, 0,
    0, 0, 0, 0, 0, 0, 0, 0,
    0, 0, 0, 0, 0, 0, 0, 0,
    0, 0, 0, 0, 0, 0, 0, 0,
    0, 0, 0, 0, 0, 0, 0, 0,
    0, -6, 0, 0, 0, 0, 0, 0,
    0, 0, 0, 0, 0, 0, 0, 0,
    0, 0, -19, 0, 0, 0, 0, 0,
    0, 0, 0, 0, 0, 0, 0, 0,
    0, 0, 0, 0, 0, 0, 0, 0,
    0, 0, 0, 0, 0, 0, 0, 0,
    0, 0, 0, 0, 0, 0, 0, 0,
    0, 0, 0, 0, 0, 0, 0, 0,
    0, 0, 0, 0, 0, 0, 0, 0,
    0, 0, 0, 0, 0, 0, 0, 0,
    0, 0, 0, -19, 0, 0, 0, 0
};


/*Collect the kern class' data in one place*/
static const lv_font_fmt_txt_kern_classes_t kern_classes =
{
    .class_pair_values   = kern_class_values,
    .left_class_mapping  = kern_left_class_mapping,
    .right_class_mapping = kern_right_class_mapping,
    .left_class_cnt      = 68,
    .right_class_cnt     = 64,
};

/*--------------------
 *  ALL CUSTOM DATA
 *--------------------*/

#if LVGL_VERSION_MAJOR == 8
/*Store all the custom data of the font*/
static  lv_font_fmt_txt_glyph_cache_t cache;
#endif

#if LVGL_VERSION_MAJOR >= 8
static const lv_font_fmt_txt_dsc_t font_dsc = {
#else
static lv_font_fmt_txt_dsc_t font_dsc = {
#endif
    .glyph_bitmap = glyph_bitmap,
    .glyph_dsc = glyph_dsc,
    .cmaps = cmaps,
    .kern_dsc = &kern_classes,
    .kern_scale = 16,
    .cmap_num = 3,
    .bpp = 4,
    .kern_classes = 1,
    .bitmap_format = 1,
#if LVGL_VERSION_MAJOR == 8
    .cache = &cache
#endif
};



/*-----------------
 *  PUBLIC FONT
 *----------------*/

/*Initialize a public general font descriptor*/
#if LVGL_VERSION_MAJOR >= 8
const lv_font_t motiva_20 = {
#else
lv_font_t motiva_20 = {
#endif
    .get_glyph_dsc = lv_font_get_glyph_dsc_fmt_txt,    /*Function pointer to get glyph's data*/
    .get_glyph_bitmap = lv_font_get_bitmap_fmt_txt,    /*Function pointer to get glyph's bitmap*/
    .line_height = 23,          /*The maximum line height required by the font*/
    .base_line = 4,             /*Baseline measured from the bottom of the line*/
#if !(LVGL_VERSION_MAJOR == 6 && LVGL_VERSION_MINOR == 0)
    .subpx = LV_FONT_SUBPX_NONE,
#endif
#if LV_VERSION_CHECK(7, 4, 0) || LVGL_VERSION_MAJOR >= 8
    .underline_position = -1,
    .underline_thickness = 1,
#endif
    .dsc = &font_dsc,          /*The custom font data. Will be accessed by `get_glyph_bitmap/dsc` */
#if LV_VERSION_CHECK(8, 2, 0) || LVGL_VERSION_MAJOR >= 9
    .fallback = NULL,
#endif
    .user_data = NULL,
};



#endif /*#if MOTIVA_20*/

