/*******************************************************************************
 * Size: 40 px
 * Bpp: 4
 * Opts: --size 40 --bpp 4 --format lvgl --font C:\Users\Kekko\AppData\Local\Temp/motiva/MotivaSans-Regular.ttf -r 0x20-0x7E,0xA0-0xFF,0x2010-0x2027,0x2030-0x203A,0x20AC --lv-font-name motiva_40 -o assets/fonts/motiva_40.c
 ******************************************************************************/

#ifdef LV_LVGL_H_INCLUDE_SIMPLE
#include "lvgl.h"
#else
#include "lvgl/lvgl.h"
#endif

#ifndef MOTIVA_40
#define MOTIVA_40 1
#endif

#if MOTIVA_40

/*-----------------
 *    BITMAPS
 *----------------*/

/*Store the image of the glyphs*/
static LV_ATTRIBUTE_LARGE_CONST const uint8_t glyph_bitmap[] = {
    /* U+0020 " " */

    /* U+0021 "!" */
    0xf, 0xfc, 0x40, 0x1c, 0x60, 0x1f, 0xf0, 0x80,
    0x80, 0x7f, 0xc6, 0x0, 0x10, 0xf, 0xc2, 0x0,
    0x30, 0xe, 0x10, 0x3, 0x80, 0x7e, 0x70, 0x0,
    0x80, 0x7e, 0x10, 0x1, 0x80, 0x7e, 0x30, 0x0,
    0x80, 0x4, 0x3, 0xf7, 0x80, 0x3c, 0x3, 0xf1,
    0xaa, 0x8c, 0x0, 0x95, 0x44, 0x0, 0xff, 0xe1,
    0x25, 0x5a, 0x1, 0x5a, 0xa5, 0x9a, 0x0, 0x64,
    0x0, 0xf3, 0x88, 0x0, 0x58, 0x7e, 0x65, 0xe2,

    /* U+0022 "\"" */
    0xef, 0xf3, 0x80, 0x37, 0xfd, 0x6, 0x0, 0x10,
    0x0, 0x80, 0x42, 0x0, 0x30, 0x3, 0x80, 0x3d,
    0xc0, 0x2, 0x0, 0x10, 0x0, 0x88, 0x0, 0xe0,
    0x3, 0x0, 0x19, 0x80, 0x2, 0x0, 0x10, 0x0,
    0x88, 0x0, 0x60, 0xf, 0x0, 0x3f, 0x80, 0x4,
    0x0, 0x20, 0x1, 0x10, 0x7, 0x18, 0x0, 0xdb,
    0xb8, 0x1, 0x2f, 0x70, 0x40,

    /* U+0023 "#" */
    0x0, 0xfd, 0x1f, 0xe0, 0xf, 0x57, 0xf0, 0x7,
    0xff, 0x4, 0x80, 0x40, 0x3c, 0x20, 0x40, 0x1f,
    0xfc, 0x16, 0x2, 0x0, 0xf3, 0x3, 0x0, 0x7f,
    0xf0, 0x48, 0x18, 0x3, 0xc4, 0x4, 0x1, 0xff,
    0xc1, 0x10, 0x20, 0xe, 0x10, 0x7, 0x0, 0x7f,
    0xf0, 0x8, 0x1, 0xc0, 0x1c, 0x40, 0x2, 0x0,
    0xff, 0xe0, 0x30, 0x0, 0x80, 0x39, 0x80, 0xc,
    0x1, 0xff, 0xc0, 0x20, 0x3, 0x0, 0x71, 0x0,
    0x8, 0x3, 0xd9, 0xff, 0xd2, 0x0, 0xdf, 0xfe,
    0x80, 0x7, 0xff, 0x80, 0x3f, 0xf9, 0xd4, 0xef,
    0xc2, 0x2, 0xef, 0xe1, 0x2, 0x77, 0xf0, 0x34,
    0x47, 0x0, 0x12, 0x23, 0xc0, 0x4, 0x88, 0xf0,
    0x7, 0xc2, 0x6, 0x1, 0xe1, 0xe, 0x0, 0xff,
    0xe0, 0x10, 0x3, 0x80, 0x38, 0x80, 0x4, 0x1,
    0xff, 0xc0, 0x10, 0x1, 0x0, 0x73, 0x0, 0x4,
    0x3, 0xff, 0x80, 0xc0, 0x6, 0x0, 0xe2, 0x0,
    0x30, 0x7, 0xff, 0x0, 0x80, 0x4, 0x1, 0xdc,
    0x0, 0x20, 0xf, 0xfe, 0x7, 0x0, 0x4, 0x3,
    0x88, 0x4, 0x3, 0xe5, 0x88, 0xe4, 0x0, 0x44,
    0x79, 0xc0, 0x11, 0x1e, 0x1f, 0x77, 0xe2, 0x0,
    0x3b, 0xf8, 0x80, 0x5d, 0xfc, 0x60, 0x1f, 0xfc,
    0xda, 0xff, 0xdc, 0x0, 0x8f, 0xfe, 0xe0, 0x4,
    0x7f, 0xf8, 0x80, 0x38, 0x80, 0x4, 0x1, 0xc4,
    0x0, 0x20, 0xf, 0xfe, 0x3, 0x0, 0x18, 0x3,
    0x98, 0x0, 0xc0, 0x1f, 0xfc, 0xd, 0x0, 0x10,
    0x7, 0x10, 0x0, 0x80, 0x3f, 0xf8, 0x4, 0x0,
    0x10, 0xe, 0xe0, 0x0, 0x80, 0x7f, 0xf0, 0x18,
    0x8, 0x3, 0xc4, 0x4, 0x1, 0xff, 0xc1, 0x20,
    0x60, 0xf, 0x30, 0x30, 0x7, 0xff, 0x4, 0x40,
    0x80, 0x3c, 0x40, 0x40, 0x1f, 0x80,

    /* U+0024 "$" */
    0x0, 0xfe, 0xdf, 0xf1, 0x0, 0x7f, 0xf1, 0x44,
    0x0, 0x60, 0x1f, 0xfc, 0x57, 0x0, 0xff, 0xe5,
    0x88, 0x7, 0xff, 0x4, 0xe7, 0xbd, 0x0, 0x1f,
    0xd4, 0xc0, 0x1f, 0x86, 0xf1, 0x84, 0x3, 0x85,
    0x67, 0xe4, 0x40, 0x30, 0xfa, 0x0, 0x7f, 0xf0,
    0x1b, 0xc4, 0x2, 0xd1, 0x0, 0x96, 0xf7, 0xb6,
    0xdc, 0x80, 0x25, 0x10, 0x2, 0x18, 0x5, 0x94,
    0x84, 0x24, 0x91, 0xb8, 0x81, 0x0, 0x17, 0x0,
    0x52, 0x60, 0x1f, 0x8e, 0xf4, 0xc0, 0x27, 0x0,
    0x98, 0x3, 0xfe, 0x20, 0xc, 0x60, 0x1f, 0xfc,
    0x83, 0x0, 0x84, 0x3, 0xff, 0x88, 0xe0, 0x14,
    0x0, 0x7f, 0xf1, 0x3c, 0x2, 0x68, 0x0, 0xff,
    0xe1, 0xaa, 0x0, 0x4f, 0xa8, 0x1, 0xff, 0xc2,
    0xb3, 0x0, 0x8a, 0xf5, 0xc4, 0x3, 0xff, 0x81,
    0x8c, 0x1, 0x8a, 0x3a, 0x8c, 0x3, 0xfe, 0x9c,
    0x40, 0xe, 0x5c, 0xb3, 0x0, 0xff, 0x1d, 0xe2,
    0x80, 0x72, 0x65, 0x8, 0x7, 0xf8, 0xeb, 0xa0,
    0x40, 0x32, 0xf9, 0x0, 0x7f, 0xc2, 0xfd, 0x44,
    0x1, 0xf, 0x80, 0x7f, 0xf0, 0x97, 0x60, 0x2,
    0x27, 0x0, 0xff, 0xe1, 0xbc, 0x0, 0x54, 0x1,
    0xff, 0xc4, 0x70, 0x8, 0x80, 0x3f, 0xf8, 0xa4,
    0x1, 0xff, 0xc8, 0x30, 0xf, 0xfe, 0x3a, 0x8,
    0x0, 0xc0, 0xb, 0xaa, 0x1, 0xfe, 0x2a, 0x0,
    0xac, 0x1, 0xc5, 0x5d, 0x2a, 0x40, 0x18, 0xe3,
    0x44, 0x0, 0x2c, 0x4, 0x80, 0x1, 0x6a, 0xdf,
    0xf7, 0x7e, 0x38, 0x6, 0xa1, 0x2, 0x80, 0xf,
    0xc2, 0x1, 0xea, 0x40, 0x9, 0xfe, 0x50, 0x3,
    0xfc, 0xba, 0xa0, 0x1e, 0x6b, 0xfb, 0x93, 0x0,
    0x3c, 0xdf, 0xd1, 0x0, 0x7f, 0x91, 0x90, 0x1,
    0x6c, 0x80, 0x1f, 0xfc, 0x31, 0x0, 0xff, 0xe5,
    0xb8, 0x7, 0xff, 0x14, 0xc0, 0x2, 0x1, 0xfc,

    /* U+0025 "%" */
    0x0, 0xc4, 0xce, 0xc6, 0x1, 0xff, 0xca, 0x1b,
    0xd9, 0x89, 0xcc, 0x10, 0x7, 0xfd, 0x9f, 0xe4,
    0x0, 0xc3, 0xe8, 0x0, 0x10, 0x1, 0xe1, 0x0,
    0x7f, 0x39, 0x83, 0x20, 0x6, 0xb1, 0x5, 0xee,
    0x7b, 0x0, 0xf0, 0x7, 0xe2, 0x80, 0x18, 0x0,
    0xc4, 0xa0, 0x34, 0x20, 0x9, 0x20, 0x33, 0x0,
    0x7d, 0xc0, 0xb, 0x10, 0xc, 0x80, 0x6, 0x0,
    0xea, 0x0, 0x20, 0x7, 0x98, 0xc1, 0x54, 0x1,
    0xdc, 0x0, 0xd0, 0xe, 0x20, 0x7, 0x0, 0x70,
    0xc8, 0xd, 0x80, 0x7f, 0xf0, 0xc4, 0x3, 0xf5,
    0x0, 0x2c, 0x40, 0x3d, 0xe0, 0x3, 0x0, 0xe2,
    0x0, 0x8, 0x6, 0x64, 0x4, 0x50, 0xf, 0x8c,
    0x1, 0x80, 0x1d, 0xe0, 0xd, 0x0, 0x86, 0x0,
    0x14, 0x1, 0xf9, 0x4, 0x14, 0xc0, 0x22, 0x60,
    0x2, 0x0, 0x56, 0x21, 0x22, 0x1, 0xfd, 0x60,
    0xc, 0x86, 0x8c, 0x0, 0x40, 0x80, 0x15, 0x40,
    0x6c, 0x1, 0xfe, 0x58, 0x0, 0x3c, 0xb8, 0x83,
    0x38, 0x0, 0x6c, 0x1, 0xc0, 0x1f, 0xfc, 0x7,
    0xc5, 0x10, 0x14, 0xb9, 0x0, 0xac, 0x42, 0x8,
    0x3, 0xff, 0x82, 0x75, 0xdf, 0xd6, 0x80, 0x12,
    0x28, 0x1b, 0x80, 0x7f, 0xf3, 0x28, 0x1, 0xc0,
    0x1f, 0xfc, 0xc9, 0x10, 0x72, 0x0, 0xff, 0xe5,
    0xa3, 0x1, 0x40, 0x4, 0xb7, 0xdf, 0xd4, 0x40,
    0x1f, 0xfc, 0x29, 0x0, 0x70, 0x5, 0x54, 0x41,
    0x1, 0x5d, 0x60, 0xf, 0xfe, 0x4, 0x10, 0x39,
    0x80, 0x25, 0x40, 0x5e, 0x58, 0x1, 0x28, 0x1,
    0xfe, 0x37, 0x2, 0x80, 0x1, 0x30, 0x3, 0xe1,
    0xa6, 0x80, 0x12, 0x1, 0xfe, 0xe0, 0x4, 0x80,
    0x4a, 0x0, 0x71, 0x0, 0x94, 0x80, 0x8c, 0x3,
    0xf4, 0x10, 0x32, 0x0, 0x5a, 0x0, 0xc0, 0xe,
    0x40, 0x2, 0x80, 0x7c, 0x4e, 0x3, 0x20, 0x18,
    0x40, 0xc, 0x1, 0xdc, 0x0, 0x10, 0xf, 0xb8,
    0x1, 0x40, 0x1f, 0x84, 0x3, 0xbc, 0x0, 0x20,
    0x1e, 0x73, 0x5, 0x40, 0xe, 0x20, 0x3, 0x0,
    0x71, 0x0, 0x8, 0x3, 0x8a, 0x0, 0x6c, 0x3,
    0xd8, 0x0, 0x90, 0xc, 0x2a, 0x0, 0x50, 0xe,
    0xe0, 0x5, 0x88, 0x7, 0x94, 0x80, 0xe4, 0x0,
    0x34, 0x0, 0x61, 0x0, 0xcc, 0x60, 0x8a, 0x1,
    0xfb, 0x80, 0xd, 0xfd, 0xc4, 0x2, 0x90, 0xc,
    0x52, 0x0, 0xa0, 0xf, 0xe3, 0xd3, 0x0, 0x8,
    0x1, 0x70, 0x3, 0x8b, 0xfe, 0x10, 0xf, 0xf1,
    0x66, 0x26, 0x27, 0x68, 0x40, 0x0,

    /* U+0026 "&" */
    0x0, 0xf0, 0xab, 0xb9, 0x8c, 0x3, 0xff, 0x8a,
    0x79, 0xd5, 0x10, 0x9c, 0xf8, 0x0, 0xff, 0xe1,
    0x36, 0x18, 0x7, 0xcf, 0xa2, 0x1, 0xff, 0x24,
    0x80, 0x42, 0x88, 0x30, 0x8, 0xb4, 0x3, 0xfe,
    0x90, 0xa, 0x7a, 0xed, 0x9a, 0x80, 0x3, 0x40,
    0xf, 0xe2, 0x20, 0x1, 0xd8, 0x3, 0x15, 0x0,
    0x58, 0x1, 0xfc, 0xe0, 0x15, 0x0, 0x78, 0x4c,
    0x0, 0x40, 0x1f, 0xc6, 0x1, 0x10, 0x7, 0xff,
    0x20, 0xc0, 0x21, 0x0, 0xf0, 0x98, 0x3, 0x40,
    0x3f, 0x98, 0x2, 0x60, 0xf, 0x48, 0x4, 0xa0,
    0x1f, 0xc6, 0x40, 0x8, 0x20, 0xc, 0x8e, 0x0,
    0x52, 0x0, 0xff, 0x40, 0x5, 0xe2, 0x0, 0x5b,
    0x0, 0xd, 0x80, 0x7f, 0xca, 0xc0, 0x2, 0xc2,
    0x8a, 0x0, 0xe, 0x8, 0x7, 0xff, 0x2, 0x50,
    0x0, 0x5a, 0xe0, 0x1, 0xc2, 0x0, 0xff, 0xe1,
    0x59, 0x80, 0x71, 0xf9, 0x0, 0x73, 0x88, 0x7,
    0xf2, 0x0, 0x77, 0x88, 0x7, 0x1c, 0x75, 0x8,
    0x7, 0xa9, 0xc0, 0x3b, 0x4c, 0x3, 0xa8, 0x0,
    0x82, 0x1, 0x87, 0x14, 0x0, 0x26, 0x0, 0x1c,
    0x30, 0xc, 0xc0, 0x6, 0x0, 0xed, 0x30, 0x1,
    0xfe, 0x20, 0x5, 0x86, 0x0, 0x60, 0xa, 0x80,
    0x34, 0x98, 0x1, 0x70, 0x42, 0xd0, 0x2, 0xc4,
    0xa, 0x0, 0x19, 0x0, 0x44, 0xc0, 0x3, 0xa0,
    0xd, 0x6a, 0x1, 0x5b, 0x98, 0x2, 0x40, 0x35,
    0x0, 0x50, 0x1, 0xea, 0x50, 0xa, 0x0, 0x2,
    0xa0, 0x18, 0xc0, 0x24, 0x0, 0xfa, 0x94, 0x3,
    0xa4, 0x3, 0x98, 0x0, 0x20, 0x1f, 0xd4, 0xc0,
    0x18, 0x40, 0x38, 0x40, 0x2, 0x20, 0xf, 0xe2,
    0x0, 0xd2, 0xc0, 0x19, 0x40, 0x29, 0x0, 0xf8,
    0x6d, 0x0, 0x3a, 0x58, 0x2, 0xa0, 0x9, 0xe4,
    0x40, 0x21, 0x7f, 0x40, 0x9, 0x80, 0x29, 0x70,
    0x1, 0xa8, 0x4, 0xdd, 0xcd, 0xee, 0x40, 0x80,
    0x57, 0x30, 0x1, 0x43, 0x80, 0x29, 0x0, 0x30,
    0x90, 0x80, 0x62, 0xc4, 0x7, 0x90, 0xa, 0x80,
    0x2b, 0x92, 0x0, 0xf8, 0xa3, 0x4c, 0x2, 0x69,
    0x1, 0xc0, 0xc, 0xdb, 0xaa, 0x98, 0x9a, 0xdd,
    0x38, 0x7, 0x9a, 0xb0, 0x40,

    /* U+0027 "'" */
    0xdf, 0xf4, 0x8, 0x4, 0xe0, 0xf, 0x10, 0x0,
    0x98, 0x0, 0xc4, 0x0, 0x3e, 0x0, 0x71, 0x0,
    0x9, 0x80, 0xd, 0x7b, 0x82,

    /* U+0028 "(" */
    0x0, 0xfc, 0x26, 0x1, 0xf8, 0xbf, 0x48, 0x3,
    0xc7, 0x82, 0x25, 0x0, 0xe1, 0xd1, 0x6, 0x70,
    0xe, 0xc1, 0x4, 0x90, 0xe, 0x92, 0x2, 0xb0,
    0xe, 0x36, 0x0, 0x70, 0x7, 0xbc, 0x0, 0x86,
    0x1, 0xc8, 0x60, 0xf, 0x0, 0xf7, 0x0, 0x9,
    0x0, 0x3c, 0xa0, 0xa, 0x0, 0xf2, 0x0, 0x48,
    0x1, 0xe3, 0x0, 0x9, 0x80, 0x7b, 0x40, 0xa,
    0x1, 0xf3, 0x0, 0x8, 0x3, 0xe2, 0x0, 0x70,
    0x7, 0xc2, 0x0, 0x10, 0xf, 0xf1, 0x80, 0x7f,
    0xf7, 0x4, 0x0, 0x60, 0x1f, 0x18, 0x3, 0x80,
    0x3e, 0x60, 0x1, 0x0, 0x7c, 0x40, 0x7, 0x0,
    0xfb, 0xc0, 0x4, 0x1, 0xf2, 0x0, 0x48, 0x1,
    0xe2, 0x20, 0x3, 0x40, 0x3e, 0x50, 0x3, 0x0,
    0x7d, 0x20, 0x13, 0x0, 0x78, 0x58, 0x1, 0x60,
    0x1f, 0x40, 0x81, 0x30, 0x7, 0x86, 0x80, 0x12,
    0x40, 0x1e, 0x47, 0x0, 0x78, 0x7, 0xd0, 0x80,
    0x56, 0x1, 0xf5, 0xa0, 0x24, 0x0, 0x7d, 0x6a,
    0x52, 0x1, 0xfa, 0xb0, 0x40,

    /* U+0029 ")" */
    0x0, 0x18, 0x7, 0xf5, 0x63, 0x80, 0x7c, 0x28,
    0x11, 0x0, 0xf, 0xe, 0x80, 0x1d, 0xc0, 0x1e,
    0x3b, 0x0, 0x42, 0x0, 0x79, 0x20, 0x1, 0x42,
    0x1, 0xe7, 0x30, 0x1b, 0x0, 0xfa, 0x0, 0xa,
    0x60, 0x1e, 0x42, 0x0, 0x40, 0x7, 0xd6, 0x0,
    0x41, 0x0, 0xf3, 0x80, 0x4e, 0x1, 0xe1, 0x30,
    0x6, 0x80, 0x7c, 0x80, 0x5, 0x0, 0xfb, 0x40,
    0x2, 0x20, 0xf, 0x38, 0x4, 0x40, 0x1e, 0x20,
    0x9, 0x80, 0x3f, 0xc6, 0x1, 0xf0, 0x80, 0x7f,
    0xf0, 0x44, 0x3, 0xff, 0x92, 0x20, 0x1f, 0x8,
    0x0, 0xc0, 0x3c, 0x20, 0x10, 0x80, 0x78, 0x80,
    0x26, 0x0, 0xf2, 0x80, 0x44, 0x1, 0xef, 0x0,
    0x10, 0x7, 0xc8, 0x0, 0x40, 0xf, 0x19, 0x0,
    0x34, 0x3, 0xd6, 0x0, 0x14, 0x0, 0xf3, 0x0,
    0x24, 0x3, 0xce, 0x20, 0x2e, 0x1, 0xc3, 0x20,
    0x8, 0x0, 0xf5, 0x88, 0x23, 0x0, 0x73, 0xa8,
    0xd, 0x0, 0x72, 0xc0, 0x3, 0x44, 0x3, 0xd,
    0x0, 0x30, 0xc0, 0x38, 0x60, 0x70, 0xc0, 0x3e,
    0x7f, 0x30, 0xf, 0x80,

    /* U+002A "*" */
    0x0, 0xfa, 0xff, 0xd2, 0x1, 0xff, 0xc2, 0x20,
    0x7, 0x0, 0x7e, 0x25, 0x0, 0xc2, 0x0, 0x20,
    0xc, 0xc0, 0x14, 0x54, 0x80, 0x5c, 0x0, 0x60,
    0x0, 0xdc, 0xc0, 0x1a, 0x83, 0x69, 0x81, 0x0,
    0x8, 0x17, 0xd0, 0x1c, 0x85, 0x40, 0x5, 0x8e,
    0xe0, 0xa, 0xa8, 0x20, 0x7, 0x32, 0xad, 0x60,
    0x4, 0x70, 0x3, 0xd4, 0x6, 0x3e, 0x4, 0x0,
    0x53, 0xce, 0x4, 0x0, 0x12, 0x9e, 0x70, 0xf,
    0x86, 0x5c, 0x3, 0x43, 0x0, 0x7e, 0x19, 0xe7,
    0x0, 0xd5, 0xd0, 0x20, 0x18, 0xeb, 0x98, 0xe,
    0xc0, 0x1a, 0x62, 0xfd, 0x46, 0x9, 0x8a, 0x0,
    0x7c, 0x70, 0x1, 0xe3, 0x80, 0x17, 0x11, 0x6,
    0x3, 0x90, 0xc, 0x0, 0x20, 0x8c, 0x20, 0x44,
    0x7, 0xaf, 0x98, 0x0, 0x80, 0xc, 0x0, 0x3d,
    0x69, 0x0, 0x1d, 0x8, 0x5, 0xe0, 0x2, 0x0,
    0xd2, 0x40, 0x1f, 0x88, 0x1, 0xc0, 0x1f, 0xfc,
    0x2e, 0x99, 0x68, 0x7, 0xc0,

    /* U+002B "+" */
    0x0, 0xfc, 0xf9, 0x85, 0x0, 0xff, 0xe2, 0x71,
    0x98, 0x80, 0x3f, 0xff, 0xe0, 0x1f, 0xfe, 0x91,
    0x1f, 0xc6, 0x0, 0xf1, 0x1f, 0xdd, 0xdf, 0x94,
    0x0, 0xfd, 0xdf, 0x60, 0x7, 0xff, 0x73, 0xff,
    0xf3, 0x0, 0x23, 0xff, 0xed, 0x0, 0xff, 0xff,
    0x80, 0x7f, 0xfd, 0x40,

    /* U+002C "," */
    0x1, 0xbf, 0xc2, 0x0, 0x5a, 0x1, 0xf0, 0x0,
    0x40, 0x23, 0x0, 0x68, 0x7, 0x9a, 0x48, 0x8,
    0x2, 0x60, 0x2, 0x80, 0x4a, 0x41, 0x20, 0x1,
    0xb0, 0x91, 0x1, 0xc1, 0x76, 0x0, 0xa, 0x4c,
    0x0, 0x40,

    /* U+002D "-" */
    0x2, 0x2f, 0xf8, 0x45, 0xbb, 0xff, 0x58, 0x7,
    0xff, 0x38,

    /* U+002E "." */
    0x8, 0xb9, 0x10, 0x97, 0x46, 0xa0, 0x70, 0x9,
    0x0, 0xc0, 0x3a, 0x80, 0x27, 0x7, 0xb8, 0xb8,
    0x0,

    /* U+002F "/" */
    0x0, 0xfe, 0x28, 0x83, 0x80, 0x7f, 0x53, 0xbb,
    0x40, 0x3f, 0x90, 0x1, 0x80, 0x1f, 0x84, 0xc0,
    0xe, 0x1, 0xf9, 0x0, 0x4, 0x20, 0x1f, 0xbc,
    0x0, 0xa0, 0x1f, 0xc8, 0x0, 0xc0, 0xf, 0xc6,
    0x20, 0x4, 0x0, 0xfc, 0x80, 0x4, 0x0, 0xfe,
    0xb0, 0x6, 0x0, 0x7f, 0x18, 0x1, 0x40, 0x3f,
    0x20, 0x0, 0x48, 0x3, 0xf6, 0x80, 0x1c, 0x3,
    0xf9, 0x0, 0x18, 0x1, 0xf8, 0x88, 0x0, 0x50,
    0xf, 0xc8, 0x0, 0x30, 0xf, 0xed, 0x0, 0x58,
    0x7, 0xf2, 0x0, 0x10, 0x3, 0xf2, 0x0, 0x4,
    0xc0, 0x3f, 0x60, 0x1, 0x0, 0x3f, 0x94, 0x1,
    0xe0, 0x1f, 0x84, 0x80, 0x8, 0x1, 0xf9, 0xc0,
    0x6, 0x20, 0x1f, 0xb0, 0x0, 0x80, 0x1f, 0xc8,
    0x0, 0xb0, 0xf, 0xc6, 0x20, 0x3, 0x0, 0xfd,
    0x60, 0x4, 0x0, 0xfe, 0x40, 0x6, 0x80, 0x7e,
    0x13, 0x0, 0x20, 0x7, 0xe4, 0x0, 0x11, 0x0,
    0x3f, 0x60, 0x1, 0x0, 0x3f, 0x9c, 0x1, 0xa0,
    0x1f, 0x88, 0x40, 0x8, 0x1, 0xf9, 0x40, 0x8,
    0x1, 0xfc,

    /* U+0030 "0" */
    0x0, 0xfc, 0x2a, 0xee, 0x63, 0x0, 0xff, 0xe1,
    0xa6, 0x75, 0x44, 0x27, 0x3a, 0x4, 0x3, 0xfe,
    0xbb, 0x18, 0x7, 0x85, 0xfd, 0x0, 0x3f, 0xe,
    0xa0, 0x6, 0x12, 0x0, 0xc3, 0x6a, 0x1, 0xf6,
    0x90, 0x5, 0x1d, 0xcd, 0xfb, 0x30, 0xa, 0x8c,
    0x3, 0x9c, 0xc0, 0x3, 0xae, 0x20, 0x12, 0x62,
    0x80, 0x5c, 0x1, 0x86, 0x0, 0x2d, 0x20, 0xf,
    0xa8, 0x80, 0x4, 0xc0, 0x13, 0x0, 0x4c, 0x60,
    0x1f, 0xd0, 0x1, 0x58, 0x5, 0x40, 0x15, 0x80,
    0x7f, 0x94, 0x80, 0x4, 0x40, 0x22, 0x0, 0xc,
    0x80, 0x3f, 0xe5, 0x0, 0x94, 0x10, 0x2, 0xb0,
    0xf, 0xfe, 0x6, 0x0, 0x58, 0x1e, 0x1, 0x18,
    0x7, 0xff, 0x1, 0x40, 0x26, 0x2, 0x0, 0x98,
    0x3, 0xff, 0x80, 0x20, 0x11, 0x3, 0x0, 0x44,
    0x1, 0xff, 0xc1, 0x10, 0xc, 0x60, 0x1f, 0xfc,
    0x53, 0x0, 0x84, 0x3, 0xff, 0x8c, 0x20, 0x1f,
    0xfc, 0xa1, 0x0, 0xc6, 0x1, 0xff, 0xc5, 0x30,
    0x8, 0x44, 0x1, 0x8, 0x7, 0xff, 0x4, 0x40,
    0x2, 0xc, 0x1, 0x28, 0x7, 0xff, 0x0, 0x80,
    0x22, 0xd, 0x0, 0x8c, 0x3, 0xff, 0x80, 0xe0,
    0x12, 0x82, 0x0, 0x58, 0x1, 0xff, 0xc0, 0xc0,
    0xb, 0x0, 0xc4, 0x0, 0x82, 0x1, 0xff, 0x38,
    0x4, 0x80, 0x7, 0x0, 0xa4, 0x3, 0xfc, 0xc2,
    0x0, 0x41, 0x0, 0x58, 0x4, 0xe6, 0x1, 0xf8,
    0xa0, 0x2, 0x80, 0x8, 0x98, 0x2, 0xd2, 0x0,
    0xf0, 0xf8, 0x80, 0x14, 0xc0, 0x34, 0x90, 0x0,
    0x75, 0xc4, 0x2, 0x6f, 0x20, 0x0, 0xd8, 0x7,
    0xbc, 0x40, 0x28, 0xee, 0xbe, 0x44, 0x2, 0xd1,
    0x0, 0xf1, 0x79, 0x80, 0x61, 0x10, 0x6, 0x2d,
    0x30, 0xf, 0xc3, 0x92, 0x40, 0x1e, 0x18, 0xd2,
    0x0, 0xff, 0x9b, 0x75, 0x51, 0x9, 0xce, 0x70,
    0xf, 0x80,

    /* U+0031 "1" */
    0x0, 0xf9, 0x33, 0xfd, 0x60, 0x1f, 0xf1, 0xe5,
    0x98, 0x7, 0xff, 0x0, 0xef, 0xc, 0x3, 0xff,
    0x80, 0x57, 0x88, 0x1, 0xff, 0xc1, 0x8d, 0x40,
    0xc, 0xa0, 0x1f, 0xee, 0x0, 0xcf, 0xd6, 0x1,
    0xfe, 0x61, 0x14, 0x74, 0x8, 0x7, 0xff, 0x3,
    0x79, 0xc4, 0x3, 0xff, 0x84, 0x60, 0x1f, 0xff,
    0xf0, 0xf, 0xff, 0xf8, 0x7, 0xff, 0xfc, 0x3,
    0xff, 0xfe, 0x1, 0xcc, 0xef, 0xcc, 0x1, 0x33,
    0xbf, 0x0, 0x22, 0x3e, 0x0, 0x8a, 0x23, 0x88,
    0x3, 0xff, 0xb0,

    /* U+0032 "2" */
    0x0, 0xf8, 0xd5, 0x9d, 0x94, 0x40, 0x3f, 0xe4,
    0xbf, 0xca, 0x98, 0x9a, 0xed, 0x60, 0xf, 0x97,
    0x6d, 0x0, 0x3f, 0x14, 0xe9, 0x0, 0x6a, 0xa1,
    0x0, 0x70, 0x80, 0x78, 0xb0, 0x80, 0x2c, 0x0,
    0x92, 0x77, 0xfb, 0xfa, 0x8c, 0x2, 0x1e, 0x0,
    0x98, 0x8f, 0x2d, 0x88, 0x2, 0x15, 0xc7, 0x0,
    0x8d, 0x0, 0x2c, 0xc1, 0x80, 0x7f, 0x42, 0x0,
    0x5a, 0x1, 0x8, 0x7, 0xff, 0x3, 0x80, 0x25,
    0x0, 0xff, 0xe2, 0x20, 0x4, 0x20, 0x1f, 0xfc,
    0x81, 0x0, 0xff, 0xe2, 0x18, 0x4, 0xc0, 0x1f,
    0xfc, 0x45, 0x0, 0xb0, 0x3, 0xff, 0x89, 0x40,
    0x13, 0x80, 0x7f, 0xf0, 0xdc, 0x80, 0xe, 0x20,
    0x1f, 0xfc, 0x23, 0x80, 0x0, 0xc8, 0x7, 0xff,
    0x8, 0xf4, 0x2, 0xd1, 0x0, 0xff, 0xe0, 0x9e,
    0x8, 0x2, 0x4c, 0x3, 0xff, 0x82, 0x98, 0x1,
    0x4b, 0x0, 0x7f, 0xf0, 0x5a, 0xc0, 0x29, 0x60,
    0xf, 0xfe, 0xb, 0xc8, 0x5, 0x4c, 0x1, 0xff,
    0xc1, 0x88, 0x0, 0x56, 0xa0, 0x1f, 0xfc, 0x1a,
    0x70, 0x0, 0xe2, 0x0, 0x7f, 0xf0, 0x6d, 0x40,
    0x5, 0x86, 0x1, 0xff, 0xc0, 0x1c, 0x40, 0x1,
    0xe1, 0x0, 0x7f, 0xf0, 0xb, 0xc, 0x0, 0xb8,
    0x20, 0x1f, 0xfc, 0x2, 0xc2, 0x0, 0x35, 0x0,
    0x7f, 0xf0, 0x4b, 0x4, 0x0, 0x5c, 0xef, 0xff,
    0xc1, 0x56, 0x10, 0x8, 0xa2, 0x3f, 0xf8, 0x5c,
    0x1, 0xff, 0xde,

    /* U+0033 "3" */
    0x0, 0xf8, 0x95, 0x9d, 0x95, 0x0, 0x3f, 0xf8,
    0x7, 0x3d, 0xb5, 0x31, 0x35, 0x7f, 0x68, 0x1,
    0xf1, 0x5e, 0x30, 0x80, 0x7e, 0x4b, 0xb0, 0x80,
    0x66, 0xd4, 0x0, 0xe2, 0x20, 0x80, 0x72, 0x60,
    0x6, 0x10, 0x8, 0xa7, 0x7f, 0x75, 0xdc, 0x91,
    0x0, 0x8a, 0x0, 0x27, 0x31, 0xad, 0x62, 0x0,
    0xc2, 0xde, 0x60, 0x13, 0x80, 0x6d, 0xf5, 0x0,
    0xfe, 0x1d, 0x0, 0xc6, 0x1, 0x8, 0x80, 0x3f,
    0xe1, 0x50, 0x9, 0xc0, 0x3f, 0xf8, 0xa6, 0x1,
    0x30, 0x7, 0xff, 0x15, 0x40, 0x2, 0x40, 0x1f,
    0xfc, 0x44, 0x30, 0x4, 0x80, 0x7f, 0xf1, 0x12,
    0x80, 0x6, 0xe0, 0x1f, 0xfc, 0x12, 0x6b, 0xb0,
    0x81, 0xe0, 0x7, 0xf1, 0xff, 0xed, 0x94, 0x1,
    0x9c, 0x0, 0xff, 0xe3, 0xa8, 0x8, 0x7, 0xff,
    0x1d, 0x27, 0x9c, 0x3, 0xf8, 0xf3, 0x35, 0xcb,
    0x8, 0x5, 0x14, 0x1, 0xfc, 0x67, 0x91, 0xa7,
    0xa4, 0x2, 0x57, 0x0, 0xff, 0xe2, 0x35, 0x80,
    0x50, 0x1, 0xff, 0xc5, 0x44, 0x0, 0x4a, 0x1,
    0xff, 0xc5, 0xc0, 0x8, 0x80, 0x3f, 0xf8, 0xa2,
    0x1, 0x78, 0x7, 0xff, 0x14, 0x40, 0x2f, 0x0,
    0xff, 0xe2, 0xd8, 0x4, 0x60, 0x28, 0x1, 0xff,
    0xc1, 0x53, 0x0, 0xa, 0x4, 0x5c, 0x88, 0x7,
    0xf9, 0x68, 0x2, 0x80, 0x46, 0x6, 0xea, 0x51,
    0x0, 0xc2, 0xb7, 0x40, 0x12, 0x30, 0x10, 0x6,
    0x5a, 0xee, 0x6e, 0xbb, 0x94, 0x80, 0x12, 0x58,
    0x1, 0xb5, 0x0, 0x38, 0x48, 0x82, 0x1, 0xd1,
    0x60, 0x18, 0xaf, 0x58, 0x80, 0x3f, 0xb, 0xf3,
    0x80, 0x7c, 0x53, 0xbd, 0x73, 0x11, 0x56, 0xf4,
    0x8, 0x7, 0x0,

    /* U+0034 "4" */
    0x0, 0xff, 0xe1, 0xf, 0x7f, 0xb0, 0x3, 0xff,
    0x8f, 0xa2, 0x1, 0xff, 0xc9, 0x93, 0x0, 0xff,
    0xe4, 0xb3, 0x0, 0x3f, 0xf9, 0x27, 0x20, 0x1f,
    0xfc, 0x91, 0xd0, 0x2, 0x8, 0x7, 0xff, 0x1b,
    0x44, 0xa, 0xc0, 0x3f, 0xf8, 0xd0, 0x60, 0xf,
    0x0, 0xff, 0xe3, 0x2b, 0x80, 0x28, 0x80, 0x3f,
    0xf8, 0xa5, 0x40, 0x7, 0x50, 0xf, 0xfe, 0x28,
    0xf8, 0x1, 0x20, 0x3, 0xff, 0x8d, 0x44, 0x3,
    0x40, 0x1f, 0xfc, 0x68, 0x40, 0x6, 0x88, 0x7,
    0xff, 0x15, 0x1c, 0x1, 0x26, 0x1, 0xff, 0xc5,
    0x2a, 0x0, 0x33, 0x0, 0x3f, 0xf8, 0xde, 0x20,
    0x72, 0x1, 0xff, 0xc6, 0xa2, 0x1, 0xd0, 0xf,
    0xfe, 0x33, 0xa8, 0x2, 0x84, 0x3, 0xff, 0x8a,
    0x30, 0x1, 0x5f, 0xff, 0xf0, 0x80, 0xf, 0xff,
    0x1, 0x80, 0x7f, 0xf8, 0xcb, 0xbb, 0xff, 0x83,
    0xa0, 0x11, 0xf7, 0x60, 0x0, 0x8f, 0xff, 0x4,
    0xc0, 0x30, 0x8e, 0x0, 0xff, 0xff, 0x80, 0x7f,
    0xfe, 0x80,

    /* U+0035 "5" */
    0x4, 0xff, 0xff, 0xe2, 0x28, 0x7, 0xff, 0x95,
    0xea, 0xbf, 0xf8, 0x8, 0x1, 0xf6, 0xaa, 0xff,
    0xf0, 0x4, 0x3, 0xff, 0xfe, 0x1, 0xff, 0xf0,
    0x5a, 0xdf, 0xfb, 0xa9, 0x0, 0x3f, 0xdd, 0xca,
    0x52, 0x0, 0x85, 0x6f, 0x8, 0x3, 0xf2, 0x8,
    0x7, 0xf1, 0xe1, 0x0, 0x4e, 0x1, 0x85, 0xef,
    0xbf, 0xd8, 0xc0, 0x10, 0xf0, 0x4, 0x7a, 0x81,
    0x1d, 0x8, 0x20, 0x3, 0x9b, 0x0, 0x8d, 0x0,
    0x22, 0xbe, 0x70, 0xf, 0xc9, 0x0, 0x17, 0x0,
    0x70, 0x80, 0x7f, 0x98, 0x2, 0x70, 0xf, 0xfe,
    0x20, 0x88, 0x0, 0x40, 0x1f, 0xfc, 0x53, 0x0,
    0xff, 0xe4, 0x18, 0x7, 0xff, 0x1c, 0x44, 0x0,
    0x20, 0xf, 0xfe, 0x23, 0x80, 0x4e, 0x1, 0xff,
    0xc3, 0x18, 0x0, 0xbc, 0x0, 0xd0, 0x1, 0xfe,
    0x2c, 0x10, 0x1, 0x28, 0xc, 0x3f, 0xca, 0x0,
    0x71, 0xce, 0x90, 0x5, 0xc0, 0x9, 0x10, 0x3,
    0x5f, 0xf7, 0x5f, 0x8c, 0x1, 0xa8, 0xc0, 0x12,
    0x80, 0x1c, 0x23, 0x0, 0x71, 0x62, 0x80, 0x43,
    0x76, 0x50, 0xf, 0xe3, 0x9d, 0x30, 0xf, 0x25,
    0x7e, 0xd4, 0xc4, 0x26, 0xfb, 0x18, 0x3, 0xc0,

    /* U+0036 "6" */
    0x0, 0xfe, 0x25, 0x77, 0x32, 0x90, 0x7, 0xff,
    0x0, 0x63, 0xb6, 0xa2, 0x13, 0x5b, 0xd0, 0x40,
    0x1f, 0x9f, 0x9c, 0x40, 0x3e, 0x17, 0xd9, 0x0,
    0xf5, 0x40, 0x7, 0x9, 0x8, 0x7, 0x8, 0x7,
    0x4a, 0x80, 0x49, 0x7f, 0xdb, 0xdc, 0xa5, 0x1,
    0x90, 0xc, 0xac, 0x1, 0x4d, 0xa0, 0x6, 0x15,
    0xad, 0xa1, 0x0, 0xd6, 0x1, 0x53, 0x0, 0x7f,
    0x12, 0x0, 0x66, 0x10, 0x3, 0x28, 0x7, 0xff,
    0x12, 0xc0, 0x28, 0x0, 0xff, 0xe2, 0x11, 0x0,
    0x8, 0x20, 0x1f, 0xfc, 0x44, 0x0, 0xb4, 0x3,
    0xff, 0x8b, 0xe0, 0x12, 0x80, 0x71, 0x19, 0x84,
    0x3, 0xf1, 0x0, 0x46, 0x0, 0x39, 0xed, 0xcc,
    0x77, 0xd2, 0x0, 0x73, 0x0, 0x4, 0x6, 0x71,
    0x84, 0x3, 0x96, 0xec, 0x20, 0x11, 0x80, 0xc,
    0xde, 0xc0, 0x1f, 0xe4, 0xc1, 0x0, 0xe3, 0xc1,
    0x1, 0x7c, 0xef, 0xea, 0x40, 0x8, 0xb4, 0x3,
    0x84, 0x0, 0xdd, 0x6, 0x20, 0x2b, 0x72, 0x1,
    0x1a, 0x80, 0x7a, 0xa4, 0x3, 0xf3, 0x40, 0x5,
    0xc0, 0x60, 0x14, 0xa8, 0x7, 0xf9, 0xc0, 0x24,
    0x1, 0x0, 0x98, 0x3, 0xff, 0x80, 0x80, 0x11,
    0x28, 0x4, 0x60, 0x1f, 0xfc, 0x2, 0x0, 0xde,
    0x1, 0x28, 0x7, 0xff, 0x15, 0x0, 0x2d, 0x0,
    0xff, 0xe0, 0x28, 0x4, 0x45, 0x0, 0x10, 0x80,
    0x3f, 0xc2, 0x60, 0x3, 0x0, 0x50, 0x5, 0x20,
    0x1f, 0xeb, 0x0, 0xac, 0x0, 0xe2, 0x0, 0x48,
    0x0, 0xfd, 0xa, 0x0, 0x17, 0x0, 0xac, 0x2,
    0x7b, 0x30, 0xc, 0x76, 0xe0, 0x15, 0x80, 0x65,
    0x80, 0x9, 0x33, 0xb7, 0x5f, 0x88, 0x1, 0x42,
    0x80, 0x73, 0xc8, 0x6, 0x12, 0x20, 0x7, 0x4b,
    0x80, 0x7c, 0xda, 0xa0, 0x1f, 0xb, 0xf3, 0x0,
    0x7f, 0x15, 0x7d, 0xcc, 0x42, 0x73, 0xa0, 0x40,
    0x38,

    /* U+0037 "7" */
    0xdf, 0xff, 0xfe, 0x39, 0x80, 0x7f, 0xf7, 0xae,
    0x23, 0xff, 0x86, 0x1, 0x89, 0x9d, 0xff, 0xf8,
    0x44, 0x1, 0x30, 0x80, 0x7f, 0xf0, 0xe0, 0x2,
    0xb0, 0xf, 0xfe, 0x1a, 0x10, 0x1, 0x48, 0x3,
    0xff, 0x87, 0x0, 0x14, 0x0, 0x7f, 0xf0, 0xd0,
    0xc0, 0xa, 0x40, 0x1f, 0xfc, 0x38, 0x0, 0xa4,
    0x3, 0xff, 0x86, 0x86, 0x0, 0x43, 0x0, 0xff,
    0xe1, 0xf8, 0x5, 0x0, 0x1f, 0xfc, 0x33, 0x40,
    0x1, 0x98, 0x3, 0xff, 0x87, 0x0, 0x14, 0x0,
    0x7f, 0xf0, 0xcd, 0x0, 0x6, 0x80, 0x1f, 0xfc,
    0x39, 0x0, 0xa4, 0x3, 0xff, 0x86, 0x4a, 0x0,
    0x25, 0x0, 0xff, 0xe1, 0xc0, 0x5, 0x60, 0x1f,
    0xfc, 0x32, 0x50, 0x0, 0xb0, 0x7, 0xff, 0xe,
    0xc0, 0x28, 0x0, 0xff, 0xe1, 0x93, 0x0, 0x5,
    0x80, 0x3f, 0xf8, 0x76, 0x1, 0x48, 0x7, 0xff,
    0xc, 0x58, 0x0, 0x2e, 0x1, 0xff, 0xc3, 0x80,
    0x9, 0x80, 0x3f, 0xf8, 0x62, 0xc0, 0x14, 0x80,
    0x7f, 0xf0, 0xe4, 0x2, 0x71, 0x0, 0xff, 0xe1,
    0xb, 0x80, 0x52, 0x1, 0xff, 0xc3, 0x90, 0x9,
    0x84, 0x3, 0xff, 0x86, 0xc0, 0x15, 0x80, 0x7f,
    0xf0, 0x0,

    /* U+0038 "8" */
    0x0, 0xf8, 0x91, 0x9d, 0x94, 0x80, 0x3f, 0xf8,
    0xf, 0x9b, 0x73, 0x13, 0x5b, 0xa8, 0x0, 0xfc,
    0x7b, 0x6, 0x1, 0xf1, 0x3f, 0x28, 0x7, 0x16,
    0x90, 0x6, 0x23, 0x20, 0xc, 0x34, 0x80, 0x1b,
    0x4, 0x0, 0x35, 0xfb, 0x9b, 0xf4, 0x40, 0x15,
    0x88, 0x1, 0x84, 0x0, 0x5e, 0xa0, 0x1c, 0xba,
    0x60, 0x14, 0x0, 0x34, 0x2, 0xe1, 0x0, 0xfd,
    0xc0, 0x12, 0x0, 0x14, 0x0, 0x26, 0x1, 0xfc,
    0x44, 0x0, 0x10, 0x7, 0x18, 0x7, 0xfc, 0xc0,
    0x1c, 0x40, 0x3, 0x0, 0xff, 0x98, 0x0, 0x20,
    0x4, 0x0, 0xa, 0x0, 0x7f, 0x11, 0x0, 0x8,
    0x0, 0xa0, 0xa, 0x44, 0x3, 0xe1, 0xe0, 0xa,
    0x0, 0x5, 0x40, 0x2, 0xf6, 0x0, 0xe5, 0xf3,
    0x0, 0x49, 0x0, 0x4b, 0x42, 0x3, 0x3f, 0xb9,
    0xbf, 0x42, 0x0, 0x96, 0x0, 0xe5, 0xc2, 0x0,
    0x88, 0xc8, 0x2, 0x1c, 0x60, 0xf, 0x3e, 0x90,
    0x7, 0xf0, 0xe4, 0x80, 0x75, 0x40, 0x4, 0xd7,
    0xdf, 0xd8, 0xe2, 0x0, 0x6c, 0x0, 0x9d, 0x40,
    0x7, 0xb2, 0x82, 0x2, 0x71, 0xe6, 0x0, 0x39,
    0x2, 0x80, 0x1, 0x69, 0x0, 0x7c, 0x38, 0x40,
    0x6, 0x3a, 0x0, 0xa4, 0x40, 0x3f, 0xd2, 0x1,
    0x52, 0x0, 0x48, 0x1, 0xff, 0x20, 0x80, 0x10,
    0x80, 0x4, 0x1, 0xff, 0xc1, 0x20, 0x1, 0x0,
    0x7f, 0xf1, 0x44, 0x2, 0x30, 0x1, 0x8, 0x7,
    0xff, 0x0, 0x80, 0x4, 0x80, 0x14, 0x80, 0x7f,
    0xce, 0x1, 0x25, 0x80, 0x4e, 0xc0, 0x1f, 0xc9,
    0x0, 0x15, 0x93, 0x0, 0x53, 0x68, 0x1, 0xc7,
    0x56, 0x1, 0x31, 0x4, 0xa0, 0x4, 0x97, 0xfb,
    0x9b, 0xf8, 0xa0, 0x12, 0x48, 0x5, 0x6c, 0x1,
    0xc4, 0x64, 0x1, 0xcf, 0x60, 0x1d, 0x3a, 0xa0,
    0x1f, 0x85, 0xb6, 0x0, 0x3e, 0x2a, 0xfc, 0xa8,
    0x8a, 0xb7, 0xa4, 0x80, 0x30,

    /* U+0039 "9" */
    0x0, 0xf8, 0x95, 0xdc, 0xc8, 0x20, 0x1f, 0xfc,
    0x17, 0xdd, 0x54, 0x42, 0x6f, 0xac, 0xc0, 0x3f,
    0x8f, 0x60, 0x80, 0x3e, 0x4c, 0x90, 0xf, 0x93,
    0x8, 0x3, 0x11, 0x88, 0x6, 0x6b, 0x0, 0xe2,
    0xb0, 0x8, 0xab, 0xf7, 0x3b, 0x58, 0x2, 0x49,
    0x0, 0xd2, 0x1, 0x26, 0xa8, 0x6, 0x29, 0xb0,
    0x9, 0x8c, 0x0, 0x68, 0x0, 0x2b, 0x0, 0xfc,
    0x90, 0x1, 0x40, 0x2, 0xc0, 0x28, 0x0, 0xff,
    0x39, 0x0, 0x10, 0x41, 0x0, 0x25, 0x0, 0xff,
    0xa8, 0x2, 0x70, 0x20, 0x1, 0x0, 0x7f, 0xf0,
    0x14, 0x2, 0xc0, 0x10, 0xf, 0xfe, 0x19, 0x0,
    0x4e, 0x2, 0x0, 0x30, 0xf, 0xfe, 0x9, 0x80,
    0x8, 0x8, 0x0, 0x24, 0x1, 0xff, 0x9, 0x0,
    0x42, 0x80, 0x14, 0x0, 0x7f, 0x8b, 0x4, 0x2,
    0x3a, 0x0, 0x95, 0xc0, 0x3f, 0x36, 0x90, 0x7,
    0x13, 0x80, 0x51, 0x8a, 0x20, 0x3, 0x7d, 0x90,
    0xf, 0xd0, 0x80, 0x11, 0xd7, 0x7f, 0xb2, 0x8,
    0x0, 0xea, 0x1, 0xeb, 0x60, 0xf, 0xf1, 0xdc,
    0x8, 0x4, 0x60, 0x14, 0xe2, 0x80, 0x79, 0x6b,
    0x10, 0x1c, 0x2, 0x10, 0xc, 0x75, 0xfb, 0x76,
    0xdf, 0xa5, 0x0, 0x8c, 0x0, 0x40, 0x1f, 0x89,
    0x10, 0x40, 0x1c, 0x40, 0x13, 0x80, 0x7f, 0xf1,
    0x50, 0x2, 0xc0, 0xf, 0xfe, 0x2d, 0x0, 0x4e,
    0x1, 0xff, 0xc4, 0x53, 0x0, 0x20, 0x80, 0x7f,
    0xf0, 0xc6, 0xc0, 0x28, 0x0, 0xcc, 0x1, 0xfe,
    0x2c, 0x10, 0x2, 0x98, 0x4, 0xf3, 0xd2, 0x82,
    0x1, 0x8a, 0x34, 0x80, 0x5, 0x40, 0x1a, 0x40,
    0x5a, 0xfb, 0x9b, 0xaf, 0xd7, 0x0, 0x87, 0xc0,
    0x31, 0x18, 0x7, 0x9, 0x10, 0x3, 0x93, 0xc8,
    0x3, 0x16, 0xdb, 0x8, 0x7, 0xe4, 0xbb, 0x8,
    0x7, 0xc9, 0x3d, 0xb5, 0x31, 0x9, 0xbf, 0xb4,
    0x0, 0xf8,

    /* U+003A ":" */
    0x4, 0x74, 0x0, 0x35, 0xc5, 0xb8, 0x58, 0x5,
    0x0, 0x60, 0x1c, 0xe0, 0x12, 0x84, 0xba, 0x3d,
    0x0, 0x22, 0xe0, 0x3, 0xff, 0xe7, 0x17, 0x0,
    0x9, 0x74, 0x7a, 0x7, 0x0, 0x94, 0xc, 0x3,
    0xa8, 0x2, 0x70, 0x7b, 0x8b, 0x80,

    /* U+003B ";" */
    0x1, 0x66, 0x8, 0xf, 0xcc, 0xbc, 0x1c, 0x40,
    0x2, 0xc2, 0x1, 0xca, 0x1, 0x90, 0xad, 0x16,
    0xc8, 0x12, 0xe9, 0x0, 0x3f, 0xfe, 0x64, 0x20,
    0x16, 0x6f, 0x38, 0x31, 0x80, 0x20, 0x40, 0x38,
    0x9c, 0x40, 0x21, 0x17, 0xa8, 0x0, 0x80, 0x44,
    0xa, 0x0, 0x24, 0x9, 0x0, 0x70, 0x39, 0x85,
    0x1a, 0xc0, 0x2, 0xe2, 0x80, 0x20,

    /* U+003C "<" */
    0x0, 0xff, 0xe2, 0x31, 0x80, 0x7f, 0xf0, 0xd3,
    0x67, 0xc0, 0x3f, 0xf8, 0x23, 0x56, 0x40, 0x66,
    0x0, 0xff, 0xa3, 0x94, 0x0, 0x32, 0x60, 0x1f,
    0xcb, 0xce, 0x1, 0x3f, 0x30, 0x7, 0xe2, 0xca,
    0x10, 0x2, 0xec, 0x0, 0x7e, 0x19, 0xd3, 0x0,
    0x1e, 0x51, 0x0, 0x7e, 0x6f, 0x60, 0x0, 0xce,
    0x18, 0x7, 0xe4, 0xd9, 0x10, 0x3, 0xf3, 0x0,
    0x7f, 0x55, 0x90, 0x1, 0x7a, 0x0, 0x3f, 0xc4,
    0xa0, 0x3, 0xca, 0x10, 0xf, 0xfe, 0x18, 0xb0,
    0x7, 0xff, 0x4, 0x9c, 0x0, 0x55, 0x64, 0x1,
    0xff, 0xc0, 0x8d, 0x40, 0x2, 0x6c, 0x88, 0x7,
    0xfc, 0x57, 0x62, 0x0, 0x37, 0xb0, 0x7, 0xff,
    0x1, 0x36, 0x0, 0x3, 0x3a, 0x80, 0x1f, 0xfc,
    0x7, 0xe5, 0x0, 0x15, 0xd8, 0x80, 0x3f, 0xe1,
    0xac, 0x20, 0x2, 0x6c, 0x0, 0x7f, 0xf0, 0xf,
    0x64, 0x40, 0xf, 0xcc, 0x1, 0xff, 0xc0, 0x6f,
    0x60, 0x0, 0xca, 0x0, 0x7f, 0xf0, 0x6, 0x74,
    0xc1, 0x10, 0x1, 0xff, 0xc2, 0x2c, 0xa9, 0x0,

    /* U+003D "=" */
    0x0, 0xff, 0xe4, 0x7f, 0xff, 0xf1, 0xf4, 0x3,
    0xff, 0xb9, 0xff, 0xff, 0xc7, 0xd0, 0xf, 0xff,
    0xf8, 0x7, 0x7f, 0xff, 0xf1, 0xf4, 0x3, 0xff,
    0xb8,

    /* U+003E ">" */
    0x5, 0x50, 0x7, 0xff, 0x12, 0xea, 0xc8, 0x3,
    0xff, 0x82, 0xa2, 0x9, 0xb2, 0x20, 0x1f, 0xf2,
    0x30, 0x4, 0xde, 0xc0, 0x1f, 0xe1, 0x9d, 0x40,
    0x0, 0xce, 0x18, 0x7, 0xf8, 0xae, 0xc4, 0x0,
    0x3c, 0xa1, 0x0, 0xff, 0x26, 0xc8, 0x80, 0x17,
    0x9c, 0x3, 0xfe, 0x6e, 0x70, 0xa, 0x35, 0x0,
    0x3f, 0xe8, 0xe5, 0x0, 0x15, 0xd8, 0x80, 0x3f,
    0xc3, 0x58, 0x60, 0x4, 0xd8, 0x0, 0xff, 0x8f,
    0x28, 0x40, 0xe, 0x1, 0xff, 0xd1, 0x3c, 0xa1,
    0x0, 0x38, 0x7, 0xf0, 0xce, 0x18, 0x1, 0x36,
    0x0, 0x3f, 0x3f, 0x30, 0x0, 0xae, 0xc4, 0x1,
    0xf2, 0x6c, 0x0, 0x51, 0xa8, 0x1, 0xf1, 0x5d,
    0x88, 0x0, 0xdc, 0xe0, 0x1f, 0xa3, 0x50, 0x0,
    0x79, 0x22, 0x1, 0xf3, 0x73, 0x80, 0x6, 0xb0,
    0xc0, 0x3f, 0x34, 0x88, 0x1, 0xf9, 0x40, 0x3f,
    0xcc, 0x20, 0xbb, 0x0, 0x1f, 0xfc, 0x1a, 0xba,
    0x20, 0xf, 0xfe, 0x8,

    /* U+003F "?" */
    0x0, 0xe1, 0x56, 0x76, 0x52, 0x0, 0xfc, 0x31,
    0xbd, 0x53, 0x13, 0x5b, 0x8a, 0x1, 0xd1, 0xce,
    0x40, 0x1f, 0x1d, 0x58, 0x4, 0xce, 0x1, 0x89,
    0x10, 0x40, 0x19, 0x2c, 0x0, 0xc2, 0x5, 0x3d,
    0xb7, 0x6d, 0xe7, 0x0, 0x91, 0xc0, 0x10, 0xfa,
    0xc2, 0x1, 0x86, 0x24, 0x2, 0xa0, 0x3, 0x40,
    0x7, 0xf3, 0x10, 0x0, 0x84, 0x3, 0xff, 0x82,
    0x80, 0x11, 0x0, 0x7f, 0xf0, 0x4c, 0x2, 0x10,
    0xf, 0xfe, 0xb, 0x80, 0x44, 0x1, 0xff, 0xc0,
    0x52, 0x0, 0x30, 0x7, 0xff, 0x0, 0xe8, 0x0,
    0x30, 0x1, 0xff, 0x1e, 0x0, 0x54, 0x20, 0x1f,
    0xe4, 0xc0, 0xa, 0xd0, 0x3, 0xfc, 0x76, 0x1,
    0x5a, 0x0, 0x7f, 0x87, 0x40, 0x2b, 0x40, 0xf,
    0xfa, 0x44, 0x1, 0x48, 0x1, 0xff, 0xc0, 0x60,
    0x2, 0xa8, 0x3, 0xff, 0x80, 0x82, 0x0, 0x90,
    0xf, 0xfe, 0x9, 0x80, 0x4, 0xc0, 0x3f, 0xf8,
    0x3c, 0x0, 0x40, 0xf, 0xfe, 0x18, 0x88, 0x80,
    0x3f, 0xf8, 0x53, 0xdc, 0x80, 0xf, 0xff, 0x32,
    0x5d, 0x20, 0x7, 0xff, 0x4, 0xad, 0x16, 0xc8,
    0x3, 0xff, 0x80, 0xa0, 0x19, 0x0, 0x3f, 0xf8,
    0x2, 0x1, 0xff, 0xc5, 0x71, 0x0, 0xb, 0x80,
    0x7f, 0xf0, 0x7, 0xe6, 0x5e, 0x20, 0x1f, 0x0,

    /* U+0040 "@" */
    0x0, 0xff, 0xe0, 0x24, 0x5e, 0xf7, 0xfb, 0xb6,
    0x9c, 0x80, 0x3f, 0xf8, 0xc3, 0x1d, 0x6e, 0x84,
    0x20, 0x1, 0x25, 0x8d, 0xd3, 0x0, 0x7f, 0xf0,
    0xe3, 0x9c, 0x40, 0x38, 0x44, 0x1, 0xc5, 0x3a,
    0x60, 0x1f, 0xf1, 0x6b, 0x80, 0x47, 0x19, 0xfe,
    0xee, 0x7f, 0x5b, 0x88, 0x0, 0xb1, 0x80, 0x3f,
    0x8f, 0x8, 0x0, 0x99, 0x87, 0x30, 0xe, 0x14,
    0x8e, 0xa1, 0x0, 0x4b, 0x0, 0x7c, 0x58, 0x20,
    0xa, 0xb3, 0x0, 0xff, 0xe0, 0x2f, 0x98, 0x2,
    0x4c, 0x3, 0xd8, 0x0, 0x1c, 0x50, 0xf, 0xfe,
    0x18, 0xe9, 0x0, 0x38, 0x3, 0xa4, 0x40, 0x1a,
    0x60, 0x1f, 0xfc, 0x51, 0xe0, 0x1, 0x28, 0x4,
    0x6c, 0x0, 0x93, 0x0, 0xf0, 0xb4, 0xd5, 0x25,
    0xd0, 0x3, 0x8d, 0x40, 0x1c, 0x1, 0x40, 0x0,
    0xd8, 0x3, 0xd3, 0xd2, 0xca, 0xa6, 0x8b, 0xf5,
    0x0, 0xdc, 0x0, 0x40, 0x0, 0xa0, 0x2, 0x0,
    0x38, 0xf9, 0x80, 0x3f, 0xf8, 0x48, 0x1, 0x18,
    0x38, 0x0, 0x50, 0x3, 0xe, 0x88, 0xc, 0xef,
    0xfb, 0x48, 0x0, 0xe0, 0x1c, 0x40, 0x5, 0xc,
    0x0, 0x38, 0x7, 0x58, 0x80, 0xfb, 0x10, 0x0,
    0x8c, 0x0, 0x40, 0x1c, 0x20, 0x1, 0x7, 0x0,
    0x78, 0x6, 0x25, 0x0, 0x50, 0x80, 0x61, 0x10,
    0x8, 0x7, 0x9c, 0x3, 0x10, 0x1, 0x40, 0x32,
    0x80, 0x9, 0x0, 0x38, 0x80, 0x4, 0x1, 0xe7,
    0x0, 0x8, 0x80, 0x21, 0x0, 0xda, 0x0, 0x40,
    0xf, 0x30, 0x1, 0x40, 0x3c, 0x40, 0x2, 0x30,
    0x8, 0xc0, 0x30, 0x80, 0x4, 0x3, 0xc4, 0x0,
    0xe0, 0xe, 0x11, 0x0, 0x18, 0xc0, 0x3f, 0x8,
    0x7, 0xf7, 0x0, 0x8, 0x3, 0x90, 0x0, 0x44,
    0x0, 0xc6, 0x1, 0x8c, 0x0, 0x60, 0x1e, 0x20,
    0x0, 0x80, 0x74, 0x80, 0x14, 0x4, 0x2, 0x70,
    0xd, 0xe0, 0x4, 0x10, 0xc, 0x48, 0x0, 0x30,
    0xc, 0xe6, 0x0, 0x90, 0x1, 0x80, 0x34, 0x3,
    0x38, 0x5, 0x86, 0x2, 0xd8, 0x1, 0x4a, 0x1,
    0x4c, 0x0, 0x20, 0x40, 0xa, 0x0, 0x50, 0xc,
    0x2e, 0x0, 0x2c, 0xfe, 0x91, 0x20, 0x0, 0xdf,
    0xeb, 0x0, 0x15, 0xc0, 0x2d, 0x0, 0x11, 0x80,
    0x68, 0x60, 0xf, 0x26, 0x50, 0x7, 0xcf, 0x40,
    0x19, 0x4, 0x1, 0x0, 0x1d, 0x38, 0xc6, 0x8d,
    0x76, 0x15, 0xd7, 0x43, 0x48, 0xe8, 0x0, 0xf4,
    0x80, 0x11, 0x80, 0x38, 0xe7, 0x2e, 0x50, 0x2,
    0x28, 0xbc, 0xb7, 0x10, 0xf, 0x9c, 0x80, 0x12,
    0x80, 0x1f, 0xfd, 0xe, 0x0, 0xad, 0x40, 0x3f,
    0xf9, 0xe7, 0x40, 0x15, 0x50, 0x80, 0x3f, 0xf9,
    0xcb, 0x40, 0x12, 0xed, 0xb1, 0x0, 0x61, 0x36,
    0xac, 0x0, 0xff, 0xe1, 0xae, 0x98, 0x4, 0x93,
    0xbf, 0xdc, 0xfe, 0xc9, 0x53, 0x30, 0x7, 0xff,
    0xc, 0xb2, 0x8c, 0x3, 0x84, 0x40, 0x1e, 0x50,
    0xf, 0xfe, 0x2a, 0xe6, 0xca, 0x90, 0x80, 0x4,
    0x91, 0xeb, 0xd8, 0x3, 0xf8,

    /* U+0041 "A" */
    0x0, 0xff, 0x5f, 0xfd, 0xc0, 0x1f, 0xfc, 0x81,
    0x40, 0x8, 0x50, 0x3, 0xff, 0x8e, 0xe0, 0x1d,
    0xc0, 0x1f, 0xfc, 0x7a, 0x0, 0xe5, 0x10, 0xf,
    0xfe, 0x29, 0x18, 0x0, 0x80, 0x27, 0x0, 0xff,
    0xe2, 0xa8, 0x5, 0xc0, 0x15, 0x0, 0x7f, 0xf1,
    0x68, 0x0, 0x46, 0xa0, 0x3, 0x20, 0xf, 0xfe,
    0x19, 0x90, 0x2, 0x83, 0x80, 0x25, 0x0, 0xff,
    0xe1, 0xd0, 0x4, 0xa0, 0x82, 0x0, 0xa0, 0xf,
    0xfe, 0x1b, 0x80, 0xc, 0x80, 0xe, 0x0, 0x23,
    0x0, 0xff, 0xe0, 0xa0, 0x80, 0x2c, 0x2, 0xd0,
    0xa, 0x80, 0x3f, 0xf8, 0x3c, 0x1, 0x30, 0x4,
    0x82, 0x0, 0x70, 0xf, 0xfe, 0xa, 0x80, 0x10,
    0x40, 0x33, 0x0, 0x5, 0x0, 0x3f, 0xe6, 0x0,
    0xb4, 0x3, 0xac, 0x2, 0xe0, 0xf, 0xfb, 0x40,
    0x27, 0x0, 0xe3, 0x20, 0x2, 0x88, 0x7, 0xf0,
    0xa0, 0x1, 0x4, 0x3, 0xca, 0x1, 0x38, 0x7,
    0xf3, 0x0, 0x5c, 0x1, 0xf5, 0x0, 0x54, 0x1,
    0xfd, 0x40, 0x12, 0x80, 0x7c, 0x46, 0x0, 0x32,
    0x0, 0xf8, 0x88, 0x0, 0x50, 0xf, 0xeb, 0x0,
    0x94, 0x3, 0xea, 0x0, 0x97, 0xff, 0xfa, 0x0,
    0x2a, 0x0, 0xf9, 0x80, 0x3f, 0xf8, 0xa4, 0x60,
    0x1c, 0x82, 0x1, 0xff, 0xc6, 0xa0, 0xe, 0xd0,
    0xa, 0x73, 0x3f, 0xf8, 0x0, 0x13, 0x80, 0x73,
    0x0, 0x5, 0x8c, 0xff, 0xf8, 0x8, 0x0, 0x14,
    0x0, 0x94, 0x2, 0x70, 0xf, 0xfe, 0xe, 0x80,
    0x5c, 0x1, 0x70, 0x5, 0x40, 0x1f, 0xfc, 0x17,
    0x0, 0x94, 0x40, 0x50, 0x0, 0x26, 0x1, 0xff,
    0xc1, 0x15, 0x0, 0x9c, 0x1c, 0x2, 0x60, 0xf,
    0xfe, 0x1f, 0x80, 0x54, 0x14, 0x1, 0x50, 0x7,
    0xff, 0xd, 0x40, 0x23, 0x20,

    /* U+0042 "B" */
    0x5f, 0xff, 0xf7, 0x5c, 0x10, 0x7, 0xff, 0x14,
    0x51, 0xf6, 0x84, 0x3, 0xff, 0x8e, 0xb8, 0x20,
    0x1f, 0x3e, 0x66, 0xba, 0x72, 0x0, 0x8a, 0x80,
    0x3e, 0xe3, 0x3c, 0x8b, 0x1b, 0x0, 0x12, 0x18,
    0x7, 0xff, 0xd, 0xd4, 0x2, 0xb0, 0xf, 0xfe,
    0x27, 0x0, 0x44, 0x1, 0xff, 0xc4, 0x50, 0xf,
    0xfe, 0x41, 0x80, 0x44, 0x1, 0xff, 0xc4, 0x70,
    0xb, 0x0, 0x3f, 0xf8, 0x9c, 0x0, 0x24, 0x0,
    0xff, 0xe1, 0xc2, 0x0, 0x24, 0x3, 0xff, 0x82,
    0x4d, 0x8e, 0x0, 0x94, 0x0, 0xfa, 0x7f, 0xfb,
    0x64, 0xc0, 0x71, 0x80, 0x3f, 0xf8, 0xc3, 0xcc,
    0x1, 0xff, 0xc7, 0x29, 0xc1, 0x0, 0xf4, 0xff,
    0xfb, 0xb2, 0x4, 0x0, 0x78, 0x1, 0xff, 0xc1,
    0x13, 0x7e, 0x40, 0x1, 0x48, 0x7, 0xff, 0x12,
    0x80, 0x26, 0x0, 0xff, 0xe2, 0xa, 0x80, 0x48,
    0x1, 0xff, 0xc4, 0x20, 0x8, 0x80, 0x3f, 0xfb,
    0x26, 0x1, 0x10, 0x7, 0xff, 0xc, 0xd0, 0x2,
    0x50, 0xf, 0xfe, 0x11, 0xe8, 0x4, 0x82, 0x1,
    0xb8, 0xcf, 0xc8, 0xf7, 0x82, 0x1, 0x48, 0x7,
    0x3e, 0x67, 0xae, 0x10, 0x3, 0x59, 0x0, 0x7f,
    0xf1, 0x53, 0x50, 0x3, 0xff, 0x84, 0x28, 0xfb,
    0x64, 0x1, 0x0,

    /* U+0043 "C" */
    0x0, 0xff, 0x1a, 0xbb, 0x99, 0x4c, 0x3, 0xff,
    0x84, 0x75, 0xf9, 0x51, 0x9, 0xac, 0xfc, 0x61,
    0x0, 0xfc, 0x57, 0x8a, 0x1, 0xfc, 0x73, 0xce,
    0x1, 0xe4, 0xd4, 0x0, 0xff, 0xe1, 0x41, 0x0,
    0x64, 0xb0, 0xc, 0x51, 0x9f, 0xf6, 0xd3, 0x0,
    0x4e, 0x40, 0x10, 0xd0, 0x6, 0x9d, 0x73, 0x0,
    0x89, 0x67, 0xe0, 0xe0, 0x3, 0x50, 0x80, 0x7,
    0x18, 0x3, 0xfc, 0xf8, 0x1, 0x8d, 0x0, 0x2a,
    0x30, 0xf, 0xfe, 0x2c, 0x80, 0x4a, 0x80, 0x1f,
    0xfc, 0x65, 0x0, 0xa0, 0x3, 0xff, 0x8c, 0x80,
    0x11, 0x90, 0x7, 0xff, 0x18, 0xc0, 0x2b, 0x0,
    0xff, 0xe3, 0xe8, 0x4, 0x60, 0x1f, 0xfc, 0x76,
    0x0, 0x98, 0x3, 0xff, 0x96, 0x60, 0x1f, 0xfc,
    0x71, 0x0, 0x84, 0x3, 0xff, 0x8e, 0x20, 0x10,
    0x80, 0x7f, 0xf2, 0xcc, 0x3, 0xff, 0x8e, 0xc0,
    0x13, 0x0, 0x7f, 0xf1, 0xc8, 0x2, 0x30, 0xf,
    0xfe, 0x3e, 0x0, 0x5a, 0x1, 0xff, 0xc7, 0x40,
    0x9, 0x44, 0x3, 0xff, 0x8e, 0xa0, 0x13, 0x0,
    0x7f, 0xf1, 0xf8, 0x2, 0x82, 0x0, 0xff, 0xe3,
    0x22, 0x0, 0x2f, 0x20, 0xf, 0xfe, 0x2, 0xa0,
    0x6, 0x90, 0x8, 0xb1, 0x40, 0x3f, 0x8a, 0xaa,
    0x10, 0x8, 0xa8, 0x2, 0x1a, 0xc6, 0x21, 0x1,
    0x26, 0xad, 0x50, 0x1b, 0x0, 0xcb, 0x40, 0x18,
    0xe7, 0x7b, 0xfb, 0x65, 0x40, 0x36, 0x80, 0x72,
    0xe9, 0x80, 0x7f, 0xf0, 0x4f, 0x1c, 0x3, 0xc5,
    0x96, 0x80, 0x1f, 0x85, 0x6f, 0xc, 0x3, 0xf9,
    0x2f, 0xf2, 0x62, 0x13, 0x5b, 0xd4, 0x80, 0x18,

    /* U+0044 "D" */
    0x5f, 0xff, 0xee, 0xc9, 0x51, 0x0, 0xff, 0xe3,
    0x9, 0xb5, 0x75, 0x10, 0x7, 0xff, 0x25, 0x75,
    0xc0, 0x3f, 0x96, 0x23, 0x3b, 0x18, 0x7, 0x45,
    0x0, 0x7e, 0xc7, 0x7d, 0x13, 0x9f, 0x44, 0x1,
    0x2c, 0x0, 0x7f, 0xf1, 0x17, 0x5c, 0x2, 0x74,
    0x0, 0xff, 0xe2, 0xc3, 0x80, 0x52, 0x1, 0xff,
    0xc6, 0x83, 0x0, 0x12, 0x80, 0x7f, 0xf1, 0xa4,
    0x2, 0xe0, 0xf, 0xfe, 0x32, 0x88, 0x1, 0x0,
    0x3f, 0xf8, 0xea, 0x1, 0x18, 0x7, 0xff, 0x18,
    0xc0, 0x25, 0x0, 0xff, 0xe3, 0x70, 0x5, 0xc0,
    0x1f, 0xfc, 0x63, 0x0, 0xff, 0xe7, 0x8, 0x7,
    0xff, 0x18, 0xc0, 0x21, 0x0, 0xff, 0xe3, 0x8,
    0x5, 0xe0, 0x1f, 0xfc, 0x6e, 0x0, 0x88, 0x3,
    0xff, 0x8c, 0xa0, 0x13, 0x80, 0x7f, 0xf1, 0x44,
    0xc0, 0x2, 0x40, 0x1f, 0xfc, 0x59, 0x0, 0x9c,
    0x3, 0xff, 0x8a, 0x2c, 0x1, 0x58, 0x7, 0xff,
    0x16, 0x84, 0x0, 0x84, 0x1, 0xff, 0xc3, 0x1b,
    0x40, 0xa, 0x80, 0x3f, 0xf8, 0x42, 0xfe, 0x80,
    0x15, 0x8, 0x7, 0xb6, 0x23, 0x4d, 0x6f, 0x40,
    0x80, 0x52, 0xa0, 0x1f, 0x23, 0xbe, 0x65, 0x20,
    0xc, 0x36, 0xc0, 0x1f, 0xfc, 0x61, 0x7e, 0x40,
    0xf, 0xfe, 0x18, 0x9b, 0x5f, 0x40, 0x7, 0xc0,

    /* U+0045 "E" */
    0x5f, 0xff, 0xfe, 0x2b, 0x80, 0x7f, 0xf7, 0x9e,
    0xab, 0xff, 0x82, 0xa0, 0x1b, 0x55, 0x7f, 0xf8,
    0x24, 0x1, 0xff, 0xff, 0x0, 0xff, 0xf9, 0x62,
    0xaf, 0xfc, 0x80, 0x1e, 0x6a, 0xaf, 0xfa, 0x0,
    0x3f, 0xfc, 0x15, 0xff, 0xff, 0x60, 0x7, 0xff,
    0xfc, 0x3, 0xff, 0xfe, 0x1, 0xfb, 0xdd, 0xff,
    0xf8, 0x26, 0x1, 0x96, 0x23, 0xff, 0x82, 0x80,
    0x1f, 0xfd, 0xa0,

    /* U+0046 "F" */
    0x5f, 0xff, 0xfe, 0x20, 0x7, 0xff, 0x75, 0xea,
    0xbf, 0xf8, 0x0, 0x1d, 0xaa, 0xbf, 0xfc, 0x0,
    0xf, 0xff, 0xf8, 0x7, 0xff, 0xfb, 0x55, 0x7f,
    0xc4, 0x1, 0xe7, 0xaa, 0xff, 0x28, 0x7, 0xff,
    0x7a, 0xbf, 0xff, 0xce, 0x1, 0xff, 0xff, 0x0,
    0xff, 0xff, 0x80, 0x7f, 0xf9, 0x80,

    /* U+0047 "G" */
    0x0, 0xff, 0x12, 0xbb, 0x99, 0x4c, 0x3, 0xff,
    0x84, 0x75, 0xdb, 0x51, 0x9, 0xac, 0xfb, 0x50,
    0xf, 0xe1, 0xbc, 0x51, 0x0, 0xfc, 0x95, 0xa8,
    0x1, 0xe3, 0xf4, 0x0, 0xff, 0xe0, 0x95, 0xc8,
    0x6, 0x3c, 0x10, 0x8, 0xe3, 0x7b, 0xfb, 0x65,
    0x40, 0x32, 0x80, 0x43, 0xa0, 0x10, 0xd6, 0x39,
    0x8, 0x9, 0x35, 0x73, 0x0, 0x38, 0x2, 0xb1,
    0x0, 0xe, 0x28, 0x7, 0xf0, 0xcd, 0xd1, 0x0,
    0xd, 0x40, 0x2d, 0x20, 0xf, 0xfe, 0x2, 0x28,
    0x5, 0x20, 0x13, 0x98, 0x7, 0xff, 0x19, 0x40,
    0x29, 0x0, 0xff, 0xe3, 0x20, 0x4, 0x82, 0x1,
    0xff, 0xc6, 0x30, 0xb, 0x0, 0x3f, 0xf8, 0xfa,
    0x1, 0x18, 0x7, 0xff, 0x1c, 0x40, 0x27, 0x0,
    0xff, 0xe3, 0xb8, 0x4, 0x20, 0x1f, 0x7f, 0xff,
    0xdc, 0x20, 0x11, 0x80, 0x7f, 0xf1, 0xc4, 0x3,
    0xff, 0x9e, 0x40, 0x1f, 0x66, 0x7e, 0x30, 0x9,
    0x80, 0x26, 0x0, 0xf8, 0xcf, 0xf0, 0x6, 0x20,
    0xb, 0x40, 0x3f, 0xf8, 0xf8, 0x1, 0x20, 0x7,
    0xff, 0x1d, 0x0, 0x23, 0x20, 0xf, 0xfe, 0x3a,
    0x0, 0x50, 0x1, 0xff, 0xc7, 0xf0, 0x9, 0x50,
    0x3, 0xff, 0x8c, 0x88, 0x0, 0xa8, 0x80, 0x3f,
    0xe3, 0x30, 0x7, 0x48, 0x4, 0x3a, 0xa0, 0x1f,
    0xcf, 0x80, 0x11, 0x80, 0xa, 0xc0, 0x35, 0x6b,
    0x98, 0x81, 0x1c, 0x74, 0x0, 0x68, 0x0, 0x92,
    0x80, 0x31, 0x46, 0x77, 0xee, 0x38, 0x80, 0x43,
    0x6a, 0x1, 0x97, 0x4c, 0x3, 0xff, 0x82, 0xbe,
    0x80, 0x1e, 0x2c, 0xb4, 0x0, 0xfc, 0x2d, 0xb4,
    0x20, 0x1f, 0xc9, 0x7f, 0x93, 0x10, 0x9a, 0xde,
    0x92, 0x0, 0xc0,

    /* U+0048 "H" */
    0x5f, 0xf9, 0x40, 0x3f, 0xf8, 0x57, 0xff, 0x0,
    0x7f, 0xff, 0xc0, 0x3f, 0xff, 0xe0, 0x1f, 0xff,
    0xf0, 0xf, 0xff, 0x5d, 0x7f, 0xff, 0xf0, 0x90,
    0x3, 0xff, 0xd2, 0xf5, 0x5f, 0xfc, 0x23, 0x0,
    0xfb, 0x55, 0x7f, 0xf8, 0x4e, 0x1, 0xff, 0xff,
    0x0, 0xff, 0xff, 0x80, 0x7f, 0xff, 0xc0, 0x3f,
    0xfa, 0x60,

    /* U+0049 "I" */
    0x5f, 0xf9, 0x40, 0x3f, 0xff, 0xe0, 0x1f, 0xff,
    0x50,

    /* U+004A "J" */
    0x0, 0xff, 0x6f, 0xfb, 0x80, 0x3f, 0xff, 0xe0,
    0x1f, 0xff, 0xf0, 0xf, 0xff, 0xf8, 0x7, 0xff,
    0x9c, 0xc0, 0x6, 0x1, 0xfe, 0x10, 0x0, 0x80,
    0x7f, 0x28, 0x4, 0xc0, 0x1f, 0xd2, 0x1, 0x60,
    0x7, 0xe9, 0x30, 0x9, 0xc0, 0xc8, 0x0, 0x4d,
    0xac, 0x1, 0x28, 0xa6, 0x6f, 0xfb, 0x64, 0x80,
    0x22, 0xb0, 0x10, 0xf, 0xe3, 0xf1, 0x2, 0x0,
    0xf8, 0xa7, 0x8, 0x0, 0xd7, 0x31, 0x9, 0xae,
    0xd6, 0x0, 0xc0,

    /* U+004B "K" */
    0x5f, 0xf9, 0x80, 0x3f, 0xec, 0xff, 0xb0, 0x3,
    0xff, 0x8b, 0x46, 0x0, 0x2d, 0x0, 0xff, 0xe2,
    0x42, 0x80, 0x7, 0x4, 0x3, 0xff, 0x86, 0xce,
    0x0, 0x1c, 0x10, 0xf, 0xfe, 0x1a, 0x48, 0x5,
    0xa4, 0x1, 0xff, 0xc3, 0x3b, 0x0, 0xac, 0xc0,
    0x3f, 0xf8, 0x65, 0xa0, 0x14, 0xa0, 0x7, 0xff,
    0xc, 0x7c, 0x40, 0x10, 0xc0, 0x1f, 0xfc, 0x4d,
    0x20, 0x3, 0xb8, 0x3, 0xff, 0x89, 0x46, 0x0,
    0x58, 0x0, 0xff, 0xe2, 0x42, 0x80, 0x12, 0x80,
    0x3f, 0xf8, 0x8c, 0xe0, 0x3, 0xb0, 0xf, 0xfe,
    0x22, 0xc8, 0x0, 0xb4, 0x3, 0xff, 0x89, 0x94,
    0x1, 0x50, 0x80, 0x7f, 0xf1, 0x14, 0x3, 0x41,
    0x80, 0x7f, 0xf2, 0xb4, 0x40, 0x3f, 0xf8, 0xb0,
    0x1, 0xe, 0x80, 0x7f, 0xf1, 0x25, 0xec, 0x2,
    0x3a, 0x0, 0xff, 0xe1, 0x33, 0x1, 0x20, 0x2,
    0x58, 0x0, 0xff, 0xe0, 0xf8, 0x4, 0xea, 0x1,
    0x3a, 0x80, 0x7f, 0xf1, 0x68, 0xc0, 0x2a, 0x30,
    0xf, 0xfe, 0x2e, 0x88, 0x5, 0xa2, 0x1, 0xff,
    0xc4, 0x1c, 0x0, 0x87, 0x40, 0x3f, 0xf8, 0xa5,
    0x60, 0x11, 0xd0, 0x7, 0xff, 0x15, 0x20, 0x2,
    0x57, 0x0, 0xff, 0xe2, 0xba, 0x80, 0x50, 0x80,
    0x1f, 0xfc, 0x5a, 0x30, 0xa, 0xc8, 0x3, 0xff,
    0x8b, 0xa2, 0x1, 0x60, 0x80, 0x7f, 0xf1, 0x7,
    0x0, 0x21, 0xd0,

    /* U+004C "L" */
    0x5f, 0xf9, 0x40, 0x3f, 0xff, 0xe0, 0x1f, 0xff,
    0xf0, 0xf, 0xff, 0xf8, 0x7, 0xff, 0xfc, 0x3,
    0xff, 0xfe, 0x1, 0xff, 0xfe, 0xc6, 0x6f, 0xfe,
    0x2, 0x80, 0x66, 0x99, 0xff, 0xe0, 0x80, 0x7f,
    0xf6, 0x0,

    /* U+004D "M" */
    0x5f, 0xfa, 0x80, 0x3f, 0xf8, 0xe9, 0xff, 0x80,
    0x32, 0x88, 0x7, 0xff, 0x1b, 0xc0, 0x3f, 0xa4,
    0x3, 0xff, 0x8a, 0x48, 0x1, 0xfc, 0xe0, 0x1f,
    0xfc, 0x5b, 0x0, 0xff, 0x9c, 0x3, 0xff, 0x88,
    0xc0, 0x1f, 0xf4, 0x80, 0x7f, 0xf0, 0xd8, 0x3,
    0xff, 0x80, 0x2a, 0x1, 0xff, 0xc2, 0xb0, 0xf,
    0xfe, 0xc, 0x80, 0x7f, 0xf0, 0x50, 0x80, 0x2,
    0x1, 0xf3, 0x0, 0xc, 0xc0, 0x1f, 0xfc, 0xf,
    0x0, 0x1a, 0x80, 0x7d, 0x42, 0x0, 0x90, 0xf,
    0xf8, 0x90, 0x1, 0x40, 0x1f, 0x85, 0x80, 0xa,
    0x40, 0x1f, 0xea, 0x0, 0xb, 0x0, 0x7f, 0x50,
    0x5, 0x60, 0x1f, 0xe6, 0x0, 0x30, 0x7, 0xf8,
    0x90, 0x0, 0xc2, 0x1, 0xf9, 0x84, 0x1, 0x20,
    0x1f, 0xf7, 0x80, 0x4c, 0x1, 0xfa, 0xc0, 0xa,
    0x20, 0x1f, 0xf2, 0x10, 0x2, 0x40, 0x3e, 0x42,
    0x0, 0x70, 0x7, 0xff, 0x6, 0xc0, 0x2, 0xa0,
    0x1e, 0xe0, 0x1, 0x20, 0x7, 0xff, 0x5, 0x84,
    0x1, 0x20, 0x1c, 0x2a, 0x0, 0xb0, 0xf, 0xfe,
    0x1b, 0x0, 0xd, 0x0, 0x34, 0x80, 0x5, 0x80,
    0x3f, 0xf8, 0x72, 0x1, 0x78, 0x6, 0x60, 0x3,
    0x0, 0x7f, 0xf1, 0x5, 0x40, 0x8, 0x40, 0x6,
    0x10, 0x5, 0x0, 0x7f, 0xf1, 0x64, 0x2, 0xb0,
    0x5, 0x0, 0x10, 0x80, 0x3f, 0xf8, 0xa6, 0x60,
    0x3, 0x9, 0x98, 0x1, 0xe0, 0x1f, 0xfc, 0x79,
    0x0, 0x9a, 0x40, 0x4, 0x80, 0x1f, 0xfc, 0x75,
    0x10, 0x4, 0xa8, 0x2, 0xc0, 0x3f, 0xf9, 0x2c,
    0x0, 0x10, 0x9, 0x80, 0x3f, 0xf9, 0x32, 0x1,
    0xcc, 0x1, 0xff, 0xca, 0x15, 0x0, 0xd6, 0x1,
    0xff, 0xcb, 0x90, 0x9, 0x8, 0x3, 0xff, 0x96,
    0x66, 0x0, 0x78, 0x7, 0xff, 0x0,

    /* U+004E "N" */
    0x5f, 0xf8, 0xc0, 0x3f, 0xf8, 0x4d, 0xff, 0x28,
    0x6, 0xe0, 0xf, 0xfe, 0x59, 0x50, 0x7, 0xff,
    0x2d, 0x54, 0x1, 0xff, 0xcb, 0xb1, 0x0, 0xff,
    0xe5, 0xe, 0x80, 0x7f, 0xf2, 0xcd, 0xc0, 0x3f,
    0xf8, 0xee, 0x1, 0x41, 0x80, 0x7f, 0xf1, 0xb6,
    0x0, 0x2e, 0x0, 0xff, 0xe3, 0xba, 0x0, 0xa,
    0x40, 0x3f, 0xf8, 0xf4, 0x20, 0x6, 0x40, 0xf,
    0xfe, 0x30, 0xd8, 0x5, 0x42, 0x1, 0xff, 0xc6,
    0x56, 0x0, 0xd, 0x0, 0x7f, 0xf1, 0xe4, 0x80,
    0x8, 0xc0, 0x1f, 0xfc, 0x7e, 0x0, 0xa4, 0x80,
    0x3f, 0xf8, 0xc7, 0x0, 0x17, 0x0, 0x7f, 0xf1,
    0xdd, 0x0, 0x7, 0x0, 0x1f, 0xfc, 0x7a, 0x10,
    0x3, 0x98, 0x7, 0xff, 0x18, 0x6c, 0x2, 0xd0,
    0xf, 0xfe, 0x3a, 0xb0, 0x0, 0x68, 0x3, 0xff,
    0x8f, 0x24, 0x0, 0x55, 0x0, 0x7f, 0xf1, 0xf8,
    0x2, 0xae, 0x0, 0xff, 0xe3, 0x1c, 0x0, 0x4e,
    0x1, 0xff, 0xc7, 0x73, 0x0, 0xff, 0xe5, 0xe8,
    0x80, 0x7f, 0xf2, 0x86, 0xc0, 0x3f, 0xf9, 0x6a,
    0xa0, 0xf, 0xfe, 0x5d, 0x10, 0x7, 0xff, 0x2f,
    0x80, 0x30,

    /* U+004F "O" */
    0x0, 0xff, 0x12, 0xb3, 0xb9, 0x4c, 0x3, 0xff,
    0x8c, 0x31, 0xba, 0xa9, 0x88, 0x56, 0x75, 0x18,
    0x7, 0xff, 0xa, 0x39, 0xc8, 0x3, 0xe1, 0x5c,
    0xb1, 0x0, 0xff, 0x16, 0xb8, 0x7, 0xff, 0x5,
    0x3c, 0xc0, 0x3f, 0x16, 0x10, 0x4, 0x51, 0x9f,
    0xf6, 0x41, 0x0, 0x43, 0x88, 0x1, 0xf7, 0x88,
    0x5, 0x3a, 0xe6, 0x1, 0x1b, 0xed, 0x8, 0x5,
    0x44, 0x1, 0xd2, 0x40, 0x16, 0x30, 0x7, 0xf2,
    0xe0, 0x80, 0x6, 0x40, 0x31, 0x30, 0x5, 0x46,
    0x1, 0xff, 0x16, 0x0, 0x48, 0xa0, 0x15, 0x80,
    0x4a, 0xa0, 0xf, 0xfe, 0x9, 0x40, 0x5, 0x20,
    0x13, 0x0, 0x50, 0x1, 0xff, 0xc3, 0x71, 0x0,
    0x19, 0x2, 0x0, 0x46, 0x40, 0x1f, 0xfc, 0x47,
    0x0, 0x94, 0xc, 0x2, 0x40, 0xf, 0xfe, 0x2e,
    0x80, 0x5a, 0x1a, 0x1, 0x60, 0x7, 0xff, 0x15,
    0x40, 0x27, 0x6, 0x0, 0x98, 0x3, 0xff, 0x8a,
    0x20, 0x11, 0x0, 0x71, 0x80, 0x7f, 0xf1, 0x84,
    0x3, 0x8, 0x7, 0xff, 0x28, 0xc0, 0x30, 0x80,
    0x7f, 0xf2, 0x8c, 0x3, 0x38, 0x4, 0x40, 0x1f,
    0xfc, 0x61, 0x0, 0xc4, 0x1, 0x30, 0x7, 0xff,
    0x14, 0x40, 0x23, 0xe, 0x0, 0xb4, 0x3, 0xff,
    0x8a, 0x80, 0x13, 0x2, 0x0, 0x4a, 0x1, 0xff,
    0xc5, 0xf0, 0xb, 0x0, 0xc4, 0x0, 0x46, 0x1,
    0xff, 0xc3, 0x15, 0x0, 0x9c, 0x0, 0xc0, 0x14,
    0x0, 0x7f, 0xf0, 0xe0, 0x2, 0x41, 0x0, 0x48,
    0x4, 0x8c, 0x1, 0xff, 0xc1, 0x46, 0x0, 0xbc,
    0x2, 0x18, 0x0, 0xa5, 0x0, 0x3f, 0xe3, 0xa0,
    0x9, 0x50, 0x3, 0x39, 0x80, 0x56, 0xe0, 0x1f,
    0xcd, 0x82, 0x0, 0x1b, 0x0, 0xf6, 0x90, 0x5,
    0x1c, 0xe6, 0x1, 0x1b, 0xec, 0x80, 0x6d, 0x10,
    0xf, 0xe, 0x18, 0x4, 0x31, 0x9f, 0xf6, 0x41,
    0x0, 0x43, 0x86, 0x1, 0xf8, 0x71, 0xc0, 0x3f,
    0xf8, 0x2b, 0xe6, 0x1, 0xff, 0x47, 0x39, 0x0,
    0x7c, 0x2d, 0xb4, 0x20, 0x1f, 0xfc, 0x11, 0x8d,
    0xd5, 0x4c, 0x42, 0xb7, 0xa4, 0x80, 0x3f, 0x0,

    /* U+0050 "P" */
    0x5f, 0xff, 0xee, 0xda, 0x60, 0xf, 0xfe, 0x20,
    0x92, 0xcf, 0x30, 0x7, 0xff, 0x18, 0x66, 0x80,
    0x3e, 0x7a, 0xae, 0x95, 0x0, 0xcb, 0x0, 0x1e,
    0xd5, 0x5e, 0x6a, 0xf5, 0x0, 0x9c, 0x80, 0x3f,
    0xf8, 0x54, 0x60, 0x15, 0x0, 0x7f, 0xf0, 0xe0,
    0x2, 0x50, 0xf, 0xfe, 0x1a, 0x0, 0x44, 0x1,
    0xff, 0xc4, 0x10, 0xf, 0xfe, 0xd8, 0x80, 0x4,
    0x3, 0xff, 0x86, 0xa0, 0x12, 0x80, 0x7f, 0xf0,
    0xe4, 0x2, 0xd0, 0xf, 0xfe, 0x14, 0x98, 0x0,
    0x58, 0x3, 0xfe, 0x26, 0xd6, 0x0, 0xa0, 0x3,
    0xd5, 0xff, 0xdb, 0x24, 0x1, 0x33, 0x0, 0x3f,
    0xf8, 0xb1, 0x20, 0x1f, 0xfc, 0x31, 0x6e, 0x70,
    0xf, 0xcf, 0x55, 0xaf, 0x3b, 0x92, 0x20, 0x1f,
    0xda, 0xab, 0x90, 0xc4, 0x3, 0xff, 0xfe, 0x1,
    0xff, 0xff, 0x0, 0xff, 0xed, 0x0,

    /* U+0051 "Q" */
    0x0, 0xff, 0x12, 0xb3, 0xb9, 0x4c, 0x3, 0xff,
    0x8c, 0x31, 0xba, 0xa9, 0x88, 0x56, 0x75, 0x18,
    0x7, 0xff, 0xa, 0x39, 0xc8, 0x3, 0xe1, 0x5c,
    0xb1, 0x0, 0xff, 0x16, 0xb8, 0x7, 0xff, 0x5,
    0x3c, 0xc0, 0x3f, 0x16, 0x10, 0x4, 0x51, 0x9f,
    0xf6, 0x41, 0x0, 0x43, 0x88, 0x1, 0xf7, 0x88,
    0x5, 0x3a, 0xe6, 0x1, 0x1b, 0xed, 0x8, 0x5,
    0x44, 0x1, 0xd2, 0x40, 0x16, 0x30, 0x7, 0xf2,
    0xe0, 0x80, 0x6, 0x40, 0x31, 0x30, 0x5, 0x46,
    0x1, 0xff, 0x16, 0x0, 0x48, 0xa0, 0x15, 0x80,
    0x4a, 0xa0, 0xf, 0xfe, 0x9, 0x40, 0x5, 0x20,
    0x13, 0x0, 0x50, 0x1, 0xff, 0xc3, 0x71, 0x0,
    0x19, 0x2, 0x0, 0x46, 0x40, 0x1f, 0xfc, 0x47,
    0x0, 0x94, 0xc, 0x2, 0x40, 0xf, 0xfe, 0x2e,
    0x80, 0x5a, 0x1a, 0x1, 0x60, 0x7, 0xff, 0x15,
    0x40, 0x27, 0x6, 0x0, 0x98, 0x3, 0xff, 0x8a,
    0x20, 0x11, 0x0, 0x71, 0x80, 0x7f, 0xf1, 0x84,
    0x3, 0x8, 0x7, 0xff, 0x28, 0xc0, 0x30, 0x80,
    0x7f, 0xf2, 0x8c, 0x3, 0x38, 0x4, 0x40, 0x1f,
    0xfc, 0x61, 0x0, 0x8, 0x10, 0x4, 0xc0, 0x1f,
    0xfc, 0x51, 0x0, 0x8c, 0x38, 0x2, 0xd0, 0xf,
    0xfe, 0x2a, 0x0, 0x4e, 0x8, 0x1, 0x28, 0x7,
    0xff, 0x17, 0xc0, 0x2c, 0x3, 0x10, 0x1, 0x18,
    0x7, 0xff, 0xc, 0x54, 0x2, 0x70, 0x3, 0x0,
    0x50, 0x1, 0xff, 0xc3, 0x80, 0x8, 0xc4, 0x1,
    0x20, 0x12, 0x30, 0x7, 0xff, 0x5, 0x18, 0x2,
    0x80, 0x8, 0x60, 0x2, 0x94, 0x0, 0xff, 0x8e,
    0x80, 0x24, 0x40, 0x6, 0x73, 0x0, 0xad, 0xc0,
    0x3f, 0x9b, 0x4, 0x0, 0x34, 0x1, 0xed, 0x20,
    0xa, 0x39, 0xcc, 0x2, 0x37, 0xd9, 0x0, 0x87,
    0x44, 0x3, 0xc3, 0x86, 0x1, 0xc, 0x67, 0xfd,
    0x90, 0x40, 0x10, 0xe1, 0x80, 0x7e, 0x1c, 0x70,
    0xf, 0xfe, 0xa, 0xf1, 0x0, 0x7f, 0xd1, 0xce,
    0x40, 0x1f, 0x87, 0x28, 0x3, 0xff, 0x84, 0x31,
    0xba, 0xa9, 0x85, 0x0, 0x87, 0x60, 0x40, 0x3f,
    0xf8, 0x84, 0xac, 0xf5, 0x88, 0x0, 0x17, 0xe9,
    0x20, 0xf, 0xfe, 0x39, 0xdd, 0x88, 0x2, 0x6d,
    0xa3, 0x0, 0xff, 0xe3, 0xa6, 0xc8, 0x80, 0x4b,
    0x94, 0x1, 0xff, 0xc8, 0x6e, 0x80, 0xd, 0xa0,
    0x1f, 0xfc, 0xa7, 0xe6, 0x1, 0x70, 0xf, 0xfe,
    0x58, 0xce, 0xe8, 0x0,

    /* U+0052 "R" */
    0x5f, 0xff, 0xf7, 0x6d, 0x39, 0x0, 0x7f, 0xf1,
    0x44, 0x96, 0x36, 0x84, 0x3, 0xff, 0x90, 0xbe,
    0x20, 0x1f, 0x3d, 0x57, 0xa5, 0x84, 0x2, 0x1c,
    0x0, 0xfb, 0x55, 0x7c, 0xd3, 0xd0, 0x1, 0x13,
    0x0, 0x7f, 0xf1, 0x1d, 0xc0, 0x15, 0x0, 0x7f,
    0xf1, 0x60, 0x2, 0x31, 0x0, 0xff, 0xe2, 0x98,
    0x4, 0x40, 0x1f, 0xfc, 0x56, 0x0, 0x9c, 0x3,
    0xff, 0x8a, 0x20, 0x13, 0x80, 0x7f, 0xf1, 0x58,
    0x2, 0x20, 0xf, 0xfe, 0x21, 0x10, 0x0, 0x22,
    0x0, 0xff, 0xe2, 0x48, 0x4, 0xe0, 0x1f, 0xfc,
    0x4a, 0x40, 0xa, 0xc0, 0x3d, 0x8a, 0xbe, 0x69,
    0xe5, 0x0, 0xa0, 0x80, 0x3c, 0xd5, 0x5e, 0x96,
    0x10, 0x9, 0x9c, 0x3, 0xff, 0x8c, 0x35, 0x20,
    0x1f, 0xfc, 0x63, 0xe5, 0x0, 0xfe, 0xaf, 0xff,
    0x18, 0x0, 0xd0, 0x3, 0xff, 0x8b, 0xe0, 0x14,
    0x80, 0x7f, 0xf1, 0x4d, 0x80, 0x4, 0xe0, 0x1f,
    0xfc, 0x58, 0x0, 0xa0, 0x40, 0x3f, 0xf8, 0x83,
    0x0, 0x15, 0x80, 0x7f, 0xf1, 0x5c, 0x80, 0xa,
    0x80, 0x1f, 0xfc, 0x59, 0x0, 0xa4, 0x3, 0xff,
    0x8a, 0x88, 0x0, 0x13, 0x80, 0x7f, 0xf1, 0x64,
    0x2, 0x81, 0x0, 0xff, 0xe2, 0x13, 0x80, 0x56,
    0x1, 0xff, 0xc5, 0x81, 0x0, 0x2a, 0x0,

    /* U+0053 "S" */
    0x0, 0xfc, 0x8a, 0xee, 0x65, 0x10, 0xf, 0xf8,
    0xeb, 0xee, 0xa2, 0x13, 0x5d, 0xb0, 0x20, 0x1f,
    0x4e, 0x28, 0x7, 0xe2, 0x7e, 0x91, 0x0, 0xd4,
    0xc0, 0x18, 0x91, 0x4, 0x1, 0xcd, 0x20, 0x14,
    0x28, 0x4, 0xfd, 0xb7, 0x6d, 0xfb, 0x50, 0x0,
    0xc8, 0x0, 0x5c, 0x2, 0xb8, 0x10, 0xe, 0x4a,
    0xd4, 0x91, 0x0, 0x20, 0x4, 0xa8, 0x1, 0xfc,
    0x56, 0xe0, 0x16, 0x80, 0x58, 0x1, 0xff, 0xc8,
    0x30, 0xf, 0xfe, 0x27, 0x80, 0x58, 0x1, 0xff,
    0xc4, 0x40, 0x9, 0x90, 0x3, 0xff, 0x86, 0x64,
    0x1, 0x5b, 0x0, 0x7f, 0xf0, 0xf8, 0x3, 0x4e,
    0xa8, 0x7, 0xff, 0x4, 0xe8, 0x3, 0x15, 0x73,
    0x88, 0x7, 0xfc, 0xb8, 0x40, 0x18, 0x63, 0xa4,
    0x80, 0x3f, 0xc7, 0xb2, 0x40, 0x1c, 0xdb, 0x44,
    0x1, 0xfe, 0x6d, 0xb4, 0x0, 0xe5, 0xd7, 0x0,
    0xff, 0x92, 0xf9, 0xc4, 0x3, 0x44, 0x0, 0x3f,
    0xf8, 0x3, 0x1d, 0x22, 0x1, 0x3b, 0x0, 0x7f,
    0xf0, 0x9b, 0xc8, 0x2, 0x80, 0xf, 0xfe, 0x18,
    0xe0, 0x4, 0x26, 0x1, 0xff, 0xc3, 0x15, 0x0,
    0x98, 0x3, 0xff, 0x88, 0x40, 0x11, 0x80, 0x7f,
    0xf1, 0x8, 0x2, 0x20, 0x0, 0x80, 0x7f, 0xf0,
    0x5, 0x40, 0x25, 0x6, 0xe9, 0x20, 0xf, 0xf6,
    0x80, 0x48, 0x21, 0x60, 0xdb, 0x90, 0x82, 0x1,
    0x13, 0xf1, 0x80, 0x52, 0x6, 0x40, 0x11, 0xbd,
    0xf7, 0xfd, 0xb0, 0x20, 0x14, 0x90, 0x1d, 0x98,
    0x7, 0xff, 0x4, 0x69, 0x80, 0x24, 0xcc, 0x39,
    0x0, 0x7e, 0x17, 0xf5, 0x0, 0xf1, 0xc6, 0xfd,
    0xd4, 0x45, 0x5b, 0xd0, 0x20, 0x18,

    /* U+0054 "T" */
    0x2f, 0xff, 0xfe, 0x4f, 0x0, 0x7f, 0xf8, 0x8a,
    0xab, 0xf8, 0x2, 0x3a, 0xaf, 0xe0, 0x55, 0xfe,
    0x0, 0x9d, 0x57, 0xf2, 0x0, 0x7f, 0xff, 0xc0,
    0x3f, 0xff, 0xe0, 0x1f, 0xff, 0xf0, 0xf, 0xff,
    0xf8, 0x7, 0xff, 0xfc, 0x3, 0xff, 0xfe, 0x1,
    0xff, 0xff, 0x0, 0xff, 0xe7, 0x80,

    /* U+0055 "U" */
    0x5f, 0xf9, 0x40, 0x3f, 0xf8, 0x35, 0xff, 0x8,
    0x7, 0xff, 0xfc, 0x3, 0xff, 0xfe, 0x1, 0xff,
    0xff, 0x0, 0xff, 0xff, 0x80, 0x7f, 0xff, 0xc0,
    0x3f, 0xfb, 0x62, 0x1, 0x18, 0x7, 0xff, 0x4,
    0x40, 0x21, 0x70, 0xb, 0x80, 0x3f, 0xf8, 0x2e,
    0x0, 0x10, 0x20, 0x9, 0x0, 0x3f, 0xf8, 0x26,
    0x0, 0x20, 0x12, 0x0, 0x19, 0x0, 0x7f, 0xce,
    0x1, 0x20, 0x1, 0x40, 0x2e, 0x0, 0xff, 0x14,
    0x80, 0x56, 0x0, 0x90, 0x8, 0xec, 0x40, 0x3e,
    0x3c, 0x10, 0x1, 0x98, 0x0, 0x30, 0x1, 0x27,
    0x4a, 0x11, 0xd, 0x6b, 0x4, 0x2, 0xf0, 0xc,
    0xec, 0x1, 0x9a, 0xf7, 0x59, 0x4a, 0x1, 0xa8,
    0xc0, 0x3a, 0x64, 0x1, 0xff, 0xc0, 0x1c, 0x50,
    0xf, 0x9b, 0x9c, 0x40, 0x3e, 0x29, 0xe3, 0x0,
    0xfe, 0x18, 0xed, 0xa8, 0x84, 0xd7, 0x6b, 0x0,
    0x78,

    /* U+0056 "V" */
    0x2f, 0xfb, 0x80, 0x3f, 0xf8, 0xbf, 0xf8, 0x48,
    0x80, 0x1, 0x30, 0xf, 0xfe, 0x1a, 0x80, 0x48,
    0x21, 0x40, 0x15, 0x0, 0x7f, 0xf0, 0xf8, 0x2,
    0xe0, 0x3, 0x0, 0x4e, 0x1, 0xff, 0xc2, 0x14,
    0x0, 0x94, 0x0, 0x28, 0x0, 0x14, 0x0, 0xff,
    0xe0, 0xb8, 0x4, 0xa0, 0x1b, 0x80, 0x2e, 0x0,
    0xff, 0xe0, 0xe8, 0x5, 0xc0, 0x19, 0x40, 0x25,
    0x0, 0xff, 0xe0, 0xa, 0x0, 0x5, 0x0, 0x39,
    0x80, 0x25, 0x0, 0xff, 0x9c, 0x2, 0x60, 0xf,
    0x50, 0x5, 0xc0, 0x1f, 0xf5, 0x0, 0x54, 0x1,
    0xe3, 0x20, 0x2, 0x8, 0x7, 0xf0, 0x98, 0x0,
    0xc8, 0x3, 0xe5, 0x0, 0x9c, 0x3, 0xf9, 0x80,
    0x2b, 0x0, 0xfd, 0x40, 0x15, 0x0, 0x7f, 0x58,
    0x4, 0xc0, 0x1f, 0x88, 0xc0, 0x6, 0x40, 0x1f,
    0x11, 0x80, 0x10, 0x40, 0x3f, 0xa8, 0x2, 0x50,
    0xf, 0x94, 0x2, 0xe0, 0xf, 0xf3, 0x80, 0x54,
    0x1, 0xf5, 0x80, 0x4a, 0x1, 0xfe, 0x15, 0x0,
    0x11, 0x0, 0x38, 0x8c, 0x0, 0xc0, 0x1f, 0xfc,
    0xe, 0x0, 0xa8, 0x3, 0x94, 0x2, 0xd0, 0xf,
    0xfe, 0x2, 0x8, 0x1, 0x80, 0x3a, 0x80, 0x2,
    0x80, 0x1f, 0xfc, 0x17, 0x0, 0x9, 0x80, 0x44,
    0x40, 0x3, 0x0, 0x7f, 0xf0, 0xa8, 0x2, 0xa0,
    0xa, 0x80, 0x2a, 0x0, 0xff, 0xe1, 0x19, 0x0,
    0x1c, 0x2, 0x50, 0x1, 0x90, 0x7, 0xff, 0xe,
    0x80, 0x2, 0x80, 0x64, 0x0, 0xa0, 0xf, 0xfe,
    0x23, 0x0, 0x5c, 0x16, 0x1, 0x38, 0x7, 0xff,
    0x10, 0x50, 0x0, 0xa0, 0xc0, 0x4, 0x10, 0xf,
    0xfe, 0x2f, 0x0, 0x52, 0x20, 0xe, 0x0, 0xff,
    0xe3, 0x28, 0x4, 0xc0, 0x1, 0x50, 0xf, 0xfe,
    0x3a, 0x80, 0x73, 0x80, 0x7f, 0xf2, 0x38, 0x3,
    0xa8, 0x3, 0xff, 0x90, 0x82, 0x1, 0x11, 0x80,
    0x7f, 0x80,

    /* U+0057 "W" */
    0x3f, 0xfb, 0x0, 0x3f, 0xf8, 0x3b, 0xfe, 0xe0,
    0xf, 0xfe, 0xe, 0x7f, 0xc2, 0x62, 0x0, 0x31,
    0x0, 0xff, 0x88, 0x80, 0x1, 0x30, 0xf, 0xf8,
    0x4c, 0x0, 0x62, 0xe, 0x1, 0x20, 0x7, 0xfc,
    0xa0, 0x19, 0x0, 0x3f, 0xe4, 0x0, 0xac, 0x1,
    0x80, 0x16, 0x0, 0x7f, 0xd6, 0x1, 0xac, 0x3,
    0xfe, 0xf0, 0x9, 0x40, 0xa, 0x1, 0x38, 0x7,
    0xfc, 0x60, 0x18, 0xc4, 0x3, 0xfc, 0x80, 0x2,
    0x20, 0x4, 0x80, 0x1, 0x20, 0xf, 0xe5, 0x0,
    0xf3, 0x80, 0x7f, 0x18, 0x80, 0x10, 0x3, 0x60,
    0x4, 0x80, 0x1f, 0xde, 0x0, 0x51, 0x0, 0x60,
    0x7, 0xf2, 0x0, 0x5a, 0x1, 0x94, 0x2, 0xd0,
    0xf, 0xe4, 0x0, 0x7b, 0x80, 0x14, 0x3, 0xfa,
    0xc0, 0x24, 0x0, 0xc4, 0x40, 0x2, 0x0, 0x7e,
    0x31, 0x0, 0x26, 0x0, 0x48, 0x1, 0xf0, 0x98,
    0x1, 0x40, 0x3c, 0xa0, 0x12, 0x0, 0x7d, 0x60,
    0x3, 0x15, 0x0, 0xb0, 0x3, 0xe4, 0x0, 0xb0,
    0x3, 0xd8, 0x1, 0x60, 0x7, 0xc8, 0x0, 0xb0,
    0x2, 0x0, 0x14, 0x3, 0xec, 0x0, 0x9c, 0x3,
    0xc8, 0x1, 0x20, 0x7, 0x84, 0xc0, 0xa, 0x0,
    0xd0, 0x1, 0x10, 0x3, 0xce, 0x0, 0x31, 0x0,
    0xf9, 0x40, 0x6, 0x20, 0x1c, 0xe0, 0x1, 0x20,
    0x2, 0x0, 0x4a, 0x1, 0xc4, 0x20, 0xb, 0x0,
    0xfd, 0x80, 0x12, 0x0, 0x76, 0x80, 0x1c, 0x2,
    0x22, 0x0, 0x30, 0x3, 0x94, 0x2, 0x40, 0xf,
    0xce, 0x1, 0x78, 0x7, 0x20, 0x3, 0x40, 0x32,
    0x80, 0x10, 0x3, 0xac, 0x0, 0x26, 0x1, 0xf8,
    0x4c, 0x0, 0x80, 0x19, 0x0, 0x24, 0x0, 0xd6,
    0x1, 0x28, 0x6, 0x30, 0x3, 0x80, 0x7f, 0xac,
    0x0, 0x24, 0x1, 0x68, 0x1, 0x0, 0x38, 0xc4,
    0x1, 0x80, 0x12, 0x80, 0x5a, 0x1, 0xfe, 0x40,
    0x9, 0x40, 0x24, 0x0, 0x68, 0x7, 0x90, 0x0,
    0xe0, 0x16, 0x0, 0x48, 0x1, 0xfe, 0x31, 0x0,
    0x60, 0x0, 0x88, 0x0, 0x70, 0xf, 0x78, 0x0,
    0x4c, 0x0, 0xe0, 0x4, 0x0, 0xff, 0xe0, 0x38,
    0x1, 0x0, 0xa, 0x0, 0x21, 0x0, 0xf2, 0x80,
    0x48, 0x4, 0x20, 0xd, 0x0, 0xff, 0xe0, 0x68,
    0x4, 0x81, 0x60, 0x5, 0x0, 0xfc, 0x80, 0xb,
    0x5, 0x0, 0x9c, 0x3, 0xff, 0x80, 0x80, 0x16,
    0x1, 0x80, 0x2c, 0x3, 0xf6, 0x0, 0xc, 0x70,
    0x0, 0x42, 0x1, 0xff, 0xc1, 0x40, 0x2, 0xa8,
    0x0, 0x26, 0x1, 0xf9, 0x40, 0x27, 0x40, 0x2,
    0x80, 0x7f, 0xf0, 0xb4, 0x0, 0x5c, 0x0, 0x40,
    0xf, 0xe2, 0x20, 0x2, 0x0, 0x2b, 0x0, 0xff,
    0xe1, 0x20, 0x4, 0x80, 0xf, 0x0, 0xff, 0x28,
    0x0, 0x40, 0x2, 0x60, 0x1f, 0xfc, 0x22, 0x20,
    0x7, 0x28, 0x7, 0xfb, 0x0, 0x39, 0x0, 0x3f,
    0xf8, 0x8a, 0x1, 0x90, 0x3, 0xfe, 0x41, 0x0,
    0xde, 0x1, 0xff, 0xc4, 0xb0, 0xd, 0x80, 0x1f,
    0xfc, 0x4, 0x0, 0xca, 0x1, 0xff, 0xc4, 0x31,
    0x0, 0x94, 0x3, 0xff, 0x81, 0xe0, 0x12, 0x0,
    0x7f, 0x0,

    /* U+0058 "X" */
    0xa, 0xff, 0xc4, 0x1, 0xff, 0xf, 0x7f, 0xd8,
    0x1, 0x58, 0x80, 0x52, 0x1, 0xff, 0x58, 0x80,
    0x5c, 0x1, 0xd, 0x80, 0x48, 0xa0, 0x1f, 0xc8,
    0xa0, 0x14, 0x90, 0x6, 0x55, 0x0, 0x56, 0x1,
    0xfd, 0x20, 0x12, 0x30, 0x7, 0xac, 0x40, 0x3,
    0x0, 0x1f, 0x39, 0x0, 0x6, 0x80, 0x3e, 0x1b,
    0x0, 0x9c, 0x80, 0x38, 0xa0, 0x2, 0xb1, 0x0,
    0xfc, 0xaa, 0x0, 0xb8, 0x3, 0xa4, 0x2, 0x65,
    0x0, 0xff, 0x58, 0x80, 0xd, 0x40, 0x25, 0x40,
    0x1, 0x48, 0x7, 0xfc, 0x34, 0x1, 0x58, 0x80,
    0x2c, 0x2, 0xe0, 0xf, 0xfe, 0xa, 0x28, 0x0,
    0x60, 0x20, 0x40, 0xe, 0x60, 0x1f, 0xfc, 0x2b,
    0x10, 0x3, 0x31, 0xc0, 0x5, 0x0, 0x1f, 0xfc,
    0x31, 0xa0, 0xa, 0x40, 0x2f, 0x0, 0xff, 0xe2,
    0xa2, 0x80, 0x74, 0x10, 0x7, 0xff, 0x1a, 0xc4,
    0x2, 0x37, 0x0, 0xff, 0xe6, 0x19, 0x0, 0x7f,
    0xf1, 0xec, 0x40, 0x37, 0x0, 0x7f, 0xf1, 0x91,
    0x40, 0x38, 0xdc, 0x3, 0xff, 0x8b, 0x40, 0x15,
    0x80, 0x50, 0x60, 0x1f, 0xfc, 0x39, 0x10, 0x4,
    0x24, 0x0, 0x5c, 0x1, 0xff, 0xc2, 0x46, 0x0,
    0x13, 0x83, 0x98, 0x0, 0xa4, 0x3, 0xff, 0x83,
    0x20, 0x17, 0x0, 0x5c, 0x1, 0x32, 0x0, 0x7f,
    0xd0, 0x40, 0x6, 0x30, 0x8, 0x9c, 0x2, 0xa1,
    0x0, 0xfe, 0x37, 0x0, 0xc, 0x0, 0x74, 0x10,
    0x0, 0x6c, 0x3, 0xfb, 0x80, 0x28, 0x10, 0xf,
    0x70, 0x4, 0xaa, 0x0, 0xfa, 0x8, 0x0, 0x6c,
    0x1, 0xf1, 0xb8, 0x5, 0x62, 0x1, 0xc4, 0xe0,
    0x17, 0x80, 0x7f, 0x41, 0x0, 0x6, 0x80, 0x3b,
    0x80, 0x26, 0x30, 0xf, 0xf7, 0x0, 0x48, 0xc0,
    0x13, 0x98, 0x0, 0x60, 0x3, 0xfe, 0x37, 0x0,
    0xa4, 0x80, 0xa0, 0x2, 0x81, 0x0, 0xff, 0xe0,
    0x41, 0x0, 0x5c, 0x0,

    /* U+0059 "Y" */
    0x2f, 0xfc, 0x60, 0x1f, 0xfc, 0x19, 0xff, 0xa4,
    0x98, 0x2, 0xf0, 0xf, 0xfe, 0x1, 0x30, 0x0,
    0x60, 0x20, 0x2, 0x34, 0x0, 0xff, 0xa0, 0x2,
    0x91, 0x1, 0x80, 0xa, 0x40, 0x3f, 0xc6, 0xa0,
    0x2, 0x70, 0x9, 0xc8, 0x0, 0x4a, 0x1, 0xfd,
    0x0, 0x14, 0x0, 0x74, 0x0, 0x50, 0x1, 0xf9,
    0x10, 0x0, 0x35, 0x0, 0xe5, 0x30, 0x1, 0x30,
    0x7, 0xd0, 0x1, 0x78, 0x7, 0xde, 0x1, 0x40,
    0x7, 0x94, 0xc0, 0xa, 0x60, 0x1f, 0x1a, 0x80,
    0x6, 0x0, 0x3a, 0x0, 0x28, 0x0, 0xfe, 0xb0,
    0x9, 0xc4, 0x2, 0x62, 0x0, 0x39, 0x0, 0x7f,
    0xb, 0x80, 0x50, 0x1, 0x40, 0x0, 0x64, 0x3,
    0xfe, 0x81, 0x0, 0x31, 0x3, 0x88, 0x2, 0x4,
    0x3, 0xff, 0x81, 0x0, 0x14, 0xc, 0x0, 0x9,
    0x80, 0x3f, 0xf8, 0x2c, 0x40, 0x5, 0xa0, 0xa,
    0x0, 0x3f, 0xf8, 0x72, 0x1, 0x20, 0x0, 0xd4,
    0x3, 0xff, 0x86, 0x88, 0x0, 0xef, 0x0, 0xff,
    0xe2, 0xc8, 0x6, 0x53, 0x0, 0xff, 0xe2, 0x92,
    0x80, 0x50, 0x1, 0xff, 0xff, 0x0, 0xff, 0xff,
    0x80, 0x7f, 0xff, 0xc0, 0x3f, 0xfc, 0x80,

    /* U+005A "Z" */
    0x5, 0xff, 0xff, 0xe3, 0xa8, 0x7, 0xff, 0x84,
    0x40, 0x9, 0x55, 0xff, 0xc2, 0x70, 0x8, 0xd0,
    0x0, 0x2a, 0xbf, 0xfc, 0x30, 0xb, 0x80, 0x3f,
    0xf8, 0xb4, 0x40, 0x9, 0x20, 0xf, 0xfe, 0x22,
    0xa8, 0x0, 0x8c, 0x1, 0xff, 0xc4, 0x1b, 0x0,
    0xd, 0x0, 0x7f, 0xf1, 0x74, 0x40, 0x14, 0x20,
    0x1f, 0xfc, 0x47, 0x30, 0x3, 0x20, 0x7, 0xff,
    0x10, 0xe0, 0x0, 0x52, 0x1, 0xff, 0xc5, 0xe0,
    0xb, 0x80, 0x3f, 0xf8, 0xb2, 0x40, 0x8, 0x30,
    0xf, 0xfe, 0x22, 0xb0, 0x0, 0xdc, 0x3, 0xff,
    0x88, 0x36, 0x1, 0x70, 0x7, 0xff, 0x16, 0x84,
    0x1, 0x44, 0x1, 0xff, 0xc4, 0x74, 0x0, 0x2a,
    0x80, 0x3f, 0xf8, 0x85, 0x0, 0x1, 0xb0, 0xf,
    0xfe, 0x2f, 0x80, 0x54, 0x20, 0x1f, 0xfc, 0x49,
    0x20, 0x3, 0xa0, 0x7, 0xff, 0x11, 0x18, 0x0,
    0x50, 0x1, 0xff, 0xc4, 0x1a, 0x0, 0xbc, 0x3,
    0xff, 0x8b, 0x42, 0x0, 0x82, 0x0, 0xff, 0xe2,
    0x32, 0x0, 0x11, 0xc0, 0x3f, 0xf8, 0x85, 0x20,
    0x1, 0xa0, 0xf, 0xfe, 0x2f, 0x0, 0x4e, 0x8a,
    0xbf, 0xfc, 0x30, 0x33, 0x0, 0x4d, 0x55, 0xff,
    0xc4, 0x0, 0xff, 0xf1, 0x80,

    /* U+005B "[" */
    0x1f, 0xff, 0x58, 0x7, 0xff, 0x0, 0x8b, 0x0,
    0x6c, 0xdd, 0x48, 0x7, 0xff, 0xfc, 0x3, 0xff,
    0xfe, 0x1, 0xff, 0xff, 0x0, 0xff, 0xe3, 0xe6,
    0xea, 0x40, 0x31, 0x16, 0x0, 0xfc,

    /* U+005C "\\" */
    0x48, 0x82, 0x80, 0x7f, 0xb, 0xba, 0x0, 0x3f,
    0x94, 0x0, 0x44, 0x0, 0xfe, 0x30, 0x2, 0x0,
    0x7f, 0x58, 0x3, 0x40, 0x3f, 0x90, 0x0, 0x80,
    0x1f, 0xc6, 0x20, 0x4, 0x0, 0xfe, 0x40, 0x6,
    0x0, 0x7f, 0x78, 0x1, 0x40, 0x3f, 0x90, 0x0,
    0x42, 0x1, 0xf8, 0x4c, 0x0, 0xe0, 0x1f, 0xc8,
    0x0, 0xc0, 0xf, 0xeb, 0x0, 0x20, 0x7, 0xf1,
    0x80, 0x4, 0xc0, 0x3f, 0x94, 0x1, 0x60, 0x1f,
    0xd8, 0x0, 0x40, 0xf, 0xe4, 0x0, 0x18, 0x80,
    0x7e, 0x22, 0x0, 0x10, 0x3, 0xf9, 0x0, 0x18,
    0x1, 0xfd, 0xa0, 0x7, 0x0, 0xfe, 0x40, 0x0,
    0x90, 0x7, 0xf2, 0x0, 0x14, 0x3, 0xfb, 0x0,
    0x18, 0x1, 0xfc, 0xa0, 0x4, 0x0, 0xfe, 0x21,
    0x0, 0x20, 0x7, 0xf3, 0x80, 0x34, 0x3, 0xfb,
    0x0, 0x8, 0x1, 0xfc, 0x80, 0x2, 0x20, 0x7,
    0xe1, 0x30, 0x2, 0x0, 0x7f, 0x58, 0x3, 0x40,
    0x3f, 0x90, 0x0, 0x80, 0x1f, 0xc6, 0x20, 0x4,
    0x0, 0xfe, 0x40, 0x6, 0x0, 0x7f, 0x60, 0x1,
    0x40,

    /* U+005D "]" */
    0xff, 0xf6, 0x0, 0x7c, 0x64, 0x41, 0x0, 0xb3,
    0x75, 0x60, 0x1f, 0xff, 0xf0, 0xf, 0xff, 0xf8,
    0x7, 0xff, 0xcf, 0x37, 0x56, 0x1, 0x19, 0x10,
    0x40, 0x3f, 0xc0,

    /* U+005E "^" */
    0x0, 0xfe, 0xcf, 0xf9, 0x40, 0x3f, 0xf8, 0xac,
    0x60, 0x15, 0x88, 0x7, 0xff, 0xc, 0x64, 0x3,
    0xd, 0x80, 0x7f, 0xf0, 0xe8, 0x2, 0x40, 0x2,
    0xa0, 0x7, 0xff, 0x5, 0x50, 0x0, 0xf6, 0x20,
    0xa, 0x0, 0xff, 0xe0, 0xd, 0x80, 0xa, 0x2,
    0x80, 0x3, 0x20, 0x1f, 0xf5, 0x88, 0x2, 0x40,
    0x8, 0xa0, 0x6, 0x30, 0xf, 0xe4, 0x50, 0x3,
    0x20, 0x5, 0x62, 0x0, 0xe0, 0xf, 0xea, 0x0,
    0xc, 0x0, 0x61, 0xb0, 0x1, 0x40, 0x7, 0xd2,
    0x20, 0xb, 0x10, 0xe, 0x54, 0x0, 0x39, 0x80,
    0x71, 0xb0, 0x1, 0x14, 0x3, 0xe9, 0x0, 0xbc,
    0x3, 0xb8, 0x2, 0xa0, 0xf, 0xc5, 0x0, 0x3,
    0x70, 0xa, 0x8, 0x1, 0x22, 0x1, 0xfc, 0xe6,
    0x0, 0x82, 0x2, 0x70, 0x1, 0xb0, 0x7, 0xfd,
    0xc0, 0x14, 0x80,

    /* U+005F "_" */
    0x5e, 0xef, 0xfe, 0x55, 0x0, 0x8f, 0xff, 0x2c,
    0x3, 0xff, 0x98,

    /* U+0060 "`" */
    0x1d, 0xff, 0xa4, 0x2, 0x1c, 0x20, 0x3, 0x10,
    0x4, 0x38, 0x40, 0x9, 0x0, 0xc3, 0x84, 0x8,
    0x80, 0xc, 0x38, 0x41, 0x20,

    /* U+0061 "a" */
    0x0, 0xf9, 0x19, 0xdc, 0xc6, 0x1, 0xff, 0xc0,
    0x4b, 0xfb, 0x98, 0x84, 0xe7, 0x38, 0x7, 0xe1,
    0xbb, 0x20, 0x7, 0xc3, 0x18, 0x20, 0x1e, 0xd4,
    0x0, 0x89, 0x15, 0x4, 0x2, 0x3a, 0x0, 0xf7,
    0x80, 0xc7, 0x6d, 0xd5, 0xf4, 0x80, 0x48, 0x60,
    0x1c, 0x75, 0xce, 0x20, 0x1c, 0xd4, 0x1, 0x58,
    0x7, 0x94, 0x3, 0xf9, 0x44, 0x0, 0x80, 0x1f,
    0xfc, 0x52, 0x0, 0x8, 0x7, 0xff, 0x15, 0xc0,
    0x3f, 0xf9, 0x66, 0x1, 0xf0, 0xbd, 0xf7, 0xfb,
    0xb7, 0x25, 0x80, 0x3f, 0xa7, 0xa1, 0x4, 0x0,
    0x24, 0x6c, 0x40, 0x1f, 0xb1, 0x80, 0x21, 0x35,
    0x43, 0x10, 0xf, 0xe8, 0x30, 0x2, 0x67, 0x65,
    0x5e, 0x77, 0xa0, 0x7, 0xcc, 0x0, 0x3b, 0x30,
    0xf, 0xfe, 0x10, 0x88, 0x1, 0x40, 0x1f, 0xfc,
    0x43, 0x0, 0x88, 0x3, 0xf9, 0xc0, 0x3c, 0x60,
    0x11, 0x80, 0x7e, 0x93, 0x0, 0xf0, 0x90, 0x2,
    0x4c, 0x3, 0x86, 0xd8, 0x2, 0x10, 0xd, 0x40,
    0x1, 0xca, 0x65, 0x7b, 0xe4, 0x2, 0x0, 0xa5,
    0x44, 0x1d, 0x40, 0x25, 0x9a, 0x84, 0x0, 0x46,
    0x0, 0x4d, 0x46, 0x0, 0xa9, 0x10, 0xf, 0x26,
    0xb8, 0xb8, 0x6, 0x20, 0x9, 0xbb, 0x26, 0x26,
    0xfa, 0xc8, 0x1, 0x19, 0x10, 0xc0,

    /* U+0062 "b" */
    0x9c, 0xc5, 0x0, 0x7f, 0xf1, 0x14, 0xcc, 0xe0,
    0x1f, 0xff, 0xf0, 0xf, 0xff, 0xf8, 0x7, 0xff,
    0x9, 0x19, 0xd8, 0xc0, 0x3f, 0xf8, 0x31, 0xf7,
    0x31, 0x39, 0xce, 0x1, 0xfc, 0x5c, 0xe0, 0x1e,
    0x18, 0xd1, 0x0, 0xf1, 0xe0, 0x80, 0x4, 0xc8,
    0x3, 0x16, 0x0, 0x78, 0x44, 0xb, 0xbd, 0x9b,
    0xce, 0x1, 0x14, 0x0, 0x7d, 0x54, 0x20, 0x8,
    0x62, 0x80, 0x27, 0x10, 0xe, 0xa5, 0x0, 0xf9,
    0x58, 0x2, 0x60, 0xc, 0x4a, 0x1, 0xfd, 0x60,
    0x16, 0x0, 0x7f, 0xf0, 0xc8, 0x80, 0x4, 0x0,
    0xff, 0xe2, 0x38, 0x4, 0x20, 0x1f, 0xfc, 0x32,
    0x0, 0x8c, 0x3, 0xff, 0xae, 0x40, 0x11, 0x80,
    0x7f, 0xf0, 0xd8, 0x2, 0x10, 0xf, 0xfe, 0x19,
    0x80, 0x8, 0x3, 0xff, 0x86, 0xa0, 0x12, 0x0,
    0x63, 0x0, 0xff, 0x58, 0x5, 0x40, 0x18, 0x64,
    0x3, 0xf5, 0x8, 0x0, 0xcc, 0x1, 0xcd, 0x86,
    0x1, 0x8e, 0xd4, 0x2, 0xf0, 0xe, 0x20, 0x3c,
    0xec, 0xbd, 0xc4, 0x0, 0xa0, 0xc0, 0x3b, 0x10,
    0x0, 0x26, 0x84, 0x1, 0xa1, 0xc0, 0x38, 0xc6,
    0xe4, 0x40, 0x3c, 0x98, 0xe0, 0x1b, 0x3f, 0x0,
    0xd, 0xd9, 0x31, 0xb, 0xeb, 0x30, 0xe,

    /* U+0063 "c" */
    0x0, 0xfc, 0x6c, 0xee, 0x63, 0x0, 0xff, 0xc,
    0x76, 0x4c, 0x42, 0x73, 0xe8, 0xc0, 0x3c, 0x9e,
    0xe2, 0x1, 0xf2, 0xe4, 0x80, 0x65, 0xb1, 0x0,
    0x84, 0xd0, 0xc0, 0x33, 0x18, 0x0, 0xa8, 0x2,
    0x3b, 0xec, 0xbc, 0xfb, 0x30, 0x73, 0x0, 0x70,
    0x4, 0xb8, 0x80, 0x1c, 0x99, 0x30, 0x0, 0x43,
    0x0, 0x1d, 0x0, 0x7f, 0x30, 0x5, 0xc0, 0x17,
    0x80, 0x7f, 0xf0, 0x90, 0x0, 0x46, 0x1, 0xff,
    0xc1, 0x11, 0x0, 0x1c, 0x3, 0xff, 0x84, 0x60,
    0x11, 0x0, 0x7f, 0xf0, 0x84, 0x3, 0xff, 0x8c,
    0x20, 0x10, 0x80, 0x7f, 0xf0, 0x88, 0x2, 0x20,
    0xf, 0xfe, 0x18, 0x80, 0x10, 0x3, 0xff, 0x86,
    0xe0, 0x12, 0x80, 0x7f, 0xf0, 0xa8, 0x2, 0xb1,
    0x0, 0xff, 0xe0, 0x99, 0x80, 0x3, 0xa2, 0x1,
    0xf9, 0x9c, 0x2, 0xe0, 0x8, 0xf1, 0x80, 0x39,
    0x72, 0x60, 0xc0, 0x5, 0x40, 0x11, 0x4f, 0xee,
    0x6f, 0xd1, 0x80, 0x24, 0x2, 0x5b, 0x10, 0xc,
    0x46, 0x40, 0x19, 0x68, 0x3, 0x27, 0xb8, 0x80,
    0x7c, 0x99, 0x40, 0x1e, 0x18, 0xec, 0x98, 0x84,
    0xdf, 0xd9, 0x80, 0x0,

    /* U+0064 "d" */
    0x0, 0xff, 0xe2, 0x5e, 0x62, 0x0, 0x3f, 0xf8,
    0x8a, 0x67, 0x0, 0x7f, 0xff, 0xc0, 0x3f, 0xff,
    0x84, 0xae, 0xe5, 0x20, 0xf, 0xfe, 0x2, 0x66,
    0xd4, 0x42, 0xb7, 0x4c, 0x1, 0xfd, 0x36, 0x60,
    0x1e, 0x29, 0xa1, 0x0, 0xf4, 0xb0, 0x7, 0x10,
    0x80, 0x4a, 0x1, 0xe5, 0x60, 0x9, 0x2f, 0xf7,
    0xb9, 0x2, 0x1, 0xf5, 0x80, 0x4d, 0x68, 0x1,
    0xb, 0xfa, 0x0, 0x72, 0x88, 0x0, 0xe4, 0x3,
    0xe1, 0xb0, 0xe, 0xe0, 0xa, 0x0, 0x3f, 0xc2,
    0x1, 0x94, 0x0, 0x28, 0x1, 0xff, 0xc2, 0x11,
    0x0, 0x14, 0x3, 0xff, 0x86, 0x60, 0x11, 0x0,
    0x7f, 0xf0, 0xc4, 0x2, 0x10, 0xf, 0xfe, 0x18,
    0x80, 0x42, 0x1, 0xff, 0xc3, 0x30, 0x8, 0x80,
    0x3f, 0xf8, 0x62, 0x1, 0x28, 0x7, 0xff, 0x11,
    0x0, 0x2, 0x80, 0x1f, 0xfc, 0x3d, 0x0, 0xa4,
    0x3, 0xf8, 0xc4, 0x3, 0x30, 0x80, 0xa, 0x80,
    0x3e, 0x3d, 0x0, 0xf4, 0x0, 0x4b, 0x88, 0x1,
    0x14, 0x60, 0x80, 0x79, 0x94, 0x2, 0x3b, 0xfd,
    0xed, 0x70, 0x1, 0x80, 0x7a, 0x98, 0x3, 0x88,
    0x40, 0x2a, 0xf0, 0xf, 0xa6, 0xcc, 0x3, 0xcb,
    0xaa, 0x60, 0x1f, 0x93, 0x36, 0xa2, 0x15, 0xd4,
    0x40, 0xf, 0xf5, 0x80,

    /* U+0065 "e" */
    0x0, 0xfc, 0x8c, 0xee, 0x52, 0x0, 0xff, 0x8a,
    0xbe, 0xe6, 0x21, 0x5b, 0xa5, 0x0, 0xfc, 0xda,
    0xa0, 0x1f, 0x15, 0x48, 0x7, 0x9e, 0x40, 0x22,
    0x67, 0x72, 0x0, 0x4d, 0x60, 0x19, 0x20, 0x0,
    0x59, 0xb3, 0x10, 0xbe, 0x50, 0x2, 0x30, 0x5,
    0x20, 0x2, 0xc3, 0x0, 0xe1, 0xa4, 0x0, 0x48,
    0x1, 0x8, 0x1, 0xc2, 0x1, 0xfa, 0x40, 0x26,
    0xe, 0x0, 0x19, 0x80, 0x3f, 0x88, 0xc0, 0x18,
    0x8, 0x0, 0x50, 0xf, 0xf9, 0x40, 0xc, 0x2,
    0x0, 0x4b, 0xbf, 0xf9, 0x0, 0x2, 0x40, 0x11,
    0x22, 0x7f, 0xc4, 0x1, 0x8, 0x7, 0xff, 0x19,
    0x84, 0x2, 0x7f, 0xff, 0xfe, 0x15, 0x98, 0x4,
    0x60, 0x1f, 0xfc, 0x31, 0x10, 0x1, 0x40, 0x3f,
    0xf8, 0x88, 0x0, 0x14, 0x0, 0xff, 0xe1, 0xf8,
    0x5, 0xe0, 0x1f, 0xfc, 0x35, 0x20, 0x2, 0x38,
    0x7, 0xf0, 0xda, 0x0, 0x52, 0x1, 0x44, 0x88,
    0x7, 0xb, 0xf2, 0x50, 0x4, 0x90, 0x1, 0x37,
    0x65, 0x4d, 0x6f, 0x40, 0x0, 0x54, 0x2, 0x79,
    0x0, 0xc6, 0xac, 0xa4, 0x1, 0x15, 0xa8, 0x6,
    0x6d, 0x60, 0xf, 0xc7, 0x5a, 0x80, 0x1e, 0x29,
    0xfc, 0x98, 0x84, 0xdf, 0xe2, 0x80, 0x40,

    /* U+0066 "f" */
    0x0, 0xff, 0xe4, 0x2d, 0xff, 0xdd, 0x60, 0x1e,
    0xba, 0x40, 0x8, 0x58, 0x3, 0xa5, 0x0, 0x3c,
    0xe0, 0x18, 0x58, 0x2, 0x8e, 0xfe, 0x80, 0xc,
    0x80, 0x14, 0x38, 0x80, 0x90, 0x6, 0x20, 0x9,
    0x0, 0x3f, 0xbc, 0x2, 0x10, 0xf, 0xff, 0x25,
    0x7f, 0x9c, 0x2, 0xdf, 0xfc, 0x80, 0x1f, 0xfd,
    0x1b, 0xdd, 0x30, 0x5, 0x7b, 0xb9, 0x0, 0x48,
    0x82, 0x1, 0x31, 0x16, 0x0, 0xff, 0xff, 0x80,
    0x7f, 0xff, 0xc0, 0x3f, 0xff, 0xe0,

    /* U+0067 "g" */
    0x0, 0xfc, 0x8c, 0xec, 0xa2, 0x1, 0xff, 0xc0,
    0x2a, 0xfb, 0x98, 0x9a, 0xea, 0x20, 0x7f, 0xf0,
    0x7, 0x3e, 0xa8, 0x7, 0xcb, 0xad, 0x20, 0x1e,
    0x98, 0x0, 0xe1, 0x20, 0xd, 0x22, 0x1, 0xcc,
    0xc0, 0x8, 0xeb, 0xfb, 0x7f, 0x5c, 0x3, 0xe1,
    0x90, 0x9, 0xf1, 0x40, 0x31, 0x46, 0x88, 0x7,
    0x30, 0x4, 0xb0, 0x1, 0xf8, 0x9c, 0x3, 0xa8,
    0x2, 0x80, 0xf, 0xfe, 0x21, 0x0, 0xc, 0x80,
    0x3f, 0xf8, 0x64, 0x1, 0x30, 0x7, 0xff, 0x10,
    0x40, 0x23, 0x0, 0xff, 0xe2, 0x8, 0x4, 0x60,
    0x1f, 0xfc, 0x42, 0x0, 0x98, 0x3, 0xff, 0x8a,
    0x40, 0x3, 0x10, 0xf, 0xfe, 0x22, 0x80, 0x56,
    0x1, 0xfe, 0x20, 0xe, 0xa0, 0x9, 0x60, 0x3,
    0xe1, 0xb4, 0x0, 0xe2, 0x70, 0x9, 0xf1, 0x44,
    0x4, 0xe3, 0xd0, 0x3, 0xe8, 0x40, 0x8, 0xeb,
    0xbf, 0xb1, 0xc4, 0x3, 0xfa, 0xd8, 0x3, 0xfc,
    0xce, 0x1, 0xfa, 0x71, 0x40, 0x3c, 0x99, 0x3e,
    0x1, 0xfc, 0x75, 0xfb, 0x76, 0xcf, 0xb3, 0x0,
    0xff, 0xe1, 0x12, 0x20, 0xc0, 0x37, 0x80, 0x7f,
    0xf2, 0x4, 0x0, 0x20, 0x1f, 0xfc, 0x57, 0x0,
    0x10, 0x6, 0x11, 0x0, 0x7f, 0x98, 0x40, 0x16,
    0x1, 0xa7, 0xd8, 0x3, 0xf3, 0x48, 0x4, 0xc0,
    0x10, 0xb8, 0xcf, 0x53, 0x2a, 0x2c, 0x6c, 0x80,
    0x4e, 0x20, 0x12, 0x80, 0x42, 0xb3, 0x57, 0x4e,
    0x40, 0x12, 0xc0, 0x6, 0x4d, 0x40, 0xf, 0xf0,
    0xcd, 0x0, 0x78, 0xaf, 0x61, 0x8, 0x40, 0x49,
    0x67, 0x98, 0x3, 0x0,

    /* U+0068 "h" */
    0x9c, 0xc5, 0x0, 0x7f, 0xf0, 0x94, 0xcc, 0xc0,
    0x1f, 0xff, 0xf0, 0xf, 0xff, 0xe9, 0xb3, 0xb2,
    0x0, 0x7f, 0xcd, 0xb9, 0x31, 0x37, 0xf0, 0x1,
    0xfa, 0xe4, 0x80, 0x3c, 0xf8, 0x1, 0xc3, 0x68,
    0x1, 0x8, 0x7, 0x1d, 0x0, 0x62, 0x40, 0x2a,
    0xfe, 0xfc, 0x40, 0x9, 0x48, 0x3, 0x97, 0x54,
    0x2, 0x3b, 0x40, 0x9, 0x40, 0x32, 0x50, 0x7,
    0xd2, 0x1, 0x68, 0x4, 0x34, 0x1, 0xf8, 0x80,
    0x21, 0x0, 0x8c, 0x40, 0x3f, 0x84, 0x3, 0xff,
    0xfe, 0x1, 0xff, 0xff, 0x0, 0xff, 0xff, 0x80,
    0x7f, 0xf0, 0x0,

    /* U+0069 "i" */
    0x0, 0x33, 0x4, 0x1, 0xb3, 0x2e, 0x13, 0x20,
    0x9, 0xc4, 0x3, 0x19, 0x30, 0x1, 0x14, 0x27,
    0xb6, 0xc0, 0x21, 0x20, 0xf, 0xfe, 0x1d, 0xff,
    0xb8, 0x3, 0xff, 0xfe, 0x1, 0xff, 0xe2,

    /* U+006A "j" */
    0x0, 0xf9, 0x1d, 0x0, 0x3e, 0x7b, 0x8b, 0x70,
    0xf, 0x58, 0x5, 0x40, 0x1e, 0x70, 0x8, 0x40,
    0x3d, 0x2, 0x3, 0x0, 0x1e, 0x3e, 0xde, 0x40,
    0xf, 0xc4, 0x1, 0xff, 0xd2, 0x4f, 0xf9, 0x40,
    0x3f, 0xff, 0xe0, 0x1f, 0xff, 0xf0, 0xf, 0xff,
    0xf8, 0x7, 0xff, 0x2c, 0xc0, 0x21, 0x0, 0xf5,
    0x0, 0x4c, 0x4c, 0x8a, 0xfc, 0x40, 0x2, 0x22,
    0x4d, 0xd4, 0x8, 0x5, 0x21, 0x80, 0x1f, 0x52,
    0x6, 0x98, 0x80, 0xd, 0xf9, 0x40, 0x0,

    /* U+006B "k" */
    0x9c, 0xc5, 0x0, 0x7f, 0xf0, 0xd4, 0xcc, 0xe0,
    0x1f, 0xff, 0xf0, 0xf, 0xff, 0xf8, 0x7, 0xff,
    0x47, 0x7f, 0xe6, 0x0, 0xff, 0xe0, 0xd9, 0x0,
    0x21, 0x80, 0x3f, 0xf8, 0x12, 0x80, 0x6, 0x70,
    0xf, 0xfe, 0x3, 0xb0, 0x1, 0x64, 0x3, 0xff,
    0x80, 0xb0, 0x0, 0x4a, 0x0, 0xff, 0xe0, 0x1d,
    0x0, 0xe, 0xc0, 0x3f, 0xf8, 0x5, 0xa0, 0x2,
    0xd0, 0xf, 0xfe, 0x0, 0xf8, 0x80, 0xf8, 0x80,
    0x7f, 0xf0, 0x34, 0x80, 0x18, 0x40, 0x1f, 0xfc,
    0xa, 0x30, 0x9, 0xc0, 0x3f, 0xf8, 0x4, 0xa0,
    0x1a, 0x88, 0x3, 0xff, 0x84, 0x80, 0x17, 0x80,
    0x7f, 0xf0, 0x62, 0xd0, 0x0, 0x54, 0x1, 0xff,
    0x33, 0x85, 0x8, 0x1, 0x58, 0x3, 0xf8, 0x64,
    0x0, 0x3a, 0x1, 0x49, 0x80, 0x7e, 0x30, 0xc,
    0x70, 0x1, 0x68, 0x80, 0x7f, 0xf0, 0x5d, 0x40,
    0x3, 0x40, 0x1f, 0xfc, 0x2a, 0x20, 0x2, 0x38,
    0x7, 0xff, 0xb, 0x80, 0x28, 0x40, 0xf, 0xfe,
    0x9, 0xc8, 0x5, 0x42, 0x1, 0xff, 0xc1, 0x65,
    0x0, 0xe, 0x80,

    /* U+006C "l" */
    0x9c, 0xc5, 0x29, 0x99, 0xc0, 0x3f, 0xff, 0xe0,
    0x1f, 0xfd, 0xd0,

    /* U+006D "m" */
    0x0, 0xf8, 0x55, 0xdc, 0xa2, 0x1, 0xf1, 0x2b,
    0xb9, 0x44, 0x3, 0x67, 0xf8, 0x40, 0x6b, 0xaa,
    0x21, 0x5d, 0x42, 0x1, 0x1e, 0x6d, 0x44, 0x2b,
    0xa4, 0x3, 0xca, 0x5e, 0xa0, 0x1e, 0x5c, 0x10,
    0x6c, 0x30, 0xf, 0x36, 0x0, 0x71, 0xf8, 0x80,
    0x8, 0x80, 0x18, 0xad, 0x64, 0x2, 0x13, 0x0,
    0xc7, 0x0, 0x1a, 0x8, 0x17, 0x76, 0xf8, 0x0,
    0x96, 0x80, 0xd, 0xdc, 0xcf, 0x80, 0x9, 0xc0,
    0x3d, 0x14, 0x40, 0x13, 0xc0, 0x7, 0x54, 0x88,
    0x4, 0xea, 0x1, 0x20, 0x6, 0x67, 0x0, 0xf3,
    0x0, 0x68, 0x50, 0xf, 0x70, 0x4, 0x40, 0x10,
    0xc8, 0x7, 0xc2, 0x1, 0x13, 0x80, 0x7c, 0xc0,
    0x10, 0x80, 0x7f, 0xf1, 0x18, 0x3, 0xff, 0x81,
    0xe0, 0x1f, 0xff, 0xf0, 0xf, 0xff, 0xf8, 0x7,
    0xff, 0xfc, 0x3, 0xff, 0xfe, 0x1, 0xff, 0xff,
    0x0, 0xff, 0xe1, 0x80,

    /* U+006E "n" */
    0x0, 0xfc, 0x6a, 0xee, 0x51, 0x0, 0xd9, 0xf8,
    0x1, 0x36, 0xe5, 0x44, 0x2b, 0xa8, 0x40, 0x31,
    0x80, 0xdc, 0x90, 0x7, 0x97, 0xc4, 0x3, 0x1e,
    0xa0, 0x6, 0x10, 0xc, 0x3a, 0x1, 0xb4, 0xc0,
    0x5f, 0x7f, 0xb8, 0xe0, 0x11, 0x98, 0x2, 0x10,
    0x3f, 0x82, 0x0, 0xc, 0x38, 0x5, 0x60, 0x18,
    0xf0, 0x40, 0x3d, 0x40, 0x11, 0x0, 0x43, 0xa0,
    0x1f, 0x88, 0x2, 0x10, 0x8, 0x84, 0x3, 0xf8,
    0x40, 0x3f, 0xff, 0xe0, 0x1f, 0xff, 0xf0, 0xf,
    0xff, 0xf8, 0x7, 0xff, 0x0,

    /* U+006F "o" */
    0x0, 0xfc, 0x6c, 0xee, 0x63, 0x0, 0xff, 0xe0,
    0x8c, 0x76, 0x4c, 0x42, 0x73, 0xe4, 0x80, 0x3f,
    0x97, 0xdc, 0x40, 0x3e, 0x6d, 0x60, 0xf, 0x9a,
    0x84, 0x3, 0x11, 0x4, 0x3, 0x4c, 0x0, 0x71,
    0xc8, 0x4, 0x77, 0xfb, 0xae, 0xc4, 0x0, 0x9d,
    0x40, 0x37, 0x0, 0x4b, 0x88, 0x1, 0x8e, 0xe0,
    0x2, 0xb0, 0x9, 0x8, 0x0, 0x74, 0x1, 0xf9,
    0xd4, 0x0, 0x2e, 0x0, 0xe0, 0xa, 0x0, 0x3f,
    0xd6, 0x1, 0x58, 0x1, 0x0, 0x2, 0x80, 0x1f,
    0xe1, 0x40, 0x1, 0x88, 0xc0, 0x5, 0x0, 0xff,
    0xe0, 0x60, 0x4, 0x46, 0x1, 0x10, 0x7, 0xff,
    0x0, 0x40, 0x27, 0x10, 0x8, 0x40, 0x3f, 0xf8,
    0x6, 0x1, 0x8, 0x80, 0x21, 0x0, 0xff, 0xe0,
    0x18, 0x4, 0x26, 0x1, 0x10, 0x7, 0xff, 0x0,
    0x40, 0x27, 0x11, 0x0, 0x14, 0x3, 0xff, 0x81,
    0x80, 0x11, 0x2, 0x0, 0x5, 0x0, 0x3f, 0xc2,
    0x80, 0x3, 0x10, 0xf0, 0xa, 0x0, 0x3f, 0xd6,
    0x1, 0x58, 0x1, 0x48, 0x0, 0x72, 0x1, 0xf9,
    0xd4, 0x0, 0x2e, 0x1, 0x70, 0x4, 0xd8, 0x80,
    0x18, 0xea, 0x0, 0x2b, 0x0, 0xc7, 0x20, 0x11,
    0xdf, 0xee, 0xbb, 0x14, 0x2, 0x75, 0x0, 0xe6,
    0xa1, 0x0, 0xc4, 0x41, 0x0, 0xd1, 0x0, 0xf,
    0x97, 0xdc, 0x40, 0x3e, 0x6d, 0x70, 0xf, 0xe1,
    0x8e, 0xc9, 0x88, 0x4e, 0x7c, 0x90, 0x7, 0x0,

    /* U+0070 "p" */
    0x0, 0xfc, 0x8c, 0xec, 0x40, 0x1e, 0xcf, 0xe0,
    0xa, 0x3e, 0xe6, 0x27, 0x74, 0xa0, 0x1e, 0x11,
    0xb5, 0xc0, 0x3c, 0x55, 0x20, 0x1e, 0x7c, 0x20,
    0x0, 0x98, 0x80, 0x66, 0x90, 0xe, 0x92, 0x4,
    0xde, 0xce, 0xc3, 0x0, 0x98, 0xc0, 0x3c, 0xf6,
    0x40, 0x11, 0xe2, 0x0, 0x50, 0x1, 0xcb, 0x0,
    0x1f, 0x50, 0x80, 0x10, 0x80, 0x21, 0xa0, 0xf,
    0xc2, 0xc0, 0x12, 0x0, 0x46, 0x1, 0xfe, 0xb0,
    0xb, 0xc0, 0x3f, 0xf8, 0x46, 0x1, 0x10, 0x7,
    0xff, 0xb0, 0x40, 0x3f, 0xf8, 0x44, 0x1, 0x10,
    0x7, 0xff, 0x9, 0x40, 0x2d, 0x0, 0xff, 0xe1,
    0x50, 0x4, 0x80, 0x1f, 0xfc, 0x17, 0x20, 0x2,
    0x88, 0x7, 0xff, 0x1, 0x20, 0x2, 0x80, 0xc,
    0x54, 0x40, 0x18, 0x62, 0xc0, 0x27, 0x20, 0xe,
    0x5d, 0xca, 0xa6, 0x73, 0x80, 0x49, 0x0, 0x1f,
    0x8d, 0x54, 0x60, 0x19, 0xac, 0x3, 0xc5, 0x2,
    0x1, 0xe3, 0xb9, 0x0, 0xfc, 0xfd, 0x93, 0x10,
    0x9d, 0xc4, 0x0, 0xff, 0x8d, 0x9d, 0xcc, 0x40,
    0x1f, 0xff, 0xf0, 0xf, 0xff, 0x10,

    /* U+0071 "q" */
    0x0, 0xfc, 0x6c, 0xec, 0x80, 0x1f, 0xfc, 0x1,
    0x8e, 0xc9, 0x89, 0xbf, 0x91, 0xa, 0xfc, 0x0,
    0xc9, 0xee, 0x20, 0x1e, 0x6f, 0x65, 0x0, 0xe5,
    0xb1, 0x0, 0xc2, 0x40, 0x10, 0xc8, 0x7, 0x15,
    0x0, 0x45, 0x3f, 0xdb, 0xf6, 0x60, 0x1f, 0x70,
    0x4, 0x9a, 0xc0, 0x19, 0x31, 0xc0, 0x39, 0xc,
    0x0, 0x36, 0x1, 0xfa, 0x8, 0x3, 0x70, 0x5,
    0x60, 0x1f, 0xfc, 0x34, 0x0, 0x94, 0x3, 0xff,
    0x84, 0x22, 0x0, 0x20, 0x7, 0xff, 0xc, 0xc0,
    0x22, 0x0, 0xff, 0xe1, 0x88, 0x4, 0x20, 0x1f,
    0xfc, 0x31, 0x0, 0x84, 0x3, 0xff, 0x86, 0x60,
    0x11, 0x0, 0x7f, 0xf0, 0xc4, 0x40, 0x4, 0x0,
    0xff, 0xe2, 0x20, 0x4, 0xa0, 0x1f, 0xfc, 0x3e,
    0x0, 0xac, 0x40, 0x3f, 0xf8, 0x48, 0x60, 0x1,
    0xd1, 0x0, 0xf9, 0x8, 0x3, 0xbc, 0x2, 0x3f,
    0x60, 0xc, 0x75, 0x60, 0x1e, 0x39, 0x0, 0x86,
    0x7f, 0x75, 0xf8, 0xa0, 0x1f, 0x9a, 0x80, 0x38,
    0x88, 0x1, 0xff, 0xc0, 0x5e, 0x60, 0xf, 0x97,
    0x48, 0x3, 0xf0, 0xcf, 0xdc, 0x42, 0x6f, 0xa8,
    0x80, 0x3f, 0xf8, 0x8, 0xee, 0x64, 0x10, 0xf,
    0xff, 0xf8, 0x7, 0xff, 0x9c,

    /* U+0072 "r" */
    0x0, 0xf9, 0x1d, 0x8c, 0x33, 0xfc, 0x0, 0x5e,
    0xb8, 0x9c, 0x0, 0xc8, 0x8a, 0x10, 0x8, 0x80,
    0x31, 0xd0, 0x7, 0x38, 0x6, 0x81, 0x8, 0xef,
    0xe8, 0x0, 0xf5, 0x38, 0x80, 0x90, 0x7, 0x2a,
    0x80, 0x3f, 0xd0, 0x1, 0xfe, 0x22, 0x0, 0x7f,
    0x84, 0x3, 0xff, 0xfe, 0x1, 0xff, 0xff, 0x0,
    0x0,

    /* U+0073 "s" */
    0x0, 0xf1, 0xb3, 0xb9, 0x8c, 0x3, 0xf9, 0xfb,
    0x26, 0x21, 0x39, 0xf4, 0x80, 0x18, 0x72, 0x4,
    0x3, 0xe5, 0xb7, 0x0, 0xa8, 0xc0, 0x24, 0x66,
    0x28, 0x80, 0x48, 0x0, 0x34, 0x0, 0x1e, 0xdc,
    0xca, 0xbb, 0x18, 0xcc, 0x0, 0x40, 0xb, 0x48,
    0x3, 0x8e, 0x70, 0x2, 0xf0, 0x8, 0x40, 0x3f,
    0xf8, 0x1c, 0x1, 0x20, 0x7, 0xff, 0x1, 0x0,
    0x2b, 0x50, 0xf, 0xf8, 0x9c, 0x2, 0xae, 0x83,
    0x0, 0xfe, 0x87, 0x0, 0x85, 0xf3, 0x60, 0x80,
    0x3e, 0x8d, 0x60, 0xc, 0x4f, 0xb4, 0x20, 0x1e,
    0x29, 0xfa, 0x50, 0xc, 0xb8, 0x20, 0x1f, 0x96,
    0xba, 0x4, 0x0, 0x56, 0x1, 0xfe, 0x17, 0xf1,
    0x0, 0x28, 0x80, 0x7f, 0xc3, 0x0, 0x11, 0x0,
    0x7f, 0xf0, 0xc, 0x2, 0x70, 0x25, 0x0, 0xfe,
    0xe0, 0x9, 0x82, 0xa9, 0x68, 0x1, 0xc5, 0x48,
    0x0, 0x32, 0x6, 0x4, 0xbf, 0xcb, 0xb6, 0xe9,
    0x40, 0x28, 0x0, 0x20, 0x6, 0x34, 0x41, 0x0,
    0x6a, 0x40, 0x5, 0x62, 0x80, 0x7e, 0x5d, 0x50,
    0xc, 0x75, 0xf9, 0x31, 0x9, 0xbe, 0xa2, 0x0,
    0x80,

    /* U+0074 "t" */
    0x0, 0xc3, 0xfe, 0x20, 0xf, 0xea, 0x0, 0xff,
    0x95, 0x0, 0x3f, 0xe2, 0x0, 0xff, 0xeb, 0xff,
    0xd0, 0x1, 0x6f, 0xfe, 0x40, 0xf, 0xfe, 0x76,
    0xec, 0xc0, 0x15, 0xee, 0xe4, 0x22, 0xb8, 0x2,
    0x62, 0x2c, 0x1, 0xff, 0xff, 0x0, 0xff, 0xff,
    0x80, 0x80, 0x7f, 0xf0, 0x2c, 0x0, 0x28, 0x1,
    0x8c, 0x2, 0x7d, 0xd7, 0x58, 0x6, 0x41, 0x0,
    0x88, 0x80, 0x5, 0x0, 0xda, 0x20, 0x1c, 0x42,
    0x1, 0x8f, 0xae, 0x21, 0x3b, 0xa4,

    /* U+0075 "u" */
    0xcf, 0xf6, 0x0, 0x7f, 0xf, 0xfc, 0xe0, 0x1f,
    0xff, 0xf0, 0xf, 0xff, 0xf8, 0x7, 0xff, 0xe4,
    0x40, 0x3f, 0xf8, 0x4e, 0x0, 0x30, 0xf, 0xe3,
    0x0, 0xc2, 0x0, 0x11, 0x0, 0x7c, 0x38, 0x1,
    0xb4, 0x2, 0x90, 0xf, 0x16, 0x8, 0x6, 0x40,
    0x9, 0xd8, 0x2, 0x18, 0xd2, 0x0, 0xe3, 0x30,
    0x5, 0x3f, 0xbd, 0xc7, 0x0, 0x3a, 0x0, 0x6d,
    0x10, 0xc, 0x42, 0x1, 0x3c, 0x60, 0x6, 0x1f,
    0x50, 0xf, 0x1d, 0xc0, 0x20, 0x7, 0xd, 0x75,
    0x44, 0x2b, 0x71, 0x0, 0x7, 0xfe, 0x70,

    /* U+0076 "v" */
    0x3f, 0xfa, 0x40, 0x3f, 0xe4, 0xff, 0xa0, 0xc8,
    0x0, 0xe0, 0x1f, 0xf7, 0x0, 0x52, 0x14, 0x0,
    0x14, 0x0, 0xff, 0x28, 0x1, 0x4, 0x18, 0x2,
    0xe0, 0xf, 0xe5, 0x0, 0xbc, 0x0, 0x28, 0x0,
    0x50, 0xf, 0xee, 0x0, 0xa, 0x0, 0x5e, 0x1,
    0x28, 0x7, 0xc2, 0x80, 0x9, 0x0, 0xc8, 0x20,
    0xe, 0x0, 0xf9, 0x80, 0x26, 0x0, 0xe6, 0x0,
    0x20, 0x80, 0x7a, 0xc0, 0xa, 0x20, 0x1d, 0x40,
    0x13, 0x80, 0x71, 0x18, 0x3, 0x80, 0x3c, 0x46,
    0x0, 0xa0, 0xe, 0xa0, 0x1, 0x20, 0x7, 0xd2,
    0x0, 0x31, 0x0, 0xca, 0x0, 0xa0, 0xf, 0xca,
    0x20, 0x6, 0x0, 0x8c, 0x80, 0xc, 0x1, 0xfc,
    0xe0, 0xb, 0x0, 0xa8, 0x0, 0xa2, 0x1, 0xfd,
    0x40, 0x3, 0x20, 0x3, 0x80, 0x38, 0x3, 0xfc,
    0x66, 0x0, 0x50, 0x20, 0x81, 0x20, 0x7, 0xfd,
    0x40, 0x5, 0xe, 0x0, 0x50, 0x7, 0xff, 0x1,
    0xc0, 0x4, 0x6a, 0x0, 0x60, 0xf, 0xfe, 0x0,
    0xa8, 0x3, 0x80, 0xa, 0x20, 0x1f, 0xfc, 0x1e,
    0x0, 0x10, 0x2, 0x40, 0x3f, 0xf8, 0x48, 0x40,
    0x11, 0x18, 0x7, 0xff, 0xe, 0x80, 0x2b, 0x0,
    0xfc,

    /* U+0077 "w" */
    0x1f, 0xfa, 0x0, 0x3f, 0xb3, 0xfc, 0x1, 0xfe,
    0xff, 0x9c, 0x4c, 0x0, 0xa0, 0x1f, 0x88, 0xc0,
    0x8, 0x1, 0xf9, 0x0, 0x26, 0xb, 0x0, 0x10,
    0x80, 0x7c, 0xa0, 0x16, 0x80, 0x7e, 0xd0, 0x1,
    0x88, 0x28, 0x4, 0xe0, 0x1f, 0x58, 0x4, 0xe0,
    0x1f, 0x9c, 0x1, 0x40, 0x2, 0x20, 0x3, 0x40,
    0x3c, 0x46, 0x1, 0x9, 0x80, 0x78, 0xc4, 0x0,
    0xe0, 0x15, 0x0, 0x10, 0x3, 0xca, 0x0, 0x10,
    0x5, 0x80, 0x7a, 0xc0, 0x8, 0x20, 0x12, 0x80,
    0x48, 0x1, 0xd6, 0x0, 0xa0, 0x2, 0x80, 0x79,
    0x40, 0x1c, 0x1, 0x88, 0x80, 0xc, 0x0, 0xc4,
    0x60, 0x88, 0x20, 0x22, 0x0, 0x62, 0x20, 0x1,
    0x40, 0x39, 0x40, 0xa, 0x1, 0x94, 0x1, 0xc0,
    0xa0, 0x5, 0x0, 0xca, 0x0, 0x50, 0xf, 0x58,
    0x0, 0x84, 0x2, 0xb0, 0x2, 0x85, 0x80, 0x2c,
    0x3, 0x58, 0x3, 0x80, 0x3c, 0x62, 0x0, 0x70,
    0x1, 0x18, 0x28, 0x0, 0xc8, 0xc, 0x40, 0x2,
    0x60, 0x28, 0x1, 0xf3, 0x80, 0x30, 0x0, 0xa0,
    0xe, 0x0, 0x94, 0x0, 0xe0, 0x4, 0x0, 0x38,
    0x7, 0xed, 0x0, 0x28, 0x2, 0xc0, 0x50, 0x2,
    0xa0, 0x6, 0x80, 0x3c, 0x1, 0xa0, 0x1f, 0x90,
    0x2, 0x42, 0x30, 0x70, 0xc, 0x44, 0x4, 0x10,
    0x50, 0x14, 0x0, 0xfe, 0x50, 0x6, 0x28, 0x2,
    0x80, 0x3a, 0x80, 0x8, 0x80, 0x3, 0x0, 0x7f,
    0xbc, 0x0, 0xb6, 0x2, 0x60, 0x1c, 0xa0, 0xf,
    0xd0, 0x5, 0x80, 0x7f, 0x94, 0x0, 0x46, 0xc,
    0x1, 0xe2, 0x20, 0x2b, 0x81, 0x18, 0x7, 0xfc,
    0x80, 0x1a, 0xc0, 0x3e, 0xa0, 0x0, 0x82, 0x80,
    0x7f, 0xf0, 0x34, 0x2, 0x23, 0x0, 0xf9, 0x40,
    0x35, 0x0, 0x7f, 0xf0, 0x1c, 0x2, 0xa0, 0xf,
    0xc4, 0x60, 0x3, 0x20, 0xf, 0xfe, 0x0, 0x98,
    0x1, 0x40, 0x3f, 0xac, 0x1, 0x60, 0x1f, 0x0,

    /* U+0078 "x" */
    0x9, 0xff, 0xa8, 0x3, 0xf1, 0xff, 0xdc, 0x21,
    0x24, 0x0, 0x54, 0x0, 0xfb, 0x80, 0x2b, 0x10,
    0x7, 0x0, 0x54, 0x1, 0xe7, 0x20, 0x3, 0x28,
    0x4, 0x70, 0x0, 0x19, 0x0, 0xc5, 0x0, 0x2,
    0x90, 0xe, 0x74, 0x0, 0x31, 0x80, 0x5c, 0x1,
    0x70, 0x7, 0xd4, 0x20, 0xe, 0x0, 0x31, 0x80,
    0x1c, 0xc0, 0x3e, 0x1a, 0x0, 0x13, 0x8c, 0x80,
    0xe, 0x0, 0x3f, 0x91, 0x80, 0x11, 0xa0, 0x17,
    0x0, 0x7f, 0xd2, 0x40, 0x3, 0x0, 0x49, 0x0,
    0x7f, 0xf0, 0x3c, 0x3, 0x23, 0x0, 0x7f, 0xf0,
    0x4c, 0x40, 0x2c, 0x0, 0xff, 0xe1, 0x58, 0x80,
    0x50, 0x40, 0x1f, 0xfc, 0x6, 0x50, 0xe, 0xf0,
    0xf, 0xf8, 0xa4, 0x0, 0x96, 0x0, 0x28, 0x0,
    0xff, 0x70, 0x5, 0x28, 0xa0, 0x7, 0x40, 0xf,
    0xd0, 0x60, 0x9, 0x20, 0xb1, 0x0, 0x50, 0x7,
    0xc6, 0xe0, 0x3, 0x60, 0x0, 0xd8, 0x0, 0x68,
    0x3, 0x87, 0x40, 0x2e, 0x0, 0xca, 0xa0, 0x2,
    0xa8, 0x3, 0x58, 0x80, 0x20, 0x80, 0x3a, 0xc4,
    0x1, 0x62, 0x0, 0x65, 0x0, 0x1b, 0x80, 0x78,
    0x60, 0x0, 0x34, 0x5, 0x20, 0x17, 0x0, 0x7e,
    0x64, 0x0, 0x23, 0x80,

    /* U+0079 "y" */
    0xbf, 0xf8, 0x40, 0x3f, 0xe6, 0xff, 0x9b, 0x80,
    0x27, 0x0, 0xff, 0xb4, 0x2, 0x65, 0x10, 0x5,
    0x0, 0x7f, 0x85, 0x0, 0xa, 0x0, 0x60, 0x1,
    0x98, 0x3, 0xf9, 0xc0, 0x2e, 0x0, 0x48, 0x5,
    0x40, 0x1f, 0xd4, 0x0, 0x14, 0x0, 0xa, 0x80,
    0x1c, 0x3, 0xf1, 0x18, 0x1, 0x80, 0x37, 0x0,
    0x5, 0x40, 0x3e, 0x50, 0xa, 0x80, 0x32, 0x10,
    0x3, 0x80, 0x3e, 0xa0, 0x1, 0x90, 0x7, 0x58,
    0x1, 0x4, 0x3, 0x88, 0x80, 0xa, 0x0, 0xf3,
    0x0, 0x4c, 0x1, 0xd4, 0x1, 0x38, 0x7, 0xcc,
    0x0, 0x90, 0xe, 0x50, 0x2, 0x88, 0x7, 0xd6,
    0x0, 0x14, 0x0, 0x8c, 0x80, 0x1c, 0x1, 0xf8,
    0x8c, 0x1, 0xc0, 0x15, 0x0, 0x5, 0x0, 0x3f,
    0xa4, 0x0, 0xa2, 0x0, 0x70, 0x3, 0x80, 0x7f,
    0x94, 0x40, 0xe, 0x8, 0x20, 0xa, 0x0, 0xff,
    0x98, 0x1, 0x41, 0xa0, 0x2, 0x30, 0xf, 0xfa,
    0x40, 0x6, 0x67, 0x0, 0x50, 0x7, 0xff, 0x0,
    0x50, 0x1, 0xc2, 0x0, 0x60, 0xf, 0xfe, 0xf,
    0x80, 0x8, 0x0, 0x82, 0x1, 0xff, 0xc1, 0x42,
    0x0, 0xdc, 0x1, 0xff, 0xc3, 0xa0, 0xc, 0xa0,
    0x1f, 0xfc, 0x34, 0x0, 0x98, 0x3, 0xff, 0x89,
    0x40, 0x15, 0x0, 0x7f, 0xf0, 0xc9, 0x80, 0x6,
    0x60, 0xf, 0xfe, 0x10, 0xf8, 0x5, 0x0, 0x1f,
    0xe1, 0x20, 0x2, 0xe1, 0x0, 0x15, 0x0, 0x3f,
    0xd3, 0xbf, 0xea, 0x20, 0x1, 0x58, 0x7, 0xfc,
    0x60, 0x1e, 0x3c, 0x10, 0xf, 0xf8, 0xcc, 0x20,
    0x29, 0x58, 0x20, 0x1f, 0xf0,

    /* U+007A "z" */
    0xf, 0xff, 0xfe, 0x19, 0x80, 0x7f, 0xf5, 0xf3,
    0x3f, 0xce, 0x1, 0x21, 0x81, 0x9f, 0xf0, 0xb8,
    0x0, 0xa8, 0x3, 0xfe, 0xe0, 0xb, 0x84, 0x3,
    0xfd, 0x26, 0x0, 0x93, 0x0, 0xff, 0x2b, 0x0,
    0x15, 0x80, 0x3f, 0xc5, 0x40, 0x2, 0xa0, 0xf,
    0xfb, 0x80, 0x2f, 0x0, 0xff, 0xa4, 0xc0, 0x14,
    0x40, 0x1f, 0xe5, 0x60, 0x3, 0x28, 0x7, 0xf8,
    0xac, 0x0, 0x72, 0x1, 0xff, 0x70, 0x80, 0xe8,
    0x7, 0xfd, 0x26, 0x0, 0xa1, 0x0, 0xff, 0x2b,
    0x0, 0x21, 0x0, 0x3f, 0xc5, 0x60, 0x4, 0x70,
    0xf, 0xfb, 0x84, 0x1, 0xe6, 0x7f, 0xe1, 0x53,
    0x0, 0xaf, 0x33, 0xfd, 0x6, 0x1, 0xff, 0xd5,

    /* U+007B "{" */
    0x0, 0xfe, 0x36, 0x50, 0xf, 0x9b, 0xb2, 0x78,
    0x3, 0xd3, 0x21, 0x0, 0x10, 0x7, 0x33, 0x0,
    0xd, 0xd2, 0x1, 0xd0, 0x0, 0x69, 0x10, 0xe,
    0x41, 0x0, 0x40, 0x7, 0xc6, 0x0, 0x21, 0x0,
    0xfb, 0xc0, 0x2, 0x1, 0xff, 0xf8, 0x10, 0xf,
    0xf9, 0x0, 0xc, 0x1, 0xf3, 0x90, 0x3, 0xc0,
    0x38, 0xea, 0x0, 0x8, 0xa0, 0x18, 0xb1, 0x40,
    0xb, 0x60, 0x1f, 0xc7, 0x20, 0x1e, 0x35, 0x10,
    0x3c, 0x50, 0xe, 0x1a, 0xf4, 0x0, 0x50, 0x80,
    0x78, 0x68, 0x2, 0x90, 0xf, 0x85, 0x0, 0x6,
    0x1, 0xf8, 0x80, 0xe, 0x1, 0xf8, 0x40, 0x3f,
    0xfd, 0xfe, 0x1, 0xff, 0x8, 0x0, 0xc0, 0x3f,
    0x20, 0x4, 0xa0, 0x1f, 0x12, 0x0, 0x2c, 0x80,
    0x3e, 0x90, 0x0, 0xec, 0x18, 0x7, 0x16, 0x8,
    0x1, 0xe0, 0x3, 0xc7, 0xd2, 0x82, 0x0,

    /* U+007C "|" */
    0x28, 0x80, 0x3b, 0xc2, 0x1, 0xff, 0xff, 0x0,
    0xff, 0xfc, 0x80,

    /* U+007D "}" */
    0x17, 0x51, 0x0, 0xfc, 0x71, 0x5d, 0x64, 0x1,
    0xe3, 0x10, 0x2, 0x61, 0x80, 0x70, 0xf5, 0x90,
    0xe, 0x88, 0x7, 0x93, 0x0, 0x3, 0x20, 0x1f,
    0xb, 0x80, 0x14, 0x3, 0xf6, 0x0, 0x8, 0x3,
    0xf3, 0x80, 0x42, 0x1, 0xff, 0xfb, 0x30, 0xf,
    0x88, 0x2, 0x40, 0xf, 0x84, 0xc0, 0x10, 0x20,
    0x1f, 0x78, 0x0, 0x7d, 0x84, 0x3, 0x8e, 0xc4,
    0x6, 0x68, 0x3, 0xc9, 0x20, 0x1f, 0xeb, 0x80,
    0x1, 0xe8, 0x7, 0x42, 0x0, 0x27, 0x18, 0x3,
    0x9c, 0x0, 0xcc, 0x0, 0xf1, 0x0, 0x5a, 0x1,
    0xf0, 0x80, 0x4a, 0x1, 0xff, 0xfb, 0x10, 0xf,
    0x94, 0x3, 0xfe, 0xa0, 0x2, 0x0, 0x7c, 0xe6,
    0x0, 0xf0, 0xe, 0x5b, 0x80, 0x2, 0xa0, 0x6,
    0x2a, 0x40, 0x3, 0x50, 0x7, 0xc4, 0xd9, 0x20,
    0x1e,

    /* U+007E "~" */
    0x0, 0xc, 0xf7, 0xed, 0x30, 0x80, 0x7b, 0x3f,
    0xc6, 0x3, 0xec, 0x20, 0x4b, 0x3d, 0x8e, 0x62,
    0x54, 0x60, 0x26, 0x14, 0x20, 0x1f, 0x1c, 0x67,
    0x6a, 0x80, 0x24, 0x9, 0x0, 0x15, 0xd9, 0x4a,
    0x1, 0xf9, 0x5c, 0x10, 0x0, 0xea, 0x26, 0xb5,
    0xf6, 0xc4, 0x0, 0x3a, 0xa0, 0x0,

    /* U+00A0 " " */

    /* U+00A1 "¡" */
    0x1, 0x66, 0x8, 0xf, 0xcc, 0xbc, 0x5c, 0x40,
    0x2, 0xc0, 0x1d, 0xe8, 0x1, 0xac, 0xad, 0x52,
    0x8c, 0x12, 0xad, 0x40, 0x3f, 0xf8, 0x4b, 0xfe,
    0x70, 0xe, 0xf0, 0x1, 0x80, 0x70, 0x80, 0x4,
    0x3, 0xf7, 0x80, 0xc, 0x3, 0xf0, 0x80, 0x4,
    0x0, 0x60, 0x1f, 0x9c, 0x0, 0x20, 0x1f, 0x84,
    0x0, 0xe0, 0x1c, 0x20, 0x3, 0x0, 0xfc, 0x60,
    0x1, 0x0, 0xfc, 0x20, 0x1f, 0xfc, 0x31, 0x5,
    0x5c, 0x0,

    /* U+00A2 "¢" */
    0x0, 0xfc, 0x9f, 0xe7, 0x0, 0xff, 0xe1, 0xb8,
    0x7, 0xff, 0x24, 0x40, 0x3f, 0xf8, 0x62, 0x1,
    0xff, 0xc4, 0x16, 0x80, 0x5, 0xca, 0x88, 0x7,
    0xe1, 0x9e, 0x95, 0x0, 0x13, 0x57, 0x51, 0x0,
    0x71, 0xfb, 0x0, 0x7f, 0x2e, 0xa8, 0x4, 0x78,
    0x20, 0x11, 0xbc, 0x41, 0x44, 0x3, 0xee, 0x0,
    0x8f, 0x72, 0x1d, 0xd5, 0xd2, 0x8, 0xa0, 0x8,
    0x20, 0x2, 0x61, 0x0, 0x79, 0xb6, 0x80, 0x27,
    0x0, 0xd, 0x0, 0x7f, 0x10, 0x80, 0x14, 0x2,
    0x61, 0x0, 0xff, 0xe0, 0xe0, 0x5, 0x40, 0x1f,
    0xfc, 0x25, 0x0, 0x9, 0x0, 0x7f, 0xf0, 0x84,
    0x0, 0x60, 0x1f, 0xfc, 0x33, 0x0, 0x8, 0x7,
    0xff, 0x18, 0x40, 0x3f, 0xf8, 0x64, 0x0, 0x20,
    0xf, 0xfe, 0x1b, 0x0, 0x44, 0x1, 0xff, 0xc2,
    0xd0, 0x9, 0x40, 0x3f, 0xf8, 0x4a, 0x1, 0x48,
    0x7, 0xff, 0x8, 0x90, 0x0, 0x32, 0x1, 0xfe,
    0x10, 0xa, 0x0, 0x26, 0x90, 0xf, 0x86, 0x7c,
    0x40, 0x6, 0xe0, 0x13, 0x6b, 0x98, 0x89, 0x27,
    0x98, 0x68, 0x2, 0x86, 0x0, 0x8a, 0x33, 0xb9,
    0x6c, 0x1, 0xfa, 0x64, 0x1, 0xff, 0x45, 0x80,
    0x73, 0x74, 0x10, 0x7, 0x1c, 0x73, 0x80, 0x7c,
    0x2f, 0xbe, 0x60, 0x7f, 0x8e, 0x20, 0x1f, 0xfd,
    0x31, 0x1, 0x0, 0xff, 0xe7, 0x0,

    /* U+00A3 "£" */
    0x0, 0xfc, 0x6c, 0xee, 0x64, 0x0, 0xff, 0x97,
    0x72, 0x62, 0x13, 0x7f, 0x6a, 0x1, 0xf4, 0xd1,
    0x0, 0x7c, 0x95, 0x84, 0x1, 0x9d, 0x80, 0x3f,
    0xe3, 0x0, 0xc3, 0x0, 0x11, 0xe7, 0xfb, 0xa9,
    0x40, 0xe, 0x40, 0x13, 0x80, 0x47, 0x86, 0x0,
    0x15, 0xad, 0x48, 0x0, 0xd8, 0x1, 0x48, 0x7,
    0xc5, 0x60, 0x1c, 0xc0, 0x12, 0x0, 0x7f, 0xf0,
    0x84, 0x2, 0x10, 0xf, 0xff, 0xf8, 0x7, 0xff,
    0x4d, 0xbf, 0xc4, 0x1, 0x7f, 0xfe, 0x70, 0xf,
    0xfe, 0xc8, 0x80, 0x4d, 0xfe, 0x20, 0xb, 0xff,
    0xf3, 0x0, 0x7f, 0xff, 0xc0, 0x3f, 0xf9, 0xc6,
    0x0, 0x10, 0xf, 0xfe, 0x10, 0x88, 0x0, 0x80,
    0x1f, 0xfc, 0x29, 0x0, 0xa4, 0x3, 0xff, 0x82,
    0x8e, 0x0, 0x66, 0xca, 0x60, 0x1c, 0x40, 0x6,
    0xb0, 0x9, 0xaa, 0x65, 0x59, 0xfe, 0xef, 0xf6,
    0xa8, 0x10, 0x7, 0xff, 0x0, 0x40, 0x2d, 0x4,
    0x10, 0xf, 0xfe, 0x19, 0x80, 0x2a, 0xf7, 0xbf,
    0xed, 0xca, 0x98, 0x84, 0xd6, 0x58, 0x0,

    /* U+00A4 "¤" */
    0x0, 0xff, 0xe6, 0xdb, 0x0, 0x7f, 0xf0, 0xcf,
    0x48, 0x1, 0x69, 0x2c, 0x1, 0x8d, 0x56, 0x30,
    0xc, 0x5a, 0x58, 0x20, 0x60, 0x9, 0x52, 0x9f,
    0xca, 0xab, 0x3e, 0x8c, 0xb0, 0x40, 0x84, 0x21,
    0x80, 0x15, 0xac, 0x1, 0xf2, 0xe6, 0x88, 0x1e,
    0x0, 0x52, 0xa0, 0x1f, 0xfc, 0x33, 0xc0, 0xe,
    0xf0, 0xc, 0x55, 0xdf, 0xd4, 0x60, 0x1a, 0xc0,
    0x3d, 0x60, 0x12, 0xea, 0x88, 0xa, 0xe3, 0x80,
    0x50, 0x20, 0x19, 0x44, 0x0, 0x54, 0x1, 0xf4,
    0x20, 0x4, 0xe0, 0x1b, 0x0, 0x2b, 0x0, 0xfe,
    0xf0, 0xb, 0x40, 0x32, 0x80, 0x48, 0x1, 0xfc,
    0x80, 0x13, 0x0, 0x61, 0x0, 0x8c, 0x3, 0xff,
    0x82, 0x60, 0x18, 0x40, 0x3f, 0xf9, 0x4e, 0x1,
    0x28, 0x7, 0xf1, 0x0, 0x46, 0x1, 0xb0, 0x2,
    0xd0, 0xf, 0xe5, 0x0, 0x90, 0x3, 0x28, 0x4,
    0xc6, 0x1, 0xf0, 0xc8, 0x5, 0xa0, 0x18, 0x90,
    0x2, 0xd4, 0x0, 0xe3, 0xc1, 0x0, 0x12, 0x0,
    0x77, 0x0, 0x43, 0x79, 0xc, 0xf7, 0x84, 0x1,
    0x28, 0x7, 0x1d, 0x80, 0x71, 0xbc, 0xc2, 0x0,
    0x73, 0xb0, 0x4, 0x7a, 0x20, 0x68, 0x1, 0xfc,
    0x4a, 0x0, 0x95, 0x0, 0x68, 0x81, 0xe5, 0xe3,
    0x18, 0x4, 0x4b, 0x5b, 0x4c, 0x0, 0xa2, 0xb,
    0x3, 0xd0, 0x1, 0xce, 0x7f, 0xdb, 0x4a, 0x0,
    0x96, 0x7, 0x20, 0x5b, 0xd1, 0x0, 0xff, 0xe1,
    0x4d, 0x40, 0x0,

    /* U+00A5 "¥" */
    0x6f, 0xfc, 0x20, 0x1f, 0xfc, 0x1d, 0xff, 0x91,
    0x88, 0x2, 0x80, 0xf, 0xfe, 0x3, 0x10, 0x1,
    0x10, 0x12, 0x1, 0x31, 0x0, 0x7f, 0xd0, 0x1,
    0x48, 0x1, 0x14, 0x2, 0x80, 0xf, 0xf4, 0x8,
    0x1, 0xc8, 0x2, 0xb0, 0x9, 0x4c, 0x3, 0xf0,
    0xb8, 0x0, 0x60, 0x3, 0xb, 0x80, 0x5e, 0x1,
    0xfa, 0x0, 0x2b, 0x0, 0xf4, 0x8, 0x0, 0xd0,
    0x3, 0xc4, 0xc0, 0x3, 0x50, 0xf, 0xac, 0x2,
    0x90, 0xf, 0x48, 0x5, 0xe0, 0x1f, 0x95, 0x0,
    0x4, 0xc0, 0x19, 0x10, 0x0, 0x53, 0x0, 0xfe,
    0x90, 0xa, 0x0, 0x34, 0x0, 0x56, 0x1, 0xfe,
    0x26, 0x0, 0xb, 0x80, 0x14, 0xc0, 0x10, 0x20,
    0x1f, 0xf4, 0x8, 0x2, 0x4, 0x2c, 0x0, 0x4e,
    0x1, 0xff, 0xc0, 0x18, 0x0, 0xa1, 0xc4, 0x1,
    0x20, 0x1f, 0xfc, 0x26, 0x30, 0x3, 0x40, 0x1,
    0x10, 0x1, 0xfd, 0x9f, 0xfc, 0x60, 0x1e, 0x4f,
    0xfe, 0x90, 0xf, 0xfe, 0x82, 0x2a, 0xfc, 0x1,
    0xa, 0xaf, 0xde, 0x1, 0xa2, 0xab, 0xe1, 0x0,
    0x15, 0x57, 0xcc, 0x1, 0xff, 0xd0, 0x8b, 0xbf,
    0x84, 0x0, 0x77, 0x7f, 0x30, 0x6, 0x44, 0xfc,
    0x1, 0x91, 0x3e, 0xf0, 0xf, 0xfe, 0x86, 0x7f,
    0xfc, 0x20, 0x3, 0xff, 0xfa, 0x40, 0x3f, 0xff,
    0xe0, 0x1f, 0xff, 0xb0,

    /* U+00A6 "¦" */
    0x15, 0x50, 0x25, 0x50, 0x40, 0x3f, 0xfd, 0x8b,
    0xfe, 0x10, 0xf, 0xfe, 0x41, 0x3b, 0x81, 0xe2,
    0x2, 0x1, 0xff, 0xec,

    /* U+00A7 "§" */
    0x0, 0xe2, 0x57, 0x79, 0x48, 0x3, 0xe4, 0xcd,
    0xa8, 0x8a, 0xb7, 0xa8, 0x40, 0x27, 0xb3, 0x0,
    0xf8, 0x54, 0x2, 0x38, 0x0, 0x91, 0xe6, 0x19,
    0x1, 0x4, 0x1, 0x40, 0x16, 0x5c, 0x33, 0xcd,
    0xfd, 0x0, 0x44, 0x0, 0x63, 0x0, 0xf8, 0x40,
    0x21, 0x0, 0x8, 0x7, 0xff, 0x3, 0x40, 0xa,
    0x1, 0xff, 0xc0, 0x71, 0x2, 0xb2, 0x0, 0xff,
    0xb0, 0x41, 0x37, 0x50, 0x80, 0x1f, 0x8b, 0x94,
    0x0, 0x4f, 0x7f, 0x46, 0x1, 0xea, 0x50, 0xf,
    0x2e, 0x50, 0x6, 0xc5, 0x1, 0x8c, 0xdb, 0x40,
    0x2, 0xd8, 0x1, 0x8c, 0xb, 0xdc, 0xc9, 0x2e,
    0x40, 0x8, 0x41, 0xa0, 0xb, 0x10, 0xe, 0x61,
    0x0, 0x20, 0x30, 0x0, 0x80, 0x3e, 0x50, 0xc,
    0x20, 0x2, 0x0, 0xf9, 0x80, 0xa, 0xa, 0x0,
    0xb0, 0xf, 0x29, 0x1, 0x98, 0x2c, 0x0, 0x5c,
    0xe6, 0x65, 0xaa, 0x0, 0xf0, 0x0, 0xac, 0x40,
    0x63, 0x31, 0x4a, 0x9, 0x84, 0x1, 0x27, 0xb8,
    0x7, 0x87, 0x88, 0x3, 0x86, 0x3e, 0xdd, 0x0,
    0x3, 0x58, 0x20, 0x1f, 0x24, 0x5f, 0x40, 0x0,
    0xe8, 0x3, 0xfc, 0x2f, 0x20, 0x4, 0x20, 0xf,
    0xf9, 0x0, 0x27, 0x0, 0xff, 0x98, 0x3, 0x85,
    0xc0, 0x3e, 0x18, 0x0, 0x90, 0x1a, 0x3f, 0x25,
    0xd9, 0xeb, 0x8c, 0x0, 0xa2, 0x14, 0x0, 0x36,
    0x89, 0x85, 0x0, 0x8e, 0x80, 0x1c, 0xc2, 0x1,
    0xf0, 0xc6, 0x0, 0x47, 0x3d, 0xb5, 0x31, 0x9,
    0xce, 0x70, 0x8,

    /* U+00A8 "¨" */
    0x0, 0x20, 0x80, 0x61, 0x41, 0x1, 0xeb, 0xe4,
    0x0, 0x1f, 0x5f, 0x8a, 0x8, 0x3, 0x80, 0x16,
    0x0, 0x17, 0x10, 0x8, 0xc0, 0x1e, 0x1, 0x1a,
    0x28, 0x1d, 0x80, 0x19, 0x1, 0x14,

    /* U+00A9 "©" */
    0x0, 0xff, 0x1c, 0x5f, 0x7f, 0xbb, 0x69, 0x84,
    0x3, 0xff, 0x8a, 0xbb, 0x8e, 0x82, 0x0, 0x12,
    0x59, 0xea, 0x20, 0xf, 0xfe, 0x9, 0x65, 0x10,
    0x1, 0x1e, 0x22, 0x62, 0x0, 0x2e, 0xc0, 0x7,
    0xfc, 0x9a, 0x60, 0x55, 0xf7, 0xe, 0xf4, 0xee,
    0x9c, 0x0, 0xf8, 0x20, 0x1f, 0x92, 0xc0, 0x11,
    0xaa, 0x1, 0xf8, 0xa3, 0x90, 0xf, 0x0, 0x3e,
    0x2b, 0x1, 0xc7, 0x0, 0xff, 0xe0, 0xd, 0xb8,
    0x15, 0x80, 0x7b, 0x80, 0x1a, 0x60, 0x1f, 0xfc,
    0x38, 0x60, 0x46, 0x0, 0xcc, 0x61, 0x26, 0x1,
    0x85, 0xf3, 0xbf, 0xad, 0x40, 0x3a, 0x4c, 0x24,
    0x3, 0x40, 0x1b, 0x0, 0x64, 0xf8, 0x31, 0x1,
    0x4a, 0xd1, 0x0, 0xde, 0x0, 0x70, 0x2, 0x8,
    0x48, 0x6, 0x3b, 0x10, 0x59, 0xa8, 0x40, 0x31,
    0x0, 0xc6, 0x81, 0x40, 0xe, 0x1, 0x50, 0xd,
    0xa0, 0x39, 0x4c, 0xaf, 0x79, 0x60, 0x1e, 0xe0,
    0x23, 0x7, 0x4, 0x0, 0xca, 0x21, 0x46, 0x1,
    0xc6, 0xa0, 0x1e, 0x40, 0x2, 0x81, 0x6, 0x80,
    0x6f, 0x2, 0x40, 0xf, 0xfe, 0x10, 0x88, 0x3c,
    0x80, 0x4, 0x1, 0x98, 0x10, 0x3, 0xff, 0x88,
    0x40, 0x60, 0x10, 0x80, 0x62, 0x1, 0x0, 0xff,
    0xe2, 0x38, 0x8, 0x7, 0xe3, 0x1, 0x0, 0xff,
    0xe3, 0x98, 0x0, 0x40, 0x30, 0x82, 0x80, 0x7f,
    0xf1, 0x1c, 0x4, 0x40, 0x2, 0x0, 0xc8, 0x6,
    0x60, 0xf, 0xfe, 0x19, 0x1, 0x81, 0x6, 0x80,
    0x6a, 0x0, 0x70, 0x80, 0x78, 0xc0, 0x3c, 0x22,
    0xf, 0x4, 0x4, 0x0, 0xc4, 0xc0, 0x5e, 0xc2,
    0x2, 0xb9, 0x82, 0x0, 0xe7, 0x0, 0x20, 0x68,
    0xa, 0x0, 0x69, 0x40, 0x19, 0xef, 0xea, 0x30,
    0x50, 0xe, 0xa0, 0x22, 0x2, 0x10, 0x40, 0x7,
    0x5c, 0x88, 0x7, 0x14, 0xb8, 0x6, 0x33, 0x5,
    0x0, 0x56, 0x6, 0xc0, 0x1c, 0xdd, 0x95, 0x35,
    0xba, 0x60, 0xe, 0xe0, 0x17, 0x0, 0x98, 0xc2,
    0x4c, 0x3, 0xc6, 0xac, 0xa4, 0x1, 0xe9, 0x20,
    0x80, 0xe, 0xe0, 0x6, 0x98, 0x7, 0xff, 0xe,
    0x18, 0x11, 0x80, 0x38, 0xac, 0x7, 0x18, 0x3,
    0xff, 0x80, 0x36, 0xe0, 0x76, 0x1, 0xf2, 0x58,
    0x2, 0x75, 0x40, 0x3f, 0x14, 0x72, 0x1, 0xe8,
    0x7, 0xf2, 0x69, 0x81, 0x57, 0xdc, 0x3b, 0xd3,
    0xba, 0x70, 0x3, 0xe0, 0x80, 0x7f, 0x8b, 0x28,
    0x80, 0x8, 0xf1, 0x13, 0x10, 0x1, 0x76, 0x0,
    0x3f, 0xf8, 0x4b, 0xb8, 0xe8, 0x20, 0x1, 0x25,
    0x9e, 0xa2, 0x0, 0xf8,

    /* U+00AA "ª" */
    0x0, 0xe1, 0x22, 0x0, 0x7e, 0x29, 0xee, 0x6e,
    0xbe, 0x40, 0x3d, 0xcc, 0x20, 0x19, 0xb0, 0x3,
    0xa1, 0x6f, 0xbf, 0xc, 0xd, 0x0, 0x32, 0x52,
    0x8, 0x1f, 0x80, 0xc, 0x3, 0xfc, 0x60, 0xf,
    0x0, 0xe5, 0x9b, 0xb5, 0x40, 0x7, 0x8b, 0x69,
    0x91, 0xa, 0xe0, 0x1e, 0x92, 0x7, 0xdf, 0xec,
    0x0, 0xf2, 0x2, 0x41, 0x0, 0x98, 0x7, 0xe1,
    0x0, 0xc2, 0x1, 0xe2, 0x5, 0x73, 0x33, 0xf8,
    0x1, 0xc, 0x1, 0x20, 0x8, 0xcc, 0x41, 0x90,
    0x1e, 0x8, 0x26, 0x20, 0x0, 0xe3, 0x7c, 0x80,
    0x84,

    /* U+00AB "«" */
    0x0, 0xff, 0xe4, 0xa5, 0x88, 0x6, 0x1c, 0x30,
    0xe, 0x2a, 0x4c, 0x10, 0xa, 0x8f, 0x10, 0x3,
    0x78, 0x83, 0x8, 0x2, 0x10, 0x5, 0x80, 0x2a,
    0x20, 0x2a, 0x0, 0x2b, 0x80, 0x28, 0x80, 0xe,
    0xa0, 0xf, 0x10, 0x2a, 0x0, 0x4a, 0x0, 0xe,
    0x0, 0x16, 0x40, 0x3e, 0x0, 0x66, 0x0, 0x7,
    0x40, 0x10, 0x80, 0xa, 0x20, 0x39, 0x0, 0xac,
    0x40, 0xdc, 0x0, 0xc8, 0x0, 0xe0, 0xd, 0x0,
    0x3, 0x50, 0x3, 0x10, 0x2, 0x0, 0x31, 0x50,
    0x2, 0x8c, 0x1, 0x82, 0xb, 0x0, 0x19, 0x5c,
    0x1, 0xa2, 0x3, 0xa0, 0x7, 0x50, 0xd, 0x8,
    0x3, 0xa0, 0x3, 0x90, 0x5, 0x18, 0x6, 0xb2,
    0x3, 0xa0, 0x3, 0x30, 0x1, 0xa2, 0x1, 0xbc,
    0x41, 0x4, 0x1, 0x26, 0x2, 0x80, 0x18, 0xa8,
    0xb0, 0x40, 0x2d, 0x2a, 0x50, 0xe, 0x4d, 0x20,
    0xc, 0x3a, 0xa0,

    /* U+00AC "¬" */
    0x11, 0xff, 0xe4, 0x77, 0x7f, 0xf1, 0xf0, 0x3,
    0xff, 0xb9, 0xff, 0xff, 0xc4, 0xa0, 0xf, 0xff,
    0xf8, 0x7, 0xff, 0xd1, 0xde, 0xb0,

    /* U+00AD "­" */
    0x2, 0x2f, 0xf8, 0x45, 0xbb, 0xff, 0x58, 0x7,
    0xff, 0x38,

    /* U+00AE "®" */
    0x0, 0xff, 0x1c, 0x5f, 0x7f, 0xbb, 0x69, 0x84,
    0x3, 0xff, 0x8a, 0xbb, 0x8e, 0x82, 0x0, 0x12,
    0x59, 0xea, 0x20, 0xf, 0xfe, 0x9, 0x65, 0x10,
    0x1, 0x1e, 0x22, 0x62, 0x0, 0x2e, 0xc0, 0x7,
    0xfc, 0x9a, 0x60, 0x55, 0xf7, 0xe, 0xf4, 0xee,
    0x9c, 0x0, 0xf8, 0x20, 0x1f, 0x92, 0xc0, 0x11,
    0xaa, 0x1, 0xf8, 0xa3, 0x90, 0xf, 0x0, 0x3e,
    0x2b, 0x1, 0xc7, 0x0, 0xff, 0xe0, 0xd, 0xb8,
    0x15, 0x80, 0x7b, 0x80, 0x1a, 0x60, 0x1f, 0xfc,
    0x38, 0x60, 0x46, 0x0, 0xcc, 0x61, 0x26, 0x1,
    0x9, 0x9f, 0x10, 0x7, 0xd2, 0x61, 0x20, 0x1a,
    0x0, 0xd8, 0x3, 0x36, 0x67, 0x6f, 0xc8, 0x80,
    0x77, 0x80, 0x1c, 0x0, 0x82, 0x12, 0x1, 0xff,
    0xc1, 0x6d, 0x0, 0xe3, 0x40, 0xa0, 0x7, 0x0,
    0xa8, 0x7, 0xc7, 0xff, 0x6a, 0x81, 0xa8, 0x7,
    0x70, 0x11, 0x83, 0x82, 0x0, 0x7f, 0xf0, 0xa,
    0xc0, 0x4, 0x1, 0xc8, 0x0, 0x50, 0x20, 0xd0,
    0xf, 0xfe, 0x9, 0x80, 0x4, 0x3, 0x84, 0x41,
    0xe4, 0x0, 0x20, 0xf, 0xfe, 0x1, 0xf0, 0x1,
    0xc0, 0x3c, 0x40, 0x60, 0x10, 0x80, 0x7e, 0x3f,
    0xfb, 0xc, 0x2c, 0x40, 0x3c, 0xe0, 0x20, 0x1f,
    0xfc, 0x6d, 0x40, 0xf, 0xf1, 0x80, 0x4, 0x3,
    0xf1, 0x6e, 0xb0, 0x0, 0xa0, 0x1f, 0x9c, 0x4,
    0x40, 0x2, 0x0, 0xfc, 0x24, 0x43, 0x60, 0x90,
    0xf, 0xc4, 0x6, 0x4, 0x1a, 0x1, 0xff, 0xc0,
    0xb0, 0x17, 0x0, 0xf0, 0x88, 0x3c, 0x10, 0x10,
    0x3, 0xff, 0x80, 0x4a, 0x12, 0x1, 0xe7, 0x0,
    0x20, 0x68, 0xa, 0x0, 0x7f, 0xf0, 0x20, 0x6,
    0x0, 0x3a, 0x80, 0x88, 0x8, 0x41, 0x0, 0x1f,
    0xfc, 0x2, 0x40, 0x71, 0x0, 0x8c, 0xc1, 0x40,
    0x15, 0x81, 0xb0, 0x6, 0x7f, 0xc0, 0xe, 0xbf,
    0xf0, 0x80, 0x5c, 0x2, 0xe0, 0x13, 0x18, 0x49,
    0x80, 0x7f, 0xf1, 0x64, 0x82, 0x0, 0x3b, 0x80,
    0x1a, 0x60, 0x1f, 0xfc, 0x38, 0x60, 0x46, 0x0,
    0xe2, 0xb0, 0x1c, 0x60, 0xf, 0xfe, 0x0, 0xdb,
    0x81, 0xd8, 0x7, 0xc9, 0x60, 0x9, 0xd5, 0x0,
    0xfc, 0x51, 0xc8, 0x7, 0xa0, 0x1f, 0xc9, 0xa6,
    0x5, 0x5f, 0x70, 0xef, 0x4e, 0xe9, 0xc0, 0xf,
    0x82, 0x1, 0xfe, 0x2c, 0xa2, 0x0, 0x23, 0xc4,
    0x4c, 0x40, 0x5, 0xd8, 0x0, 0xff, 0xe1, 0x2e,
    0xe3, 0xa0, 0x80, 0x4, 0x96, 0x7a, 0x88, 0x3,
    0xe0,

    /* U+00AF "¯" */
    0x14, 0x4f, 0xe0, 0x7b, 0xbf, 0xe3, 0x0, 0xff,
    0x80,

    /* U+00B0 "°" */
    0x0, 0x8a, 0xbb, 0xfa, 0xd0, 0x3, 0x9b, 0x54,
    0x40, 0x52, 0xe4, 0x2, 0x49, 0x0, 0x8c, 0x40,
    0xc, 0xe0, 0xf, 0x0, 0x27, 0xe7, 0x38, 0x2,
    0x40, 0x8, 0x0, 0xa0, 0xa, 0x8, 0x4, 0x80,
    0x30, 0x80, 0x66, 0x0, 0x30, 0x6, 0x10, 0xc,
    0xc0, 0x7, 0x4, 0x0, 0x58, 0x4, 0xc4, 0x0,
    0x30, 0xf0, 0x2, 0xf5, 0xec, 0x80, 0x1c, 0x0,
    0x90, 0x0, 0x14, 0x20, 0x2, 0xc0, 0x4, 0xf8,
    0xa2, 0x2, 0x97, 0x40, 0x0,

    /* U+00B1 "±" */
    0x0, 0xfd, 0x3f, 0xe7, 0x0, 0xff, 0xff, 0x80,
    0x7f, 0xfa, 0x7f, 0xff, 0x30, 0x2, 0x3f, 0xfe,
    0xd0, 0xf, 0xfe, 0xe7, 0xff, 0xe6, 0x0, 0x47,
    0xff, 0xda, 0x1, 0xff, 0xff, 0x0, 0xff, 0xf4,
    0xf1, 0x98, 0x80, 0x3f, 0xf8, 0x8f, 0x98, 0x50,
    0xf, 0xdf, 0xff, 0xfc, 0x7d, 0x0, 0xff, 0xee,
    0x0,

    /* U+00B2 "²" */
    0x0, 0x1c, 0xef, 0xfb, 0xa8, 0xc0, 0x22, 0xbc,
    0x62, 0x0, 0xa, 0xe3, 0x80, 0x1d, 0x0, 0x6,
    0x84, 0x1, 0x42, 0x2, 0xaa, 0x3b, 0x2f, 0x70,
    0x2, 0xe0, 0x5, 0x38, 0x80, 0x46, 0xe0, 0x6,
    0x0, 0xfe, 0xf0, 0xf, 0xfe, 0x6, 0x0, 0x2c,
    0x3, 0xf2, 0x20, 0x5, 0xc0, 0x3e, 0x3b, 0x0,
    0x50, 0x7, 0xc7, 0x80, 0xa, 0x40, 0xf, 0x2e,
    0x0, 0x2d, 0x40, 0x3d, 0x14, 0x3, 0x88, 0x1,
    0xc3, 0x6e, 0x9, 0xe6, 0x1, 0xc5, 0xe8, 0x0,
    0x28, 0x99, 0xe2, 0x61, 0x0, 0x99, 0xbf, 0x0,
    0x7f, 0xf0, 0x40,

    /* U+00B3 "³" */
    0x0, 0x9a, 0xfb, 0xfd, 0xb2, 0x40, 0x13, 0x74,
    0xa0, 0x80, 0x9, 0xb5, 0x40, 0x1e, 0x20, 0x4a,
    0xa4, 0x0, 0xa8, 0x42, 0x63, 0xb6, 0xa9, 0x7a,
    0x1, 0x28, 0x1, 0xc4, 0x3, 0x10, 0x80, 0x18,
    0x3, 0xe3, 0xa1, 0x6, 0x20, 0xd, 0x1f, 0xec,
    0x51, 0x99, 0x0, 0x7f, 0x86, 0x8c, 0x3, 0xaa,
    0xed, 0x28, 0x7, 0x86, 0x1, 0x89, 0x10, 0xd6,
    0xc0, 0x8, 0x0, 0xfe, 0xd0, 0x2, 0x80, 0x7f,
    0x10, 0x6, 0x8b, 0x30, 0xc, 0x50, 0x0, 0x40,
    0x64, 0xce, 0xba, 0xcd, 0x10, 0x4, 0xa, 0x0,
    0x5, 0x14, 0xc0, 0x3, 0x84, 0x35, 0x8e, 0x62,
    0x2, 0x71, 0xc6, 0x0,

    /* U+00B4 "´" */
    0x0, 0xb7, 0xfe, 0x80, 0x3, 0x10, 0x1, 0xe0,
    0x6, 0x0, 0xd, 0x0, 0x9, 0x10, 0x59, 0x0,
    0x13, 0x82, 0xd0, 0x4,

    /* U+00B5 "µ" */
    0xcf, 0xf6, 0x0, 0x7f, 0x9f, 0xfe, 0x20, 0xf,
    0xff, 0xf8, 0x7, 0xff, 0xfc, 0x3, 0xff, 0xfe,
    0x1, 0xe1, 0x0, 0xff, 0xe3, 0x18, 0x7, 0xfb,
    0x80, 0x3e, 0x13, 0x0, 0xfc, 0x8c, 0x1, 0xfb,
    0xc0, 0x3e, 0x4b, 0x0, 0xfe, 0x3d, 0x40, 0x8,
    0x62, 0xc0, 0x3f, 0xe2, 0xbf, 0xde, 0xe3, 0x80,
    0x28, 0x3, 0xff, 0x80, 0x42, 0x1, 0x4a, 0x90,
    0x7, 0x8e, 0x44, 0x3, 0x8a, 0xd8, 0x10, 0x3,
    0xe6, 0xec, 0x98, 0x9c, 0xd4, 0x0, 0x4f, 0xf8,
    0x80, 0x3c, 0x6c, 0xec, 0x60, 0x1f, 0xff, 0xf0,
    0xf, 0xff, 0x18,

    /* U+00B6 "¶" */
    0x0, 0xcd, 0x7d, 0xff, 0xf8, 0xc0, 0x7, 0xd2,
    0x82, 0x1, 0xfe, 0x1d, 0x10, 0xf, 0x22, 0x90,
    0x6, 0xb1, 0x0, 0xfa, 0x69, 0x40, 0x32, 0x80,
    0x7f, 0xf0, 0x8c, 0x3, 0xff, 0x86, 0xe0, 0x1f,
    0xfc, 0x37, 0x0, 0xff, 0xe1, 0x90, 0x7, 0xff,
    0xc, 0x4c, 0x3, 0xff, 0x87, 0x20, 0x1f, 0xfc,
    0x35, 0x60, 0xf, 0xfe, 0x1c, 0xc8, 0x40, 0x3f,
    0xf8, 0x4d, 0xd6, 0xe2, 0x1, 0xff, 0xc1, 0x48,
    0x40, 0xf, 0xff, 0xf8, 0x7, 0xff, 0xfc, 0x3,
    0xff, 0xfe, 0x1, 0xf0,

    /* U+00B7 "·" */
    0x0, 0x45, 0xd2, 0x80, 0x58, 0xe8, 0xb4, 0xc0,
    0x86, 0x1, 0xa0, 0x8, 0x3, 0x84, 0x8, 0x3,
    0x84, 0x10, 0x80, 0x33, 0x0, 0x3d, 0x0, 0x5e,
    0x0,

    /* U+00B8 "¸" */
    0x0, 0xf, 0x70, 0x40, 0x3a, 0x6, 0x4, 0x3,
    0x1b, 0x11, 0x40, 0x19, 0x0, 0xaf, 0x70, 0x80,
    0xf, 0x35, 0x0, 0x7c, 0x1, 0x32, 0xba, 0x81,
    0x80, 0x1c, 0x80, 0x90, 0x4, 0x12, 0x37, 0xf4,
    0x42, 0xc1, 0x58, 0x80, 0x57, 0x14, 0x0,

    /* U+00B9 "¹" */
    0x0, 0x85, 0xfb, 0xe4, 0x3, 0xc, 0x74, 0x8,
    0x7, 0x27, 0x38, 0x7, 0xe5, 0x0, 0x23, 0x0,
    0x78, 0x6b, 0x6f, 0x0, 0x3e, 0x52, 0x0, 0xff,
    0xff, 0x80, 0x7f, 0x8e, 0x22, 0xe0, 0x2, 0xc4,
    0x1d, 0x1d, 0xe4, 0x0, 0x1b, 0xba, 0x40, 0x3f,
    0xe0,

    /* U+00BA "º" */
    0x0, 0xe1, 0x44, 0x10, 0x7, 0xe4, 0xce, 0xbb,
    0x6f, 0x30, 0x7, 0x3d, 0x98, 0x6, 0x19, 0xa0,
    0x9, 0x20, 0x1, 0x3d, 0xf4, 0x20, 0xac, 0x0,
    0x80, 0x5, 0x30, 0x82, 0xe8, 0x2, 0x0, 0x4c,
    0x9, 0x40, 0x31, 0xa0, 0x9, 0x90, 0x1, 0xc0,
    0x3c, 0x60, 0x6, 0x70, 0x1, 0x0, 0x7b, 0xc0,
    0x6, 0xe0, 0x2, 0x0, 0xf7, 0x0, 0x8, 0xc0,
    0x8, 0x1, 0xe4, 0x0, 0x28, 0x28, 0xc, 0x0,
    0x67, 0x20, 0x41, 0x8, 0x0, 0x3d, 0xb2, 0xd4,
    0x0, 0x24, 0x0, 0x56, 0x0, 0x49, 0xa5, 0x1,
    0xc2, 0x0, 0x93, 0x9c, 0x80, 0x4, 0xfe, 0x60,
    0x0,

    /* U+00BB "»" */
    0x0, 0xff, 0xe3, 0x16, 0x10, 0x7, 0x53, 0x80,
    0x78, 0xb0, 0xfc, 0x40, 0x2c, 0x58, 0x30, 0xe,
    0x23, 0x2, 0xa0, 0x9, 0x40, 0x1a, 0x20, 0x1d,
    0xe2, 0x9, 0x0, 0x9, 0x40, 0x1d, 0x0, 0xe2,
    0xa0, 0x3, 0xa0, 0x2, 0x88, 0xe, 0x40, 0x39,
    0x20, 0x1, 0x64, 0x3, 0xe0, 0x6, 0x60, 0x7,
    0x3a, 0x80, 0x3c, 0x0, 0x54, 0x0, 0x93, 0x0,
    0xea, 0x10, 0x28, 0x0, 0x2a, 0x80, 0x1c, 0x1,
    0xd0, 0x20, 0x32, 0x0, 0x35, 0x0, 0x40, 0x6,
    0x57, 0x0, 0x68, 0x80, 0xe8, 0x2, 0x14, 0x2,
    0x3a, 0x0, 0x49, 0x80, 0x34, 0x41, 0x5c, 0x2,
    0x1d, 0x0, 0x33, 0x0, 0x14, 0x60, 0x54, 0x1,
    0xb4, 0x41, 0x24, 0x1, 0xa, 0x3, 0xe0, 0x18,
    0xcc, 0x5, 0x40, 0x12, 0x80, 0x28, 0x80, 0x31,
    0xe0, 0xf8, 0x80, 0x58, 0x72, 0x80, 0x1e, 0x3e,
    0x20, 0xc, 0x38, 0xc0, 0x1e,

    /* U+00BC "¼" */
    0x0, 0xff, 0xe4, 0x47, 0xf8, 0xc0, 0x3f, 0xfa,
    0x4a, 0x2, 0x60, 0x1f, 0xfc, 0x36, 0x84, 0x0,
    0xff, 0x88, 0x80, 0xe0, 0x1f, 0xfc, 0x11, 0x8e,
    0x97, 0xd0, 0xf, 0xf9, 0x40, 0x1a, 0x1, 0xff,
    0xc, 0x73, 0x88, 0x7, 0xff, 0xa, 0xc0, 0x8,
    0x1, 0xff, 0x2b, 0x80, 0x4, 0x3, 0xff, 0x82,
    0x26, 0xa, 0x1, 0xff, 0xc0, 0x42, 0x5b, 0xb0,
    0x7, 0xff, 0x5, 0x80, 0x1e, 0x1, 0xff, 0xc1,
    0xda, 0x40, 0xf, 0xfe, 0x15, 0x80, 0x14, 0x3,
    0xff, 0xa2, 0x26, 0x8, 0x1, 0xff, 0xd2, 0x70,
    0x7, 0x0, 0x7f, 0xf4, 0xb4, 0x0, 0x80, 0x1f,
    0xfd, 0x24, 0x4, 0x10, 0xf, 0xfe, 0x8a, 0x80,
    0x34, 0x3, 0xff, 0xa5, 0xe0, 0x7, 0x0, 0xff,
    0xe9, 0x28, 0x18, 0x80, 0x7e, 0x15, 0x51, 0x0,
    0x7f, 0xf1, 0x54, 0x1, 0x60, 0x1f, 0xd5, 0x52,
    0x80, 0x1f, 0xfe, 0xa0, 0x3, 0x7f, 0xb8, 0x3,
    0x78, 0x1, 0x40, 0x3f, 0x42, 0x0, 0x7f, 0xf2,
    0x10, 0x8, 0x80, 0x1f, 0x2b, 0x80, 0x78, 0xd9,
    0xbf, 0xc0, 0x12, 0x8, 0x28, 0x7, 0xc5, 0x40,
    0x20, 0x1c, 0x93, 0x3f, 0xd0, 0x1, 0x68, 0x2,
    0x80, 0x3e, 0xf0, 0x39, 0x0, 0xff, 0xe3, 0xb8,
    0x11, 0x0, 0x3d, 0x64, 0x3c, 0x20, 0x1f, 0xfc,
    0x63, 0x10, 0x50, 0xf, 0x3a, 0x5, 0x10, 0x7,
    0xff, 0x1e, 0xc0, 0x16, 0x1, 0xc9, 0x0, 0xe8,
    0x1, 0xff, 0xc8, 0x60, 0x13, 0x0, 0xc5, 0x60,
    0x90, 0x1, 0xff, 0xc8, 0x31, 0x7, 0x0, 0xef,
    0x0, 0x1b, 0xbd, 0x80, 0xc, 0x76, 0x0, 0xff,
    0xe0, 0x58, 0x3, 0x40, 0x38, 0x80, 0xf, 0x11,
    0x28, 0x1, 0x22, 0x0, 0x1f, 0xfc, 0x5, 0x1,
    0x40, 0xf, 0xfe, 0x89, 0x10, 0x10, 0x3, 0xdf,
    0xff, 0x48, 0x2, 0x3f, 0x80, 0x3f, 0xe5, 0x0,
    0x78, 0x7, 0xff, 0x4a, 0xc0, 0xa, 0x1, 0xff,
    0xd1, 0x13, 0x5, 0x0, 0xff, 0xe9, 0x30, 0x3,
    0xc0, 0x3f, 0xf8, 0x4d, 0xfe, 0x70, 0xf, 0xfe,
    0x5, 0x80, 0x14, 0x3, 0xff, 0xa2, 0x26, 0x8,
    0x1, 0xff, 0xd2, 0x70, 0x6, 0x80, 0x7f, 0xf4,
    0xb4, 0x0, 0xe0, 0x1f, 0xfc, 0x90,

    /* U+00BD "½" */
    0x0, 0xff, 0xe4, 0x47, 0xf8, 0xc0, 0x3f, 0xfa,
    0x4a, 0x2, 0x60, 0x1f, 0xfc, 0x36, 0x84, 0x0,
    0xff, 0x88, 0x80, 0xe0, 0x1f, 0xfc, 0x11, 0x8e,
    0x97, 0xd0, 0xf, 0xf9, 0x40, 0x1a, 0x1, 0xff,
    0xc, 0x73, 0x88, 0x7, 0xff, 0xa, 0xc0, 0x8,
    0x1, 0xff, 0x2b, 0x80, 0x4, 0x3, 0xff, 0x82,
    0x26, 0xa, 0x1, 0xff, 0xc0, 0x42, 0x5c, 0xb0,
    0xf, 0xfe, 0xb, 0x0, 0x3c, 0x3, 0xff, 0x83,
    0xb4, 0x60, 0x1f, 0xfc, 0x2b, 0x0, 0x28, 0x7,
    0xff, 0x44, 0x4c, 0x10, 0x3, 0xff, 0xa4, 0xe0,
    0xe, 0x0, 0xff, 0xe9, 0x68, 0x1, 0x0, 0x3f,
    0xfa, 0x48, 0x8, 0x20, 0x1f, 0xfd, 0x15, 0x0,
    0x68, 0x7, 0xff, 0x4b, 0xc0, 0xe, 0x1, 0xff,
    0xd2, 0x50, 0x31, 0x0, 0xc9, 0x15, 0x74, 0xc0,
    0x1f, 0xfc, 0x75, 0x0, 0x58, 0x4, 0xdd, 0x6e,
    0xa8, 0xb3, 0xc8, 0x0, 0x7f, 0xfa, 0x80, 0xd,
    0xfe, 0xe0, 0xd, 0xe0, 0x5, 0x0, 0x2c, 0x88,
    0x7, 0x86, 0xc8, 0x3, 0xff, 0x88, 0x80, 0x44,
    0x0, 0x29, 0x94, 0xef, 0xf4, 0x0, 0x50, 0x6,
    0xcd, 0xfe, 0x0, 0x90, 0x41, 0x40, 0x36, 0xe9,
    0x88, 0x5, 0xdc, 0x0, 0x40, 0x49, 0x9f, 0xe8,
    0x0, 0xb4, 0x1, 0x40, 0x18, 0x40, 0x3d, 0xa0,
    0x1f, 0xfc, 0x67, 0x2, 0x20, 0x7, 0xfc, 0x60,
    0x2, 0x0, 0xff, 0xe1, 0x18, 0x82, 0x80, 0x7f,
    0xf0, 0x28, 0x1, 0x40, 0x1f, 0xfc, 0x2b, 0x0,
    0x58, 0x7, 0xfc, 0xe6, 0x4, 0xc0, 0x1f, 0xfc,
    0x26, 0x1, 0x30, 0xf, 0xf2, 0xc0, 0xf, 0x80,
    0x7f, 0xf0, 0x8c, 0x41, 0xc0, 0x3f, 0xcb, 0x40,
    0xd, 0x20, 0xf, 0xfe, 0x15, 0x80, 0x34, 0x3,
    0xf9, 0xe8, 0x7, 0xc, 0x3, 0xff, 0x86, 0xa0,
    0x28, 0x1, 0xfa, 0x60, 0xb, 0xc, 0x3, 0xff,
    0x86, 0x44, 0x4, 0x0, 0xf8, 0x6d, 0x81, 0x30,
    0x80, 0x3f, 0xf8, 0x8a, 0x0, 0xf0, 0xf, 0xe,
    0x20, 0x0, 0x6e, 0xab, 0x90, 0x3, 0xfe, 0xb0,
    0x2, 0x80, 0x78, 0xc8, 0x2, 0x55, 0xf8, 0x80,
    0x3f, 0xc2, 0x60, 0xa0, 0x1f, 0xfd, 0x26, 0x0,
    0x78, 0x7, 0xc5, 0xff, 0xff, 0x30, 0x7, 0xfa,
    0xc0, 0xa, 0x1, 0xff, 0xd1, 0x13, 0x4, 0x0,
    0xff, 0xe9, 0x38, 0x3, 0x40, 0x3f, 0xfa, 0x5a,
    0x0, 0x70, 0xf, 0xfe, 0x48,

    /* U+00BE "¾" */
    0x0, 0xff, 0xe5, 0xf, 0xfa, 0x80, 0x3f, 0xfa,
    0xac, 0x0, 0xf0, 0xf, 0xfe, 0x13, 0x5f, 0x7f,
    0xb2, 0x4, 0x3, 0xfe, 0xb0, 0x2, 0x80, 0x7f,
    0xf0, 0x17, 0xa5, 0x4, 0x0, 0x6f, 0xe4, 0x1,
    0xfc, 0x26, 0xa, 0x1, 0xff, 0xc1, 0xe1, 0x0,
    0x22, 0x8, 0x0, 0x3e, 0x1, 0xfc, 0xe0, 0xf,
    0x0, 0xff, 0xe0, 0xc9, 0xdf, 0xdd, 0xb6, 0x80,
    0x4, 0x60, 0x1f, 0xb4, 0x0, 0x80, 0x1f, 0xfc,
    0x12, 0xc4, 0x0, 0xca, 0x20, 0x7, 0x0, 0xfc,
    0x80, 0x82, 0x1, 0xff, 0xc9, 0x10, 0x2, 0x80,
    0x7c, 0xa0, 0xd, 0x0, 0xff, 0xe4, 0x1e, 0x0,
    0x20, 0x40, 0x3e, 0xf0, 0x3, 0x80, 0x7f, 0xf1,
    0x63, 0xfd, 0x86, 0x34, 0xe0, 0x1f, 0x94, 0xc,
    0x40, 0x3f, 0xf9, 0x43, 0xc4, 0x1, 0xf2, 0x80,
    0x2c, 0x3, 0xff, 0x8d, 0x55, 0x41, 0x82, 0x69,
    0x80, 0x7b, 0xc0, 0xa, 0x1, 0xff, 0xc6, 0x25,
    0x53, 0xe3, 0x0, 0x20, 0x3, 0xc8, 0x6, 0x40,
    0x1f, 0xfc, 0xbd, 0x0, 0x28, 0x7, 0x20, 0x85,
    0x80, 0x7f, 0xf3, 0x8, 0x3, 0xf6, 0x80, 0x14,
    0x3, 0xf9, 0x15, 0x0, 0x34, 0x62, 0x0, 0x63,
    0x80, 0x2, 0x0, 0x73, 0x81, 0x10, 0x3, 0xf2,
    0xdd, 0x48, 0x4, 0x2e, 0x77, 0xf9, 0x7b, 0x82,
    0x0, 0x80, 0xc, 0x62, 0xa, 0x1, 0xf8, 0xa8,
    0x3, 0xe5, 0x0, 0x8d, 0x8, 0x0, 0x38, 0x40,
    0x1a, 0x80, 0x16, 0x1, 0xfb, 0xc0, 0x3e, 0x1a,
    0xd7, 0x31, 0x1, 0x38, 0xe3, 0x0, 0xe7, 0x1,
    0x30, 0xf, 0xac, 0x80, 0x3f, 0x8a, 0x33, 0xbf,
    0xb1, 0xc0, 0x3c, 0x62, 0xe, 0x1, 0xf4, 0x20,
    0x50, 0x7, 0xff, 0x2a, 0xc0, 0x1a, 0x1, 0xe4,
    0x70, 0x75, 0x0, 0xff, 0xe5, 0x28, 0xa, 0x0,
    0x71, 0x58, 0x24, 0x0, 0x7f, 0xf2, 0x88, 0x80,
    0xe0, 0x1e, 0xf0, 0x1a, 0x0, 0xff, 0xe5, 0xa8,
    0x3, 0x40, 0x3a, 0x88, 0x34, 0x40, 0x3f, 0xf9,
    0x76, 0x0, 0x40, 0xc, 0xca, 0x6, 0x8e, 0xf0,
    0x0, 0xdd, 0xc4, 0x1, 0xff, 0xc2, 0x13, 0x5,
    0x0, 0xef, 0x0, 0x1c, 0x46, 0x0, 0xc, 0x41,
    0x80, 0x3f, 0xf8, 0x4c, 0x0, 0xf0, 0xf, 0xfe,
    0xad, 0x80, 0x14, 0x3, 0xa7, 0xff, 0xe0, 0x1,
    0x7f, 0x90, 0x3, 0xff, 0x82, 0x26, 0x8, 0x1,
    0xff, 0xd5, 0x70, 0x6, 0x80, 0x7f, 0xf5, 0x74,
    0x0, 0xe0, 0x1f, 0xfd, 0x41, 0x40, 0x41, 0x0,
    0xff, 0xe1, 0x7f, 0xb4, 0x3, 0xff, 0x86, 0x80,
    0xd, 0x0, 0xff, 0xea, 0xf0, 0x1, 0xc0, 0x3f,
    0xfa, 0xa8, 0x6, 0x20, 0x1f, 0xfd, 0x45, 0x0,
    0x58, 0x7, 0xff, 0x28,

    /* U+00BF "¿" */
    0x0, 0xfe, 0x57, 0x20, 0xf, 0xfe, 0x16, 0x54,
    0x69, 0x80, 0x7f, 0xf0, 0xc, 0xc0, 0x15, 0x0,
    0x7f, 0xf0, 0x1c, 0x3, 0x18, 0x7, 0xff, 0x1,
    0x4, 0x2, 0xf0, 0xf, 0xfe, 0xe, 0x2a, 0x4a,
    0x80, 0x7f, 0xf0, 0x4a, 0xad, 0x80, 0x3f, 0xfc,
    0xcd, 0xfe, 0xd0, 0xf, 0xfe, 0x17, 0x0, 0x4,
    0x3, 0xff, 0x84, 0x60, 0x6, 0x0, 0xff, 0xe0,
    0x8a, 0x0, 0x30, 0x3, 0xff, 0x83, 0x0, 0x13,
    0x80, 0x7f, 0xf0, 0x11, 0x80, 0xa, 0x20, 0x1f,
    0xf1, 0xd8, 0x0, 0x6c, 0x3, 0xfe, 0x3d, 0x0,
    0xb4, 0x40, 0x3f, 0xc7, 0x82, 0x0, 0xb3, 0x0,
    0xff, 0x1e, 0x0, 0x7, 0x10, 0x3, 0xfc, 0x3a,
    0x1, 0x61, 0x80, 0x7f, 0xd2, 0x20, 0xa, 0x20,
    0xf, 0xfe, 0x3, 0x0, 0x5, 0x40, 0x3f, 0xf8,
    0x22, 0x0, 0x20, 0xf, 0xfe, 0xa0, 0x80, 0xc,
    0x80, 0x3f, 0xc2, 0x0, 0x40, 0xb, 0x80, 0x3f,
    0x15, 0xd0, 0x2, 0x0, 0x23, 0xe6, 0x20, 0x0,
    0xad, 0x6a, 0x24, 0x5, 0x40, 0x10, 0xce, 0xff,
    0xba, 0x94, 0x2, 0xc0, 0x2, 0xd0, 0x80, 0x7f,
    0x8a, 0xe0, 0x2, 0x5f, 0x83, 0x0, 0xe2, 0x6b,
    0xd4, 0x0, 0xe1, 0x7c, 0xfe, 0xde, 0xfd, 0x94,
    0x0, 0x80,

    /* U+00C0 "À" */
    0x0, 0xf0, 0xbc, 0x44, 0x60, 0x1f, 0xfc, 0x81,
    0x13, 0xbd, 0xc0, 0x1f, 0xfc, 0x96, 0x90, 0x1,
    0x38, 0x7, 0xff, 0x25, 0xa4, 0x1, 0x2, 0x1,
    0xff, 0xc9, 0x69, 0x0, 0x40, 0x7, 0xff, 0x29,
    0xa9, 0xf8, 0x3, 0xff, 0x96, 0xb0, 0xe0, 0x1f,
    0xfe, 0x4b, 0xff, 0xb8, 0x3, 0xff, 0x90, 0x28,
    0x1, 0xa, 0x0, 0x7f, 0xf1, 0xdc, 0x3, 0xb8,
    0x3, 0xff, 0x8f, 0x40, 0x1c, 0xa2, 0x1, 0xff,
    0xc5, 0x23, 0x0, 0x10, 0x4, 0xe0, 0x1f, 0xfc,
    0x55, 0x0, 0xb8, 0x2, 0xa0, 0xf, 0xfe, 0x2d,
    0x0, 0x8, 0xd4, 0x0, 0x64, 0x1, 0xff, 0xc3,
    0x32, 0x0, 0x50, 0x70, 0x4, 0xa0, 0x1f, 0xfc,
    0x3a, 0x0, 0x94, 0x10, 0x40, 0x14, 0x1, 0xff,
    0xc3, 0x70, 0x1, 0x90, 0x1, 0xc0, 0x4, 0x60,
    0x1f, 0xfc, 0x14, 0x10, 0x5, 0x80, 0x5a, 0x1,
    0x50, 0x7, 0xff, 0x7, 0x80, 0x26, 0x0, 0x90,
    0x40, 0xe, 0x1, 0xff, 0xc1, 0x50, 0x2, 0x8,
    0x6, 0x60, 0x0, 0xa0, 0x7, 0xfc, 0xc0, 0x16,
    0x80, 0x75, 0x80, 0x5c, 0x1, 0xff, 0x68, 0x4,
    0xe0, 0x1c, 0x64, 0x0, 0x51, 0x0, 0xfe, 0x14,
    0x0, 0x20, 0x80, 0x79, 0x40, 0x27, 0x0, 0xfe,
    0x60, 0xb, 0x80, 0x3e, 0xa0, 0xa, 0x80, 0x3f,
    0xa8, 0x2, 0x50, 0xf, 0x88, 0xc0, 0x6, 0x40,
    0x1f, 0x11, 0x0, 0xa, 0x1, 0xfd, 0x60, 0x12,
    0x80, 0x7d, 0x40, 0x12, 0xff, 0xff, 0x40, 0x5,
    0x40, 0x1f, 0x30, 0x7, 0xff, 0x14, 0x8c, 0x3,
    0x90, 0x40, 0x3f, 0xf8, 0xd4, 0x1, 0xda, 0x1,
    0x4e, 0x67, 0xff, 0x0, 0x2, 0x70, 0xe, 0x60,
    0x0, 0xb1, 0x9f, 0xff, 0x1, 0x0, 0x2, 0x80,
    0x12, 0x80, 0x4e, 0x1, 0xff, 0xc1, 0xd0, 0xb,
    0x80, 0x2e, 0x0, 0xa8, 0x3, 0xff, 0x82, 0xe0,
    0x12, 0x88, 0xa, 0x0, 0x4, 0xc0, 0x3f, 0xf8,
    0x22, 0xa0, 0x13, 0x83, 0x80, 0x4c, 0x1, 0xff,
    0xc3, 0xf0, 0xa, 0x82, 0x80, 0x2a, 0x0, 0xff,
    0xe1, 0xa8, 0x4, 0x64,

    /* U+00C1 "Á" */
    0x0, 0xff, 0xe0, 0xbc, 0x44, 0x80, 0x1f, 0xfc,
    0x86, 0x87, 0x72, 0x20, 0x3, 0xff, 0x8e, 0x30,
    0x0, 0x3c, 0x0, 0xff, 0xe4, 0x48, 0x81, 0x68,
    0x7, 0xff, 0x20, 0x9c, 0xb, 0x4, 0x3, 0xff,
    0x90, 0xcf, 0x18, 0x20, 0x1f, 0xfc, 0x94, 0x87,
    0x10, 0xf, 0xff, 0x25, 0xff, 0xdc, 0x1, 0xff,
    0xc8, 0x14, 0x0, 0x85, 0x0, 0x3f, 0xf8, 0xee,
    0x1, 0xdc, 0x1, 0xff, 0xc7, 0xa0, 0xe, 0x51,
    0x0, 0xff, 0xe2, 0x91, 0x80, 0x8, 0x2, 0x70,
    0xf, 0xfe, 0x2a, 0x80, 0x5c, 0x1, 0x50, 0x7,
    0xff, 0x16, 0x80, 0x4, 0x6a, 0x0, 0x32, 0x0,
    0xff, 0xe1, 0x99, 0x0, 0x28, 0x38, 0x2, 0x50,
    0xf, 0xfe, 0x1d, 0x0, 0x4a, 0x8, 0x20, 0xa,
    0x0, 0xff, 0xe1, 0xb8, 0x0, 0xc8, 0x0, 0xe0,
    0x2, 0x30, 0xf, 0xfe, 0xa, 0x8, 0x2, 0xc0,
    0x2d, 0x0, 0xa8, 0x3, 0xff, 0x83, 0xc0, 0x13,
    0x0, 0x48, 0x20, 0x7, 0x0, 0xff, 0xe0, 0xa8,
    0x1, 0x4, 0x3, 0x30, 0x0, 0x50, 0x3, 0xfe,
    0x60, 0xb, 0x40, 0x3a, 0xc0, 0x2e, 0x0, 0xff,
    0xb4, 0x2, 0x70, 0xe, 0x32, 0x0, 0x28, 0x80,
    0x7f, 0xa, 0x0, 0x10, 0x40, 0x3c, 0xa0, 0x13,
    0x80, 0x7f, 0x30, 0x5, 0xc0, 0x1f, 0x50, 0x5,
    0x40, 0x1f, 0xd4, 0x1, 0x28, 0x7, 0xc4, 0x60,
    0x3, 0x20, 0xf, 0x88, 0x80, 0x5, 0x0, 0xfe,
    0xb0, 0x9, 0x40, 0x3e, 0xa0, 0x9, 0x7f, 0xff,
    0xa0, 0x2, 0xa0, 0xf, 0x98, 0x3, 0xff, 0x8a,
    0x46, 0x1, 0xc8, 0x20, 0x1f, 0xfc, 0x6a, 0x0,
    0xed, 0x0, 0xa7, 0x33, 0xff, 0x80, 0x1, 0x38,
    0x7, 0x30, 0x0, 0x58, 0xcf, 0xff, 0x80, 0x80,
    0x1, 0x40, 0x9, 0x40, 0x27, 0x0, 0xff, 0xe0,
    0xe8, 0x5, 0xc0, 0x17, 0x0, 0x54, 0x1, 0xff,
    0xc1, 0x70, 0x9, 0x44, 0x5, 0x0, 0x2, 0x60,
    0x1f, 0xfc, 0x11, 0x50, 0x9, 0xc1, 0xc0, 0x26,
    0x0, 0xff, 0xe1, 0xf8, 0x5, 0x41, 0x40, 0x15,
    0x0, 0x7f, 0xf0, 0xd4, 0x2, 0x32,

    /* U+00C2 "Â" */
    0x0, 0xff, 0x92, 0x1c, 0x3, 0xff, 0x94, 0xb6,
    0xf1, 0x60, 0x1f, 0xfc, 0x85, 0xa0, 0x9, 0x28,
    0x3, 0xff, 0x8c, 0xd4, 0x3, 0xa8, 0xb, 0x40,
    0x1f, 0xfc, 0x46, 0x90, 0x1c, 0x2b, 0x50, 0x59,
    0x0, 0xff, 0xe1, 0xb7, 0xfb, 0x88, 0x1, 0x5f,
    0xe9, 0x0, 0xff, 0xfd, 0x5f, 0xfd, 0xc0, 0x1f,
    0xfc, 0x81, 0x40, 0x8, 0x50, 0x3, 0xff, 0x8e,
    0xe0, 0x1d, 0xc0, 0x1f, 0xfc, 0x7a, 0x0, 0xe5,
    0x10, 0xf, 0xfe, 0x29, 0x18, 0x0, 0x80, 0x27,
    0x0, 0xff, 0xe2, 0xa8, 0x5, 0xc0, 0x15, 0x0,
    0x7f, 0xf1, 0x68, 0x0, 0x46, 0xa0, 0x3, 0x20,
    0xf, 0xfe, 0x19, 0x90, 0x2, 0x83, 0x80, 0x25,
    0x0, 0xff, 0xe1, 0xd0, 0x4, 0xa0, 0x82, 0x0,
    0xa0, 0xf, 0xfe, 0x1b, 0x80, 0xc, 0x80, 0xe,
    0x0, 0x23, 0x0, 0xff, 0xe0, 0xa0, 0x80, 0x2c,
    0x2, 0xd0, 0xa, 0x80, 0x3f, 0xf8, 0x3c, 0x1,
    0x30, 0x4, 0x82, 0x0, 0x70, 0xf, 0xfe, 0xa,
    0x80, 0x10, 0x40, 0x33, 0x0, 0x5, 0x0, 0x3f,
    0xe6, 0x0, 0xb4, 0x3, 0xac, 0x2, 0xe0, 0xf,
    0xfb, 0x40, 0x27, 0x0, 0xe3, 0x20, 0x2, 0x88,
    0x7, 0xf0, 0xa0, 0x1, 0x4, 0x3, 0xca, 0x1,
    0x38, 0x7, 0xf3, 0x0, 0x5c, 0x1, 0xf5, 0x0,
    0x54, 0x1, 0xfd, 0x40, 0x12, 0x80, 0x7c, 0x46,
    0x0, 0x32, 0x0, 0xf8, 0x88, 0x0, 0x50, 0xf,
    0xeb, 0x0, 0x94, 0x3, 0xea, 0x0, 0x97, 0xff,
    0xfa, 0x0, 0x2a, 0x0, 0xf9, 0x80, 0x3f, 0xf8,
    0xa4, 0x60, 0x1c, 0x82, 0x1, 0xff, 0xc6, 0xa0,
    0xe, 0xd0, 0xa, 0x73, 0x3f, 0xf8, 0x0, 0x13,
    0x80, 0x73, 0x0, 0x5, 0x8c, 0xff, 0xf8, 0x8,
    0x0, 0x14, 0x0, 0x94, 0x2, 0x70, 0xf, 0xfe,
    0xe, 0x80, 0x5c, 0x1, 0x70, 0x5, 0x40, 0x1f,
    0xfc, 0x17, 0x0, 0x94, 0x40, 0x50, 0x0, 0x26,
    0x1, 0xff, 0xc1, 0x15, 0x0, 0x9c, 0x1c, 0x2,
    0x60, 0xf, 0xfe, 0x1f, 0x80, 0x54, 0x14, 0x1,
    0x50, 0x7, 0xff, 0xd, 0x40, 0x23, 0x20,

    /* U+00C3 "Ã" */
    0x0, 0xfc, 0x53, 0x70, 0x1, 0x89, 0x80, 0x3f,
    0xf8, 0x67, 0xac, 0x8f, 0xca, 0x0, 0x99, 0x50,
    0x7, 0xff, 0xb, 0x40, 0x30, 0xd6, 0xe9, 0x3,
    0x80, 0x3f, 0xf8, 0x2a, 0x21, 0x7d, 0x42, 0x4,
    0x40, 0x64, 0x0, 0xff, 0xe0, 0xa4, 0x4a, 0xa,
    0xf3, 0x8, 0x9e, 0x40, 0x3f, 0xf8, 0x42, 0xec,
    0x1, 0xa7, 0xb9, 0x0, 0x1f, 0xff, 0xbb, 0xff,
    0xb8, 0x3, 0xff, 0x90, 0x28, 0x1, 0xa, 0x0,
    0x7f, 0xf1, 0xdc, 0x3, 0xb8, 0x3, 0xff, 0x8f,
    0x40, 0x1c, 0xa2, 0x1, 0xff, 0xc5, 0x23, 0x0,
    0x10, 0x4, 0xe0, 0x1f, 0xfc, 0x55, 0x0, 0xb8,
    0x2, 0xa0, 0xf, 0xfe, 0x2d, 0x0, 0x8, 0xd4,
    0x0, 0x64, 0x1, 0xff, 0xc3, 0x32, 0x0, 0x50,
    0x70, 0x4, 0xa0, 0x1f, 0xfc, 0x3a, 0x0, 0x94,
    0x10, 0x40, 0x14, 0x1, 0xff, 0xc3, 0x70, 0x1,
    0x90, 0x1, 0xc0, 0x4, 0x60, 0x1f, 0xfc, 0x14,
    0x10, 0x5, 0x80, 0x5a, 0x1, 0x50, 0x7, 0xff,
    0x7, 0x80, 0x26, 0x0, 0x90, 0x40, 0xe, 0x1,
    0xff, 0xc1, 0x50, 0x2, 0x8, 0x6, 0x60, 0x0,
    0xa0, 0x7, 0xfc, 0xc0, 0x16, 0x80, 0x75, 0x80,
    0x5c, 0x1, 0xff, 0x68, 0x4, 0xe0, 0x1c, 0x64,
    0x0, 0x51, 0x0, 0xfe, 0x14, 0x0, 0x20, 0x80,
    0x79, 0x40, 0x27, 0x0, 0xfe, 0x60, 0xb, 0x80,
    0x3e, 0xa0, 0xa, 0x80, 0x3f, 0xa8, 0x2, 0x50,
    0xf, 0x88, 0xc0, 0x6, 0x40, 0x1f, 0x11, 0x0,
    0xa, 0x1, 0xfd, 0x60, 0x12, 0x80, 0x7d, 0x40,
    0x12, 0xff, 0xff, 0x40, 0x5, 0x40, 0x1f, 0x30,
    0x7, 0xff, 0x14, 0x8c, 0x3, 0x90, 0x40, 0x3f,
    0xf8, 0xd4, 0x1, 0xda, 0x1, 0x4e, 0x67, 0xff,
    0x0, 0x2, 0x70, 0xe, 0x60, 0x0, 0xb1, 0x9f,
    0xff, 0x1, 0x0, 0x2, 0x80, 0x12, 0x80, 0x4e,
    0x1, 0xff, 0xc1, 0xd0, 0xb, 0x80, 0x2e, 0x0,
    0xa8, 0x3, 0xff, 0x82, 0xe0, 0x12, 0x88, 0xa,
    0x0, 0x4, 0xc0, 0x3f, 0xf8, 0x22, 0xa0, 0x13,
    0x83, 0x80, 0x4c, 0x1, 0xff, 0xc3, 0xf0, 0xa,
    0x82, 0x80, 0x2a, 0x0, 0xff, 0xe1, 0xa8, 0x4,
    0x64,

    /* U+00C4 "Ä" */
    0x0, 0xf9, 0xbb, 0x88, 0x1, 0x16, 0xfc, 0x80,
    0x7f, 0xf0, 0xe4, 0x45, 0x40, 0x14, 0x10, 0x31,
    0x80, 0x7f, 0xf0, 0x44, 0x2, 0x10, 0x8, 0x40,
    0x27, 0x0, 0xff, 0xe0, 0x8a, 0x80, 0x1c, 0x2,
    0xe0, 0x1, 0x20, 0x7, 0xff, 0xa, 0xb7, 0x50,
    0x1, 0x2f, 0x66, 0x80, 0x7f, 0xf1, 0x8, 0x80,
    0x1c, 0x26, 0x1, 0xff, 0xc7, 0xbf, 0xfb, 0x80,
    0x3f, 0xf9, 0x2, 0x80, 0x10, 0xa0, 0x7, 0xff,
    0x1d, 0xc0, 0x3b, 0x80, 0x3f, 0xf8, 0xf4, 0x1,
    0xca, 0x20, 0x1f, 0xfc, 0x52, 0x30, 0x1, 0x0,
    0x4e, 0x1, 0xff, 0xc5, 0x50, 0xb, 0x80, 0x2a,
    0x0, 0xff, 0xe2, 0xd0, 0x0, 0x8d, 0x40, 0x6,
    0x40, 0x1f, 0xfc, 0x33, 0x20, 0x5, 0x7, 0x0,
    0x4a, 0x1, 0xff, 0xc3, 0xa0, 0x9, 0x41, 0x4,
    0x1, 0x40, 0x1f, 0xfc, 0x37, 0x0, 0x19, 0x0,
    0x1c, 0x0, 0x46, 0x1, 0xff, 0xc1, 0x41, 0x0,
    0x58, 0x5, 0xa0, 0x15, 0x0, 0x7f, 0xf0, 0x78,
    0x2, 0x60, 0x9, 0x4, 0x0, 0xe0, 0x1f, 0xfc,
    0x15, 0x0, 0x20, 0x80, 0x66, 0x0, 0xa, 0x0,
    0x7f, 0xcc, 0x1, 0x68, 0x7, 0x58, 0x5, 0xc0,
    0x1f, 0xf6, 0x80, 0x4e, 0x1, 0xc6, 0x40, 0x5,
    0x10, 0xf, 0xe1, 0x40, 0x2, 0x8, 0x7, 0x94,
    0x2, 0x70, 0xf, 0xe6, 0x0, 0xb8, 0x3, 0xea,
    0x0, 0xa8, 0x3, 0xfa, 0x80, 0x25, 0x0, 0xf8,
    0x8c, 0x0, 0x64, 0x1, 0xf1, 0x10, 0x0, 0xa0,
    0x1f, 0xd6, 0x1, 0x28, 0x7, 0xd4, 0x1, 0x2f,
    0xff, 0xf4, 0x0, 0x54, 0x1, 0xf3, 0x0, 0x7f,
    0xf1, 0x48, 0xc0, 0x39, 0x4, 0x3, 0xff, 0x8d,
    0x40, 0x1d, 0xa0, 0x14, 0xe6, 0x7f, 0xf0, 0x0,
    0x27, 0x0, 0xe6, 0x0, 0xb, 0x19, 0xff, 0xf0,
    0x10, 0x0, 0x28, 0x1, 0x28, 0x4, 0xe0, 0x1f,
    0xfc, 0x1d, 0x0, 0xb8, 0x2, 0xe0, 0xa, 0x80,
    0x3f, 0xf8, 0x2e, 0x1, 0x28, 0x80, 0xa0, 0x0,
    0x4c, 0x3, 0xff, 0x82, 0x2a, 0x1, 0x38, 0x38,
    0x4, 0xc0, 0x1f, 0xfc, 0x3f, 0x0, 0xa8, 0x28,
    0x2, 0xa0, 0xf, 0xfe, 0x1a, 0x80, 0x46, 0x40,

    /* U+00C5 "Å" */
    0x0, 0xff, 0x46, 0xff, 0x48, 0x80, 0x7f, 0xf1,
    0xed, 0xc8, 0x5, 0xb0, 0x3, 0xff, 0x8c, 0x88,
    0xa, 0xfb, 0x2, 0x70, 0xf, 0xfe, 0x2e, 0x1,
    0xa8, 0x22, 0x86, 0x0, 0x7f, 0xf7, 0xf0, 0xd,
    0x40, 0xd4, 0xc, 0x3, 0xff, 0x8a, 0x88, 0xa,
    0xfc, 0x2, 0x80, 0xf, 0xfe, 0x35, 0xb9, 0x0,
    0xb6, 0x0, 0x7f, 0xf2, 0x23, 0x7f, 0xa4, 0x40,
    0x3f, 0xf9, 0x17, 0xff, 0x70, 0x7, 0xff, 0x20,
    0x50, 0x2, 0x14, 0x0, 0xff, 0xe3, 0xb8, 0x7,
    0x70, 0x7, 0xff, 0x1e, 0x80, 0x39, 0x44, 0x3,
    0xff, 0x8a, 0x46, 0x0, 0x20, 0x9, 0xc0, 0x3f,
    0xf8, 0xaa, 0x1, 0x70, 0x5, 0x40, 0x1f, 0xfc,
    0x5a, 0x0, 0x11, 0xa8, 0x0, 0xc8, 0x3, 0xff,
    0x86, 0x64, 0x0, 0xa0, 0xe0, 0x9, 0x40, 0x3f,
    0xf8, 0x74, 0x1, 0x28, 0x20, 0x80, 0x28, 0x3,
    0xff, 0x86, 0xe0, 0x3, 0x20, 0x3, 0x80, 0x8,
    0xc0, 0x3f, 0xf8, 0x28, 0x20, 0xb, 0x0, 0xb4,
    0x2, 0xa0, 0xf, 0xfe, 0xf, 0x0, 0x4c, 0x1,
    0x20, 0x80, 0x1c, 0x3, 0xff, 0x82, 0xa0, 0x4,
    0x10, 0xc, 0xc0, 0x1, 0x40, 0xf, 0xf9, 0x80,
    0x2d, 0x0, 0xeb, 0x0, 0xb8, 0x3, 0xfe, 0xd0,
    0x9, 0xc0, 0x38, 0xc8, 0x0, 0xa2, 0x1, 0xfc,
    0x28, 0x0, 0x41, 0x0, 0xf2, 0x80, 0x4e, 0x1,
    0xfc, 0xc0, 0x17, 0x0, 0x7d, 0x40, 0x15, 0x0,
    0x7f, 0x50, 0x4, 0xa0, 0x1f, 0x11, 0x80, 0xc,
    0x80, 0x3e, 0x22, 0x0, 0x14, 0x3, 0xfa, 0xc0,
    0x25, 0x0, 0xfa, 0x80, 0x25, 0xff, 0xfe, 0x80,
    0xa, 0x80, 0x3e, 0x60, 0xf, 0xfe, 0x29, 0x18,
    0x7, 0x20, 0x80, 0x7f, 0xf1, 0xa8, 0x3, 0xb4,
    0x2, 0x9c, 0xcf, 0xfe, 0x0, 0x4, 0xe0, 0x1c,
    0xc0, 0x1, 0x63, 0x3f, 0xfe, 0x2, 0x0, 0x5,
    0x0, 0x25, 0x0, 0x9c, 0x3, 0xff, 0x83, 0xa0,
    0x17, 0x0, 0x5c, 0x1, 0x50, 0x7, 0xff, 0x5,
    0xc0, 0x25, 0x10, 0x14, 0x0, 0x9, 0x80, 0x7f,
    0xf0, 0x45, 0x40, 0x27, 0x7, 0x0, 0x98, 0x3,
    0xff, 0x87, 0xe0, 0x15, 0x5, 0x0, 0x54, 0x1,
    0xff, 0xc3, 0x50, 0x8, 0xc8,

    /* U+00C6 "Æ" */
    0x0, 0xff, 0xe0, 0x8f, 0xff, 0xff, 0x19, 0xc0,
    0x3f, 0xf8, 0x32, 0x1, 0xff, 0xd4, 0x60, 0xf,
    0xfe, 0x9b, 0x88, 0x7, 0x14, 0xcf, 0xff, 0x1,
    0x40, 0x3f, 0xf8, 0x12, 0x0, 0x40, 0x9, 0x9b,
    0xff, 0x82, 0x40, 0x1f, 0xf3, 0x88, 0x3, 0xc0,
    0x3f, 0xfa, 0x12, 0x0, 0x34, 0x0, 0xff, 0xe7,
    0xb0, 0x80, 0x24, 0x3, 0xff, 0xa1, 0x0, 0x2,
    0x50, 0xf, 0xfe, 0x7b, 0x8, 0x2, 0xc0, 0x3f,
    0xfa, 0x10, 0x0, 0x16, 0x0, 0xff, 0xe7, 0xb0,
    0x80, 0x24, 0x3, 0xff, 0xa1, 0x60, 0x1, 0x70,
    0xf, 0x33, 0x7f, 0xca, 0x1, 0xfc, 0xa4, 0x0,
    0x90, 0xf, 0x8a, 0x67, 0xfd, 0x60, 0x1f, 0xd0,
    0x1, 0x30, 0x7, 0xff, 0x3d, 0x48, 0x0, 0xe2,
    0x1, 0xff, 0xcf, 0x80, 0xa, 0x40, 0x3f, 0x27,
    0xff, 0xfb, 0x80, 0x3e, 0x52, 0x0, 0x30, 0x80,
    0x7f, 0xf3, 0xe0, 0x2, 0xb0, 0xf, 0xfe, 0x7a,
    0x10, 0x1, 0x48, 0x3, 0xff, 0x9f, 0x0, 0x12,
    0xff, 0xfc, 0x1, 0xff, 0xc8, 0x43, 0x0, 0xff,
    0xe9, 0xc0, 0x7, 0xff, 0x4d, 0xc, 0x0, 0x79,
    0x9f, 0xc0, 0x1f, 0xfc, 0x78, 0x0, 0xa0, 0xcf,
    0xf8, 0x3, 0xff, 0x8c, 0x66, 0x0, 0x1a, 0x0,
    0x7f, 0xf0, 0x19, 0xbf, 0xf8, 0x24, 0x10, 0x1,
    0x48, 0x7, 0xff, 0x4, 0xa6, 0x7f, 0xf8, 0xa,
    0x68, 0x0, 0x25, 0x0, 0xff, 0xe7, 0xc0, 0x5,
    0x0, 0x1f, 0xfd, 0x0,

    /* U+00C7 "Ç" */
    0x0, 0xff, 0x1a, 0xbb, 0x99, 0x4c, 0x3, 0xff,
    0x84, 0x75, 0xf9, 0x51, 0x9, 0xac, 0xfc, 0x61,
    0x0, 0xfc, 0x57, 0x8a, 0x1, 0xfc, 0x73, 0xce,
    0x1, 0xe4, 0xd4, 0x0, 0xff, 0xe1, 0x41, 0x0,
    0x64, 0xb0, 0xc, 0x51, 0x9f, 0xf6, 0xd3, 0x0,
    0x4e, 0x40, 0x10, 0xd0, 0x6, 0x9d, 0x73, 0x0,
    0x89, 0x67, 0xe0, 0xe0, 0x3, 0x50, 0x80, 0x7,
    0x18, 0x3, 0xfc, 0xf8, 0x1, 0x8d, 0x0, 0x2a,
    0x30, 0xf, 0xfe, 0x2c, 0x80, 0x4a, 0x80, 0x1f,
    0xfc, 0x65, 0x0, 0xa0, 0x3, 0xff, 0x8c, 0x80,
    0x11, 0x90, 0x7, 0xff, 0x18, 0xc0, 0x2b, 0x0,
    0xff, 0xe3, 0xe8, 0x4, 0x60, 0x1f, 0xfc, 0x76,
    0x0, 0x98, 0x3, 0xff, 0x96, 0x60, 0x1f, 0xfc,
    0x71, 0x0, 0x84, 0x3, 0xff, 0x8e, 0x20, 0x10,
    0x80, 0x7f, 0xf2, 0xcc, 0x3, 0xff, 0x8e, 0xc0,
    0x13, 0x0, 0x7f, 0xf1, 0xc8, 0x2, 0x30, 0xf,
    0xfe, 0x3e, 0x0, 0x5a, 0x1, 0xff, 0xc7, 0x50,
    0x9, 0x44, 0x3, 0xff, 0x8c, 0x28, 0x1, 0x30,
    0x7, 0xff, 0x1f, 0xc0, 0x28, 0x20, 0xf, 0xfe,
    0x32, 0x18, 0x5, 0xe4, 0x1, 0xff, 0xc0, 0x54,
    0x0, 0xdc, 0x1, 0x16, 0x28, 0x7, 0xf1, 0x55,
    0x42, 0x1, 0x15, 0x0, 0x43, 0x58, 0xc4, 0x20,
    0x24, 0xd5, 0xaa, 0x3, 0x60, 0x19, 0x64, 0x3,
    0x1c, 0xef, 0x7f, 0x6c, 0xa8, 0x6, 0xd0, 0xe,
    0x6c, 0x20, 0xf, 0xfe, 0x9, 0xe3, 0x80, 0x78,
    0xf6, 0x90, 0x3, 0xf9, 0x2f, 0xc, 0x3, 0xf9,
    0x6f, 0xec, 0xc1, 0x66, 0xb3, 0xed, 0x0, 0x3f,
    0xf8, 0x4e, 0x69, 0x4c, 0xa6, 0x1, 0xff, 0xc5,
    0xf0, 0x4f, 0xd6, 0x0, 0xff, 0xe3, 0x42, 0x31,
    0x12, 0x58, 0x3, 0xff, 0x8a, 0x97, 0x3a, 0x21,
    0xa0, 0x1f, 0xfc, 0x43, 0x41, 0x4, 0x10, 0x10,
    0xf, 0xfe, 0x25, 0xdb, 0xbe, 0xc0, 0x10, 0x1,
    0xff, 0xc4, 0xc4, 0x10, 0x26, 0xd2, 0x0, 0xf8,

    /* U+00C8 "È" */
    0x0, 0xcf, 0x11, 0x20, 0x7, 0xff, 0x8, 0x9d,
    0xea, 0x0, 0xff, 0xe1, 0x2d, 0x0, 0x6, 0x0,
    0x3f, 0xf8, 0x4b, 0x40, 0x7, 0x10, 0xf, 0xfe,
    0x12, 0xd0, 0x2, 0xc0, 0x3f, 0xf8, 0x6b, 0x6f,
    0xa0, 0x1f, 0xfc, 0x44, 0x87, 0x0, 0xff, 0xe7,
    0xaf, 0xff, 0xff, 0x15, 0xc0, 0x3f, 0xfb, 0xcf,
    0x55, 0xff, 0xc1, 0x50, 0xd, 0xaa, 0xbf, 0xfc,
    0x12, 0x0, 0xff, 0xff, 0x80, 0x7f, 0xfc, 0xb1,
    0x57, 0xfe, 0x40, 0xf, 0x35, 0x57, 0xfd, 0x0,
    0x1f, 0xfe, 0xa, 0xff, 0xff, 0xb0, 0x3, 0xff,
    0xfe, 0x1, 0xff, 0xff, 0x0, 0xfd, 0xee, 0xff,
    0xfc, 0x13, 0x0, 0xcb, 0x11, 0xff, 0xc1, 0x40,
    0xf, 0xfe, 0xd0,

    /* U+00C9 "É" */
    0x0, 0xff, 0x3c, 0x44, 0x80, 0x1f, 0xfc, 0x15,
    0x87, 0x72, 0x28, 0x7, 0xff, 0x6, 0xc0, 0x5,
    0xa2, 0x1, 0xff, 0xc0, 0x81, 0x2, 0xc1, 0x0,
    0xff, 0xe0, 0xb, 0x81, 0x60, 0x80, 0x7f, 0xf0,
    0x55, 0xdd, 0x82, 0x1, 0xff, 0xc2, 0x48, 0x80,
    0x80, 0x7f, 0xf3, 0xd7, 0xff, 0xff, 0x8a, 0xe0,
    0x1f, 0xfd, 0xe7, 0xaa, 0xff, 0xe0, 0xa8, 0x6,
    0xd5, 0x5f, 0xfe, 0x9, 0x0, 0x7f, 0xff, 0xc0,
    0x3f, 0xfe, 0x58, 0xab, 0xff, 0x20, 0x7, 0x9a,
    0xab, 0xfe, 0x80, 0xf, 0xff, 0x5, 0x7f, 0xff,
    0xd8, 0x1, 0xff, 0xff, 0x0, 0xff, 0xff, 0x80,
    0x7e, 0xf7, 0x7f, 0xfe, 0x9, 0x80, 0x65, 0x88,
    0xff, 0xe0, 0xa0, 0x7, 0xff, 0x68,

    /* U+00CA "Ê" */
    0x0, 0xfc, 0x90, 0xe0, 0x1f, 0xfc, 0x35, 0xb7,
    0x8b, 0x0, 0xff, 0xe0, 0xad, 0x0, 0x49, 0x60,
    0x1f, 0xf2, 0xd0, 0xe, 0x28, 0x25, 0x0, 0x7f,
    0x2d, 0x0, 0xe1, 0xd2, 0x82, 0xd0, 0x7, 0xe5,
    0xff, 0x71, 0x0, 0x2b, 0xfd, 0x40, 0x1f, 0xfd,
    0xe5, 0xff, 0xff, 0xe2, 0xb8, 0x7, 0xff, 0x79,
    0xea, 0xbf, 0xf8, 0x2a, 0x1, 0xb5, 0x57, 0xff,
    0x82, 0x40, 0x1f, 0xff, 0xf0, 0xf, 0xff, 0x96,
    0x2a, 0xff, 0xc8, 0x1, 0xe6, 0xaa, 0xff, 0xa0,
    0x3, 0xff, 0xc1, 0x5f, 0xff, 0xf6, 0x0, 0x7f,
    0xff, 0xc0, 0x3f, 0xff, 0xe0, 0x1f, 0xbd, 0xdf,
    0xff, 0x82, 0x60, 0x19, 0x62, 0x3f, 0xf8, 0x28,
    0x1, 0xff, 0xda,

    /* U+00CB "Ë" */
    0x0, 0xcb, 0xdc, 0x50, 0x8, 0xb3, 0xe4, 0x3,
    0xf5, 0x8, 0xac, 0x2, 0xb3, 0x6, 0x30, 0xf,
    0xf0, 0x80, 0x46, 0x1, 0x38, 0x7, 0xcc, 0x0,
    0x60, 0xb, 0x80, 0x4, 0x80, 0x1f, 0x4e, 0xea,
    0x40, 0x24, 0xec, 0xd0, 0xf, 0xe2, 0x20, 0x7,
    0x9, 0x80, 0x72, 0xff, 0xff, 0xf1, 0x5c, 0x3,
    0xff, 0xbc, 0xf5, 0x5f, 0xfc, 0x15, 0x0, 0xda,
    0xab, 0xff, 0xc1, 0x20, 0xf, 0xff, 0xf8, 0x7,
    0xff, 0xcb, 0x15, 0x7f, 0xe4, 0x0, 0xf3, 0x55,
    0x7f, 0xd0, 0x1, 0xff, 0xe0, 0xaf, 0xff, 0xfb,
    0x0, 0x3f, 0xff, 0xe0, 0x1f, 0xff, 0xf0, 0xf,
    0xde, 0xef, 0xff, 0xc1, 0x30, 0xc, 0xb1, 0x1f,
    0xfc, 0x14, 0x0, 0xff, 0xed, 0x0,

    /* U+00CC "Ì" */
    0x17, 0x88, 0x88, 0x2, 0x10, 0x77, 0xb8, 0x3,
    0x3c, 0x0, 0xd, 0x40, 0x33, 0xb8, 0x1, 0x60,
    0x1d, 0xe, 0x3, 0x0, 0x1d, 0x12, 0xfe, 0x1,
    0xe6, 0x87, 0x0, 0xff, 0xe1, 0x2f, 0xfc, 0xa0,
    0x1f, 0xff, 0xf0, 0xf, 0xff, 0xf8, 0x7, 0xff,
    0xfc, 0x3, 0xff, 0x9e,

    /* U+00CD "Í" */
    0x0, 0x9e, 0x22, 0x30, 0x4, 0x41, 0xdc, 0x66,
    0x1, 0x70, 0x2, 0x58, 0x2, 0xc0, 0x9, 0x60,
    0x3, 0x50, 0x3b, 0x0, 0x99, 0xe3, 0x0, 0x32,
    0xc3, 0x80, 0x7f, 0xf0, 0x57, 0xfe, 0x50, 0xf,
    0xff, 0xf8, 0x7, 0xff, 0xfc, 0x3, 0xff, 0xfe,
    0x0,

    /* U+00CE "Î" */
    0x0, 0xe5, 0x86, 0x0, 0xfc, 0xf4, 0xf3, 0x20,
    0xf, 0x3c, 0x0, 0x4d, 0x0, 0x1a, 0x20, 0x5,
    0xa6, 0xf, 0x0, 0x8, 0x70, 0x2c, 0x2c, 0x30,
    0x77, 0x4, 0x7f, 0xb4, 0x40, 0x19, 0xfe, 0x70,
    0xf, 0xfe, 0x82, 0xff, 0xca, 0x1, 0xff, 0xff,
    0x0, 0xff, 0xff, 0x80, 0x7f, 0xff, 0xc0, 0x3f,
    0xff, 0xe0, 0x1f, 0xfd, 0xb0,

    /* U+00CF "Ï" */
    0x8, 0xfd, 0x30, 0x8, 0xf7, 0xdc, 0x9, 0xc0,
    0xbc, 0x2, 0xf2, 0x8, 0x10, 0xc, 0x20, 0x10,
    0x80, 0x46, 0x46, 0x0, 0xb0, 0xa, 0xc0, 0x8,
    0x41, 0x98, 0xe6, 0x0, 0x9b, 0xb2, 0xc0, 0x23,
    0x10, 0xe, 0x13, 0x0, 0xf2, 0xff, 0xca, 0x1,
    0xff, 0xff, 0x0, 0xff, 0xff, 0x80, 0x7f, 0xff,
    0xc0, 0x3f, 0xff, 0xe0, 0x1f, 0xff, 0x80,

    /* U+00D0 "Ð" */
    0x0, 0x97, 0xff, 0xfb, 0xb2, 0x54, 0x40, 0x3f,
    0xf9, 0x22, 0x6d, 0x5d, 0x44, 0x1, 0xff, 0xcc,
    0x5d, 0x70, 0xf, 0xfe, 0x2, 0xc4, 0x67, 0x63,
    0x0, 0xe8, 0xa0, 0xf, 0xfb, 0x1d, 0xf4, 0x4e,
    0x7d, 0x10, 0x4, 0xb0, 0x1, 0xff, 0xc7, 0x5d,
    0x70, 0x9, 0xd0, 0x3, 0xff, 0x91, 0xe, 0x1,
    0x48, 0x7, 0xff, 0x26, 0xc, 0x0, 0x4a, 0x1,
    0xff, 0xc9, 0x90, 0xb, 0x80, 0x3f, 0xf9, 0x2a,
    0x20, 0x4, 0x0, 0xff, 0xe5, 0x28, 0x4, 0x60,
    0x1f, 0xfc, 0x93, 0x0, 0x94, 0x3, 0xff, 0x93,
    0xc0, 0x17, 0x17, 0xfa, 0x80, 0x29, 0xff, 0xe5,
    0x0, 0xf8, 0xc0, 0x3f, 0xfa, 0x22, 0x62, 0x20,
    0xe, 0x11, 0xe0, 0xf, 0xc6, 0x1, 0x8, 0xbb,
    0x94, 0x1, 0x4f, 0x77, 0x28, 0x7, 0xc2, 0x1,
    0x78, 0x7, 0xff, 0x27, 0x80, 0x22, 0x0, 0xff,
    0xe4, 0xa8, 0x4, 0xe0, 0x1f, 0xfc, 0x81, 0x30,
    0x0, 0x90, 0x7, 0xff, 0x22, 0x40, 0x27, 0x0,
    0xff, 0xe4, 0xb, 0x0, 0x56, 0x1, 0xff, 0xc8,
    0xa1, 0x0, 0x21, 0x0, 0x7f, 0xf1, 0x86, 0xd0,
    0x2, 0xa0, 0xf, 0xfe, 0x28, 0xbf, 0xa0, 0x5,
    0x42, 0x1, 0xfd, 0xb1, 0x1a, 0x6b, 0x7a, 0x4,
    0x2, 0x95, 0x0, 0xff, 0x23, 0xbe, 0x65, 0x20,
    0xc, 0x36, 0xc0, 0x1f, 0xfc, 0x91, 0x7e, 0x40,
    0xf, 0xfe, 0x30, 0x9b, 0x5f, 0x40, 0x7, 0xc0,

    /* U+00D1 "Ñ" */
    0x0, 0xf8, 0x62, 0xe4, 0x40, 0x33, 0x88, 0x7,
    0xff, 0x0, 0x7d, 0xd1, 0xb9, 0xc0, 0x11, 0xc,
    0x0, 0xff, 0xe0, 0x50, 0x80, 0x68, 0xec, 0x70,
    0xa0, 0xf, 0xf8, 0x90, 0x27, 0xec, 0xc0, 0x4c,
    0xd, 0xc0, 0x3f, 0xe2, 0x97, 0x60, 0x4c, 0x81,
    0x12, 0xe8, 0x7, 0xff, 0x5, 0xa0, 0x3, 0x3f,
    0x72, 0x84, 0x3, 0xff, 0xd6, 0xbf, 0xf1, 0x80,
    0x7f, 0xf0, 0x9b, 0xfe, 0x50, 0xd, 0xc0, 0x1f,
    0xfc, 0xb2, 0xa0, 0xf, 0xfe, 0x5a, 0xa8, 0x3,
    0xff, 0x97, 0x62, 0x1, 0xff, 0xca, 0x1d, 0x0,
    0xff, 0xe5, 0x9b, 0x80, 0x7f, 0xf1, 0xdc, 0x2,
    0x83, 0x0, 0xff, 0xe3, 0x6c, 0x0, 0x5c, 0x1,
    0xff, 0xc7, 0x74, 0x0, 0x14, 0x80, 0x7f, 0xf1,
    0xe8, 0x40, 0xc, 0x80, 0x1f, 0xfc, 0x61, 0xb0,
    0xa, 0x84, 0x3, 0xff, 0x8c, 0xac, 0x0, 0x1a,
    0x0, 0xff, 0xe3, 0xc9, 0x0, 0x11, 0x80, 0x3f,
    0xf8, 0xfc, 0x1, 0x49, 0x0, 0x7f, 0xf1, 0x8e,
    0x0, 0x2e, 0x0, 0xff, 0xe3, 0xba, 0x0, 0xe,
    0x0, 0x3f, 0xf8, 0xf4, 0x20, 0x7, 0x30, 0xf,
    0xfe, 0x30, 0xd8, 0x5, 0xa0, 0x1f, 0xfc, 0x75,
    0x60, 0x0, 0xd0, 0x7, 0xff, 0x1e, 0x48, 0x0,
    0xaa, 0x0, 0xff, 0xe3, 0xf0, 0x5, 0x5c, 0x1,
    0xff, 0xc6, 0x38, 0x0, 0x9c, 0x3, 0xff, 0x8e,
    0xe6, 0x1, 0xff, 0xcb, 0xd1, 0x0, 0xff, 0xe5,
    0xd, 0x80, 0x7f, 0xf2, 0xd5, 0x40, 0x1f, 0xfc,
    0xba, 0x20, 0xf, 0xfe, 0x5f, 0x0, 0x60,

    /* U+00D2 "Ò" */
    0x0, 0xf8, 0x5e, 0x22, 0x30, 0xf, 0xfe, 0x50,
    0x89, 0xde, 0xe0, 0xf, 0xfe, 0x5b, 0x48, 0x0,
    0x9c, 0x3, 0xff, 0x96, 0xd2, 0x0, 0x81, 0x0,
    0xff, 0xe5, 0xb4, 0x80, 0x20, 0x3, 0xff, 0x98,
    0xd4, 0xfc, 0x1, 0xff, 0xcd, 0x58, 0x70, 0xf,
    0xfe, 0x59, 0x2b, 0x3b, 0x94, 0xc0, 0x3f, 0xf8,
    0xc3, 0x1b, 0xaa, 0x98, 0x85, 0x67, 0x51, 0x80,
    0x7f, 0xf0, 0xa3, 0x9c, 0x80, 0x3e, 0x15, 0xcb,
    0x10, 0xf, 0xf1, 0x6b, 0x80, 0x7f, 0xf0, 0x53,
    0xcc, 0x3, 0xf1, 0x61, 0x0, 0x45, 0x19, 0xff,
    0x64, 0x10, 0x4, 0x38, 0x80, 0x1f, 0x78, 0x80,
    0x53, 0xae, 0x60, 0x11, 0xbe, 0xd0, 0x80, 0x54,
    0x40, 0x1d, 0x24, 0x1, 0x63, 0x0, 0x7f, 0x2e,
    0x8, 0x0, 0x64, 0x3, 0x13, 0x0, 0x54, 0x60,
    0x1f, 0xf1, 0x60, 0x4, 0x8a, 0x1, 0x58, 0x4,
    0xaa, 0x0, 0xff, 0xe0, 0x94, 0x0, 0x52, 0x1,
    0x30, 0x5, 0x0, 0x1f, 0xfc, 0x37, 0x10, 0x1,
    0x90, 0x20, 0x4, 0x64, 0x1, 0xff, 0xc4, 0x70,
    0x9, 0x40, 0xc0, 0x24, 0x0, 0xff, 0xe2, 0xe8,
    0x5, 0xa1, 0xa0, 0x16, 0x0, 0x7f, 0xf1, 0x54,
    0x2, 0x70, 0x60, 0x9, 0x80, 0x3f, 0xf8, 0xa2,
    0x1, 0x10, 0x7, 0x18, 0x7, 0xff, 0x18, 0x40,
    0x30, 0x80, 0x7f, 0xf2, 0x8c, 0x3, 0x8, 0x7,
    0xff, 0x28, 0xc0, 0x33, 0x80, 0x44, 0x1, 0xff,
    0xc6, 0x10, 0xc, 0x40, 0x13, 0x0, 0x7f, 0xf1,
    0x44, 0x2, 0x30, 0xe0, 0xb, 0x40, 0x3f, 0xf8,
    0xa8, 0x1, 0x30, 0x20, 0x4, 0xa0, 0x1f, 0xfc,
    0x5f, 0x0, 0xb0, 0xc, 0x40, 0x4, 0x60, 0x1f,
    0xfc, 0x31, 0x50, 0x9, 0xc0, 0xc, 0x1, 0x40,
    0x7, 0xff, 0xe, 0x0, 0x24, 0x10, 0x4, 0x80,
    0x48, 0xc0, 0x1f, 0xfc, 0x14, 0x60, 0xb, 0xc0,
    0x21, 0x80, 0xa, 0x50, 0x3, 0xfe, 0x3a, 0x0,
    0x95, 0x0, 0x33, 0x98, 0x5, 0x6e, 0x1, 0xfc,
    0xd8, 0x20, 0x1, 0xb0, 0xf, 0x69, 0x0, 0x51,
    0xce, 0x60, 0x11, 0xbe, 0xc8, 0x6, 0xd1, 0x0,
    0xf0, 0xe1, 0x80, 0x43, 0x19, 0xff, 0x64, 0x10,
    0x4, 0x38, 0x60, 0x1f, 0x87, 0x1c, 0x3, 0xff,
    0x82, 0xbe, 0x60, 0x1f, 0xf4, 0x73, 0x90, 0x7,
    0xc2, 0xdb, 0x42, 0x1, 0xff, 0xc1, 0x18, 0xdd,
    0x54, 0xc4, 0x2b, 0x7a, 0x48, 0x3, 0xf0,

    /* U+00D3 "Ó" */
    0x0, 0xff, 0xe1, 0x3c, 0x44, 0x80, 0x1f, 0xfc,
    0xa6, 0x87, 0x72, 0x20, 0x3, 0xff, 0x92, 0x30,
    0x0, 0x3c, 0x0, 0xff, 0xe5, 0x48, 0x81, 0x68,
    0x7, 0xff, 0x28, 0x9c, 0xb, 0x4, 0x3, 0xff,
    0x94, 0xcf, 0x18, 0x20, 0x1f, 0xfc, 0xb4, 0x87,
    0x10, 0xf, 0xfe, 0x59, 0x2b, 0x3b, 0x94, 0xc0,
    0x3f, 0xf8, 0xc3, 0x1b, 0xaa, 0x98, 0x85, 0x67,
    0x51, 0x80, 0x7f, 0xf0, 0xa3, 0x9c, 0x80, 0x3e,
    0x15, 0xcb, 0x10, 0xf, 0xf1, 0x6b, 0x80, 0x7f,
    0xf0, 0x53, 0xcc, 0x3, 0xf1, 0x61, 0x0, 0x45,
    0x19, 0xff, 0x64, 0x10, 0x4, 0x38, 0x80, 0x1f,
    0x78, 0x80, 0x53, 0xae, 0x60, 0x11, 0xbe, 0xd0,
    0x80, 0x54, 0x40, 0x1d, 0x24, 0x1, 0x63, 0x0,
    0x7f, 0x2e, 0x8, 0x0, 0x64, 0x3, 0x13, 0x0,
    0x54, 0x60, 0x1f, 0xf1, 0x60, 0x4, 0x8a, 0x1,
    0x58, 0x4, 0xaa, 0x0, 0xff, 0xe0, 0x94, 0x0,
    0x52, 0x1, 0x30, 0x5, 0x0, 0x1f, 0xfc, 0x37,
    0x10, 0x1, 0x90, 0x20, 0x4, 0x64, 0x1, 0xff,
    0xc4, 0x70, 0x9, 0x40, 0xc0, 0x24, 0x0, 0xff,
    0xe2, 0xe8, 0x5, 0xa1, 0xa0, 0x16, 0x0, 0x7f,
    0xf1, 0x54, 0x2, 0x70, 0x60, 0x9, 0x80, 0x3f,
    0xf8, 0xa2, 0x1, 0x10, 0x7, 0x18, 0x7, 0xff,
    0x18, 0x40, 0x30, 0x80, 0x7f, 0xf2, 0x8c, 0x3,
    0x8, 0x7, 0xff, 0x28, 0xc0, 0x33, 0x80, 0x44,
    0x1, 0xff, 0xc6, 0x10, 0xc, 0x40, 0x13, 0x0,
    0x7f, 0xf1, 0x44, 0x2, 0x30, 0xe0, 0xb, 0x40,
    0x3f, 0xf8, 0xa8, 0x1, 0x30, 0x20, 0x4, 0xa0,
    0x1f, 0xfc, 0x5f, 0x0, 0xb0, 0xc, 0x40, 0x4,
    0x60, 0x1f, 0xfc, 0x31, 0x50, 0x9, 0xc0, 0xc,
    0x1, 0x40, 0x7, 0xff, 0xe, 0x0, 0x24, 0x10,
    0x4, 0x80, 0x48, 0xc0, 0x1f, 0xfc, 0x14, 0x60,
    0xb, 0xc0, 0x21, 0x80, 0xa, 0x50, 0x3, 0xfe,
    0x3a, 0x0, 0x95, 0x0, 0x33, 0x98, 0x5, 0x6e,
    0x1, 0xfc, 0xd8, 0x20, 0x1, 0xb0, 0xf, 0x69,
    0x0, 0x51, 0xce, 0x60, 0x11, 0xbe, 0xc8, 0x6,
    0xd1, 0x0, 0xf0, 0xe1, 0x80, 0x43, 0x19, 0xff,
    0x64, 0x10, 0x4, 0x38, 0x60, 0x1f, 0x87, 0x1c,
    0x3, 0xff, 0x82, 0xbe, 0x60, 0x1f, 0xf4, 0x73,
    0x90, 0x7, 0xc2, 0xdb, 0x42, 0x1, 0xff, 0xc1,
    0x18, 0xdd, 0x54, 0xc4, 0x2b, 0x7a, 0x48, 0x3,
    0xf0,

    /* U+00D4 "Ô" */
    0x0, 0xff, 0xe0, 0x24, 0x38, 0x7, 0xff, 0x31,
    0x6d, 0xe2, 0xc0, 0x3f, 0xf9, 0x4b, 0x40, 0x12,
    0x58, 0x7, 0xff, 0x21, 0x68, 0x7, 0x14, 0x12,
    0x80, 0x3f, 0xf8, 0xcb, 0x40, 0x38, 0x74, 0xa0,
    0xb4, 0x1, 0xff, 0xc5, 0x5f, 0xf7, 0x10, 0x2,
    0xbf, 0xd4, 0x1, 0xff, 0xe3, 0x25, 0x67, 0x72,
    0x98, 0x7, 0xff, 0x18, 0x63, 0x75, 0x53, 0x10,
    0xac, 0xea, 0x30, 0xf, 0xfe, 0x14, 0x73, 0x90,
    0x7, 0xc2, 0xb9, 0x62, 0x1, 0xfe, 0x2d, 0x70,
    0xf, 0xfe, 0xa, 0x79, 0x80, 0x7e, 0x2c, 0x20,
    0x8, 0xa3, 0x3f, 0xec, 0x82, 0x0, 0x87, 0x10,
    0x3, 0xef, 0x10, 0xa, 0x75, 0xcc, 0x2, 0x37,
    0xda, 0x10, 0xa, 0x88, 0x3, 0xa4, 0x80, 0x2c,
    0x60, 0xf, 0xe5, 0xc1, 0x0, 0xc, 0x80, 0x62,
    0x60, 0xa, 0x8c, 0x3, 0xfe, 0x2c, 0x0, 0x91,
    0x40, 0x2b, 0x0, 0x95, 0x40, 0x1f, 0xfc, 0x12,
    0x80, 0xa, 0x40, 0x26, 0x0, 0xa0, 0x3, 0xff,
    0x86, 0xe2, 0x0, 0x32, 0x4, 0x0, 0x8c, 0x80,
    0x3f, 0xf8, 0x8e, 0x1, 0x28, 0x18, 0x4, 0x80,
    0x1f, 0xfc, 0x5d, 0x0, 0xb4, 0x34, 0x2, 0xc0,
    0xf, 0xfe, 0x2a, 0x80, 0x4e, 0xc, 0x1, 0x30,
    0x7, 0xff, 0x14, 0x40, 0x22, 0x0, 0xe3, 0x0,
    0xff, 0xe3, 0x8, 0x6, 0x10, 0xf, 0xfe, 0x51,
    0x80, 0x61, 0x0, 0xff, 0xe5, 0x18, 0x6, 0x70,
    0x8, 0x80, 0x3f, 0xf8, 0xc2, 0x1, 0x88, 0x2,
    0x60, 0xf, 0xfe, 0x28, 0x80, 0x46, 0x1c, 0x1,
    0x68, 0x7, 0xff, 0x15, 0x0, 0x26, 0x4, 0x0,
    0x94, 0x3, 0xff, 0x8b, 0xe0, 0x16, 0x1, 0x88,
    0x0, 0x8c, 0x3, 0xff, 0x86, 0x2a, 0x1, 0x38,
    0x1, 0x80, 0x28, 0x0, 0xff, 0xe1, 0xc0, 0x4,
    0x82, 0x0, 0x90, 0x9, 0x18, 0x3, 0xff, 0x82,
    0x8c, 0x1, 0x78, 0x4, 0x30, 0x1, 0x4a, 0x0,
    0x7f, 0xc7, 0x40, 0x12, 0xa0, 0x6, 0x73, 0x0,
    0xad, 0xc0, 0x3f, 0x9b, 0x4, 0x0, 0x36, 0x1,
    0xed, 0x20, 0xa, 0x39, 0xcc, 0x2, 0x37, 0xd9,
    0x0, 0xda, 0x20, 0x1e, 0x1c, 0x30, 0x8, 0x63,
    0x3f, 0xec, 0x82, 0x0, 0x87, 0xc, 0x3, 0xf0,
    0xe3, 0x80, 0x7f, 0xf0, 0x57, 0xcc, 0x3, 0xfe,
    0x8e, 0x72, 0x0, 0xf8, 0x5b, 0x68, 0x40, 0x3f,
    0xf8, 0x23, 0x1b, 0xaa, 0x98, 0x85, 0x6f, 0x49,
    0x0, 0x7e,

    /* U+00D5 "Õ" */
    0x0, 0xfe, 0x29, 0xb8, 0x0, 0xc4, 0xc0, 0x1f,
    0xfc, 0x53, 0xd6, 0x47, 0xe5, 0x0, 0x4c, 0xa8,
    0x3, 0xff, 0x89, 0xa0, 0x18, 0x6b, 0x74, 0x81,
    0xc0, 0x1f, 0xfc, 0x35, 0x10, 0xbe, 0xa1, 0x2,
    0x20, 0x32, 0x0, 0x7f, 0xf0, 0xd2, 0x25, 0x5,
    0x79, 0x84, 0x4f, 0x20, 0x1f, 0xfc, 0x41, 0x76,
    0x0, 0xd3, 0xdc, 0x80, 0xf, 0xff, 0x21, 0x2b,
    0x3b, 0x94, 0xc0, 0x3f, 0xf8, 0xc3, 0x1b, 0xaa,
    0x98, 0x85, 0x67, 0x51, 0x80, 0x7f, 0xf0, 0xa3,
    0x9c, 0x80, 0x3e, 0x15, 0xcb, 0x10, 0xf, 0xf1,
    0x6b, 0x80, 0x7f, 0xf0, 0x53, 0xcc, 0x3, 0xf1,
    0x61, 0x0, 0x45, 0x19, 0xff, 0x64, 0x10, 0x4,
    0x38, 0x80, 0x1f, 0x78, 0x80, 0x53, 0xae, 0x60,
    0x11, 0xbe, 0xd0, 0x80, 0x54, 0x40, 0x1d, 0x24,
    0x1, 0x63, 0x0, 0x7f, 0x2e, 0x8, 0x0, 0x64,
    0x3, 0x13, 0x0, 0x54, 0x60, 0x1f, 0xf1, 0x60,
    0x4, 0x8a, 0x1, 0x58, 0x4, 0xaa, 0x0, 0xff,
    0xe0, 0x94, 0x0, 0x52, 0x1, 0x30, 0x5, 0x0,
    0x1f, 0xfc, 0x37, 0x10, 0x1, 0x90, 0x20, 0x4,
    0x64, 0x1, 0xff, 0xc4, 0x70, 0x9, 0x40, 0xc0,
    0x24, 0x0, 0xff, 0xe2, 0xe8, 0x5, 0xa1, 0xa0,
    0x16, 0x0, 0x7f, 0xf1, 0x54, 0x2, 0x70, 0x60,
    0x9, 0x80, 0x3f, 0xf8, 0xa2, 0x1, 0x10, 0x7,
    0x18, 0x7, 0xff, 0x18, 0x40, 0x30, 0x80, 0x7f,
    0xf2, 0x8c, 0x3, 0x8, 0x7, 0xff, 0x28, 0xc0,
    0x33, 0x80, 0x44, 0x1, 0xff, 0xc6, 0x10, 0xc,
    0x40, 0x13, 0x0, 0x7f, 0xf1, 0x44, 0x2, 0x30,
    0xe0, 0xb, 0x40, 0x3f, 0xf8, 0xa8, 0x1, 0x30,
    0x20, 0x4, 0xa0, 0x1f, 0xfc, 0x5f, 0x0, 0xb0,
    0xc, 0x40, 0x4, 0x60, 0x1f, 0xfc, 0x31, 0x50,
    0x9, 0xc0, 0xc, 0x1, 0x40, 0x7, 0xff, 0xe,
    0x0, 0x24, 0x10, 0x4, 0x80, 0x48, 0xc0, 0x1f,
    0xfc, 0x14, 0x60, 0xb, 0xc0, 0x21, 0x80, 0xa,
    0x50, 0x3, 0xfe, 0x3a, 0x0, 0x95, 0x0, 0x33,
    0x98, 0x5, 0x6e, 0x1, 0xfc, 0xd8, 0x20, 0x1,
    0xb0, 0xf, 0x69, 0x0, 0x51, 0xce, 0x60, 0x11,
    0xbe, 0xc8, 0x6, 0xd1, 0x0, 0xf0, 0xe1, 0x80,
    0x43, 0x19, 0xff, 0x64, 0x10, 0x4, 0x38, 0x60,
    0x1f, 0x87, 0x1c, 0x3, 0xff, 0x82, 0xbe, 0x60,
    0x1f, 0xf4, 0x73, 0x90, 0x7, 0xc2, 0xdb, 0x42,
    0x1, 0xff, 0xc1, 0x18, 0xdd, 0x54, 0xc4, 0x2b,
    0x7a, 0x48, 0x3, 0xf0,

    /* U+00D6 "Ö" */
    0x0, 0xfc, 0xdd, 0xc4, 0x0, 0x8b, 0x7e, 0x40,
    0x3f, 0xf8, 0xb2, 0x22, 0xa0, 0xa, 0x8, 0x18,
    0xc0, 0x3f, 0xf8, 0x62, 0x1, 0x8, 0x4, 0x20,
    0x13, 0x80, 0x7f, 0xf0, 0xc5, 0x40, 0xe, 0x1,
    0x70, 0x0, 0x90, 0x3, 0xff, 0x89, 0x5b, 0xa8,
    0x0, 0x97, 0xb3, 0x40, 0x3f, 0xf8, 0xc4, 0xa,
    0xce, 0xe5, 0x23, 0x0, 0xff, 0xe2, 0x8c, 0x6e,
    0xaa, 0x62, 0x15, 0x9d, 0x46, 0x1, 0xff, 0xc2,
    0x8e, 0x72, 0x0, 0xf8, 0x57, 0x2c, 0x40, 0x3f,
    0xc5, 0xae, 0x1, 0xff, 0xc1, 0x4f, 0x30, 0xf,
    0xc5, 0x84, 0x1, 0x14, 0x67, 0xfd, 0x90, 0x40,
    0x10, 0xe2, 0x0, 0x7d, 0xe2, 0x1, 0x4e, 0xb9,
    0x80, 0x46, 0xfb, 0x42, 0x1, 0x51, 0x0, 0x74,
    0x90, 0x5, 0x8c, 0x1, 0xfc, 0xb8, 0x20, 0x1,
    0x90, 0xc, 0x4c, 0x1, 0x51, 0x80, 0x7f, 0xc5,
    0x80, 0x12, 0x28, 0x5, 0x60, 0x12, 0xa8, 0x3,
    0xff, 0x82, 0x50, 0x1, 0x48, 0x4, 0xc0, 0x14,
    0x0, 0x7f, 0xf0, 0xdc, 0x40, 0x6, 0x40, 0x80,
    0x11, 0x90, 0x7, 0xff, 0x11, 0xc0, 0x25, 0x3,
    0x0, 0x90, 0x3, 0xff, 0x8b, 0xa0, 0x16, 0x86,
    0x80, 0x58, 0x1, 0xff, 0xc5, 0x50, 0x9, 0xc1,
    0x80, 0x26, 0x0, 0xff, 0xe2, 0x88, 0x4, 0x40,
    0x1c, 0x60, 0x1f, 0xfc, 0x61, 0x0, 0xc2, 0x1,
    0xff, 0xca, 0x30, 0xc, 0x20, 0x1f, 0xfc, 0xa3,
    0x0, 0xce, 0x1, 0x10, 0x7, 0xff, 0x18, 0x40,
    0x31, 0x0, 0x4c, 0x1, 0xff, 0xc5, 0x10, 0x8,
    0xc3, 0x80, 0x2d, 0x0, 0xff, 0xe2, 0xa0, 0x4,
    0xc0, 0x80, 0x12, 0x80, 0x7f, 0xf1, 0x7c, 0x2,
    0xc0, 0x31, 0x0, 0x11, 0x80, 0x7f, 0xf0, 0xc5,
    0x40, 0x27, 0x0, 0x30, 0x5, 0x0, 0x1f, 0xfc,
    0x38, 0x0, 0x90, 0x40, 0x12, 0x1, 0x23, 0x0,
    0x7f, 0xf0, 0x51, 0x80, 0x2f, 0x0, 0x86, 0x0,
    0x29, 0x40, 0xf, 0xf8, 0xe8, 0x2, 0x54, 0x0,
    0xce, 0x60, 0x15, 0xb8, 0x7, 0xf3, 0x60, 0x80,
    0x6, 0xc0, 0x3d, 0xa4, 0x1, 0x47, 0x39, 0x80,
    0x46, 0xfb, 0x20, 0x1b, 0x44, 0x3, 0xc3, 0x86,
    0x1, 0xc, 0x67, 0xfd, 0x90, 0x40, 0x10, 0xe1,
    0x80, 0x7e, 0x1c, 0x70, 0xf, 0xfe, 0xa, 0xf9,
    0x80, 0x7f, 0xd1, 0xce, 0x40, 0x1f, 0xb, 0x6d,
    0x8, 0x7, 0xff, 0x4, 0x63, 0x75, 0x53, 0x10,
    0xad, 0xe9, 0x20, 0xf, 0xc0,

    /* U+00D7 "×" */
    0x0, 0xff, 0xe3, 0x8, 0x6, 0x8d, 0x10, 0xf,
    0xfe, 0x1, 0x7b, 0x80, 0x21, 0xcb, 0x44, 0x3,
    0xfc, 0x58, 0x30, 0xc0, 0x18, 0xf4, 0x3, 0xf8,
    0xb0, 0x40, 0x34, 0x38, 0x0, 0xf0, 0x3, 0xe1,
    0xc1, 0x0, 0x4b, 0x0, 0x21, 0x80, 0x7, 0x80,
    0x1c, 0x38, 0x20, 0x8, 0x60, 0xd, 0x2c, 0x0,
    0x3b, 0x0, 0x87, 0x8, 0x1, 0xe, 0x1, 0xe9,
    0x60, 0x2, 0x58, 0xe, 0x10, 0x2, 0x1c, 0x3,
    0xf4, 0xa8, 0x1, 0x2f, 0x48, 0x0, 0xee, 0x0,
    0xff, 0x52, 0x80, 0x10, 0xc0, 0xf, 0x0, 0x1f,
    0xfc, 0xa, 0x50, 0xc, 0xd0, 0x1, 0xff, 0xc2,
    0x60, 0xc, 0x60, 0x1f, 0xfc, 0x2c, 0x30, 0xc,
    0xb2, 0x1, 0xff, 0xc0, 0xc3, 0x0, 0x32, 0x0,
    0x1a, 0x40, 0x3f, 0xd6, 0x60, 0x5, 0x9b, 0x40,
    0x3, 0x48, 0x7, 0xeb, 0x40, 0x2, 0xd0, 0x2,
    0xd0, 0x0, 0xd0, 0x1, 0xeb, 0x40, 0x2, 0xd0,
    0x6, 0xb3, 0x0, 0x3c, 0x0, 0x6a, 0x40, 0x2,
    0x50, 0x7, 0xb0, 0xc0, 0xe, 0xe0, 0x5, 0x28,
    0x1, 0x2c, 0x3, 0xf6, 0x18, 0x2, 0x1c, 0x34,
    0x0, 0x96, 0x1, 0xfe, 0xd2, 0x0, 0x18, 0x3c,
    0x1d, 0x80, 0x7f, 0xc3, 0x85, 0x48, 0x0, 0x7c,
    0x0, 0xff, 0xe0, 0x8e, 0xa8, 0x0,

    /* U+00D8 "Ø" */
    0x0, 0xff, 0xe4, 0x8d, 0x98, 0x7, 0xff, 0x36,
    0x13, 0x10, 0x3, 0xff, 0x96, 0x4c, 0x4, 0x80,
    0x1f, 0xfc, 0x12, 0x56, 0x77, 0x29, 0x80, 0x50,
    0x0, 0x80, 0xf, 0xf8, 0x63, 0x75, 0x53, 0x10,
    0xac, 0xfa, 0x65, 0x3, 0x50, 0xf, 0xf4, 0x73,
    0x90, 0x7, 0xe5, 0x90, 0x4, 0x0, 0x7f, 0x16,
    0xb8, 0x7, 0xff, 0x30, 0xb0, 0x80, 0x22, 0x8c,
    0xff, 0x76, 0x41, 0x0, 0x6b, 0x40, 0xf, 0xbc,
    0x40, 0x29, 0xd7, 0x30, 0x0, 0x9b, 0xd0, 0x7,
    0x59, 0x0, 0x74, 0x90, 0x5, 0x8c, 0x1, 0xfa,
    0x40, 0x2, 0x1, 0x48, 0x6, 0x26, 0x0, 0xa8,
    0xc0, 0x3f, 0x40, 0x83, 0xe8, 0x4, 0x88, 0x0,
    0xac, 0x2, 0x55, 0x0, 0x7e, 0x17, 0x1, 0x83,
    0x80, 0xa, 0x0, 0x26, 0x0, 0xa0, 0x3, 0xfa,
    0xc0, 0x10, 0x0, 0x71, 0x0, 0x19, 0x2, 0x0,
    0x46, 0x40, 0x1f, 0x89, 0x40, 0x98, 0x2, 0x70,
    0x9, 0x40, 0xc0, 0x24, 0x0, 0xfe, 0x90, 0x4,
    0x0, 0x6c, 0x0, 0xb4, 0x34, 0x2, 0xc0, 0xf,
    0xc8, 0x80, 0x35, 0x0, 0xc8, 0x1, 0x38, 0x30,
    0x4, 0xc0, 0x1f, 0xa0, 0x1, 0xe0, 0x1c, 0x20,
    0x11, 0x0, 0x71, 0x80, 0x7c, 0xa6, 0xa, 0x60,
    0x1e, 0x10, 0xc, 0x20, 0x1f, 0xf5, 0x80, 0x20,
    0x3, 0xe3, 0x0, 0xc2, 0x1, 0x18, 0x7, 0x9c,
    0x41, 0x88, 0x3, 0xe3, 0x0, 0xce, 0x1, 0x8,
    0x7, 0xc, 0x80, 0x20, 0x3, 0xf0, 0x80, 0x62,
    0x0, 0x98, 0x3, 0xa4, 0x42, 0x4, 0x3, 0xe1,
    0x0, 0x88, 0x38, 0x2, 0xc0, 0xc, 0x2e, 0x2,
    0xe0, 0x1f, 0x90, 0x2, 0x70, 0x40, 0x9, 0x0,
    0x35, 0x80, 0x20, 0x3, 0xfb, 0xc0, 0x2c, 0x3,
    0x10, 0x1, 0x20, 0x0, 0xd4, 0x9, 0x80, 0x3f,
    0xa, 0x80, 0x4e, 0x0, 0x60, 0xa, 0x0, 0x10,
    0x0, 0x90, 0xf, 0xe8, 0x0, 0x90, 0x40, 0x12,
    0x1, 0x1b, 0xa2, 0x0, 0xd0, 0x3, 0xf2, 0x30,
    0x5, 0xe0, 0x10, 0xb8, 0x5, 0x14, 0x0, 0xf0,
    0xf, 0xc7, 0x40, 0x12, 0xa0, 0x6, 0x83, 0x0,
    0x84, 0x14, 0xc0, 0x3e, 0x6c, 0x10, 0x0, 0xd8,
    0x7, 0xb4, 0x80, 0x32, 0x41, 0x88, 0x0, 0xdf,
    0x64, 0x3, 0x68, 0x80, 0x78, 0x70, 0x80, 0x21,
    0x7c, 0xef, 0xf6, 0x41, 0x0, 0x43, 0x86, 0x1,
    0xfc, 0x40, 0x1f, 0xfc, 0x25, 0xf3, 0x0, 0xfe,
    0x80, 0x3, 0xb8, 0x80, 0x3e, 0x16, 0xda, 0x10,
    0xf, 0xe2, 0x60, 0x18, 0x86, 0xea, 0xa2, 0x2a,
    0xde, 0x92, 0x0, 0xff, 0xa4, 0x1, 0x60, 0x11,
    0x2b, 0xbc, 0xa4, 0x1, 0xff, 0xc1, 0x14, 0x3,
    0x50, 0xf, 0xfe, 0x58, 0xf2, 0xc0, 0x7, 0xff,
    0x28,

    /* U+00D9 "Ù" */
    0x0, 0xe2, 0x88, 0xc2, 0x1, 0xff, 0xc5, 0x21,
    0x77, 0xac, 0x3, 0xff, 0x8d, 0x2c, 0x0, 0x53,
    0x0, 0xff, 0xe3, 0x4b, 0x0, 0x3c, 0x3, 0xff,
    0x8f, 0x2c, 0x6, 0xc0, 0x1f, 0xfc, 0x79, 0x93,
    0x80, 0x7f, 0xf2, 0x5a, 0x18, 0x3, 0xff, 0xaa,
    0xbf, 0xf2, 0x80, 0x7f, 0xf0, 0x6b, 0xfe, 0x10,
    0xf, 0xff, 0xf8, 0x7, 0xff, 0xfc, 0x3, 0xff,
    0xfe, 0x1, 0xff, 0xff, 0x0, 0xff, 0xff, 0x80,
    0x7f, 0xf6, 0xc4, 0x2, 0x30, 0xf, 0xfe, 0x8,
    0x80, 0x42, 0xe0, 0x17, 0x0, 0x7f, 0xf0, 0x5c,
    0x0, 0x20, 0x40, 0x12, 0x0, 0x7f, 0xf0, 0x4c,
    0x0, 0x40, 0x24, 0x0, 0x32, 0x0, 0xff, 0x9c,
    0x2, 0x40, 0x2, 0x80, 0x5c, 0x1, 0xfe, 0x29,
    0x0, 0xac, 0x1, 0x20, 0x11, 0xd8, 0x80, 0x7c,
    0x78, 0x20, 0x3, 0x30, 0x0, 0x60, 0x2, 0x4e,
    0x94, 0x22, 0x1a, 0xd6, 0x8, 0x5, 0xe0, 0x19,
    0xd8, 0x3, 0x35, 0xee, 0xb2, 0x94, 0x3, 0x51,
    0x80, 0x74, 0xc8, 0x3, 0xff, 0x80, 0x38, 0xa0,
    0x1f, 0x37, 0x38, 0x80, 0x7c, 0x53, 0xc6, 0x1,
    0xfc, 0x31, 0xdb, 0x51, 0x9, 0xae, 0xd6, 0x0,
    0xf0,

    /* U+00DA "Ú" */
    0x0, 0xff, 0x86, 0x23, 0x10, 0x7, 0xff, 0x16,
    0xdd, 0xe1, 0x20, 0xf, 0xfe, 0x21, 0xa8, 0x1,
    0xa4, 0x3, 0xff, 0x8b, 0xe0, 0x5, 0x90, 0xf,
    0xfe, 0x2a, 0x98, 0x2d, 0x0, 0x7f, 0xf1, 0x8d,
    0xe2, 0x80, 0x3f, 0xf8, 0xed, 0xe, 0x1, 0xff,
    0xd6, 0x5f, 0xf9, 0x40, 0x3f, 0xf8, 0x35, 0xff,
    0x8, 0x7, 0xff, 0xfc, 0x3, 0xff, 0xfe, 0x1,
    0xff, 0xff, 0x0, 0xff, 0xff, 0x80, 0x7f, 0xff,
    0xc0, 0x3f, 0xfb, 0x62, 0x1, 0x18, 0x7, 0xff,
    0x4, 0x40, 0x21, 0x70, 0xb, 0x80, 0x3f, 0xf8,
    0x2e, 0x0, 0x10, 0x20, 0x9, 0x0, 0x3f, 0xf8,
    0x26, 0x0, 0x20, 0x12, 0x0, 0x19, 0x0, 0x7f,
    0xce, 0x1, 0x20, 0x1, 0x40, 0x2e, 0x0, 0xff,
    0x14, 0x80, 0x56, 0x0, 0x90, 0x8, 0xec, 0x40,
    0x3e, 0x3c, 0x10, 0x1, 0x98, 0x0, 0x30, 0x1,
    0x27, 0x4a, 0x11, 0xd, 0x6b, 0x4, 0x2, 0xf0,
    0xc, 0xec, 0x1, 0x9a, 0xf7, 0x59, 0x4a, 0x1,
    0xa8, 0xc0, 0x3a, 0x64, 0x1, 0xff, 0xc0, 0x1c,
    0x50, 0xf, 0x9b, 0x9c, 0x40, 0x3e, 0x29, 0xe3,
    0x0, 0xfe, 0x18, 0xed, 0xa8, 0x84, 0xd7, 0x6b,
    0x0, 0x78,

    /* U+00DB "Û" */
    0x0, 0xff, 0x34, 0x30, 0x7, 0xff, 0x1e, 0x64,
    0xf2, 0xe0, 0x1f, 0xfc, 0x59, 0x60, 0xa, 0x18,
    0x3, 0xff, 0x87, 0x2c, 0x7, 0xa4, 0x12, 0xc0,
    0x1f, 0xfc, 0x1a, 0x60, 0x4c, 0x2c, 0x20, 0x95,
    0x0, 0xff, 0xe0, 0x57, 0xfa, 0xc0, 0x3, 0xbf,
    0xe5, 0x0, 0xff, 0xf4, 0x2f, 0xfc, 0xa0, 0x1f,
    0xfc, 0x1a, 0xff, 0x84, 0x3, 0xff, 0xfe, 0x1,
    0xff, 0xff, 0x0, 0xff, 0xff, 0x80, 0x7f, 0xff,
    0xc0, 0x3f, 0xff, 0xe0, 0x1f, 0xfd, 0xb1, 0x0,
    0x8c, 0x3, 0xff, 0x82, 0x20, 0x10, 0xb8, 0x5,
    0xc0, 0x1f, 0xfc, 0x17, 0x0, 0x8, 0x10, 0x4,
    0x80, 0x1f, 0xfc, 0x13, 0x0, 0x10, 0x9, 0x0,
    0xc, 0x80, 0x3f, 0xe7, 0x0, 0x90, 0x0, 0xa0,
    0x17, 0x0, 0x7f, 0x8a, 0x40, 0x2b, 0x0, 0x48,
    0x4, 0x76, 0x20, 0x1f, 0x1e, 0x8, 0x0, 0xcc,
    0x0, 0x18, 0x0, 0x93, 0xa5, 0x8, 0x86, 0xb5,
    0x82, 0x1, 0x78, 0x6, 0x76, 0x0, 0xcd, 0x7b,
    0xac, 0xa5, 0x0, 0xd4, 0x60, 0x1d, 0x32, 0x0,
    0xff, 0xe0, 0xe, 0x28, 0x7, 0xcd, 0xce, 0x20,
    0x1f, 0x14, 0xf1, 0x80, 0x7f, 0xc, 0x76, 0xd4,
    0x42, 0x6b, 0xb5, 0x80, 0x3c,

    /* U+00DC "Ü" */
    0x0, 0xf4, 0xfe, 0x90, 0x4, 0x9d, 0xc6, 0x0,
    0xff, 0x8d, 0x80, 0xa0, 0x2, 0xa1, 0x14, 0x80,
    0x7f, 0xce, 0x1, 0x8, 0x4, 0x20, 0x1f, 0xfc,
    0x24, 0x20, 0x7, 0x0, 0x4e, 0x0, 0x50, 0xf,
    0xfe, 0x6, 0xe7, 0x28, 0x5, 0x1b, 0xaa, 0x0,
    0xff, 0xe0, 0x98, 0x80, 0x71, 0x10, 0x3, 0xe5,
    0xff, 0x94, 0x3, 0xff, 0x83, 0x5f, 0xf0, 0x80,
    0x7f, 0xff, 0xc0, 0x3f, 0xff, 0xe0, 0x1f, 0xff,
    0xf0, 0xf, 0xff, 0xf8, 0x7, 0xff, 0xfc, 0x3,
    0xff, 0xb6, 0x20, 0x11, 0x80, 0x7f, 0xf0, 0x44,
    0x2, 0x17, 0x0, 0xb8, 0x3, 0xff, 0x82, 0xe0,
    0x1, 0x2, 0x0, 0x90, 0x3, 0xff, 0x82, 0x60,
    0x2, 0x1, 0x20, 0x1, 0x90, 0x7, 0xfc, 0xe0,
    0x12, 0x0, 0x14, 0x2, 0xe0, 0xf, 0xf1, 0x48,
    0x5, 0x60, 0x9, 0x0, 0x8e, 0xc4, 0x3, 0xe3,
    0xc1, 0x0, 0x19, 0x80, 0x3, 0x0, 0x12, 0x74,
    0xa1, 0x10, 0xd6, 0xb0, 0x40, 0x2f, 0x0, 0xce,
    0xc0, 0x19, 0xaf, 0x75, 0x94, 0xa0, 0x1a, 0x8c,
    0x3, 0xa6, 0x40, 0x1f, 0xfc, 0x1, 0xc5, 0x0,
    0xf9, 0xb9, 0xc4, 0x3, 0xe2, 0x9e, 0x30, 0xf,
    0xe1, 0x8e, 0xda, 0x88, 0x4d, 0x76, 0xb0, 0x7,
    0x80,

    /* U+00DD "Ý" */
    0x0, 0xff, 0xe0, 0xbc, 0x44, 0x60, 0x1f, 0xfc,
    0x67, 0x87, 0x71, 0x98, 0x3, 0xff, 0x8a, 0x30,
    0x0, 0x4b, 0x0, 0xff, 0xe3, 0x58, 0x0, 0xec,
    0x3, 0xff, 0x8c, 0x6a, 0x7, 0x80, 0x1f, 0xfc,
    0x76, 0x78, 0xd0, 0xf, 0xfe, 0x42, 0xc3, 0x88,
    0x7, 0xff, 0x58, 0xbf, 0xf1, 0x80, 0x7f, 0xf0,
    0x67, 0xfe, 0x92, 0x60, 0xb, 0xc0, 0x3f, 0xf8,
    0x4, 0xc0, 0x1, 0x80, 0x80, 0x8, 0xd0, 0x3,
    0xfe, 0x80, 0xa, 0x44, 0x6, 0x0, 0x29, 0x0,
    0xff, 0x1a, 0x80, 0x9, 0xc0, 0x27, 0x20, 0x1,
    0x28, 0x7, 0xf4, 0x0, 0x50, 0x1, 0xd0, 0x1,
    0x40, 0x7, 0xe4, 0x40, 0x0, 0xd4, 0x3, 0x94,
    0xc0, 0x4, 0xc0, 0x1f, 0x40, 0x5, 0xe0, 0x1f,
    0x78, 0x5, 0x0, 0x1e, 0x53, 0x0, 0x29, 0x80,
    0x7c, 0x6a, 0x0, 0x18, 0x0, 0xe8, 0x0, 0xa0,
    0x3, 0xfa, 0xc0, 0x27, 0x10, 0x9, 0x88, 0x0,
    0xe4, 0x1, 0xfc, 0x2e, 0x1, 0x40, 0x5, 0x0,
    0x1, 0x90, 0xf, 0xfa, 0x4, 0x0, 0xc4, 0xe,
    0x20, 0x8, 0x10, 0xf, 0xfe, 0x4, 0x0, 0x50,
    0x30, 0x0, 0x26, 0x0, 0xff, 0xe0, 0xb1, 0x0,
    0x16, 0x80, 0x28, 0x0, 0xff, 0xe1, 0xc8, 0x4,
    0x80, 0x3, 0x50, 0xf, 0xfe, 0x1a, 0x20, 0x3,
    0xbc, 0x3, 0xff, 0x8b, 0x20, 0x19, 0x4c, 0x3,
    0xff, 0x8a, 0x4a, 0x1, 0x40, 0x7, 0xff, 0xfc,
    0x3, 0xff, 0xfe, 0x1, 0xff, 0xff, 0x0, 0xff,
    0xf2, 0x0,

    /* U+00DE "Þ" */
    0x5f, 0xf9, 0x80, 0x3f, 0xff, 0xe0, 0x1f, 0xfc,
    0x79, 0xff, 0xee, 0xd9, 0x40, 0xf, 0xfe, 0x18,
    0x93, 0x5e, 0x98, 0x7, 0xff, 0x14, 0xb1, 0x40,
    0x3c, 0xd5, 0x5d, 0x8, 0x1, 0xa8, 0x80, 0x3b,
    0xd5, 0x79, 0xef, 0x48, 0x2, 0x90, 0xf, 0xfe,
    0x9, 0x78, 0x4, 0x84, 0x1, 0xff, 0xc1, 0x26,
    0x0, 0x90, 0x3, 0xff, 0x85, 0x80, 0x17, 0x80,
    0x7f, 0xf0, 0x84, 0x2, 0x30, 0xf, 0xfe, 0xa9,
    0x0, 0x44, 0x1, 0xff, 0xc2, 0xd0, 0xb, 0x40,
    0x3f, 0xf8, 0x26, 0x80, 0x12, 0x0, 0x7f, 0xf0,
    0xf, 0x40, 0x26, 0x10, 0xd, 0xc6, 0x79, 0x1a,
    0xf0, 0x40, 0x3, 0x0, 0x1c, 0xf9, 0x9a, 0xe5,
    0x0, 0x21, 0xc1, 0x0, 0xff, 0xe1, 0xa7, 0x90,
    0x7, 0xff, 0x0, 0x4d, 0xb2, 0xc4, 0x3, 0xe9,
    0xff, 0xee, 0xc9, 0x30, 0xf, 0xff, 0xf8, 0x7,
    0xff, 0x34,

    /* U+00DF "ß" */
    0x0, 0xf8, 0x8a, 0x0, 0xff, 0xe0, 0xb6, 0x7e,
    0xed, 0xf8, 0xc0, 0x1f, 0x87, 0x64, 0xc0, 0x38,
    0xe7, 0x4, 0x3, 0xd8, 0x40, 0x1f, 0xc7, 0x80,
    0x1d, 0x4, 0x0, 0x1a, 0xef, 0xd8, 0x0, 0x89,
    0xc0, 0x33, 0x80, 0x7, 0xd4, 0x40, 0x9f, 0x0,
    0x2b, 0x0, 0x90, 0x2, 0x91, 0x0, 0xe3, 0x30,
    0x0, 0xc0, 0x2c, 0x0, 0x94, 0x3, 0xe5, 0x0,
    0xf1, 0x0, 0x44, 0x1, 0xf1, 0x80, 0x4, 0x2,
    0x10, 0x0, 0x80, 0x7e, 0x40, 0x2, 0x80, 0x4e,
    0x1, 0xfe, 0x51, 0x0, 0x70, 0x7, 0xff, 0x4,
    0x6c, 0x0, 0x6a, 0x1, 0xff, 0xc1, 0xb1, 0x0,
    0x70, 0x7, 0xff, 0x5, 0x54, 0x0, 0x92, 0x0,
    0xff, 0xe0, 0xd8, 0x1, 0x18, 0x3, 0xff, 0x82,
    0x42, 0x0, 0xd0, 0xf, 0xfe, 0x37, 0x80, 0x7f,
    0xf0, 0x88, 0x40, 0xc, 0xa0, 0x1f, 0xfc, 0x28,
    0x0, 0xaa, 0x0, 0x3f, 0xf8, 0x2c, 0xe0, 0x13,
    0xd8, 0x7, 0xff, 0x6, 0x24, 0x2, 0x4c, 0x0,
    0xff, 0xe0, 0xb5, 0x80, 0x47, 0x0, 0x1f, 0xfc,
    0x14, 0xc0, 0x9, 0xc8, 0x3, 0xff, 0x82, 0x70,
    0x1, 0x28, 0x7, 0xff, 0x9, 0x80, 0x2d, 0x0,
    0xff, 0xe1, 0x8, 0x4, 0x20, 0x1f, 0xfc, 0x21,
    0x0, 0xff, 0xe3, 0x38, 0x4, 0x60, 0x1f, 0x8,
    0x7, 0x14, 0x0, 0x56, 0x1, 0xf4, 0x7e, 0x4c,
    0x5e, 0x88, 0x1, 0xc, 0x3, 0xe4, 0x3, 0x67,
    0x40, 0x8, 0xa8, 0x3, 0xf0, 0x80, 0x7c, 0xfa,
    0x21, 0x9f, 0xee, 0x0, 0xb3, 0xaa, 0x21, 0x37,
    0xf0, 0x1, 0x0,

    /* U+00E0 "à" */
    0x0, 0xcf, 0xff, 0x84, 0x3, 0xff, 0x86, 0xf0,
    0x1, 0x40, 0x7, 0xff, 0x11, 0xdc, 0x0, 0x62,
    0x0, 0xff, 0xe2, 0x43, 0x0, 0x24, 0x3, 0xff,
    0x8b, 0x2a, 0x8, 0x60, 0x1f, 0xfc, 0x5a, 0xcc,
    0x8, 0x7, 0xff, 0x18, 0xcc, 0x40, 0x1f, 0xfc,
    0x44, 0x67, 0x73, 0x18, 0x7, 0xff, 0x1, 0x2f,
    0xee, 0x62, 0x13, 0x9c, 0xe0, 0x1f, 0x86, 0xec,
    0x80, 0x1f, 0xc, 0x60, 0x80, 0x7b, 0x50, 0x2,
    0x24, 0x54, 0x10, 0x8, 0xe8, 0x3, 0xde, 0x3,
    0x1d, 0xb7, 0x57, 0xd2, 0x1, 0x21, 0x80, 0x71,
    0xd7, 0x38, 0x80, 0x73, 0x50, 0x5, 0x60, 0x1e,
    0x50, 0xf, 0xe5, 0x10, 0x2, 0x0, 0x7f, 0xf1,
    0x48, 0x0, 0x20, 0x1f, 0xfc, 0x57, 0x0, 0xff,
    0xe5, 0x98, 0x7, 0xc2, 0xf7, 0xdf, 0xee, 0xdc,
    0x96, 0x0, 0xfe, 0x9e, 0x84, 0x10, 0x0, 0x91,
    0xb1, 0x0, 0x7e, 0xc6, 0x0, 0x84, 0xd5, 0xc,
    0x40, 0x3f, 0xa0, 0xc0, 0x9, 0x9d, 0x95, 0x79,
    0xde, 0x80, 0x1f, 0x30, 0x0, 0xec, 0xc0, 0x3f,
    0xf8, 0x42, 0x20, 0x5, 0x0, 0x7f, 0xf1, 0xc,
    0x2, 0x20, 0xf, 0xe7, 0x0, 0xf1, 0x80, 0x46,
    0x1, 0xfa, 0x4c, 0x3, 0xc2, 0x40, 0x9, 0x30,
    0xe, 0x1b, 0x60, 0x8, 0x40, 0x35, 0x0, 0x7,
    0x29, 0x95, 0xef, 0x90, 0x8, 0x2, 0x95, 0x10,
    0x75, 0x0, 0x96, 0x6a, 0x10, 0x1, 0x18, 0x1,
    0x35, 0x18, 0x2, 0xa4, 0x40, 0x3c, 0x9a, 0xe2,
    0xe0, 0x18, 0x80, 0x26, 0xec, 0x98, 0x9b, 0xeb,
    0x20, 0x4, 0x64, 0x43, 0x0,

    /* U+00E1 "á" */
    0x0, 0xff, 0x37, 0xfd, 0xa2, 0x1, 0xff, 0xc3,
    0x80, 0x0, 0xf8, 0x80, 0x7f, 0xf0, 0xa0, 0x40,
    0x70, 0x80, 0x3f, 0xf8, 0x42, 0xe0, 0xd, 0x20,
    0xf, 0xfe, 0x1c, 0x0, 0x2c, 0xc0, 0x3f, 0xf8,
    0x95, 0x9a, 0x80, 0x1f, 0xfc, 0x53, 0x31, 0x0,
    0x7f, 0xf1, 0x51, 0x9d, 0xcc, 0x60, 0x1f, 0xfc,
    0x4, 0xbf, 0xb9, 0x88, 0x4e, 0x73, 0x80, 0x7e,
    0x1b, 0xb2, 0x0, 0x7c, 0x31, 0x82, 0x1, 0xed,
    0x40, 0x8, 0x91, 0x50, 0x40, 0x23, 0xa0, 0xf,
    0x78, 0xc, 0x76, 0xdd, 0x5f, 0x48, 0x4, 0x86,
    0x1, 0xc7, 0x5c, 0xe2, 0x1, 0xcd, 0x40, 0x15,
    0x80, 0x79, 0x40, 0x3f, 0x94, 0x40, 0x8, 0x1,
    0xff, 0xc5, 0x20, 0x0, 0x80, 0x7f, 0xf1, 0x5c,
    0x3, 0xff, 0x96, 0x60, 0x1f, 0xb, 0xdf, 0x7f,
    0xbb, 0x72, 0x58, 0x3, 0xfa, 0x7a, 0x10, 0x40,
    0x2, 0x46, 0xc4, 0x1, 0xfb, 0x18, 0x2, 0x13,
    0x54, 0x31, 0x0, 0xfe, 0x83, 0x0, 0x26, 0x76,
    0x55, 0xe7, 0x7a, 0x0, 0x7c, 0xc0, 0x3, 0xb3,
    0x0, 0xff, 0xe1, 0x8, 0x80, 0x14, 0x1, 0xff,
    0xc4, 0x30, 0x8, 0x80, 0x3f, 0x9c, 0x3, 0xc6,
    0x1, 0x18, 0x7, 0xe9, 0x30, 0xf, 0x9, 0x0,
    0x24, 0xc0, 0x38, 0x6d, 0x80, 0x21, 0x0, 0xd4,
    0x0, 0x1c, 0xa6, 0x57, 0xbe, 0x40, 0x20, 0xa,
    0x54, 0x41, 0xd4, 0x2, 0x59, 0xa8, 0x40, 0x4,
    0x60, 0x4, 0xd4, 0x60, 0xa, 0x91, 0x0, 0xf2,
    0x6b, 0x8b, 0x80, 0x62, 0x0, 0x9b, 0xb2, 0x62,
    0x6f, 0xac, 0x80, 0x11, 0x91, 0xc, 0x0,

    /* U+00E2 "â" */
    0x0, 0xfe, 0x78, 0x30, 0xf, 0xfe, 0x2e, 0x43,
    0xe9, 0x0, 0x7f, 0xf0, 0xec, 0xc0, 0x3, 0xe2,
    0x1, 0xff, 0xc1, 0xa4, 0x4, 0x60, 0x2d, 0x0,
    0xff, 0xe0, 0x4a, 0x81, 0xdc, 0xa8, 0x1d, 0x0,
    0x7f, 0x88, 0x5e, 0x34, 0x1, 0x50, 0xe4, 0x40,
    0xf, 0xe2, 0x88, 0x38, 0x80, 0x4f, 0x10, 0x20,
    0xf, 0xfe, 0xaa, 0x33, 0xb9, 0x8c, 0x3, 0xff,
    0x80, 0x97, 0xf7, 0x31, 0x9, 0xce, 0x70, 0xf,
    0xc3, 0x76, 0x40, 0xf, 0x86, 0x30, 0x40, 0x3d,
    0xa8, 0x1, 0x12, 0x2a, 0x8, 0x4, 0x74, 0x1,
    0xef, 0x1, 0x8e, 0xdb, 0xab, 0xe9, 0x0, 0x90,
    0xc0, 0x38, 0xeb, 0x9c, 0x40, 0x39, 0xa8, 0x2,
    0xb0, 0xf, 0x28, 0x7, 0xf2, 0x88, 0x1, 0x0,
    0x3f, 0xf8, 0xa4, 0x0, 0x10, 0xf, 0xfe, 0x2b,
    0x80, 0x7f, 0xf2, 0xcc, 0x3, 0xe1, 0x7b, 0xef,
    0xf7, 0x6e, 0x4b, 0x0, 0x7f, 0x4f, 0x42, 0x8,
    0x0, 0x48, 0xd8, 0x80, 0x3f, 0x63, 0x0, 0x42,
    0x6a, 0x86, 0x20, 0x1f, 0xd0, 0x60, 0x4, 0xce,
    0xca, 0xbc, 0xef, 0x40, 0xf, 0x98, 0x0, 0x76,
    0x60, 0x1f, 0xfc, 0x21, 0x10, 0x2, 0x80, 0x3f,
    0xf8, 0x86, 0x1, 0x10, 0x7, 0xf3, 0x80, 0x78,
    0xc0, 0x23, 0x0, 0xfd, 0x26, 0x1, 0xe1, 0x20,
    0x4, 0x98, 0x7, 0xd, 0xb0, 0x4, 0x20, 0x1a,
    0x80, 0x3, 0x94, 0xca, 0xf7, 0xc8, 0x4, 0x1,
    0x4a, 0x88, 0x3a, 0x80, 0x4b, 0x35, 0x8, 0x0,
    0x8c, 0x0, 0x9a, 0x8c, 0x1, 0x52, 0x20, 0x1e,
    0x4d, 0x71, 0x70, 0xc, 0x40, 0x13, 0x76, 0x4c,
    0x4d, 0xf5, 0x90, 0x2, 0x32, 0x21, 0x80,

    /* U+00E3 "ã" */
    0x0, 0xf2, 0x3a, 0x0, 0x71, 0x0, 0x7f, 0xd3,
    0x71, 0x76, 0x10, 0x1, 0xed, 0x0, 0x7f, 0x33,
    0x0, 0x24, 0xc3, 0x1f, 0x1, 0x0, 0xfe, 0x80,
    0x3a, 0x60, 0x2c, 0xe3, 0x8, 0x0, 0xfc, 0x40,
    0x3a, 0xb3, 0x62, 0x1, 0x39, 0x80, 0x7e, 0x2e,
    0xd1, 0x0, 0x27, 0xba, 0xd4, 0x0, 0x7f, 0xc6,
    0x1, 0x86, 0x29, 0x40, 0x3f, 0xfa, 0xe8, 0xce,
    0xe6, 0x30, 0xf, 0xfe, 0x2, 0x5f, 0xdc, 0xc4,
    0x27, 0x39, 0xc0, 0x3f, 0xd, 0xd9, 0x0, 0x3e,
    0x18, 0xc1, 0x0, 0xf6, 0xa0, 0x4, 0x48, 0xa8,
    0x20, 0x11, 0xd0, 0x7, 0xbc, 0x6, 0x3b, 0x6e,
    0xaf, 0xa4, 0x2, 0x43, 0x0, 0xe3, 0xae, 0x71,
    0x0, 0xe6, 0xa0, 0xa, 0xc0, 0x3c, 0xa0, 0x1f,
    0xca, 0x20, 0x4, 0x0, 0xff, 0xe2, 0x90, 0x0,
    0x40, 0x3f, 0xf8, 0xae, 0x1, 0xff, 0xcb, 0x30,
    0xf, 0x85, 0xef, 0xbf, 0xdd, 0xb9, 0x2c, 0x1,
    0xfd, 0x3d, 0x8, 0x20, 0x1, 0x23, 0x62, 0x0,
    0xfd, 0x8c, 0x1, 0x9, 0xaa, 0x18, 0x80, 0x7f,
    0x41, 0x80, 0x13, 0x3b, 0x2a, 0xf3, 0xbd, 0x0,
    0x3e, 0x60, 0x1, 0xd9, 0x80, 0x7f, 0xf0, 0x84,
    0x40, 0xa, 0x0, 0xff, 0xe2, 0x18, 0x4, 0x40,
    0x1f, 0xce, 0x1, 0xe3, 0x0, 0x8c, 0x3, 0xf4,
    0x98, 0x7, 0x84, 0x80, 0x12, 0x60, 0x1c, 0x36,
    0xc0, 0x10, 0x80, 0x6a, 0x0, 0xe, 0x53, 0x2b,
    0xdf, 0x20, 0x10, 0x5, 0x2a, 0x20, 0xea, 0x1,
    0x2c, 0xd4, 0x20, 0x2, 0x30, 0x2, 0x6a, 0x30,
    0x5, 0x48, 0x80, 0x79, 0x35, 0xc5, 0xc0, 0x31,
    0x0, 0x4d, 0xd9, 0x31, 0x37, 0xd6, 0x40, 0x8,
    0xc8, 0x86, 0x0,

    /* U+00E4 "ä" */
    0x0, 0xe2, 0x74, 0x0, 0xc8, 0xe6, 0x1, 0xfe,
    0x2d, 0x8b, 0x60, 0x2, 0x5c, 0x61, 0x80, 0x7f,
    0x38, 0x5, 0x80, 0xc, 0x0, 0x90, 0x3, 0xf9,
    0x80, 0x22, 0x0, 0x70, 0x4, 0x40, 0x1f, 0xc7,
    0x6, 0xd2, 0x0, 0x67, 0x37, 0x50, 0xf, 0xf3,
    0xe4, 0x88, 0x5, 0x19, 0x0, 0x1f, 0xfe, 0xb4,
    0x67, 0x73, 0x18, 0x7, 0xff, 0x1, 0x2f, 0xee,
    0x62, 0x13, 0x9c, 0xe0, 0x1f, 0x86, 0xec, 0x80,
    0x1f, 0xc, 0x60, 0x80, 0x7b, 0x50, 0x2, 0x24,
    0x54, 0x10, 0x8, 0xe8, 0x3, 0xde, 0x3, 0x1d,
    0xb7, 0x57, 0xd2, 0x1, 0x21, 0x80, 0x71, 0xd7,
    0x38, 0x80, 0x73, 0x50, 0x5, 0x60, 0x1e, 0x50,
    0xf, 0xe5, 0x10, 0x2, 0x0, 0x7f, 0xf1, 0x48,
    0x0, 0x20, 0x1f, 0xfc, 0x57, 0x0, 0xff, 0xe5,
    0x98, 0x7, 0xc2, 0xf7, 0xdf, 0xee, 0xdc, 0x96,
    0x0, 0xfe, 0x9e, 0x84, 0x10, 0x0, 0x91, 0xb1,
    0x0, 0x7e, 0xc6, 0x0, 0x84, 0xd5, 0xc, 0x40,
    0x3f, 0xa0, 0xc0, 0x9, 0x9d, 0x95, 0x79, 0xde,
    0x80, 0x1f, 0x30, 0x0, 0xec, 0xc0, 0x3f, 0xf8,
    0x42, 0x20, 0x5, 0x0, 0x7f, 0xf1, 0xc, 0x2,
    0x20, 0xf, 0xe7, 0x0, 0xf1, 0x80, 0x46, 0x1,
    0xfa, 0x4c, 0x3, 0xc2, 0x40, 0x9, 0x30, 0xe,
    0x1b, 0x60, 0x8, 0x40, 0x35, 0x0, 0x7, 0x29,
    0x95, 0xef, 0x90, 0x8, 0x2, 0x95, 0x10, 0x75,
    0x0, 0x96, 0x6a, 0x10, 0x1, 0x18, 0x1, 0x35,
    0x18, 0x2, 0xa4, 0x40, 0x3c, 0x9a, 0xe2, 0xe0,
    0x18, 0x80, 0x26, 0xec, 0x98, 0x9b, 0xeb, 0x20,
    0x4, 0x64, 0x43, 0x0,

    /* U+00E5 "å" */
    0x0, 0xf8, 0xaf, 0xfd, 0x66, 0x1, 0xff, 0xc2,
    0x2d, 0x40, 0x2, 0x61, 0x80, 0x7f, 0xf0, 0x64,
    0xb, 0x78, 0xc3, 0x80, 0x3f, 0xf8, 0x28, 0x10,
    0x43, 0xe0, 0x44, 0x0, 0xff, 0x84, 0x0, 0xe0,
    0x2, 0x0, 0x30, 0x7, 0xfc, 0x20, 0x7, 0x0,
    0x10, 0x1, 0x80, 0x3f, 0xf8, 0x8, 0x10, 0x43,
    0xe0, 0x44, 0x0, 0xff, 0xe0, 0x48, 0x16, 0xf1,
    0x84, 0x80, 0x7f, 0xf0, 0x4b, 0x54, 0x44, 0x98,
    0x80, 0x1f, 0xfc, 0x22, 0xae, 0xe5, 0x98, 0x7,
    0xff, 0xd, 0x19, 0xdc, 0xc6, 0x1, 0xff, 0xc0,
    0x4b, 0xfb, 0x98, 0x84, 0xe7, 0x38, 0x7, 0xe1,
    0xbb, 0x20, 0x7, 0xc3, 0x18, 0x20, 0x1e, 0xd4,
    0x0, 0x89, 0x15, 0x4, 0x2, 0x3a, 0x0, 0xf7,
    0x80, 0xc7, 0x6d, 0xd5, 0xf4, 0x80, 0x48, 0x60,
    0x1c, 0x75, 0xce, 0x20, 0x1c, 0xd4, 0x1, 0x58,
    0x7, 0x94, 0x3, 0xf9, 0x44, 0x0, 0x80, 0x1f,
    0xfc, 0x52, 0x0, 0x8, 0x7, 0xff, 0x15, 0xc0,
    0x3f, 0xf9, 0x66, 0x1, 0xf0, 0xbd, 0xf7, 0xfb,
    0xb7, 0x25, 0x80, 0x3f, 0xa7, 0xa1, 0x4, 0x0,
    0x24, 0x6c, 0x40, 0x1f, 0xb1, 0x80, 0x21, 0x35,
    0x43, 0x10, 0xf, 0xe8, 0x30, 0x2, 0x67, 0x65,
    0x5e, 0x77, 0xa0, 0x7, 0xcc, 0x0, 0x3b, 0x30,
    0xf, 0xfe, 0x10, 0x88, 0x1, 0x40, 0x1f, 0xfc,
    0x43, 0x0, 0x88, 0x3, 0xf9, 0xc0, 0x3c, 0x60,
    0x11, 0x80, 0x7e, 0x93, 0x0, 0xf0, 0x90, 0x2,
    0x4c, 0x3, 0x86, 0xd8, 0x2, 0x10, 0xd, 0x40,
    0x1, 0xca, 0x65, 0x7b, 0xe4, 0x2, 0x0, 0xa5,
    0x44, 0x1d, 0x40, 0x25, 0x9a, 0x84, 0x0, 0x46,
    0x0, 0x4d, 0x46, 0x0, 0xa9, 0x10, 0xf, 0x26,
    0xb8, 0xb8, 0x6, 0x20, 0x9, 0xbb, 0x26, 0x26,
    0xfa, 0xc8, 0x1, 0x19, 0x10, 0xc0,

    /* U+00E6 "æ" */
    0x0, 0xf9, 0x19, 0xdc, 0xc6, 0x1, 0xfc, 0x8c,
    0xec, 0x80, 0x1f, 0xf2, 0x5f, 0xdc, 0xc4, 0x27,
    0x39, 0xc0, 0x31, 0x57, 0xdc, 0xc4, 0xdf, 0xd0,
    0x80, 0x78, 0xae, 0xc8, 0x1, 0xf0, 0xc5, 0x0,
    0x1b, 0x54, 0x3, 0xe5, 0xf3, 0x0, 0xee, 0x40,
    0x8, 0x91, 0x54, 0x40, 0x12, 0xb2, 0xc8, 0x4,
    0x4a, 0xa3, 0x0, 0x87, 0x44, 0x3, 0x70, 0xc,
    0x76, 0xdd, 0x53, 0x6c, 0x40, 0x11, 0x40, 0x2,
    0xcd, 0xaa, 0x67, 0x28, 0x0, 0x68, 0x3, 0x16,
    0x73, 0x88, 0x7, 0x26, 0x80, 0x4, 0x0, 0x5a,
    0x60, 0x18, 0x69, 0x0, 0x8, 0x40, 0x18, 0xc0,
    0x3f, 0x8d, 0x0, 0x37, 0x80, 0x7e, 0x90, 0xa,
    0x80, 0x3f, 0xf8, 0x66, 0x1, 0x21, 0x0, 0x7e,
    0x23, 0x0, 0x20, 0x7, 0xff, 0xf, 0xc0, 0x2c,
    0x0, 0xff, 0x20, 0x0, 0xc0, 0x3c, 0x2b, 0x15,
    0x54, 0xb9, 0x80, 0x62, 0x0, 0xff, 0x70, 0x7,
    0xc7, 0x7d, 0x4e, 0xab, 0x34, 0x64, 0x0, 0x55,
    0xff, 0xfe, 0x90, 0x8, 0x40, 0xd, 0x88, 0x1,
    0xff, 0xd2, 0x49, 0x0, 0xb, 0xe7, 0x7f, 0xb6,
    0xdc, 0x80, 0x22, 0x33, 0xff, 0xe1, 0x8, 0x40,
    0x0, 0x7e, 0xc, 0x40, 0x4, 0x91, 0x60, 0x14,
    0x66, 0x7f, 0xf0, 0x80, 0x6, 0x0, 0x91, 0x0,
    0xff, 0xe0, 0x68, 0x7, 0xff, 0xc, 0x80, 0x22,
    0x0, 0xfe, 0x10, 0x9, 0x40, 0x3f, 0xf8, 0xe6,
    0x1, 0xfd, 0x60, 0x11, 0x20, 0x7, 0xff, 0x8,
    0x80, 0x2d, 0x0, 0xfc, 0xe6, 0x1, 0xa8, 0x80,
    0x3f, 0x99, 0x0, 0x23, 0x0, 0x24, 0x8, 0x6,
    0x2a, 0x80, 0x3, 0x80, 0x7, 0x14, 0x3, 0xcb,
    0x93, 0x40, 0x14, 0x0, 0x4f, 0xd9, 0x54, 0xdd,
    0x28, 0x2, 0xe1, 0x80, 0x3, 0x5f, 0x75, 0x4c,
    0xfa, 0x30, 0x13, 0x0, 0x24, 0x0, 0x63, 0x55,
    0x10, 0x0, 0x71, 0x2, 0x5c, 0x3, 0x22, 0xa8,
    0xc0, 0x22, 0xc3, 0x0, 0x9e, 0xcc, 0x3, 0xc2,
    0xfc, 0x60, 0x14, 0x59, 0x80, 0x7c, 0x53, 0xa6,
    0x1, 0xc9, 0x9b, 0x51, 0x9, 0xce, 0x80, 0xf,
    0x26, 0x75, 0x44, 0x26, 0xbb, 0x58, 0x3, 0x0,

    /* U+00E7 "ç" */
    0x0, 0xfc, 0x6c, 0xee, 0x63, 0x0, 0xff, 0xc,
    0x76, 0x4c, 0x42, 0x73, 0xe8, 0xc0, 0x3c, 0x9e,
    0xe2, 0x1, 0xf2, 0xe4, 0x80, 0x65, 0xb1, 0x0,
    0x84, 0xd0, 0xc0, 0x33, 0x18, 0x0, 0xa8, 0x2,
    0x3b, 0xec, 0xbc, 0xfb, 0x30, 0x73, 0x0, 0x70,
    0x4, 0xb8, 0x80, 0x1c, 0x99, 0x30, 0x0, 0x43,
    0x0, 0x1d, 0x0, 0x7f, 0x30, 0x5, 0xc0, 0x17,
    0x80, 0x7f, 0xf0, 0x90, 0x0, 0x46, 0x1, 0xff,
    0xc1, 0x11, 0x0, 0x1c, 0x3, 0xff, 0x84, 0x60,
    0x11, 0x0, 0x7f, 0xf6, 0x44, 0x3, 0xff, 0x84,
    0x40, 0x11, 0x0, 0x7f, 0xf0, 0xc8, 0x0, 0x80,
    0x1f, 0xfc, 0x37, 0x0, 0x94, 0x3, 0xff, 0x85,
    0xc0, 0x15, 0x88, 0x7, 0xff, 0x5, 0xc, 0x0,
    0x3a, 0x20, 0x1f, 0x99, 0xc0, 0x2e, 0x0, 0x8f,
    0x18, 0x3, 0x97, 0x26, 0xc, 0x0, 0x54, 0x1,
    0x14, 0xfe, 0xe6, 0xfd, 0x18, 0x2, 0x40, 0x25,
    0xb1, 0x0, 0xc4, 0x64, 0x1, 0x96, 0x80, 0x32,
    0x7c, 0x8, 0x7, 0xc9, 0x94, 0x1, 0xe1, 0x7e,
    0xd3, 0x6, 0x9b, 0xfb, 0x30, 0xf, 0xf3, 0x1b,
    0x4b, 0x20, 0x7, 0xff, 0x6, 0x81, 0xbf, 0x10,
    0x3, 0xff, 0x83, 0x68, 0xa2, 0x76, 0x60, 0x1f,
    0xfc, 0x5, 0xba, 0xf0, 0x5, 0x80, 0x7f, 0xc8,
    0x60, 0x7, 0x0, 0x78, 0x7, 0xfd, 0xf9, 0xfe,
    0x90, 0x16, 0x0, 0xff, 0xb9, 0x4, 0x9, 0xfc,
    0x40, 0x30,

    /* U+00E8 "è" */
    0x0, 0xec, 0xff, 0xa8, 0x3, 0xff, 0x87, 0x86,
    0x0, 0x53, 0x0, 0xff, 0xe1, 0xe9, 0x0, 0x3c,
    0x3, 0xff, 0x86, 0x38, 0x40, 0x6a, 0x1, 0xff,
    0xc3, 0x1f, 0x10, 0x80, 0xf, 0xfe, 0x21, 0x7d,
    0xc8, 0x7, 0xff, 0x14, 0x51, 0x0, 0x1f, 0xfc,
    0x44, 0x67, 0x72, 0x90, 0x7, 0xfc, 0x55, 0xf7,
    0x31, 0xa, 0xdd, 0x28, 0x7, 0xe6, 0xd5, 0x0,
    0xf8, 0xaa, 0x40, 0x3c, 0xf2, 0x1, 0x13, 0x3b,
    0x90, 0x2, 0x6b, 0x0, 0xc9, 0x0, 0x2, 0xcd,
    0x98, 0x85, 0xf2, 0x80, 0x11, 0x80, 0x29, 0x0,
    0x16, 0x18, 0x7, 0xd, 0x20, 0x2, 0x40, 0x8,
    0x40, 0xe, 0x10, 0xf, 0xd2, 0x1, 0x30, 0x70,
    0x0, 0xcc, 0x1, 0xfc, 0x46, 0x0, 0xc0, 0x40,
    0x2, 0x80, 0x7f, 0xca, 0x0, 0x60, 0x10, 0x2,
    0x5d, 0xff, 0xc8, 0x0, 0x12, 0x0, 0x89, 0x13,
    0xfe, 0x20, 0x8, 0x40, 0x3f, 0xf8, 0xcc, 0x20,
    0x13, 0xff, 0xff, 0xf0, 0xac, 0xc0, 0x23, 0x0,
    0xff, 0xe1, 0x88, 0x80, 0xa, 0x1, 0xff, 0xc4,
    0x40, 0x0, 0xa0, 0x7, 0xff, 0xf, 0xc0, 0x2f,
    0x0, 0xff, 0xe1, 0xa9, 0x0, 0x11, 0xc0, 0x3f,
    0x86, 0xd0, 0x2, 0x90, 0xa, 0x24, 0x40, 0x38,
    0x5f, 0x92, 0x80, 0x24, 0x80, 0x9, 0xbb, 0x2a,
    0x6b, 0x7a, 0x0, 0x2, 0xa0, 0x13, 0xc8, 0x6,
    0x35, 0x65, 0x20, 0x8, 0xad, 0x40, 0x33, 0x6b,
    0x0, 0x7e, 0x3a, 0xd4, 0x0, 0xf1, 0x4f, 0xe4,
    0xc4, 0x26, 0xff, 0x14, 0x2,

    /* U+00E9 "é" */
    0x0, 0xff, 0xb7, 0xfe, 0x80, 0xf, 0xfe, 0x13,
    0x10, 0x1, 0x60, 0x3, 0xff, 0x85, 0x0, 0x4,
    0xa0, 0xf, 0xfe, 0x13, 0x88, 0x1d, 0x80, 0x7f,
    0xf0, 0x86, 0x40, 0xb4, 0x3, 0xff, 0x89, 0x57,
    0x82, 0x1, 0xff, 0xc3, 0x14, 0x40, 0x80, 0x7f,
    0xf1, 0x11, 0x9d, 0xca, 0x40, 0x1f, 0xf1, 0x57,
    0xdc, 0xc4, 0x2b, 0x74, 0xa0, 0x1f, 0x9b, 0x54,
    0x3, 0xe2, 0xa9, 0x0, 0xf3, 0xc8, 0x4, 0x4c,
    0xee, 0x40, 0x9, 0xac, 0x3, 0x24, 0x0, 0xb,
    0x36, 0x62, 0x17, 0xca, 0x0, 0x46, 0x0, 0xa4,
    0x0, 0x58, 0x60, 0x1c, 0x34, 0x80, 0x9, 0x0,
    0x21, 0x0, 0x38, 0x40, 0x3f, 0x48, 0x4, 0xc1,
    0xc0, 0x3, 0x30, 0x7, 0xf1, 0x18, 0x3, 0x1,
    0x0, 0xa, 0x1, 0xff, 0x28, 0x1, 0x80, 0x40,
    0x9, 0x77, 0xff, 0x20, 0x0, 0x48, 0x2, 0x24,
    0x4f, 0xf8, 0x80, 0x21, 0x0, 0xff, 0xe3, 0x30,
    0x80, 0x4f, 0xff, 0xff, 0xc2, 0xb3, 0x0, 0x8c,
    0x3, 0xff, 0x86, 0x22, 0x0, 0x28, 0x7, 0xff,
    0x11, 0x0, 0x2, 0x80, 0x1f, 0xfc, 0x3f, 0x0,
    0xbc, 0x3, 0xff, 0x86, 0xa4, 0x0, 0x47, 0x0,
    0xfe, 0x1b, 0x40, 0xa, 0x40, 0x28, 0x91, 0x0,
    0xe1, 0x7e, 0x4a, 0x0, 0x92, 0x0, 0x26, 0xec,
    0xa9, 0xad, 0xe8, 0x0, 0xa, 0x80, 0x4f, 0x20,
    0x18, 0xd5, 0x94, 0x80, 0x22, 0xb5, 0x0, 0xcd,
    0xac, 0x1, 0xf8, 0xeb, 0x50, 0x3, 0xc5, 0x3f,
    0x93, 0x10, 0x9b, 0xfc, 0x50, 0x8,

    /* U+00EA "ê" */
    0x0, 0xfe, 0x38, 0x70, 0xf, 0xfe, 0x21, 0xe3,
    0xc5, 0x80, 0x7f, 0xf0, 0x8b, 0x40, 0x24, 0x90,
    0xf, 0xfe, 0x0, 0xe0, 0x84, 0x10, 0x33, 0x0,
    0x3f, 0xc3, 0x82, 0xe, 0xef, 0x10, 0x94, 0x0,
    0xfe, 0x55, 0x3c, 0xc0, 0x16, 0x3b, 0x8c, 0x3,
    0xf9, 0x22, 0xc, 0x1, 0x14, 0x41, 0xc0, 0x3f,
    0xfa, 0x88, 0xce, 0xe5, 0x20, 0xf, 0xf8, 0xab,
    0xee, 0x62, 0x15, 0xba, 0x50, 0xf, 0xcd, 0xaa,
    0x1, 0xf1, 0x54, 0x80, 0x79, 0xe4, 0x2, 0x26,
    0x77, 0x20, 0x4, 0xd6, 0x1, 0x92, 0x0, 0x5,
    0x9b, 0x31, 0xb, 0xe5, 0x0, 0x23, 0x0, 0x52,
    0x0, 0x2c, 0x30, 0xe, 0x1a, 0x40, 0x4, 0x80,
    0x10, 0x80, 0x1c, 0x20, 0x1f, 0xa4, 0x2, 0x60,
    0xe0, 0x1, 0x98, 0x3, 0xf8, 0x8c, 0x1, 0x80,
    0x80, 0x5, 0x0, 0xff, 0x94, 0x0, 0xc0, 0x20,
    0x4, 0xbb, 0xff, 0x90, 0x0, 0x24, 0x1, 0x12,
    0x27, 0xfc, 0x40, 0x10, 0x80, 0x7f, 0xf1, 0x98,
    0x40, 0x27, 0xff, 0xff, 0xe1, 0x59, 0x80, 0x46,
    0x1, 0xff, 0xc3, 0x11, 0x0, 0x14, 0x3, 0xff,
    0x88, 0x80, 0x1, 0x40, 0xf, 0xfe, 0x1f, 0x80,
    0x5e, 0x1, 0xff, 0xc3, 0x52, 0x0, 0x23, 0x80,
    0x7f, 0xd, 0xa0, 0x5, 0x20, 0x14, 0x48, 0x80,
    0x70, 0xbf, 0x25, 0x0, 0x49, 0x0, 0x13, 0x76,
    0x54, 0xd6, 0xf4, 0x0, 0x5, 0x40, 0x27, 0x90,
    0xc, 0x6a, 0xca, 0x40, 0x11, 0x5a, 0x80, 0x66,
    0xd6, 0x0, 0xfc, 0x75, 0xa8, 0x1, 0xe2, 0x9f,
    0xc9, 0x88, 0x4d, 0xfe, 0x28, 0x4,

    /* U+00EB "ë" */
    0x0, 0xf2, 0xb9, 0x0, 0x66, 0x60, 0x80, 0x7f,
    0x3d, 0x46, 0x8, 0x2, 0xa6, 0x58, 0x1, 0xfd,
    0x80, 0x1, 0x50, 0x2, 0x0, 0x8, 0x40, 0x3f,
    0x10, 0x4, 0xc0, 0x2, 0x0, 0x84, 0x3, 0xf4,
    0x29, 0xc9, 0x0, 0x39, 0x11, 0x60, 0x1f, 0xc3,
    0x58, 0xc0, 0x11, 0x5d, 0x90, 0x3, 0xff, 0xd0,
    0x8c, 0xee, 0x52, 0x0, 0xff, 0x8a, 0xbe, 0xe6,
    0x21, 0x5b, 0xa5, 0x0, 0xfc, 0xda, 0xa0, 0x1f,
    0x15, 0x48, 0x7, 0x9e, 0x40, 0x22, 0x67, 0x72,
    0x0, 0x4d, 0x60, 0x19, 0x20, 0x0, 0x59, 0xb3,
    0x10, 0xbe, 0x50, 0x2, 0x30, 0x5, 0x20, 0x2,
    0xc3, 0x0, 0xe1, 0xa4, 0x0, 0x48, 0x1, 0x8,
    0x1, 0xc2, 0x1, 0xfa, 0x40, 0x26, 0xe, 0x0,
    0x19, 0x80, 0x3f, 0x88, 0xc0, 0x18, 0x8, 0x0,
    0x50, 0xf, 0xf9, 0x40, 0xc, 0x2, 0x0, 0x4b,
    0xbf, 0xf9, 0x0, 0x2, 0x40, 0x11, 0x22, 0x7f,
    0xc4, 0x1, 0x8, 0x7, 0xff, 0x19, 0x84, 0x2,
    0x7f, 0xff, 0xfe, 0x15, 0x98, 0x4, 0x60, 0x1f,
    0xfc, 0x31, 0x10, 0x1, 0x40, 0x3f, 0xf8, 0x88,
    0x0, 0x14, 0x0, 0xff, 0xe1, 0xf8, 0x5, 0xe0,
    0x1f, 0xfc, 0x35, 0x20, 0x2, 0x38, 0x7, 0xf0,
    0xda, 0x0, 0x52, 0x1, 0x44, 0x88, 0x7, 0xb,
    0xf2, 0x50, 0x4, 0x90, 0x1, 0x37, 0x65, 0x4d,
    0x6f, 0x40, 0x0, 0x54, 0x2, 0x79, 0x0, 0xc6,
    0xac, 0xa4, 0x1, 0x15, 0xa8, 0x6, 0x6d, 0x60,
    0xf, 0xc7, 0x5a, 0x80, 0x1e, 0x29, 0xfc, 0x98,
    0x84, 0xdf, 0xe2, 0x80, 0x40,

    /* U+00EC "ì" */
    0x7f, 0xfc, 0x20, 0x7, 0x80, 0xa, 0x0, 0x27,
    0x70, 0x1, 0x88, 0x2, 0x86, 0x0, 0x48, 0x6,
    0x96, 0x4, 0x40, 0x6, 0x9d, 0xc5, 0x0, 0xe2,
    0x31, 0x0, 0xff, 0xe0, 0x5f, 0xfb, 0x80, 0x3f,
    0xff, 0xe0, 0x1f, 0xff, 0xf0, 0xf, 0xf0,

    /* U+00ED "í" */
    0x0, 0x9f, 0xfe, 0xd1, 0x0, 0xc, 0x0, 0xb,
    0x4, 0x1, 0x0, 0x1, 0xf1, 0x0, 0x13, 0x0,
    0x30, 0x80, 0x28, 0x0, 0x61, 0x0, 0x68, 0xce,
    0x30, 0xe, 0x23, 0x10, 0xf, 0xfe, 0x1d, 0xff,
    0xb8, 0x3, 0xff, 0xfe, 0x1, 0xff, 0xff, 0x0,
    0xff, 0xeb, 0x0,

    /* U+00EE "î" */
    0x0, 0xe7, 0x83, 0x0, 0xfd, 0x90, 0xfa, 0x40,
    0x1e, 0xb3, 0x0, 0xf, 0x88, 0x6, 0xa4, 0x4,
    0x60, 0x2d, 0x0, 0xa5, 0x40, 0xee, 0x54, 0xe,
    0x80, 0x85, 0xe3, 0x40, 0x15, 0xe, 0x45, 0x44,
    0x1c, 0x40, 0x27, 0x88, 0x10, 0x7, 0xff, 0x42,
    0xff, 0xdc, 0x1, 0xff, 0xff, 0x0, 0xff, 0xff,
    0x80, 0x7f, 0xff, 0xc0, 0x3f, 0xf8, 0xe0,

    /* U+00EF "ï" */
    0x2, 0x74, 0x0, 0xc8, 0xe6, 0x5, 0xb1, 0x6c,
    0x0, 0x4b, 0x8c, 0x37, 0x0, 0xb0, 0x1, 0x80,
    0x12, 0x30, 0x4, 0x40, 0xe, 0x0, 0x88, 0xe0,
    0xda, 0x40, 0xc, 0xe6, 0xea, 0xf, 0x92, 0x20,
    0x14, 0x64, 0x0, 0x7f, 0xf7, 0x6f, 0xfd, 0xc0,
    0x1f, 0xff, 0xf0, 0xf, 0xff, 0xf8, 0x7, 0xff,
    0xfc, 0x3, 0xff, 0x8e,

    /* U+00F0 "ð" */
    0x0, 0xfe, 0x60, 0xf, 0xfe, 0x3c, 0x4e, 0xa0,
    0x6, 0x77, 0x0, 0x7f, 0x85, 0xc0, 0xae, 0x41,
    0xba, 0x20, 0x20, 0x1f, 0xc3, 0xc8, 0x0, 0x6f,
    0x91, 0x2a, 0x10, 0xf, 0xf0, 0xda, 0x0, 0x67,
    0xd5, 0x0, 0xff, 0x9b, 0x50, 0x3, 0x31, 0x0,
    0x7f, 0x8b, 0x64, 0x89, 0x38, 0x20, 0x3e, 0x1,
    0xfe, 0x23, 0x29, 0xd6, 0x3d, 0x0, 0x14, 0x80,
    0x7f, 0xb3, 0x58, 0x2, 0x39, 0x0, 0x31, 0x80,
    0x7f, 0x1a, 0x3b, 0x98, 0xc1, 0x8c, 0x1, 0xe0,
    0x1f, 0x1d, 0xf5, 0xc4, 0x27, 0x39, 0xbc, 0x0,
    0x66, 0x0, 0xe8, 0xc4, 0x0, 0xf0, 0xcc, 0x18,
    0x2, 0x40, 0x34, 0xb8, 0x6, 0x23, 0x30, 0x4,
    0x86, 0x0, 0x50, 0x9, 0x58, 0x2, 0x5d, 0xd6,
    0x63, 0xe8, 0x40, 0x39, 0x0, 0x16, 0x1, 0x45,
    0x10, 0x6, 0x5f, 0x20, 0xc, 0x60, 0xc2, 0x0,
    0x47, 0x0, 0xf8, 0x7c, 0x3, 0x68, 0x68, 0x5,
    0x0, 0x1f, 0xc4, 0xe0, 0x13, 0x2, 0x0, 0x4,
    0xc0, 0x3f, 0xd4, 0x1, 0x10, 0x80, 0x48, 0x1,
    0xff, 0x10, 0x6, 0x30, 0x8, 0xc0, 0x3f, 0xf8,
    0x4, 0x1, 0x8, 0x4, 0x20, 0x1f, 0xfc, 0x1,
    0x0, 0x84, 0x2, 0x10, 0xf, 0xfe, 0x0, 0x80,
    0xc, 0xc0, 0x11, 0x0, 0x7f, 0xf0, 0x8, 0x0,
    0xc2, 0x20, 0x2, 0x80, 0x7f, 0xc4, 0x1, 0x60,
    0x20, 0x0, 0x50, 0x3, 0xfd, 0x40, 0x11, 0x87,
    0x80, 0x50, 0x1, 0xfc, 0x4e, 0x0, 0x24, 0x5,
    0x20, 0x1, 0xc8, 0x7, 0xc3, 0xe0, 0x15, 0x0,
    0x52, 0x1, 0x35, 0x98, 0x6, 0x5f, 0x20, 0x1,
    0xb8, 0x4, 0x90, 0x1, 0x26, 0x76, 0xeb, 0xe8,
    0x40, 0x3, 0xc0, 0x1c, 0xf2, 0x1, 0x84, 0x88,
    0x1, 0x8b, 0x8, 0x3, 0xcd, 0xcc, 0x1, 0xf0,
    0xc6, 0x90, 0x7, 0xe1, 0x9f, 0xc9, 0x88, 0x56,
    0x73, 0x80, 0x70,

    /* U+00F1 "ñ" */
    0x0, 0xe5, 0x73, 0x0, 0xe2, 0x0, 0xfd, 0x95,
    0x19, 0x20, 0x13, 0x6c, 0x0, 0x7a, 0x4c, 0x2,
    0x6c, 0x22, 0x40, 0x7, 0xc2, 0xc0, 0xb4, 0x80,
    0x7b, 0xa1, 0x9, 0x0, 0xe5, 0x3, 0xa5, 0xb9,
    0x0, 0xd4, 0x20, 0x1c, 0x9d, 0xc0, 0x9, 0xb5,
    0x97, 0x14, 0x3, 0xe1, 0x20, 0xc, 0x53, 0x46,
    0x1, 0xff, 0xd3, 0x35, 0x77, 0x28, 0x80, 0x6c,
    0xfc, 0x0, 0x9b, 0x72, 0xa2, 0x15, 0xd4, 0x20,
    0x18, 0xc0, 0x6e, 0x48, 0x3, 0xcb, 0xe2, 0x1,
    0x8f, 0x50, 0x3, 0x8, 0x6, 0x1d, 0x0, 0xda,
    0x60, 0x2f, 0xbf, 0xdc, 0x70, 0x8, 0xcc, 0x1,
    0x8, 0x1f, 0xc1, 0x0, 0x6, 0x1c, 0x2, 0xb0,
    0xc, 0x78, 0x20, 0x1e, 0xa0, 0x8, 0x80, 0x21,
    0xd0, 0xf, 0xc4, 0x1, 0x8, 0x4, 0x42, 0x1,
    0xfc, 0x20, 0x1f, 0xff, 0xf0, 0xf, 0xff, 0xf8,
    0x7, 0xff, 0xfc, 0x3, 0xff, 0x80,

    /* U+00F2 "ò" */
    0x0, 0xe6, 0xff, 0xc2, 0x1, 0xff, 0xc4, 0x68,
    0x0, 0xac, 0x3, 0xff, 0x8a, 0xee, 0x0, 0x29,
    0x80, 0x7f, 0xf1, 0x61, 0xc0, 0x10, 0x1, 0xff,
    0xc6, 0x86, 0x4, 0x40, 0x7, 0xff, 0x1a, 0x73,
    0xc, 0x1, 0xff, 0xc7, 0x33, 0x10, 0x7, 0xff,
    0x14, 0xd9, 0xdc, 0xc6, 0x1, 0xff, 0xc1, 0x18,
    0xec, 0x98, 0x84, 0xe7, 0xc9, 0x0, 0x7f, 0x2f,
    0xb8, 0x80, 0x7c, 0xda, 0xc0, 0x1f, 0x35, 0x8,
    0x6, 0x22, 0x8, 0x6, 0x98, 0x0, 0xe3, 0x90,
    0x8, 0xef, 0xf7, 0x5d, 0x88, 0x1, 0x3a, 0x80,
    0x6e, 0x0, 0x97, 0x10, 0x3, 0x1d, 0xc0, 0x5,
    0x60, 0x12, 0x10, 0x0, 0xe8, 0x3, 0xf3, 0xa8,
    0x0, 0x5c, 0x1, 0xc0, 0x14, 0x0, 0x7f, 0xac,
    0x2, 0xb0, 0x2, 0x0, 0x5, 0x0, 0x3f, 0xc2,
    0x80, 0x3, 0x11, 0x80, 0xa, 0x1, 0xff, 0xc0,
    0xc0, 0x8, 0x8c, 0x2, 0x20, 0xf, 0xfe, 0x0,
    0x80, 0x4e, 0x20, 0x10, 0x80, 0x7f, 0xf0, 0xc,
    0x2, 0x11, 0x0, 0x42, 0x1, 0xff, 0xc0, 0x30,
    0x8, 0x4c, 0x2, 0x20, 0xf, 0xfe, 0x0, 0x80,
    0x4e, 0x22, 0x0, 0x28, 0x7, 0xff, 0x3, 0x0,
    0x22, 0x4, 0x0, 0xa, 0x0, 0x7f, 0x85, 0x0,
    0x6, 0x21, 0xe0, 0x14, 0x0, 0x7f, 0xac, 0x2,
    0xb0, 0x2, 0x90, 0x0, 0xe4, 0x3, 0xf3, 0xa8,
    0x0, 0x5c, 0x2, 0xe0, 0x9, 0xb1, 0x0, 0x31,
    0xd4, 0x0, 0x56, 0x1, 0x8e, 0x40, 0x23, 0xbf,
    0xdd, 0x76, 0x28, 0x4, 0xea, 0x1, 0xcd, 0x42,
    0x1, 0x88, 0x82, 0x1, 0xa2, 0x0, 0x1f, 0x2f,
    0xb8, 0x80, 0x7c, 0xda, 0xe0, 0x1f, 0xc3, 0x1d,
    0x93, 0x10, 0x9c, 0xf9, 0x20, 0xe,

    /* U+00F3 "ó" */
    0x0, 0xff, 0x9b, 0xfe, 0xd1, 0x0, 0xff, 0xe2,
    0x40, 0x0, 0x7c, 0x40, 0x3f, 0xf8, 0x70, 0x20,
    0x38, 0x40, 0x1f, 0xfc, 0x31, 0x70, 0x6, 0x90,
    0x7, 0xff, 0x12, 0x0, 0x16, 0x60, 0x1f, 0xfc,
    0x5a, 0xcd, 0x40, 0xf, 0xfe, 0x31, 0x98, 0x80,
    0x3f, 0xf8, 0xc6, 0xce, 0xe6, 0x30, 0xf, 0xfe,
    0x8, 0xc7, 0x64, 0xc4, 0x27, 0x3e, 0x48, 0x3,
    0xf9, 0x7d, 0xc4, 0x3, 0xe6, 0xd6, 0x0, 0xf9,
    0xa8, 0x40, 0x31, 0x10, 0x40, 0x34, 0xc0, 0x7,
    0x1c, 0x80, 0x47, 0x7f, 0xba, 0xec, 0x40, 0x9,
    0xd4, 0x3, 0x70, 0x4, 0xb8, 0x80, 0x18, 0xee,
    0x0, 0x2b, 0x0, 0x90, 0x80, 0x7, 0x40, 0x1f,
    0x9d, 0x40, 0x2, 0xe0, 0xe, 0x0, 0xa0, 0x3,
    0xfd, 0x60, 0x15, 0x80, 0x10, 0x0, 0x28, 0x1,
    0xfe, 0x14, 0x0, 0x18, 0x8c, 0x0, 0x50, 0xf,
    0xfe, 0x6, 0x0, 0x44, 0x60, 0x11, 0x0, 0x7f,
    0xf0, 0x4, 0x2, 0x71, 0x0, 0x84, 0x3, 0xff,
    0x80, 0x60, 0x10, 0x88, 0x2, 0x10, 0xf, 0xfe,
    0x1, 0x80, 0x42, 0x60, 0x11, 0x0, 0x7f, 0xf0,
    0x4, 0x2, 0x71, 0x10, 0x1, 0x40, 0x3f, 0xf8,
    0x18, 0x1, 0x10, 0x20, 0x0, 0x50, 0x3, 0xfc,
    0x28, 0x0, 0x31, 0xf, 0x0, 0xa0, 0x3, 0xfd,
    0x60, 0x15, 0x80, 0x14, 0x80, 0x7, 0x20, 0x1f,
    0x9d, 0x40, 0x2, 0xe0, 0x17, 0x0, 0x4d, 0x88,
    0x1, 0x8e, 0xa0, 0x2, 0xb0, 0xc, 0x72, 0x1,
    0x1d, 0xfe, 0xeb, 0xb1, 0x40, 0x27, 0x50, 0xe,
    0x6a, 0x10, 0xc, 0x44, 0x10, 0xd, 0x10, 0x0,
    0xf9, 0x7d, 0xc4, 0x3, 0xe6, 0xd7, 0x0, 0xfe,
    0x18, 0xec, 0x98, 0x84, 0xe7, 0xc9, 0x0, 0x70,

    /* U+00F4 "ô" */
    0x0, 0xff, 0x3c, 0x18, 0x7, 0xff, 0x1b, 0x21,
    0xf4, 0x80, 0x3f, 0xf8, 0x96, 0x60, 0x1, 0xf1,
    0x0, 0xff, 0xe1, 0x52, 0x2, 0x30, 0x16, 0x80,
    0x7f, 0xf0, 0x65, 0x40, 0xee, 0x54, 0xe, 0x80,
    0x3f, 0xe2, 0x17, 0x8d, 0x0, 0x54, 0x39, 0x10,
    0x3, 0xfc, 0x51, 0x7, 0x10, 0x9, 0xe2, 0x4,
    0x1, 0xff, 0xd7, 0x36, 0x77, 0x31, 0x80, 0x7f,
    0xf0, 0x46, 0x3b, 0x26, 0x21, 0x39, 0xf2, 0x40,
    0x1f, 0xcb, 0xee, 0x20, 0x1f, 0x36, 0xb0, 0x7,
    0xcd, 0x42, 0x1, 0x88, 0x82, 0x1, 0xa6, 0x0,
    0x38, 0xe4, 0x2, 0x3b, 0xfd, 0xd7, 0x62, 0x0,
    0x4e, 0xa0, 0x1b, 0x80, 0x25, 0xc4, 0x0, 0xc7,
    0x70, 0x1, 0x58, 0x4, 0x84, 0x0, 0x3a, 0x0,
    0xfc, 0xea, 0x0, 0x17, 0x0, 0x70, 0x5, 0x0,
    0x1f, 0xeb, 0x0, 0xac, 0x0, 0x80, 0x1, 0x40,
    0xf, 0xf0, 0xa0, 0x0, 0xc4, 0x60, 0x2, 0x80,
    0x7f, 0xf0, 0x30, 0x2, 0x23, 0x0, 0x88, 0x3,
    0xff, 0x80, 0x20, 0x13, 0x88, 0x4, 0x20, 0x1f,
    0xfc, 0x3, 0x0, 0x84, 0x40, 0x10, 0x80, 0x7f,
    0xf0, 0xc, 0x2, 0x13, 0x0, 0x88, 0x3, 0xff,
    0x80, 0x20, 0x13, 0x88, 0x80, 0xa, 0x1, 0xff,
    0xc0, 0xc0, 0x8, 0x81, 0x0, 0x2, 0x80, 0x1f,
    0xe1, 0x40, 0x1, 0x88, 0x78, 0x5, 0x0, 0x1f,
    0xeb, 0x0, 0xac, 0x0, 0xa4, 0x0, 0x39, 0x0,
    0xfc, 0xea, 0x0, 0x17, 0x0, 0xb8, 0x2, 0x6c,
    0x40, 0xc, 0x75, 0x0, 0x15, 0x80, 0x63, 0x90,
    0x8, 0xef, 0xf7, 0x5d, 0x8a, 0x1, 0x3a, 0x80,
    0x73, 0x50, 0x80, 0x62, 0x20, 0x80, 0x68, 0x80,
    0x7, 0xcb, 0xee, 0x20, 0x1f, 0x36, 0xb8, 0x7,
    0xf0, 0xc7, 0x64, 0xc4, 0x27, 0x3e, 0x48, 0x3,
    0x80,

    /* U+00F5 "õ" */
    0x0, 0xf8, 0xdd, 0x0, 0x38, 0x80, 0x3f, 0xf8,
    0x13, 0x91, 0x76, 0x10, 0x1, 0x6d, 0x80, 0x7f,
    0x99, 0x80, 0x12, 0x7a, 0xf, 0x3, 0x80, 0x7f,
    0xac, 0xe, 0x9c, 0x6, 0xf8, 0xc2, 0x0, 0x3f,
    0x84, 0xc3, 0x56, 0x30, 0x40, 0x26, 0x40, 0xf,
    0xe1, 0xec, 0x10, 0x1, 0xfb, 0xac, 0xc8, 0x3,
    0xff, 0x80, 0x60, 0x18, 0x62, 0x98, 0x3, 0xff,
    0xb2, 0x6c, 0xee, 0x63, 0x0, 0xff, 0xe0, 0x8c,
    0x76, 0x4c, 0x42, 0x73, 0xe4, 0x80, 0x3f, 0x97,
    0xdc, 0x40, 0x3e, 0x6d, 0x60, 0xf, 0x9a, 0x84,
    0x3, 0x11, 0x4, 0x3, 0x4c, 0x0, 0x71, 0xc8,
    0x4, 0x77, 0xfb, 0xae, 0xc4, 0x0, 0x9d, 0x40,
    0x37, 0x0, 0x4b, 0x88, 0x1, 0x8e, 0xe0, 0x2,
    0xb0, 0x9, 0x8, 0x0, 0x74, 0x1, 0xf9, 0xd4,
    0x0, 0x2e, 0x0, 0xe0, 0xa, 0x0, 0x3f, 0xd6,
    0x1, 0x58, 0x1, 0x0, 0x2, 0x80, 0x1f, 0xe1,
    0x40, 0x1, 0x88, 0xc0, 0x5, 0x0, 0xff, 0xe0,
    0x60, 0x4, 0x46, 0x1, 0x10, 0x7, 0xff, 0x0,
    0x40, 0x27, 0x10, 0x8, 0x40, 0x3f, 0xf8, 0x6,
    0x1, 0x8, 0x80, 0x21, 0x0, 0xff, 0xe0, 0x18,
    0x4, 0x26, 0x1, 0x10, 0x7, 0xff, 0x0, 0x40,
    0x27, 0x11, 0x0, 0x14, 0x3, 0xff, 0x81, 0x80,
    0x11, 0x2, 0x0, 0x5, 0x0, 0x3f, 0xc2, 0x80,
    0x3, 0x10, 0xf0, 0xa, 0x0, 0x3f, 0xd6, 0x1,
    0x58, 0x1, 0x48, 0x0, 0x72, 0x1, 0xf9, 0xd4,
    0x0, 0x2e, 0x1, 0x70, 0x4, 0xd8, 0x80, 0x18,
    0xea, 0x0, 0x2b, 0x0, 0xc7, 0x20, 0x11, 0xdf,
    0xee, 0xbb, 0x14, 0x2, 0x75, 0x0, 0xe6, 0xa1,
    0x0, 0xc4, 0x41, 0x0, 0xd1, 0x0, 0xf, 0x97,
    0xdc, 0x40, 0x3e, 0x6d, 0x70, 0xf, 0xe1, 0x8e,
    0xc9, 0x88, 0x4e, 0x7c, 0x90, 0x7, 0x0,

    /* U+00F6 "ö" */
    0x0, 0xf1, 0x3a, 0x0, 0x64, 0x73, 0x0, 0xff,
    0x8b, 0x62, 0xd8, 0x0, 0x97, 0x18, 0x60, 0x1f,
    0xe7, 0x0, 0xb0, 0x1, 0x80, 0x12, 0x0, 0x7f,
    0x98, 0x2, 0x20, 0x7, 0x0, 0x44, 0x1, 0xfe,
    0x38, 0x36, 0x90, 0x3, 0x39, 0xba, 0x80, 0x7f,
    0xcf, 0x92, 0x20, 0x14, 0x64, 0x0, 0x7f, 0xfb,
    0x8d, 0x9d, 0xcc, 0x60, 0x1f, 0xfc, 0x11, 0x8e,
    0xc9, 0x88, 0x4e, 0x7c, 0x90, 0x7, 0xf2, 0xfb,
    0x88, 0x7, 0xcd, 0xac, 0x1, 0xf3, 0x50, 0x80,
    0x62, 0x20, 0x80, 0x69, 0x80, 0xe, 0x39, 0x0,
    0x8e, 0xff, 0x75, 0xd8, 0x80, 0x13, 0xa8, 0x6,
    0xe0, 0x9, 0x71, 0x0, 0x31, 0xdc, 0x0, 0x56,
    0x1, 0x21, 0x0, 0xe, 0x80, 0x3f, 0x3a, 0x80,
    0x5, 0xc0, 0x1c, 0x1, 0x40, 0x7, 0xfa, 0xc0,
    0x2b, 0x0, 0x20, 0x0, 0x50, 0x3, 0xfc, 0x28,
    0x0, 0x31, 0x18, 0x0, 0xa0, 0x1f, 0xfc, 0xc,
    0x0, 0x88, 0xc0, 0x22, 0x0, 0xff, 0xe0, 0x8,
    0x4, 0xe2, 0x1, 0x8, 0x7, 0xff, 0x0, 0xc0,
    0x21, 0x10, 0x4, 0x20, 0x1f, 0xfc, 0x3, 0x0,
    0x84, 0xc0, 0x22, 0x0, 0xff, 0xe0, 0x8, 0x4,
    0xe2, 0x20, 0x2, 0x80, 0x7f, 0xf0, 0x30, 0x2,
    0x20, 0x40, 0x0, 0xa0, 0x7, 0xf8, 0x50, 0x0,
    0x62, 0x1e, 0x1, 0x40, 0x7, 0xfa, 0xc0, 0x2b,
    0x0, 0x29, 0x0, 0xe, 0x40, 0x3f, 0x3a, 0x80,
    0x5, 0xc0, 0x2e, 0x0, 0x9b, 0x10, 0x3, 0x1d,
    0x40, 0x5, 0x60, 0x18, 0xe4, 0x2, 0x3b, 0xfd,
    0xd7, 0x62, 0x80, 0x4e, 0xa0, 0x1c, 0xd4, 0x20,
    0x18, 0x88, 0x20, 0x1a, 0x20, 0x1, 0xf2, 0xfb,
    0x88, 0x7, 0xcd, 0xae, 0x1, 0xfc, 0x31, 0xd9,
    0x31, 0x9, 0xcf, 0x92, 0x0, 0xe0,

    /* U+00F7 "÷" */
    0x0, 0xfe, 0x44, 0x0, 0x7f, 0xf1, 0x7, 0xae,
    0xd8, 0x1, 0xff, 0xc3, 0x91, 0x0, 0x1a, 0x80,
    0x7f, 0xf0, 0x88, 0x3, 0x10, 0x7, 0xff, 0xb,
    0x0, 0x32, 0x0, 0x7f, 0xf0, 0x99, 0x82, 0x28,
    0x30, 0xf, 0xfe, 0x1c, 0xf7, 0x1c, 0x3, 0xff,
    0xc9, 0xff, 0xff, 0xc7, 0xd0, 0xf, 0xfe, 0xe7,
    0x77, 0xff, 0x1f, 0x4, 0x7f, 0xf9, 0x0, 0x1f,
    0xfd, 0x14, 0x40, 0x7, 0xff, 0x10, 0x76, 0xed,
    0x80, 0x1f, 0xfc, 0x39, 0x20, 0x1, 0xa8, 0x7,
    0xff, 0x8, 0x80, 0x31, 0x0, 0x7f, 0xf0, 0xb0,
    0x3, 0x18, 0x7, 0xff, 0x9, 0x98, 0x22, 0x84,
    0x0, 0xf8,

    /* U+00F8 "ø" */
    0x0, 0xff, 0xe2, 0xc0, 0x80, 0x7f, 0xf1, 0xd9,
    0xfc, 0x40, 0x3f, 0xf8, 0xd6, 0x8, 0x20, 0x1f,
    0xe3, 0x67, 0x72, 0x98, 0x31, 0x5, 0x80, 0x7e,
    0x18, 0xec, 0x98, 0x85, 0x67, 0x40, 0x38, 0x80,
    0x7c, 0xbe, 0xe2, 0x1, 0xe1, 0x10, 0x78, 0x7,
    0xcd, 0x42, 0x1, 0x88, 0x82, 0x1, 0xa2, 0x0,
    0x1c, 0x72, 0x1, 0x1d, 0xfe, 0xeb, 0x98, 0x3,
    0x3a, 0x80, 0x6e, 0x0, 0x97, 0x10, 0x3, 0x38,
    0x18, 0x5, 0x62, 0x0, 0x52, 0x0, 0x1d, 0x0,
    0x74, 0x8, 0xb1, 0x40, 0x2, 0xc0, 0xf, 0x0,
    0xa0, 0x3, 0x85, 0xc2, 0x2, 0xc0, 0x2a, 0x0,
    0x20, 0x0, 0x50, 0x3, 0xa0, 0x9, 0x80, 0x50,
    0x0, 0x42, 0x30, 0x1, 0x40, 0x38, 0x58, 0x20,
    0x2, 0xc0, 0x8, 0x8c, 0x2, 0x20, 0xe, 0x80,
    0x25, 0x0, 0x84, 0x2, 0x61, 0x0, 0x84, 0x3,
    0x13, 0x4, 0x80, 0x63, 0x0, 0xc2, 0x1, 0x8,
    0x6, 0x80, 0x34, 0x0, 0xc6, 0x1, 0x9, 0x80,
    0x46, 0x1, 0x1a, 0x84, 0x0, 0x70, 0x80, 0x4e,
    0x22, 0x0, 0x20, 0x5, 0x0, 0x88, 0x0, 0xec,
    0x0, 0x88, 0x10, 0x0, 0x28, 0x8, 0x80, 0x80,
    0xe, 0x14, 0x0, 0x18, 0x87, 0x0, 0x50, 0x10,
    0x8, 0x60, 0x1d, 0x60, 0x15, 0x80, 0x10, 0xc0,
    0x7, 0x86, 0x10, 0x1, 0xce, 0xa0, 0x1, 0x70,
    0xb, 0x80, 0x23, 0x4, 0x30, 0x8, 0xea, 0x0,
    0x2b, 0x0, 0xc5, 0x40, 0x19, 0x3f, 0x75, 0xd8,
    0xa0, 0x13, 0xa8, 0x7, 0x2d, 0x80, 0x71, 0x10,
    0x40, 0x34, 0xc0, 0x7, 0xc6, 0x0, 0x10, 0xf,
    0x9b, 0x58, 0x3, 0xf4, 0x82, 0xf6, 0xd4, 0x42,
    0x73, 0xe4, 0x80, 0x3f, 0x40, 0x84, 0x1, 0x2b,
    0xb9, 0x8c, 0x3, 0xfe, 0x40, 0x62, 0x0, 0xff,
    0xe3, 0x64, 0xc0, 0x7, 0xff, 0x10,

    /* U+00F9 "ù" */
    0x0, 0xab, 0xfe, 0xd0, 0xf, 0xfe, 0xd, 0x28,
    0x0, 0x98, 0x3, 0xff, 0x83, 0x48, 0x0, 0x80,
    0xf, 0xfe, 0x15, 0xa0, 0xc, 0x0, 0x7f, 0xf0,
    0xac, 0xc1, 0xc4, 0x3, 0xff, 0x85, 0x99, 0x0,
    0x7f, 0xf1, 0xc, 0xc2, 0x1, 0xff, 0xcd, 0xcf,
    0xf6, 0x0, 0x7f, 0xf, 0xfc, 0xe0, 0x1f, 0xff,
    0xf0, 0xf, 0xff, 0xf8, 0x7, 0xff, 0xe4, 0x40,
    0x3f, 0xf8, 0x4e, 0x0, 0x30, 0xf, 0xe3, 0x0,
    0xc2, 0x0, 0x11, 0x0, 0x7c, 0x38, 0x1, 0xb4,
    0x2, 0x90, 0xf, 0x16, 0x8, 0x6, 0x40, 0x9,
    0xd8, 0x2, 0x18, 0xd2, 0x0, 0xe3, 0x30, 0x5,
    0x3f, 0xbd, 0xc7, 0x0, 0x3a, 0x0, 0x6d, 0x10,
    0xc, 0x42, 0x1, 0x3c, 0x60, 0x6, 0x1f, 0x50,
    0xf, 0x1d, 0xc0, 0x20, 0x7, 0xd, 0x75, 0x44,
    0x2b, 0x71, 0x0, 0x7, 0xfe, 0x70,

    /* U+00FA "ú" */
    0x0, 0xfe, 0xaf, 0xfa, 0xc0, 0x3f, 0xf8, 0x6,
    0xa0, 0x3, 0xb0, 0xf, 0xfe, 0x4, 0x0, 0xb,
    0x40, 0x3f, 0xf8, 0x8, 0x80, 0x2c, 0x10, 0xf,
    0xfe, 0x4, 0x80, 0xf8, 0x80, 0x7f, 0xf0, 0x7b,
    0x3c, 0x80, 0x3f, 0xf8, 0x46, 0x61, 0x0, 0xff,
    0xe7, 0x67, 0xfb, 0x0, 0x3f, 0x87, 0xfe, 0x70,
    0xf, 0xff, 0xf8, 0x7, 0xff, 0xfc, 0x3, 0xff,
    0xf2, 0x20, 0x1f, 0xfc, 0x27, 0x0, 0x18, 0x7,
    0xf1, 0x80, 0x61, 0x0, 0x8, 0x80, 0x3e, 0x1c,
    0x0, 0xda, 0x1, 0x48, 0x7, 0x8b, 0x4, 0x3,
    0x20, 0x4, 0xec, 0x1, 0xc, 0x69, 0x0, 0x71,
    0x98, 0x2, 0x9f, 0xde, 0xe3, 0x80, 0x1d, 0x0,
    0x36, 0x88, 0x6, 0x21, 0x0, 0x9e, 0x30, 0x3,
    0xf, 0xa8, 0x7, 0x8e, 0xe0, 0x10, 0x3, 0x86,
    0xba, 0xa2, 0x15, 0xb8, 0x80, 0x3, 0xff, 0x38,

    /* U+00FB "û" */
    0x0, 0xf8, 0xa2, 0x2, 0x1, 0xff, 0xc1, 0x1c,
    0x77, 0x68, 0x7, 0xff, 0x0, 0x70, 0x40, 0x7,
    0x60, 0x1f, 0xf6, 0x90, 0x31, 0x82, 0x48, 0x7,
    0xf5, 0x98, 0x2c, 0xe1, 0x83, 0x38, 0x7, 0xc6,
    0x67, 0x8a, 0x0, 0x6c, 0x38, 0x7, 0xe3, 0x88,
    0x38, 0x4, 0x2f, 0xe, 0x1, 0xff, 0xdc, 0xcf,
    0xf6, 0x0, 0x7f, 0xf, 0xfc, 0xe0, 0x1f, 0xff,
    0xf0, 0xf, 0xff, 0xf8, 0x7, 0xff, 0xe4, 0x40,
    0x3f, 0xf8, 0x4e, 0x0, 0x30, 0xf, 0xe3, 0x0,
    0xc2, 0x0, 0x11, 0x0, 0x7c, 0x38, 0x1, 0xb4,
    0x2, 0x90, 0xf, 0x16, 0x8, 0x6, 0x40, 0x9,
    0xd8, 0x2, 0x18, 0xd2, 0x0, 0xe3, 0x30, 0x5,
    0x3f, 0xbd, 0xc7, 0x0, 0x3a, 0x0, 0x6d, 0x10,
    0xc, 0x42, 0x1, 0x3c, 0x60, 0x6, 0x1f, 0x50,
    0xf, 0x1d, 0xc0, 0x20, 0x7, 0xd, 0x75, 0x44,
    0x2b, 0x71, 0x0, 0x7, 0xfe, 0x70,

    /* U+00FC "ü" */
    0x0, 0xc8, 0xe6, 0x1, 0x95, 0xc8, 0x3, 0xe4,
    0xb8, 0xc3, 0x0, 0x3d, 0x46, 0x0, 0x7d, 0x80,
    0x12, 0x0, 0x2c, 0x0, 0x26, 0x1, 0xee, 0x0,
    0x88, 0x0, 0xc0, 0x11, 0x0, 0x79, 0x98, 0x6e,
    0xa0, 0xb, 0x53, 0x91, 0x0, 0xfa, 0x72, 0x0,
    0x21, 0xac, 0x60, 0xf, 0xff, 0x76, 0x7f, 0xb0,
    0x3, 0xf8, 0x7f, 0xe7, 0x0, 0xff, 0xff, 0x80,
    0x7f, 0xff, 0xc0, 0x3f, 0xff, 0x22, 0x1, 0xff,
    0xc2, 0x70, 0x1, 0x80, 0x7f, 0x18, 0x6, 0x10,
    0x0, 0x88, 0x3, 0xe1, 0xc0, 0xd, 0xa0, 0x14,
    0x80, 0x78, 0xb0, 0x40, 0x32, 0x0, 0x4e, 0xc0,
    0x10, 0xc6, 0x90, 0x7, 0x19, 0x80, 0x29, 0xfd,
    0xee, 0x38, 0x1, 0xd0, 0x3, 0x68, 0x80, 0x62,
    0x10, 0x9, 0xe3, 0x0, 0x30, 0xfa, 0x80, 0x78,
    0xee, 0x1, 0x0, 0x38, 0x6b, 0xaa, 0x21, 0x5b,
    0x88, 0x0, 0x3f, 0xf3, 0x80,

    /* U+00FD "ý" */
    0x0, 0xff, 0x17, 0xfe, 0x40, 0xf, 0xfe, 0x1c,
    0x80, 0x56, 0x80, 0x1f, 0xfc, 0x23, 0x40, 0x5,
    0x20, 0x7, 0xff, 0xf, 0xc0, 0x10, 0xa0, 0x1f,
    0xfc, 0x35, 0x30, 0x77, 0x0, 0x7f, 0xf1, 0x1f,
    0x36, 0x0, 0x3f, 0xf8, 0xa4, 0x64, 0x1, 0xff,
    0xd3, 0xbf, 0xf8, 0x40, 0x3f, 0xe6, 0xff, 0x9b,
    0x80, 0x27, 0x0, 0xff, 0xb4, 0x2, 0x65, 0x10,
    0x5, 0x0, 0x7f, 0x85, 0x0, 0xa, 0x0, 0x60,
    0x1, 0x98, 0x3, 0xf9, 0xc0, 0x2e, 0x0, 0x48,
    0x5, 0x40, 0x1f, 0xd4, 0x0, 0x14, 0x0, 0xa,
    0x80, 0x1c, 0x3, 0xf1, 0x18, 0x1, 0x80, 0x37,
    0x0, 0x5, 0x40, 0x3e, 0x50, 0xa, 0x80, 0x32,
    0x10, 0x3, 0x80, 0x3e, 0xa0, 0x1, 0x90, 0x7,
    0x58, 0x1, 0x4, 0x3, 0x88, 0x80, 0xa, 0x0,
    0xf3, 0x0, 0x4c, 0x1, 0xd4, 0x1, 0x38, 0x7,
    0xcc, 0x0, 0x90, 0xe, 0x50, 0x2, 0x88, 0x7,
    0xd6, 0x0, 0x14, 0x0, 0x8c, 0x80, 0x1c, 0x1,
    0xf8, 0x8c, 0x1, 0xc0, 0x15, 0x0, 0x5, 0x0,
    0x3f, 0xa4, 0x0, 0xa2, 0x0, 0x70, 0x3, 0x80,
    0x7f, 0x94, 0x40, 0xe, 0x8, 0x20, 0xa, 0x0,
    0xff, 0x98, 0x1, 0x41, 0xa0, 0x2, 0x30, 0xf,
    0xfa, 0x40, 0x6, 0x67, 0x0, 0x50, 0x7, 0xff,
    0x0, 0x50, 0x1, 0xc2, 0x0, 0x60, 0xf, 0xfe,
    0xf, 0x80, 0x8, 0x0, 0x82, 0x1, 0xff, 0xc1,
    0x42, 0x0, 0xdc, 0x1, 0xff, 0xc3, 0xa0, 0xc,
    0xa0, 0x1f, 0xfc, 0x34, 0x0, 0x98, 0x3, 0xff,
    0x89, 0x40, 0x15, 0x0, 0x7f, 0xf0, 0xc9, 0x80,
    0x6, 0x60, 0xf, 0xfe, 0x10, 0xf8, 0x5, 0x0,
    0x1f, 0xe1, 0x20, 0x2, 0xe1, 0x0, 0x15, 0x0,
    0x3f, 0xd3, 0xbf, 0xea, 0x20, 0x1, 0x58, 0x7,
    0xfc, 0x60, 0x1e, 0x3c, 0x10, 0xf, 0xf8, 0xcc,
    0x20, 0x29, 0x58, 0x20, 0x1f, 0xf0,

    /* U+00FE "þ" */
    0xcf, 0xf5, 0x80, 0x7f, 0xff, 0xc0, 0x3f, 0xff,
    0xe0, 0x1f, 0xfc, 0xd4, 0x67, 0x62, 0x0, 0xff,
    0xe0, 0x47, 0xdc, 0xc4, 0xee, 0x94, 0x3, 0xf0,
    0xeb, 0x80, 0x78, 0xaa, 0x40, 0x3c, 0xf8, 0x40,
    0x1, 0x21, 0x0, 0xcd, 0x0, 0x1c, 0x64, 0x9,
    0x9d, 0xbd, 0x86, 0x1, 0x39, 0x80, 0x79, 0xac,
    0xc0, 0x23, 0xc5, 0x0, 0xa0, 0x3, 0x96, 0x40,
    0x3e, 0xa1, 0x0, 0x20, 0x80, 0x43, 0x40, 0x1f,
    0xcc, 0x1, 0x38, 0x4, 0x60, 0x1f, 0xeb, 0x0,
    0xbc, 0x3, 0xff, 0x84, 0x60, 0x11, 0x0, 0x7f,
    0xfb, 0x4, 0x3, 0xff, 0x84, 0x40, 0x11, 0x0,
    0x7f, 0xf0, 0x94, 0x2, 0xd0, 0xf, 0xfe, 0x15,
    0x0, 0x48, 0x1, 0xff, 0xc1, 0x72, 0x0, 0x28,
    0x80, 0x7f, 0xf0, 0x12, 0x0, 0x29, 0x0, 0xc5,
    0x44, 0x1, 0x85, 0xec, 0x2, 0x73, 0x0, 0xe5,
    0xdd, 0x55, 0x33, 0xa0, 0x2, 0x48, 0x0, 0xfc,
    0x4a, 0xa3, 0x0, 0xcb, 0x60, 0x1e, 0x27, 0x10,
    0xf, 0x15, 0x50, 0x3, 0xf4, 0x76, 0x4c, 0x42,
    0x77, 0x4a, 0x1, 0xff, 0x1b, 0x3b, 0x98, 0x80,
    0x3f, 0xff, 0xe0, 0x1f, 0xfe, 0x20,

    /* U+00FF "ÿ" */
    0x0, 0xe1, 0x66, 0x0, 0x62, 0x75, 0x0, 0xff,
    0xb2, 0x65, 0x40, 0x1, 0xc8, 0xa7, 0x0, 0xfe,
    0x12, 0x0, 0x20, 0x1, 0x44, 0x1, 0x80, 0x1f,
    0xc2, 0x1, 0x10, 0x1, 0x80, 0x22, 0x0, 0xff,
    0x5a, 0x23, 0x80, 0x5, 0x26, 0xb0, 0x1, 0xfe,
    0x4b, 0xb1, 0x0, 0x4d, 0x94, 0x20, 0x1f, 0xff,
    0x8b, 0xff, 0x84, 0x3, 0xfe, 0x6f, 0xf9, 0xb8,
    0x2, 0x70, 0xf, 0xfb, 0x40, 0x26, 0x51, 0x0,
    0x50, 0x7, 0xf8, 0x50, 0x0, 0xa0, 0x6, 0x0,
    0x19, 0x80, 0x3f, 0x9c, 0x2, 0xe0, 0x4, 0x80,
    0x54, 0x1, 0xfd, 0x40, 0x1, 0x40, 0x0, 0xa8,
    0x1, 0xc0, 0x3f, 0x11, 0x80, 0x18, 0x3, 0x70,
    0x0, 0x54, 0x3, 0xe5, 0x0, 0xa8, 0x3, 0x21,
    0x0, 0x38, 0x3, 0xea, 0x0, 0x19, 0x0, 0x75,
    0x80, 0x10, 0x40, 0x38, 0x88, 0x0, 0xa0, 0xf,
    0x30, 0x4, 0xc0, 0x1d, 0x40, 0x13, 0x80, 0x7c,
    0xc0, 0x9, 0x0, 0xe5, 0x0, 0x28, 0x80, 0x7d,
    0x60, 0x1, 0x40, 0x8, 0xc8, 0x1, 0xc0, 0x1f,
    0x88, 0xc0, 0x1c, 0x1, 0x50, 0x0, 0x50, 0x3,
    0xfa, 0x40, 0xa, 0x20, 0x7, 0x0, 0x38, 0x7,
    0xf9, 0x44, 0x0, 0xe0, 0x82, 0x0, 0xa0, 0xf,
    0xf9, 0x80, 0x14, 0x1a, 0x0, 0x23, 0x0, 0xff,
    0xa4, 0x0, 0x66, 0x70, 0x5, 0x0, 0x7f, 0xf0,
    0x5, 0x0, 0x1c, 0x20, 0x6, 0x0, 0xff, 0xe0,
    0xf8, 0x0, 0x80, 0x8, 0x20, 0x1f, 0xfc, 0x14,
    0x20, 0xd, 0xc0, 0x1f, 0xfc, 0x3a, 0x0, 0xca,
    0x1, 0xff, 0xc3, 0x40, 0x9, 0x80, 0x3f, 0xf8,
    0x94, 0x1, 0x50, 0x7, 0xff, 0xc, 0x98, 0x0,
    0x66, 0x0, 0xff, 0xe1, 0xf, 0x80, 0x50, 0x1,
    0xfe, 0x12, 0x0, 0x2e, 0x10, 0x1, 0x50, 0x3,
    0xfd, 0x3b, 0xfe, 0xa2, 0x0, 0x15, 0x80, 0x7f,
    0xc6, 0x1, 0xe3, 0xc1, 0x0, 0xff, 0x8c, 0xc2,
    0x2, 0x95, 0x82, 0x1, 0xff, 0x0,

    /* U+2013 "–" */
    0x3, 0x3f, 0xfe, 0x30, 0xe6, 0x7f, 0xf1, 0x74,
    0x3, 0xff, 0xb4,

    /* U+2014 "—" */
    0x3, 0x3f, 0xfe, 0x91, 0xe, 0x67, 0xff, 0x4a,
    0x0, 0x3f, 0xfe, 0x80,

    /* U+2018 "‘" */
    0x0, 0x8e, 0x84, 0x0, 0x98, 0x84, 0x5, 0x61,
    0x46, 0x1c, 0xc, 0x80, 0x86, 0x10, 0x0, 0xd0,
    0x3, 0x0, 0x14, 0x1, 0x10, 0x7, 0x0, 0x94,
    0xc, 0x2, 0x10, 0x85, 0x3, 0xe0,

    /* U+2019 "’" */
    0x0, 0x23, 0x90, 0x2, 0x2e, 0x34, 0xc1, 0x40,
    0x29, 0x1, 0x0, 0x98, 0x3c, 0x40, 0xc, 0x7,
    0xc0, 0xc, 0x0, 0x28, 0x1, 0xc0, 0x10, 0x10,
    0x21, 0x64, 0x8e, 0x8, 0x95, 0x80, 0x13, 0x6c,
    0x2,

    /* U+201A "‚" */
    0x2, 0xcf, 0xa0, 0x7, 0x18, 0x2b, 0x80, 0x80,
    0x58, 0x8, 0x1, 0x38, 0x4c, 0x0, 0x14, 0x0,
    0xc0, 0xd, 0x0, 0x40, 0x1a, 0x2, 0x30, 0x78,
    0x1d, 0x85, 0x18, 0x12, 0x5a, 0x80, 0x0,

    /* U+201C "“" */
    0x0, 0x8e, 0x84, 0x3, 0x43, 0x80, 0x49, 0x88,
    0x40, 0x15, 0x3e, 0x0, 0xa, 0xc2, 0x8c, 0x1,
    0xa, 0x76, 0x0, 0xe0, 0x64, 0x0, 0x1b, 0x87,
    0x0, 0x10, 0xc2, 0x0, 0x29, 0x4, 0x20, 0x6,
    0x80, 0x18, 0x2, 0x50, 0x73, 0x0, 0x28, 0x2,
    0x20, 0x4, 0x0, 0x3c, 0x20, 0x70, 0x9, 0x40,
    0x3c, 0xa0, 0x60, 0x10, 0x81, 0x8, 0x4, 0x41,
    0xa, 0x7, 0xc0, 0xa, 0x20, 0x65, 0x0,

    /* U+201D "”" */
    0x0, 0x23, 0x90, 0x4, 0x2c, 0xc0, 0xa, 0x2e,
    0x34, 0xc0, 0x1f, 0x32, 0xc0, 0x2, 0x80, 0x52,
    0x8, 0x20, 0x3, 0x40, 0x10, 0x9, 0x81, 0x80,
    0x31, 0x7, 0x88, 0x1, 0x80, 0x9c, 0x2, 0x20,
    0x3e, 0x0, 0x60, 0x2, 0x24, 0x0, 0x80, 0x5,
    0x0, 0x38, 0x5, 0xa0, 0xa0, 0x14, 0x4, 0x8,
    0x1, 0x50, 0x2c, 0x1, 0x64, 0x8e, 0x0, 0x2a,
    0xa, 0x10, 0x44, 0xac, 0x2, 0x90, 0xa5, 0x0,
    0x26, 0xd8, 0x6, 0xbd, 0x50, 0x8,

    /* U+201E "„" */
    0x2, 0xcf, 0xa0, 0x9, 0xfb, 0x8a, 0x0, 0xe3,
    0x5, 0x70, 0x28, 0x11, 0x51, 0x0, 0x80, 0x58,
    0xc, 0x1, 0x9c, 0x10, 0x2, 0x70, 0x41, 0x0,
    0xe9, 0x80, 0x2, 0x80, 0x31, 0x0, 0xc, 0x0,
    0x60, 0x6, 0x80, 0x8, 0xc0, 0x8c, 0x1, 0x0,
    0x68, 0x0, 0x16, 0xb, 0x0, 0x23, 0x7, 0x80,
    0x56, 0x26, 0xc0, 0x76, 0x14, 0x60, 0x9, 0x52,
    0xd0, 0x1, 0x25, 0xa8, 0x5, 0x8b, 0x82, 0x0,

    /* U+2020 "†" */
    0x0, 0xe5, 0xff, 0x88, 0x3, 0xff, 0xfe, 0x1,
    0xff, 0xd7, 0x9f, 0xfd, 0x40, 0x16, 0xff, 0xe5,
    0x0, 0xff, 0xe9, 0x4f, 0xfe, 0xa0, 0xb, 0x7f,
    0xf2, 0x80, 0x7f, 0xff, 0xc0, 0x3f, 0xff, 0xe0,
    0x1f, 0xff, 0xf0, 0xf, 0xfe, 0x90,

    /* U+2021 "‡" */
    0x0, 0xeb, 0xff, 0x58, 0x7, 0xff, 0xfc, 0x3,
    0xff, 0xa1, 0x3f, 0xf9, 0x0, 0x9, 0xff, 0xac,
    0x3, 0xff, 0xa1, 0x3d, 0xd9, 0x0, 0x9, 0xdd,
    0xac, 0x4, 0x70, 0x6, 0x11, 0xc0, 0x1f, 0xfc,
    0x31, 0x1e, 0x0, 0xc2, 0x3d, 0x1d, 0xd9, 0x0,
    0x9, 0xdd, 0xa8, 0x3, 0xff, 0xa1, 0x3f, 0xf9,
    0x0, 0x9, 0xff, 0xac, 0x3, 0xff, 0xfe, 0x1,
    0xff, 0xf5,

    /* U+2022 "•" */
    0x0, 0x8d, 0x8, 0x3, 0x1e, 0xe5, 0xed, 0x0,
    0x7, 0x8, 0x2, 0x5b, 0x6, 0x0, 0xf2, 0x17,
    0x0, 0x7c, 0xc0, 0x1f, 0xd8, 0x1, 0xf2, 0x29,
    0x80, 0x74, 0x0, 0x31, 0x84, 0xa, 0x9c, 0x0,

    /* U+2026 "…" */
    0x3, 0xab, 0x60, 0xf, 0x3d, 0xc8, 0x80, 0x71,
    0xd5, 0xb0, 0xe, 0xaa, 0x4a, 0x80, 0x67, 0x84,
    0x6c, 0x0, 0xc3, 0xaa, 0x92, 0xaa, 0x10, 0xb,
    0x0, 0x35, 0x80, 0x44, 0x40, 0x9, 0x44, 0x2,
    0xc0, 0xf, 0xfe, 0x19, 0x80, 0x7f, 0x21, 0x0,
    0x54, 0x1, 0xa4, 0x2, 0x51, 0x0, 0x90, 0x80,
    0x2a, 0xd, 0x98, 0xd3, 0x0, 0xcb, 0x91, 0x54,
    0x0, 0xed, 0x98, 0xd3,

    /* U+2030 "‰" */
    0x0, 0xc4, 0xce, 0xc6, 0x1, 0xff, 0xd8, 0x1b,
    0xd9, 0x89, 0xcc, 0x10, 0x7, 0xfd, 0xbf, 0xe3,
    0x0, 0xff, 0xe3, 0xf, 0xa0, 0x0, 0x40, 0x7,
    0x84, 0x1, 0xfd, 0x24, 0xe, 0x60, 0x1f, 0xfc,
    0x6b, 0x10, 0x5e, 0xe7, 0xb0, 0xf, 0x0, 0x7e,
    0x36, 0x2, 0x80, 0xf, 0xfe, 0x31, 0x28, 0xd,
    0x8, 0x2, 0x48, 0xc, 0xc0, 0x1f, 0x70, 0x3,
    0x80, 0x3f, 0xf8, 0xe8, 0x0, 0x60, 0xe, 0xa0,
    0x2, 0x0, 0x7a, 0x8, 0x18, 0xc0, 0x3f, 0xf8,
    0xfc, 0x0, 0xd0, 0xe, 0x20, 0x7, 0x0, 0x71,
    0xb8, 0xc, 0x80, 0x7f, 0xf4, 0x44, 0x3, 0xf7,
    0x80, 0x28, 0x3, 0xff, 0x93, 0xe0, 0x3, 0x0,
    0xe2, 0x0, 0x8, 0x6, 0x73, 0x5, 0x40, 0xf,
    0xfe, 0x49, 0x80, 0x30, 0x3, 0xbc, 0x1, 0xa0,
    0x11, 0x40, 0xd, 0x80, 0x7f, 0xf2, 0x90, 0x41,
    0x4c, 0x2, 0x26, 0x0, 0x20, 0x5, 0xc0, 0xb,
    0x10, 0xf, 0xfe, 0x5d, 0x80, 0x32, 0x1a, 0x30,
    0x1, 0x2, 0x0, 0x63, 0x5, 0x50, 0x7, 0xff,
    0x31, 0x60, 0x0, 0xf2, 0xe2, 0xc, 0xe0, 0x2,
    0x90, 0x1b, 0x0, 0xff, 0xe7, 0x3e, 0x28, 0x80,
    0xa5, 0xc8, 0x5, 0x20, 0x8, 0x10, 0xf, 0xfe,
    0x79, 0xd7, 0x7f, 0x5a, 0x0, 0x4c, 0x80, 0x8c,
    0x1, 0xff, 0xd9, 0x18, 0x0, 0x50, 0x7, 0xff,
    0x6a, 0x84, 0x24, 0x40, 0x3f, 0xfb, 0x2a, 0x80,
    0x6c, 0x1, 0x2d, 0xf7, 0xf5, 0x10, 0x7, 0xc7,
    0x5d, 0xfd, 0x48, 0x1, 0xff, 0xc1, 0x1b, 0x0,
    0x70, 0x5, 0x54, 0x41, 0x1, 0x5d, 0x60, 0xe,
    0x8c, 0x51, 0x1, 0x5b, 0x80, 0xf, 0xfe, 0x5,
    0x88, 0x41, 0x0, 0x25, 0x40, 0x5e, 0x58, 0x1,
    0x28, 0x1, 0x33, 0x80, 0x1a, 0x5c, 0x41, 0xdc,
    0x1, 0xfe, 0x45, 0x3, 0x70, 0x1, 0x30, 0x3,
    0xe1, 0xa6, 0x80, 0x12, 0x1, 0x40, 0x2, 0xe5,
    0xa3, 0x0, 0x10, 0x1, 0xfe, 0xa0, 0x7, 0x80,
    0x4a, 0x0, 0x71, 0x0, 0x94, 0x80, 0x8c, 0x10,
    0x41, 0x10, 0x1, 0x12, 0x80, 0x14, 0x3, 0xf4,
    0x88, 0x39, 0x80, 0x5a, 0x0, 0xc0, 0xe, 0x40,
    0x2, 0x81, 0x80, 0x30, 0x3, 0xb0, 0x1, 0xa0,
    0x1f, 0x23, 0x1, 0x40, 0x6, 0x10, 0x3, 0x0,
    0x77, 0x0, 0x4, 0x3c, 0x0, 0x40, 0x1c, 0x60,
    0x1, 0x0, 0xfa, 0x40, 0x1c, 0x1, 0xf8, 0x40,
    0x3b, 0xc0, 0x2, 0x1, 0x8c, 0x3, 0xff, 0x87,
    0x4, 0xc, 0x60, 0x1c, 0x40, 0x6, 0x0, 0xe2,
    0x0, 0x10, 0x70, 0x3, 0x80, 0x38, 0x80, 0x1c,
    0x1, 0xc6, 0xe0, 0x52, 0x1, 0xec, 0x0, 0x48,
    0x6, 0x15, 0x0, 0x28, 0x20, 0x1, 0x80, 0x3a,
    0x80, 0x8, 0x1, 0xdc, 0x0, 0x90, 0xf, 0x94,
    0x80, 0xe4, 0x0, 0x34, 0x0, 0x61, 0x2, 0x40,
    0x1b, 0x10, 0x19, 0x20, 0x33, 0x0, 0x68, 0x20,
    0x64, 0x0, 0xfd, 0xc0, 0x6, 0xfe, 0xe2, 0x1,
    0x48, 0x5, 0x42, 0x9, 0xdd, 0x30, 0xf, 0x0,
    0x62, 0x70, 0x18, 0x0, 0xfe, 0x3d, 0x30, 0x0,
    0x80, 0x17, 0x0, 0x30, 0xfa, 0x0, 0x4, 0x0,
    0x78, 0x40, 0x18, 0xbf, 0xdc, 0x20, 0x1f, 0xe2,
    0xcc, 0x4c, 0x4e, 0xd0, 0x80, 0x70, 0xde, 0xcc,
    0x4e, 0xe1, 0x0, 0x0,

    /* U+2039 "‹" */
    0x0, 0xff, 0xe2, 0x4c, 0x0, 0x7c, 0xac, 0xf4,
    0x1, 0xc7, 0x40, 0xd, 0x0, 0xc3, 0xa0, 0x5,
    0x70, 0xd, 0x42, 0x7, 0x40, 0x1a, 0x10, 0x7,
    0x40, 0x32, 0xb8, 0x3, 0x44, 0x3, 0x50, 0x1,
    0xcc, 0x3, 0xa0, 0x0, 0xc4, 0x1, 0xce, 0xa0,
    0x3e, 0x20, 0x1d, 0x46, 0x5, 0x40, 0x1e, 0xd1,
    0x4, 0x80, 0xe, 0x1d, 0x0, 0x3b, 0x0, 0x71,
    0xd0, 0x3, 0x40, 0x3c, 0xae, 0x96, 0x1, 0xf4,
    0x58, 0x0,

    /* U+203A "›" */
    0x0, 0xff, 0x2d, 0x80, 0x79, 0xa9, 0x24, 0x3,
    0x94, 0x0, 0xcc, 0x0, 0xc7, 0x20, 0x9, 0x30,
    0xc, 0xcc, 0x0, 0x68, 0x80, 0x69, 0x40, 0x1d,
    0x0, 0xea, 0x20, 0x39, 0x0, 0xc3, 0x20, 0x6,
    0x30, 0xd, 0x0, 0x4, 0x30, 0xa, 0x8c, 0xa,
    0xc0, 0x27, 0x50, 0x1f, 0x0, 0x96, 0x0, 0x14,
    0x40, 0x2, 0xa0, 0x4, 0xa0, 0x4, 0xa0, 0x6,
    0x60, 0x6, 0x78, 0x39, 0x0, 0xf3, 0xe0, 0x7,
    0x80,

    /* U+20AC "€" */
    0x0, 0xff, 0xe0, 0x9a, 0xbb, 0x99, 0x4, 0x3,
    0xff, 0x88, 0x55, 0xf9, 0x51, 0x9, 0xbe, 0xd7,
    0x10, 0xf, 0xfe, 0x4, 0xea, 0x80, 0x7e, 0x28,
    0xe7, 0x0, 0xfe, 0x1c, 0x60, 0xf, 0xfe, 0xc,
    0x58, 0x7, 0xed, 0x30, 0x8, 0xa7, 0x7f, 0xdd,
    0x6c, 0x1, 0xb4, 0x3, 0xe9, 0x30, 0x9, 0xf5,
    0x88, 0x0, 0x29, 0x3e, 0xe0, 0xac, 0x1, 0xe3,
    0x60, 0xa, 0x20, 0x1, 0xfd, 0x19, 0x60, 0x1f,
    0x48, 0x4, 0x8e, 0x1, 0xff, 0x18, 0x80, 0x78,
    0x54, 0x2, 0x90, 0xf, 0xfe, 0x43, 0x80, 0x48,
    0x40, 0x1f, 0xfc, 0x8c, 0x0, 0xb4, 0x3, 0xff,
    0x8a, 0x95, 0x52, 0x0, 0x5b, 0x55, 0xff, 0xc1,
    0x0, 0xc6, 0xab, 0x8, 0x4, 0x8a, 0xbf, 0xfc,
    0x4, 0x0, 0xff, 0xe6, 0xa0, 0x6, 0x7f, 0xf6,
    0x0, 0x4b, 0xff, 0xff, 0xc1, 0xa0, 0xf, 0xfe,
    0xc8, 0x80, 0x7f, 0xf1, 0x92, 0xa9, 0x0, 0x12,
    0xd5, 0x7f, 0xf0, 0x20, 0x3, 0x8d, 0x54, 0x80,
    0x10, 0xaa, 0xff, 0xf0, 0xc, 0x3, 0xff, 0x9b,
    0x80, 0x1c, 0xff, 0xf2, 0x0, 0x53, 0xff, 0xff,
    0x38, 0x7, 0xf6, 0x0, 0x5a, 0x1, 0xff, 0xc9,
    0x50, 0x9, 0xc, 0x3, 0xff, 0x90, 0x46, 0x1,
    0x78, 0x7, 0xff, 0x26, 0x40, 0x23, 0x80, 0xf,
    0xf8, 0xd4, 0x3, 0xe5, 0x40, 0x9, 0xe4, 0x3,
    0xf0, 0xce, 0x51, 0x0, 0x7d, 0x42, 0x1, 0x37,
    0x39, 0x0, 0x92, 0xd7, 0x30, 0x3, 0xc0, 0x3e,
    0x1c, 0x10, 0x8, 0x63, 0x7f, 0xb6, 0x94, 0x3,
    0x58, 0x7, 0xe2, 0xf4, 0x0, 0xff, 0xe0, 0x26,
    0xb0, 0x7, 0xf0, 0xdd, 0x90, 0x3, 0xf2, 0xe5,
    0x90, 0x7, 0xff, 0x1, 0x2f, 0xae, 0x62, 0x13,
    0x9f, 0x46, 0x1, 0x80
};


/*---------------------
 *  GLYPH DESCRIPTION
 *--------------------*/

static const lv_font_fmt_txt_glyph_dsc_t glyph_dsc[] = {
    {.bitmap_index = 0, .adv_w = 0, .box_w = 0, .box_h = 0, .ofs_x = 0, .ofs_y = 0} /* id = 0 reserved */,
    {.bitmap_index = 0, .adv_w = 184, .box_w = 0, .box_h = 0, .ofs_x = 0, .ofs_y = 0},
    {.bitmap_index = 0, .adv_w = 193, .box_w = 6, .box_h = 30, .ofs_x = 3, .ofs_y = -1},
    {.bitmap_index = 64, .adv_w = 282, .box_w = 10, .box_h = 10, .ofs_x = 4, .ofs_y = 19},
    {.bitmap_index = 117, .adv_w = 438, .box_w = 25, .box_h = 29, .ofs_x = 1, .ofs_y = 0},
    {.bitmap_index = 355, .adv_w = 363, .box_w = 21, .box_h = 38, .ofs_x = 1, .ofs_y = -5},
    {.bitmap_index = 603, .adv_w = 495, .box_w = 29, .box_h = 31, .ofs_x = 1, .ofs_y = -1},
    {.bitmap_index = 937, .adv_w = 469, .box_w = 25, .box_h = 31, .ofs_x = 3, .ofs_y = -1},
    {.bitmap_index = 1230, .adv_w = 156, .box_w = 4, .box_h = 10, .ofs_x = 3, .ofs_y = 19},
    {.bitmap_index = 1251, .adv_w = 231, .box_w = 11, .box_h = 38, .ofs_x = 2, .ofs_y = -5},
    {.bitmap_index = 1392, .adv_w = 231, .box_w = 11, .box_h = 38, .ofs_x = 1, .ofs_y = -5},
    {.bitmap_index = 1540, .adv_w = 351, .box_w = 18, .box_h = 17, .ofs_x = 2, .ofs_y = 12},
    {.bitmap_index = 1673, .adv_w = 381, .box_w = 20, .box_h = 20, .ofs_x = 2, .ofs_y = 4},
    {.bitmap_index = 1717, .adv_w = 173, .box_w = 7, .box_h = 10, .ofs_x = 2, .ofs_y = -5},
    {.bitmap_index = 1751, .adv_w = 281, .box_w = 13, .box_h = 4, .ofs_x = 2, .ofs_y = 10},
    {.bitmap_index = 1761, .adv_w = 178, .box_w = 6, .box_h = 6, .ofs_x = 3, .ofs_y = -1},
    {.bitmap_index = 1778, .adv_w = 214, .box_w = 13, .box_h = 34, .ofs_x = 0, .ofs_y = -3},
    {.bitmap_index = 1924, .adv_w = 419, .box_w = 23, .box_h = 31, .ofs_x = 2, .ofs_y = -1},
    {.bitmap_index = 2174, .adv_w = 356, .box_w = 18, .box_h = 29, .ofs_x = 2, .ofs_y = 0},
    {.bitmap_index = 2249, .adv_w = 405, .box_w = 21, .box_h = 30, .ofs_x = 2, .ofs_y = 0},
    {.bitmap_index = 2444, .adv_w = 394, .box_w = 22, .box_h = 31, .ofs_x = 1, .ofs_y = -1},
    {.bitmap_index = 2671, .adv_w = 417, .box_w = 24, .box_h = 29, .ofs_x = 1, .ofs_y = 0},
    {.bitmap_index = 2809, .adv_w = 408, .box_w = 21, .box_h = 30, .ofs_x = 3, .ofs_y = -1},
    {.bitmap_index = 2969, .adv_w = 396, .box_w = 22, .box_h = 31, .ofs_x = 2, .ofs_y = -1},
    {.bitmap_index = 3218, .adv_w = 371, .box_w = 21, .box_h = 29, .ofs_x = 1, .ofs_y = 0},
    {.bitmap_index = 3380, .adv_w = 401, .box_w = 21, .box_h = 31, .ofs_x = 2, .ofs_y = -1},
    {.bitmap_index = 3633, .adv_w = 398, .box_w = 22, .box_h = 31, .ofs_x = 2, .ofs_y = -1},
    {.bitmap_index = 3883, .adv_w = 177, .box_w = 6, .box_h = 23, .ofs_x = 3, .ofs_y = -1},
    {.bitmap_index = 3921, .adv_w = 177, .box_w = 6, .box_h = 28, .ofs_x = 3, .ofs_y = -6},
    {.bitmap_index = 3975, .adv_w = 381, .box_w = 19, .box_h = 22, .ofs_x = 2, .ofs_y = 3},
    {.bitmap_index = 4119, .adv_w = 381, .box_w = 20, .box_h = 12, .ofs_x = 2, .ofs_y = 8},
    {.bitmap_index = 4144, .adv_w = 381, .box_w = 18, .box_h = 22, .ofs_x = 3, .ofs_y = 3},
    {.bitmap_index = 4276, .adv_w = 323, .box_w = 18, .box_h = 31, .ofs_x = 1, .ofs_y = -1},
    {.bitmap_index = 4452, .adv_w = 565, .box_w = 33, .box_h = 32, .ofs_x = 1, .ofs_y = -6},
    {.bitmap_index = 4849, .adv_w = 438, .box_w = 26, .box_h = 29, .ofs_x = 1, .ofs_y = 0},
    {.bitmap_index = 5086, .adv_w = 404, .box_w = 21, .box_h = 29, .ofs_x = 3, .ofs_y = 0},
    {.bitmap_index = 5257, .adv_w = 417, .box_w = 24, .box_h = 31, .ofs_x = 2, .ofs_y = -1},
    {.bitmap_index = 5473, .adv_w = 444, .box_w = 23, .box_h = 29, .ofs_x = 3, .ofs_y = 0},
    {.bitmap_index = 5649, .adv_w = 377, .box_w = 19, .box_h = 29, .ofs_x = 3, .ofs_y = 0},
    {.bitmap_index = 5708, .adv_w = 339, .box_w = 18, .box_h = 29, .ofs_x = 3, .ofs_y = 0},
    {.bitmap_index = 5754, .adv_w = 456, .box_w = 24, .box_h = 31, .ofs_x = 2, .ofs_y = -1},
    {.bitmap_index = 5981, .adv_w = 474, .box_w = 23, .box_h = 29, .ofs_x = 3, .ofs_y = 0},
    {.bitmap_index = 6031, .adv_w = 175, .box_w = 5, .box_h = 29, .ofs_x = 3, .ofs_y = 0},
    {.bitmap_index = 6040, .adv_w = 281, .box_w = 14, .box_h = 30, .ofs_x = 0, .ofs_y = -1},
    {.bitmap_index = 6107, .adv_w = 409, .box_w = 23, .box_h = 29, .ofs_x = 3, .ofs_y = 0},
    {.bitmap_index = 6294, .adv_w = 346, .box_w = 18, .box_h = 29, .ofs_x = 3, .ofs_y = 0},
    {.bitmap_index = 6328, .adv_w = 569, .box_w = 29, .box_h = 29, .ofs_x = 3, .ofs_y = 0},
    {.bitmap_index = 6566, .adv_w = 479, .box_w = 24, .box_h = 29, .ofs_x = 3, .ofs_y = 0},
    {.bitmap_index = 6720, .adv_w = 499, .box_w = 28, .box_h = 31, .ofs_x = 2, .ofs_y = -1},
    {.bitmap_index = 7000, .adv_w = 366, .box_w = 20, .box_h = 29, .ofs_x = 3, .ofs_y = 0},
    {.bitmap_index = 7118, .adv_w = 499, .box_w = 28, .box_h = 37, .ofs_x = 2, .ofs_y = -7},
    {.bitmap_index = 7442, .adv_w = 410, .box_w = 22, .box_h = 29, .ofs_x = 3, .ofs_y = 0},
    {.bitmap_index = 7617, .adv_w = 368, .box_w = 21, .box_h = 31, .ofs_x = 1, .ofs_y = -1},
    {.bitmap_index = 7839, .adv_w = 380, .box_w = 23, .box_h = 29, .ofs_x = 0, .ofs_y = 0},
    {.bitmap_index = 7885, .adv_w = 460, .box_w = 23, .box_h = 30, .ofs_x = 3, .ofs_y = -1},
    {.bitmap_index = 8006, .adv_w = 431, .box_w = 27, .box_h = 29, .ofs_x = 0, .ofs_y = 0},
    {.bitmap_index = 8256, .adv_w = 637, .box_w = 40, .box_h = 29, .ofs_x = 0, .ofs_y = 0},
    {.bitmap_index = 8666, .adv_w = 412, .box_w = 26, .box_h = 29, .ofs_x = 0, .ofs_y = 0},
    {.bitmap_index = 8918, .adv_w = 391, .box_w = 24, .box_h = 29, .ofs_x = 0, .ofs_y = 0},
    {.bitmap_index = 9077, .adv_w = 398, .box_w = 23, .box_h = 29, .ofs_x = 1, .ofs_y = 0},
    {.bitmap_index = 9242, .adv_w = 188, .box_w = 8, .box_h = 37, .ofs_x = 2, .ofs_y = -5},
    {.bitmap_index = 9272, .adv_w = 214, .box_w = 13, .box_h = 34, .ofs_x = 0, .ofs_y = -3},
    {.bitmap_index = 9417, .adv_w = 188, .box_w = 7, .box_h = 37, .ofs_x = 2, .ofs_y = -5},
    {.bitmap_index = 9444, .adv_w = 437, .box_w = 23, .box_h = 14, .ofs_x = 2, .ofs_y = 17},
    {.bitmap_index = 9559, .adv_w = 454, .box_w = 24, .box_h = 3, .ofs_x = 2, .ofs_y = -3},
    {.bitmap_index = 9570, .adv_w = 172, .box_w = 9, .box_h = 5, .ofs_x = 1, .ofs_y = 24},
    {.bitmap_index = 9591, .adv_w = 357, .box_w = 21, .box_h = 23, .ofs_x = 1, .ofs_y = -1},
    {.bitmap_index = 9765, .adv_w = 384, .box_w = 20, .box_h = 32, .ofs_x = 3, .ofs_y = -1},
    {.bitmap_index = 9932, .adv_w = 337, .box_w = 19, .box_h = 23, .ofs_x = 1, .ofs_y = -1},
    {.bitmap_index = 10088, .adv_w = 382, .box_w = 20, .box_h = 32, .ofs_x = 1, .ofs_y = -1},
    {.bitmap_index = 10260, .adv_w = 364, .box_w = 20, .box_h = 23, .ofs_x = 1, .ofs_y = -1},
    {.bitmap_index = 10427, .adv_w = 224, .box_w = 14, .box_h = 32, .ofs_x = 1, .ofs_y = 0},
    {.bitmap_index = 10497, .adv_w = 382, .box_w = 21, .box_h = 30, .ofs_x = 1, .ofs_y = -8},
    {.bitmap_index = 10709, .adv_w = 378, .box_w = 18, .box_h = 31, .ofs_x = 3, .ofs_y = 0},
    {.bitmap_index = 10792, .adv_w = 162, .box_w = 6, .box_h = 30, .ofs_x = 2, .ofs_y = 0},
    {.bitmap_index = 10823, .adv_w = 170, .box_w = 11, .box_h = 38, .ofs_x = -3, .ofs_y = -8},
    {.bitmap_index = 10894, .adv_w = 343, .box_w = 19, .box_h = 31, .ofs_x = 3, .ofs_y = 0},
    {.bitmap_index = 11041, .adv_w = 161, .box_w = 4, .box_h = 31, .ofs_x = 3, .ofs_y = 0},
    {.bitmap_index = 11052, .adv_w = 566, .box_w = 30, .box_h = 22, .ofs_x = 3, .ofs_y = 0},
    {.bitmap_index = 11176, .adv_w = 378, .box_w = 18, .box_h = 22, .ofs_x = 3, .ofs_y = 0},
    {.bitmap_index = 11253, .adv_w = 387, .box_w = 22, .box_h = 23, .ofs_x = 1, .ofs_y = -1},
    {.bitmap_index = 11445, .adv_w = 377, .box_w = 19, .box_h = 30, .ofs_x = 3, .ofs_y = -8},
    {.bitmap_index = 11595, .adv_w = 379, .box_w = 20, .box_h = 30, .ofs_x = 1, .ofs_y = -8},
    {.bitmap_index = 11760, .adv_w = 237, .box_w = 12, .box_h = 22, .ofs_x = 3, .ofs_y = 0},
    {.bitmap_index = 11809, .adv_w = 305, .box_w = 17, .box_h = 23, .ofs_x = 1, .ofs_y = -1},
    {.bitmap_index = 11962, .adv_w = 237, .box_w = 13, .box_h = 28, .ofs_x = 1, .ofs_y = -1},
    {.bitmap_index = 12032, .adv_w = 374, .box_w = 18, .box_h = 22, .ofs_x = 3, .ofs_y = -1},
    {.bitmap_index = 12111, .adv_w = 340, .box_w = 21, .box_h = 21, .ofs_x = 0, .ofs_y = 0},
    {.bitmap_index = 12272, .adv_w = 502, .box_w = 31, .box_h = 21, .ofs_x = 0, .ofs_y = 0},
    {.bitmap_index = 12528, .adv_w = 326, .box_w = 20, .box_h = 21, .ofs_x = 0, .ofs_y = 0},
    {.bitmap_index = 12692, .adv_w = 354, .box_w = 21, .box_h = 29, .ofs_x = 1, .ofs_y = -8},
    {.bitmap_index = 12905, .adv_w = 304, .box_w = 17, .box_h = 21, .ofs_x = 1, .ofs_y = 0},
    {.bitmap_index = 13001, .adv_w = 249, .box_w = 12, .box_h = 36, .ofs_x = 2, .ofs_y = -3},
    {.bitmap_index = 13120, .adv_w = 155, .box_w = 4, .box_h = 38, .ofs_x = 3, .ofs_y = -3},
    {.bitmap_index = 13131, .adv_w = 249, .box_w = 12, .box_h = 36, .ofs_x = 1, .ofs_y = -3},
    {.bitmap_index = 13244, .adv_w = 381, .box_w = 20, .box_h = 5, .ofs_x = 2, .ofs_y = 12},
    {.bitmap_index = 13290, .adv_w = 184, .box_w = 0, .box_h = 0, .ofs_x = 0, .ofs_y = 0},
    {.bitmap_index = 13290, .adv_w = 193, .box_w = 6, .box_h = 30, .ofs_x = 3, .ofs_y = -8},
    {.bitmap_index = 13356, .adv_w = 345, .box_w = 19, .box_h = 31, .ofs_x = 2, .ofs_y = -1},
    {.bitmap_index = 13538, .adv_w = 376, .box_w = 19, .box_h = 31, .ofs_x = 3, .ofs_y = -1},
    {.bitmap_index = 13681, .adv_w = 403, .box_w = 23, .box_h = 23, .ofs_x = 1, .ofs_y = 3},
    {.bitmap_index = 13876, .adv_w = 413, .box_w = 24, .box_h = 29, .ofs_x = 1, .ofs_y = 0},
    {.bitmap_index = 14056, .adv_w = 155, .box_w = 4, .box_h = 38, .ofs_x = 3, .ofs_y = -3},
    {.bitmap_index = 14076, .adv_w = 323, .box_w = 16, .box_h = 31, .ofs_x = 2, .ofs_y = -1},
    {.bitmap_index = 14279, .adv_w = 225, .box_w = 12, .box_h = 5, .ofs_x = 1, .ofs_y = 25},
    {.bitmap_index = 14309, .adv_w = 521, .box_w = 30, .box_h = 30, .ofs_x = 1, .ofs_y = -1},
    {.bitmap_index = 14649, .adv_w = 255, .box_w = 14, .box_h = 14, .ofs_x = 1, .ofs_y = 15},
    {.bitmap_index = 14730, .adv_w = 307, .box_w = 16, .box_h = 17, .ofs_x = 1, .ofs_y = 2},
    {.bitmap_index = 14853, .adv_w = 381, .box_w = 20, .box_h = 12, .ofs_x = 2, .ofs_y = 6},
    {.bitmap_index = 14875, .adv_w = 281, .box_w = 13, .box_h = 4, .ofs_x = 2, .ofs_y = 10},
    {.bitmap_index = 14885, .adv_w = 521, .box_w = 30, .box_h = 30, .ofs_x = 1, .ofs_y = -1},
    {.bitmap_index = 15214, .adv_w = 205, .box_w = 11, .box_h = 3, .ofs_x = 1, .ofs_y = 25},
    {.bitmap_index = 15223, .adv_w = 243, .box_w = 13, .box_h = 11, .ofs_x = 1, .ofs_y = 18},
    {.bitmap_index = 15292, .adv_w = 381, .box_w = 20, .box_h = 22, .ofs_x = 2, .ofs_y = 3},
    {.bitmap_index = 15341, .adv_w = 242, .box_w = 13, .box_h = 16, .ofs_x = 1, .ofs_y = 17},
    {.bitmap_index = 15424, .adv_w = 256, .box_w = 13, .box_h = 16, .ofs_x = 1, .ofs_y = 17},
    {.bitmap_index = 15516, .adv_w = 170, .box_w = 8, .box_h = 5, .ofs_x = 1, .ofs_y = 24},
    {.bitmap_index = 15536, .adv_w = 384, .box_w = 19, .box_h = 29, .ofs_x = 3, .ofs_y = -8},
    {.bitmap_index = 15619, .adv_w = 333, .box_w = 16, .box_h = 29, .ofs_x = 2, .ofs_y = 0},
    {.bitmap_index = 15695, .adv_w = 186, .box_w = 8, .box_h = 7, .ofs_x = 2, .ofs_y = 11},
    {.bitmap_index = 15720, .adv_w = 170, .box_w = 9, .box_h = 9, .ofs_x = 1, .ofs_y = -9},
    {.bitmap_index = 15759, .adv_w = 234, .box_w = 11, .box_h = 16, .ofs_x = 2, .ofs_y = 17},
    {.bitmap_index = 15800, .adv_w = 258, .box_w = 14, .box_h = 14, .ofs_x = 1, .ofs_y = 15},
    {.bitmap_index = 15889, .adv_w = 307, .box_w = 17, .box_h = 17, .ofs_x = 2, .ofs_y = 2},
    {.bitmap_index = 16014, .adv_w = 595, .box_w = 34, .box_h = 36, .ofs_x = 2, .ofs_y = -5},
    {.bitmap_index = 16308, .adv_w = 596, .box_w = 34, .box_h = 36, .ofs_x = 2, .ofs_y = -5},
    {.bitmap_index = 16625, .adv_w = 618, .box_w = 37, .box_h = 36, .ofs_x = 1, .ofs_y = -5},
    {.bitmap_index = 16981, .adv_w = 323, .box_w = 18, .box_h = 31, .ofs_x = 1, .ofs_y = -9},
    {.bitmap_index = 17151, .adv_w = 438, .box_w = 26, .box_h = 37, .ofs_x = 1, .ofs_y = 0},
    {.bitmap_index = 17427, .adv_w = 438, .box_w = 26, .box_h = 37, .ofs_x = 1, .ofs_y = 0},
    {.bitmap_index = 17705, .adv_w = 438, .box_w = 26, .box_h = 37, .ofs_x = 1, .ofs_y = 0},
    {.bitmap_index = 17984, .adv_w = 438, .box_w = 26, .box_h = 37, .ofs_x = 1, .ofs_y = 0},
    {.bitmap_index = 18273, .adv_w = 438, .box_w = 26, .box_h = 35, .ofs_x = 1, .ofs_y = 0},
    {.bitmap_index = 18561, .adv_w = 438, .box_w = 26, .box_h = 38, .ofs_x = 1, .ofs_y = 0},
    {.bitmap_index = 18854, .adv_w = 568, .box_w = 33, .box_h = 29, .ofs_x = 1, .ofs_y = 0},
    {.bitmap_index = 19050, .adv_w = 417, .box_w = 24, .box_h = 38, .ofs_x = 2, .ofs_y = -8},
    {.bitmap_index = 19314, .adv_w = 377, .box_w = 19, .box_h = 37, .ofs_x = 3, .ofs_y = 0},
    {.bitmap_index = 19413, .adv_w = 377, .box_w = 19, .box_h = 37, .ofs_x = 3, .ofs_y = 0},
    {.bitmap_index = 19515, .adv_w = 377, .box_w = 19, .box_h = 37, .ofs_x = 3, .ofs_y = 0},
    {.bitmap_index = 19614, .adv_w = 377, .box_w = 19, .box_h = 35, .ofs_x = 3, .ofs_y = 0},
    {.bitmap_index = 19716, .adv_w = 175, .box_w = 9, .box_h = 37, .ofs_x = -1, .ofs_y = 0},
    {.bitmap_index = 19760, .adv_w = 175, .box_w = 8, .box_h = 37, .ofs_x = 3, .ofs_y = 0},
    {.bitmap_index = 19801, .adv_w = 175, .box_w = 12, .box_h = 37, .ofs_x = -1, .ofs_y = 0},
    {.bitmap_index = 19854, .adv_w = 175, .box_w = 13, .box_h = 35, .ofs_x = -1, .ofs_y = 0},
    {.bitmap_index = 19909, .adv_w = 444, .box_w = 26, .box_h = 29, .ofs_x = 0, .ofs_y = 0},
    {.bitmap_index = 20101, .adv_w = 479, .box_w = 24, .box_h = 37, .ofs_x = 3, .ofs_y = 0},
    {.bitmap_index = 20308, .adv_w = 499, .box_w = 28, .box_h = 38, .ofs_x = 2, .ofs_y = -1},
    {.bitmap_index = 20627, .adv_w = 499, .box_w = 28, .box_h = 38, .ofs_x = 2, .ofs_y = -1},
    {.bitmap_index = 20948, .adv_w = 499, .box_w = 28, .box_h = 38, .ofs_x = 2, .ofs_y = -1},
    {.bitmap_index = 21270, .adv_w = 499, .box_w = 28, .box_h = 38, .ofs_x = 2, .ofs_y = -1},
    {.bitmap_index = 21602, .adv_w = 499, .box_w = 28, .box_h = 36, .ofs_x = 2, .ofs_y = -1},
    {.bitmap_index = 21927, .adv_w = 381, .box_w = 21, .box_h = 22, .ofs_x = 1, .ofs_y = 3},
    {.bitmap_index = 22101, .adv_w = 499, .box_w = 28, .box_h = 37, .ofs_x = 2, .ofs_y = -4},
    {.bitmap_index = 22462, .adv_w = 460, .box_w = 23, .box_h = 38, .ofs_x = 3, .ofs_y = -1},
    {.bitmap_index = 22623, .adv_w = 460, .box_w = 23, .box_h = 38, .ofs_x = 3, .ofs_y = -1},
    {.bitmap_index = 22785, .adv_w = 460, .box_w = 23, .box_h = 38, .ofs_x = 3, .ofs_y = -1},
    {.bitmap_index = 22950, .adv_w = 460, .box_w = 23, .box_h = 36, .ofs_x = 3, .ofs_y = -1},
    {.bitmap_index = 23119, .adv_w = 391, .box_w = 24, .box_h = 37, .ofs_x = 0, .ofs_y = 0},
    {.bitmap_index = 23321, .adv_w = 360, .box_w = 19, .box_h = 29, .ofs_x = 3, .ofs_y = 0},
    {.bitmap_index = 23443, .adv_w = 369, .box_w = 19, .box_h = 33, .ofs_x = 3, .ofs_y = -1},
    {.bitmap_index = 23654, .adv_w = 357, .box_w = 21, .box_h = 30, .ofs_x = 1, .ofs_y = -1},
    {.bitmap_index = 23867, .adv_w = 357, .box_w = 21, .box_h = 30, .ofs_x = 1, .ofs_y = -1},
    {.bitmap_index = 24082, .adv_w = 357, .box_w = 21, .box_h = 31, .ofs_x = 1, .ofs_y = -1},
    {.bitmap_index = 24305, .adv_w = 357, .box_w = 21, .box_h = 31, .ofs_x = 1, .ofs_y = -1},
    {.bitmap_index = 24532, .adv_w = 357, .box_w = 21, .box_h = 31, .ofs_x = 1, .ofs_y = -1},
    {.bitmap_index = 24752, .adv_w = 357, .box_w = 21, .box_h = 33, .ofs_x = 1, .ofs_y = -1},
    {.bitmap_index = 24998, .adv_w = 574, .box_w = 34, .box_h = 23, .ofs_x = 1, .ofs_y = -1},
    {.bitmap_index = 25286, .adv_w = 337, .box_w = 19, .box_h = 30, .ofs_x = 1, .ofs_y = -8},
    {.bitmap_index = 25480, .adv_w = 364, .box_w = 20, .box_h = 30, .ofs_x = 1, .ofs_y = -1},
    {.bitmap_index = 25685, .adv_w = 364, .box_w = 20, .box_h = 30, .ofs_x = 1, .ofs_y = -1},
    {.bitmap_index = 25891, .adv_w = 364, .box_w = 20, .box_h = 31, .ofs_x = 1, .ofs_y = -1},
    {.bitmap_index = 26105, .adv_w = 364, .box_w = 20, .box_h = 31, .ofs_x = 1, .ofs_y = -1},
    {.bitmap_index = 26318, .adv_w = 162, .box_w = 8, .box_h = 29, .ofs_x = -1, .ofs_y = 0},
    {.bitmap_index = 26357, .adv_w = 162, .box_w = 9, .box_h = 29, .ofs_x = 2, .ofs_y = 0},
    {.bitmap_index = 26400, .adv_w = 162, .box_w = 12, .box_h = 30, .ofs_x = -1, .ofs_y = 0},
    {.bitmap_index = 26455, .adv_w = 162, .box_w = 12, .box_h = 30, .ofs_x = -1, .ofs_y = 0},
    {.bitmap_index = 26507, .adv_w = 380, .box_w = 21, .box_h = 32, .ofs_x = 1, .ofs_y = -1},
    {.bitmap_index = 26758, .adv_w = 378, .box_w = 18, .box_h = 30, .ofs_x = 3, .ofs_y = 0},
    {.bitmap_index = 26884, .adv_w = 387, .box_w = 22, .box_h = 30, .ofs_x = 1, .ofs_y = -1},
    {.bitmap_index = 27114, .adv_w = 387, .box_w = 22, .box_h = 30, .ofs_x = 1, .ofs_y = -1},
    {.bitmap_index = 27346, .adv_w = 387, .box_w = 22, .box_h = 31, .ofs_x = 1, .ofs_y = -1},
    {.bitmap_index = 27587, .adv_w = 387, .box_w = 22, .box_h = 31, .ofs_x = 1, .ofs_y = -1},
    {.bitmap_index = 27834, .adv_w = 387, .box_w = 22, .box_h = 31, .ofs_x = 1, .ofs_y = -1},
    {.bitmap_index = 28072, .adv_w = 381, .box_w = 20, .box_h = 21, .ofs_x = 2, .ofs_y = 4},
    {.bitmap_index = 28162, .adv_w = 387, .box_w = 22, .box_h = 29, .ofs_x = 1, .ofs_y = -4},
    {.bitmap_index = 28408, .adv_w = 374, .box_w = 18, .box_h = 30, .ofs_x = 3, .ofs_y = -1},
    {.bitmap_index = 28526, .adv_w = 374, .box_w = 18, .box_h = 30, .ofs_x = 3, .ofs_y = -1},
    {.bitmap_index = 28646, .adv_w = 374, .box_w = 18, .box_h = 31, .ofs_x = 3, .ofs_y = -1},
    {.bitmap_index = 28772, .adv_w = 374, .box_w = 18, .box_h = 31, .ofs_x = 3, .ofs_y = -1},
    {.bitmap_index = 28897, .adv_w = 354, .box_w = 21, .box_h = 37, .ofs_x = 1, .ofs_y = -8},
    {.bitmap_index = 29151, .adv_w = 377, .box_w = 19, .box_h = 39, .ofs_x = 3, .ofs_y = -8},
    {.bitmap_index = 29309, .adv_w = 354, .box_w = 21, .box_h = 38, .ofs_x = 1, .ofs_y = -8},
    {.bitmap_index = 29571, .adv_w = 381, .box_w = 19, .box_h = 4, .ofs_x = 2, .ofs_y = 9},
    {.bitmap_index = 29582, .adv_w = 584, .box_w = 32, .box_h = 4, .ofs_x = 2, .ofs_y = 9},
    {.bitmap_index = 29594, .adv_w = 144, .box_w = 6, .box_h = 10, .ofs_x = 2, .ofs_y = 19},
    {.bitmap_index = 29624, .adv_w = 144, .box_w = 6, .box_h = 11, .ofs_x = 1, .ofs_y = 19},
    {.bitmap_index = 29657, .adv_w = 144, .box_w = 6, .box_h = 10, .ofs_x = 1, .ofs_y = -5},
    {.bitmap_index = 29688, .adv_w = 250, .box_w = 13, .box_h = 10, .ofs_x = 2, .ofs_y = 19},
    {.bitmap_index = 29751, .adv_w = 250, .box_w = 13, .box_h = 11, .ofs_x = 1, .ofs_y = 19},
    {.bitmap_index = 29821, .adv_w = 250, .box_w = 13, .box_h = 10, .ofs_x = 1, .ofs_y = -5},
    {.bitmap_index = 29885, .adv_w = 269, .box_w = 15, .box_h = 29, .ofs_x = 1, .ofs_y = 0},
    {.bitmap_index = 29923, .adv_w = 257, .box_w = 14, .box_h = 29, .ofs_x = 1, .ofs_y = 0},
    {.bitmap_index = 29981, .adv_w = 203, .box_w = 9, .box_h = 9, .ofs_x = 2, .ofs_y = 9},
    {.bitmap_index = 30013, .adv_w = 533, .box_w = 25, .box_h = 6, .ofs_x = 4, .ofs_y = -1},
    {.bitmap_index = 30073, .adv_w = 721, .box_w = 43, .box_h = 31, .ofs_x = 1, .ofs_y = -1},
    {.bitmap_index = 30509, .adv_w = 224, .box_w = 10, .box_h = 17, .ofs_x = 2, .ofs_y = 2},
    {.bitmap_index = 30575, .adv_w = 230, .box_w = 9, .box_h = 17, .ofs_x = 3, .ofs_y = 2},
    {.bitmap_index = 30640, .adv_w = 434, .box_w = 26, .box_h = 31, .ofs_x = 1, .ofs_y = -1}
};

/*---------------------
 *  CHARACTER MAPPING
 *--------------------*/

static const uint16_t unicode_list_2[] = {
    0x0, 0x1, 0x5, 0x6, 0x7, 0x9, 0xa, 0xb,
    0xd, 0xe, 0xf, 0x13, 0x1d, 0x26, 0x27, 0x99
};

/*Collect the unicode lists and glyph_id offsets*/
static const lv_font_fmt_txt_cmap_t cmaps[] =
{
    {
        .range_start = 32, .range_length = 95, .glyph_id_start = 1,
        .unicode_list = NULL, .glyph_id_ofs_list = NULL, .list_length = 0, .type = LV_FONT_FMT_TXT_CMAP_FORMAT0_TINY
    },
    {
        .range_start = 160, .range_length = 96, .glyph_id_start = 96,
        .unicode_list = NULL, .glyph_id_ofs_list = NULL, .list_length = 0, .type = LV_FONT_FMT_TXT_CMAP_FORMAT0_TINY
    },
    {
        .range_start = 8211, .range_length = 154, .glyph_id_start = 192,
        .unicode_list = unicode_list_2, .glyph_id_ofs_list = NULL, .list_length = 16, .type = LV_FONT_FMT_TXT_CMAP_SPARSE_TINY
    }
};

/*-----------------
 *    KERNING
 *----------------*/


/*Map glyph_ids to kern left classes*/
static const uint8_t kern_left_class_mapping[] =
{
    0, 0, 0, 1, 0, 0, 0, 0,
    2, 3, 0, 0, 0, 4, 5, 4,
    6, 7, 8, 0, 0, 9, 0, 10,
    11, 12, 13, 0, 0, 0, 0, 0,
    14, 15, 16, 17, 18, 19, 20, 21,
    22, 23, 23, 24, 25, 26, 23, 23,
    19, 27, 19, 28, 29, 30, 31, 32,
    33, 34, 35, 36, 37, 38, 0, 0,
    0, 0, 39, 40, 41, 42, 43, 44,
    45, 46, 47, 48, 49, 42, 46, 46,
    40, 40, 50, 51, 52, 53, 46, 54,
    54, 55, 56, 57, 3, 0, 0, 0,
    0, 0, 0, 0, 0, 0, 0, 0,
    0, 0, 58, 0, 0, 5, 0, 0,
    0, 0, 0, 0, 0, 0, 0, 0,
    0, 0, 59, 0, 0, 0, 0, 60,
    16, 16, 16, 16, 16, 16, 20, 18,
    20, 20, 20, 20, 23, 23, 23, 23,
    19, 23, 19, 19, 19, 19, 19, 0,
    19, 31, 31, 31, 31, 35, 27, 61,
    39, 39, 39, 39, 39, 39, 43, 62,
    43, 43, 43, 43, 47, 63, 64, 65,
    40, 46, 40, 40, 40, 40, 40, 0,
    40, 46, 46, 46, 46, 54, 40, 54,
    5, 5, 66, 67, 68, 66, 67, 68,
    0, 0, 0, 4, 0, 0, 0, 0
};

/*Map glyph_ids to kern right classes*/
static const uint8_t kern_right_class_mapping[] =
{
    0, 0, 0, 1, 0, 0, 0, 0,
    2, 0, 3, 4, 0, 5, 6, 7,
    8, 0, 9, 10, 11, 0, 12, 0,
    13, 0, 0, 14, 14, 0, 0, 0,
    15, 16, 17, 18, 19, 18, 18, 18,
    19, 18, 18, 20, 18, 18, 18, 18,
    19, 18, 19, 18, 21, 22, 23, 24,
    25, 26, 27, 0, 28, 29, 30, 0,
    31, 0, 32, 33, 34, 34, 34, 35,
    36, 33, 37, 38, 33, 33, 39, 39,
    40, 41, 34, 39, 42, 43, 39, 44,
    44, 45, 46, 47, 48, 0, 49, 0,
    0, 0, 0, 0, 0, 0, 0, 0,
    0, 0, 50, 0, 0, 6, 0, 0,
    0, 0, 0, 0, 0, 0, 0, 0,
    0, 0, 51, 0, 0, 0, 0, 52,
    17, 17, 17, 17, 17, 17, 53, 19,
    18, 18, 18, 18, 54, 18, 18, 54,
    18, 18, 19, 19, 19, 19, 19, 0,
    19, 23, 23, 23, 23, 27, 18, 33,
    32, 32, 32, 32, 32, 32, 32, 34,
    34, 34, 34, 34, 55, 37, 56, 57,
    34, 39, 34, 34, 34, 34, 34, 0,
    34, 39, 39, 39, 39, 46, 33, 46,
    6, 6, 58, 59, 60, 61, 62, 60,
    0, 0, 0, 63, 0, 64, 0, 0
};

/*Kern values between classes*/
static const int8_t kern_class_values[] =
{
    0, 0, 0, 0, 0, 0, 0, 0,
    0, 0, 0, 0, 0, 0, 0, 0,
    0, 0, 0, 0, 0, 0, 0, 0,
    0, 0, 0, 0, 0, 0, 0, 0,
    0, -34, 0, -34, 0, 0, 0, -34,
    0, 0, 0, 0, 0, 0, 0, 0,
    0, 0, 0, 0, 0, 0, 0, 0,
    0, 0, 0, 0, 0, 0, 0, 0,
    0, 0, 0, 0, 0, 0, 0, 0,
    0, 0, 0, 0, 0, 0, 0, 0,
    -17, 0, 0, -18, 0, 0, 0, 0,
    0, 0, 0, 0, 0, 0, 0, 0,
    0, -6, 0, -6, 0, 0, 0, -6,
    0, 0, 0, 0, 0, 0, 0, 0,
    0, 0, 0, 0, -17, 0, 0, 0,
    0, 0, 0, 0, 0, 0, 0, 0,
    0, 0, 0, 0, 0, 0, 0, 0,
    0, 0, 0, 0, 0, 0, 0, 0,
    0, 0, 0, 0, 0, 0, 0, 0,
    0, 0, 0, 0, 0, 0, 0, 0,
    0, 0, -20, 0, 0, 0, 0, 0,
    0, 0, 0, 0, 0, 0, 0, 0,
    0, 0, 0, 0, 0, 0, 0, 0,
    0, 0, 0, 0, 0, 0, 0, 0,
    0, 0, -8, 0, -26, 0, -26, 0,
    0, 0, 0, 0, 0, 0, 0, 0,
    0, 0, 0, 0, 0, 0, 0, 0,
    0, 0, 0, 0, 0, 0, 0, 0,
    0, 0, 0, 0, 0, 0, 0, 0,
    0, 0, 0, 0, 0, 0, 0, -20,
    0, 0, 0, 0, 0, 0, 0, 0,
    0, -40, 0, 0, -40, 0, -26, -15,
    0, 0, 0, 0, 0, 0, 0, 0,
    0, 0, 0, 0, 0, 0, 0, 0,
    -29, 0, 0, 0, 0, -114, 0, -52,
    0, 0, 0, 0, 0, 0, 0, 0,
    0, 0, 0, 0, 0, 0, 0, 0,
    0, 0, 0, 0, 0, 0, 0, 0,
    0, 0, 0, 0, -29, 0, 0, 0,
    0, 0, 0, 0, 0, 0, 0, 0,
    0, 0, 0, 0, 0, 0, 0, -8,
    0, 0, 0, 0, 0, 0, 0, 0,
    0, 0, 0, 0, 0, 0, 0, 0,
    0, 0, 0, 0, 0, 0, 0, 0,
    0, 0, 0, 0, 0, 0, 0, 0,
    0, 0, 0, 0, 0, 0, 0, 0,
    0, 0, 0, 0, 0, 0, 0, 0,
    0, 0, 0, 0, 0, 0, 0, 0,
    0, 0, 0, 0, 0, 0, 0, 0,
    0, 0, 0, 0, 0, 0, 0, 0,
    0, 0, 0, 0, 0, 0, 0, 0,
    0, 0, 0, 0, 0, 0, 0, 0,
    0, 0, 0, 0, 0, 0, 0, 0,
    0, 0, 0, 0, 0, 0, 0, 0,
    0, -16, -12, 0, 0, 0, 0, 0,
    0, 0, 0, 0, 0, 0, 0, 0,
    0, 0, 0, 0, 0, 0, 0, 0,
    0, 0, 0, 0, 0, 0, 0, -11,
    0, 0, 0, 0, 0, 0, 0, 0,
    0, 0, 0, 0, 0, 0, 0, 0,
    0, 0, 0, 0, 0, 0, 0, 0,
    0, 0, 0, 0, 0, 0, 0, 0,
    0, -44, -44, 0, 0, 0, 0, 0,
    0, 0, 0, 0, 0, 0, 0, 0,
    0, 0, 0, 0, 0, 0, 0, 0,
    0, 0, 0, 0, 0, 0, 0, 0,
    0, 0, 0, 0, 0, 0, 0, 0,
    0, 0, 0, 0, 0, 0, 0, 0,
    0, 0, 0, 0, 0, 0, 0, 0,
    0, 0, 0, 0, 0, 0, 0, 0,
    0, -35, -34, 0, 0, 0, 0, 0,
    0, 0, 0, 0, 0, 0, 0, 0,
    0, 0, 0, 0, 0, 0, 0, 0,
    0, 0, 0, 0, 0, 0, 0, 0,
    0, 0, 0, 0, 0, 0, 0, 0,
    0, 0, 0, 0, 0, 0, 0, 0,
    0, 0, 0, 0, 0, 0, 0, 0,
    0, 0, 0, 0, 0, 0, 0, 0,
    0, -4, -6, 0, 0, 0, 0, 0,
    0, 0, 0, 0, 0, 0, 0, 0,
    0, 0, 0, 0, 0, 0, 0, 0,
    0, 0, 0, 0, 0, 0, 0, -6,
    0, 0, 0, 0, 0, 0, 0, 0,
    0, 0, 0, 0, 0, 0, 0, 0,
    0, 0, 0, 0, 0, 0, 0, 0,
    0, 0, 0, 0, 0, 0, 0, 0,
    0, 1, 3, 0, 0, 0, 0, 0,
    0, 0, 0, 0, 0, 0, 0, 0,
    0, 0, 0, 0, 0, 0, 0, 0,
    0, 0, 0, 0, 0, 0, 0, 0,
    0, 0, 0, 0, 0, 0, 0, 0,
    0, 0, 0, 0, 0, 0, 0, 0,
    0, 0, 0, 0, 0, 0, 0, 0,
    0, 0, 0, 0, 0, 0, 0, 0,
    0, -1, 0, 0, 0, 0, 0, 0,
    0, 0, 0, 0, 0, 0, 0, 0,
    0, 0, 0, 0, 0, 0, 0, 0,
    0, 0, 0, 0, 0, 0, 0, 0,
    0, 0, 0, 0, 0, 0, 0, 0,
    0, 0, 0, 0, 0, 0, 0, 0,
    0, 0, 0, 0, 0, 0, 0, 0,
    0, 0, 0, 0, 0, 0, 0, 0,
    0, -1, -1, 0, 0, 0, 0, 0,
    0, 0, 0, 0, 0, 0, 0, 0,
    0, 0, 0, 0, 0, 0, 0, 0,
    0, 0, 0, 0, 0, 0, 0, 0,
    0, 0, 0, 0, 0, 0, 0, 0,
    0, 0, 0, 0, 0, 0, 0, 0,
    0, 0, 0, 0, 0, 0, 0, 0,
    0, 0, 0, 0, 0, 0, 0, 0,
    0, 0, 0, -54, 0, 0, 0, 0,
    0, 0, 0, 0, 0, 0, 0, 0,
    0, 0, 0, 0, 0, 0, 0, 0,
    -1, -6, -5, -3, -1, 0, 0, 0,
    0, 0, 0, 0, 0, 0, 0, 0,
    0, 0, 0, 0, 0, 0, 0, 0,
    0, 0, 0, 0, 0, 0, 0, 0,
    0, 0, 0, 0, 0, 0, 0, 0,
    0, 0, 0, 0, 0, 0, 0, 0,
    0, 0, 0, 0, 0, 0, 0, 0,
    0, 0, 0, 0, 0, 0, 0, 0,
    0, 0, 0, 0, 0, 0, 0, -10,
    0, 0, -17, -1, 0, -49, -16, -38,
    -31, 4, -38, 0, -26, 0, 0, -1,
    -1, -10, -6, -10, -1, -3, -1, -10,
    -1, -3, -12, -31, 1, -35, -1, 0,
    0, 0, 0, 0, 0, 0, -1, -1,
    -1, -61, -9, 0, -61, -9, 0, 0,
    0, 0, 0, 0, -24, 0, -24, 0,
    0, 0, 0, 0, 0, 0, 0, 0,
    -3, 0, 0, 0, 0, -13, 0, -10,
    -3, 0, -11, 0, 0, 0, 0, 0,
    0, 0, 0, 0, 0, 0, 0, 0,
    0, -1, -1, -3, -1, -3, -1, 0,
    0, 0, 0, 0, -3, 0, 0, 0,
    0, 0, 0, 0, 0, 0, -24, 0,
    0, 0, 0, 0, -5, 0, -5, 0,
    0, 0, 0, 0, 0, 0, 0, 0,
    0, 0, -9, 0, 1, -1, 0, 1,
    1, 0, 1, 0, 0, 0, 0, -1,
    0, -3, 0, -3, 4, 0, 0, -3,
    0, -1, -1, -10, 0, -10, 0, 0,
    0, 0, 0, 0, 0, 0, 4, 4,
    4, 0, 0, 0, 0, 0, -5, 0,
    0, 0, 0, 0, -40, 0, -40, -5,
    0, 0, 0, 0, 0, 0, 0, -5,
    -20, 0, -1, -22, 0, -24, 0, -20,
    -3, -24, -31, 0, 0, 0, 0, -1,
    0, -1, 1, -1, -1, 8, 0, -1,
    0, 0, 1, 0, 0, 0, 0, 0,
    0, 0, 0, 0, -20, 0, -1, -1,
    -1, -20, 0, 0, -20, 0, -40, 0,
    0, 0, 0, 0, 0, 0, 0, 0,
    0, 0, 0, 0, 0, 0, 0, 0,
    -5, 0, 0, 3, 0, 0, 0, 5,
    5, 10, 0, 0, 0, 0, 0, -1,
    0, -3, -1, -3, -3, 18, -3, -3,
    -1, -3, -1, -3, 0, -8, -3, 0,
    0, 0, 0, 0, -5, 0, -3, -3,
    0, 0, 0, 0, 0, 0, 0, 0,
    0, 0, 0, 0, -71, 0, -71, -6,
    0, 0, 0, 0, 0, 0, 0, 0,
    -32, 0, 0, -40, 0, 10, 0, 12,
    10, 5, 6, 0, 0, 0, 0, -15,
    0, -15, 5, -15, -3, -3, -4, -15,
    -8, -10, -3, 0, 0, -1, -4, 0,
    0, 0, 0, 0, -32, 0, -3, 1,
    12, 0, 0, 0, 0, 0, -71, 0,
    0, 0, 0, 0, 0, 0, 0, 0,
    0, 0, 0, 0, 0, 0, 0, 0,
    -1, 0, 0, 0, 0, -5, 0, -1,
    -1, 0, -23, 0, 0, 0, 0, 0,
    0, 0, 1, 0, 0, 0, 0, 0,
    0, 0, 0, -1, 0, -1, 0, 0,
    0, 0, 0, 0, -1, 0, 0, 0,
    0, 0, 0, 0, 0, 0, 0, 0,
    0, 0, 0, 0, 0, 0, 0, 0,
    0, 0, 0, 0, 0, 0, 0, 0,
    0, 0, 0, 0, 0, 0, 0, 0,
    0, 1, 0, 0, 0, 0, 0, 0,
    0, 0, 0, 0, 0, 0, 0, 0,
    0, 0, 0, 1, 0, -1, 0, 0,
    0, 0, 0, 0, 0, 10, 0, 3,
    0, 0, 0, 0, 0, 0, 0, 0,
    0, 0, 0, 0, -15, 0, -15, 0,
    0, 0, 0, 0, 0, 0, 0, 0,
    -14, 0, 0, -3, 1, 0, 0, 0,
    0, 0, 0, 0, 0, 0, 0, -1,
    0, 0, 0, 0, 0, 0, 0, 0,
    0, 0, 0, 0, 0, 0, 0, 0,
    0, 0, 0, 0, -14, 0, 0, 0,
    0, 0, 0, 0, 0, 0, -15, 0,
    0, 0, 0, 0, 0, -48, 0, 0,
    0, 0, 0, 0, 0, 0, 0, -1,
    1, -6, -19, 10, 0, 0, -3, 0,
    0, 4, 0, 0, 0, 0, 0, -6,
    0, -16, -3, -16, 4, 1, -10, -16,
    0, -1, -6, -27, 3, -24, 0, 0,
    0, 0, 0, 0, 1, -6, 4, 4,
    4, -18, 0, 0, -18, 0, 0, 0,
    0, 0, 0, -36, 0, 0, 0, 0,
    0, 0, 0, 0, 0, 0, 0, 0,
    0, 0, -29, 13, 0, -74, -15, -45,
    -33, 8, -64, 0, 0, 0, 0, 1,
    0, 0, -1, 0, 0, 0, 0, 0,
    0, 0, -4, -38, 1, -22, 0, 0,
    0, 0, 0, 0, 0, 0, 0, 0,
    0, -38, -46, 0, -38, -46, 0, 0,
    0, 0, 0, 0, -72, 0, -72, 0,
    0, 0, 0, 0, 0, 0, 0, 0,
    -32, 0, 0, -35, 0, 10, 0, 10,
    10, -3, -2, 0, 0, 0, 0, 0,
    0, -1, 13, -1, 5, 5, 0, -1,
    0, 0, 13, 18, 12, 13, 10, 0,
    0, 0, 0, 0, -32, 0, 5, 5,
    5, 0, 0, 0, 0, 0, -72, 0,
    0, 0, 0, 0, 0, 0, 0, 0,
    0, 0, 0, 0, 0, 0, 0, 0,
    0, 0, 0, 5, 0, 0, 0, 0,
    0, 1, -4, 0, 0, 0, 0, 0,
    0, -1, 0, -1, 0, 0, 0, -1,
    0, 0, 6, 5, 8, 0, 5, 0,
    0, 0, 0, 0, 0, 0, 0, 0,
    0, 0, 0, 0, 0, 0, 0, 0,
    0, 0, 0, 0, 0, 0, 0, 0,
    0, 0, 0, 0, 0, 0, 0, 0,
    -1, 0, 0, -1, 0, 0, 0, -4,
    0, 0, -1, 0, 0, 0, 0, 0,
    0, -2, 0, -2, 3, 0, 0, -2,
    0, 0, -2, -3, 0, -13, -3, 0,
    0, 0, 0, 0, -1, 0, 3, 3,
    3, 0, 0, 0, 0, 0, 0, 0,
    0, 0, 0, 0, -91, -52, -91, 0,
    0, 0, 0, 0, 0, -65, 0, -6,
    -52, 0, -22, -31, 0, 15, 0, 6,
    6, 0, 13, 0, 0, 0, 0, -56,
    0, -67, 0, -67, 18, 0, -45, -67,
    -44, -56, -5, -44, -29, -40, -47, 0,
    0, 0, 0, 0, -52, 0, 18, 18,
    20, 0, 0, 0, 0, 0, -91, 0,
    0, 0, 0, 0, 0, 0, 0, 0,
    0, 0, 0, 0, 0, 0, 0, 0,
    -17, 0, 0, -8, 0, 0, 0, 0,
    0, -6, 0, 0, 0, 0, 0, 0,
    0, -6, 0, -6, 0, 0, 0, -6,
    0, -6, 0, 0, 0, -6, -1, 0,
    0, 0, 0, 0, -17, 0, 0, 0,
    0, 0, 0, 0, 0, 0, 0, 0,
    0, 0, 0, 0, -54, -35, -54, -8,
    0, 0, 0, 0, 0, 0, 0, -27,
    -57, 0, -22, -38, 0, 12, 0, 13,
    8, 3, 9, 0, 0, 0, 0, -33,
    1, -36, 0, -36, 0, -1, -14, -36,
    -19, -27, -1, -12, -12, -12, -11, 0,
    0, 0, 0, 0, -62, 0, 0, 0,
    8, 0, 0, 0, 0, 0, -54, 0,
    0, 0, 0, 0, 0, 0, 0, 0,
    0, 0, 0, 0, 0, 0, 0, -24,
    -48, 0, -8, -35, 0, 13, 0, 13,
    8, 3, 8, 0, 0, 0, 0, -22,
    0, -27, 0, -27, 8, 0, -12, -27,
    -12, -14, 2, -6, 0, 0, -3, 0,
    0, 0, 0, 0, -52, 0, 13, 8,
    8, 0, 0, 0, 0, 0, 0, 0,
    0, 0, 0, 0, 0, 0, 0, 0,
    0, 0, 0, 0, 0, 0, 0, -16,
    4, 1, -26, 1, 0, 0, -6, 1,
    1, 11, 3, 0, 0, 0, 0, 1,
    0, -14, 0, -14, 8, 1, -10, -14,
    0, 0, -4, -20, 4, -27, 0, 0,
    0, 0, 0, 0, 4, 1, 8, 8,
    8, 0, 0, 0, 0, 0, 0, 0,
    0, 0, 0, 0, -70, 0, -70, 0,
    0, 0, 0, 0, 0, -50, 0, -13,
    -59, 0, -28, -59, -8, 13, 0, 4,
    3, 3, 4, 0, 0, 0, 0, -45,
    -6, -51, -3, -51, 3, 0, -33, -51,
    -29, -40, -3, -16, -18, -14, -24, 0,
    0, 0, 0, 0, -59, 0, 4, 3,
    9, 0, 0, 0, 0, 0, -70, 0,
    0, 0, 0, 0, 0, 0, 0, 0,
    0, 0, 0, 0, 0, 0, 0, -20,
    -5, 0, -5, 0, 0, 0, -5, 0,
    0, 0, 0, 0, 0, 0, 0, 0,
    0, -10, 0, -10, 1, 0, 0, -10,
    0, -10, 0, -21, 1, -21, 0, 0,
    0, 0, 0, 0, -5, 0, 1, 1,
    1, 0, 0, 0, 0, 0, 0, 0,
    0, 0, 0, 0, 0, 0, 0, 0,
    0, 0, 0, 0, 0, 0, 0, 0,
    0, 0, 0, 0, 0, 0, 0, 0,
    0, 0, 0, 0, 0, 0, 0, 0,
    0, 0, -24, 0, 0, 20, 0, 0,
    0, 0, 0, 0, 0, 0, 0, 0,
    0, 0, 0, 0, 0, 0, 0, 0,
    0, 0, 0, 0, 0, 0, 0, 0,
    0, 0, 0, 0, 0, 0, 0, 0,
    0, 0, 0, 0, 0, 0, 0, 0,
    0, 0, 0, 0, 0, 0, 0, -4,
    0, 0, 0, 0, 0, 0, 0, 0,
    0, 0, 0, 0, 0, 0, 0, 0,
    0, 0, 0, 0, 0, 0, 0, 0,
    0, 0, 0, 0, 0, 0, 0, 0,
    0, 0, 0, 0, 0, 0, 0, 0,
    0, -8, 0, 0, 0, 0, 0, 0,
    0, 0, 0, 0, 0, 0, 0, 0,
    0, 0, 0, 0, 0, -74, 0, 0,
    0, 0, 0, 0, 0, 0, 0, 0,
    0, -6, -1, -6, -1, 18, 0, -6,
    0, 0, -3, -10, 5, -11, 5, 0,
    0, 0, 0, 0, 0, 0, 6, -1,
    -1, -15, 0, 0, -15, 0, 0, 0,
    -34, 0, 0, 0, -18, 0, -18, 0,
    0, 0, 0, 0, 0, 0, 0, 0,
    0, 0, 0, 0, 0, -64, 0, 0,
    0, 0, 0, 0, 0, 0, -3, -10,
    0, 0, -5, 0, 0, -1, 0, 0,
    -5, 0, 0, -12, -10, -14, -3, 0,
    0, 0, 0, 0, 0, 0, 0, 0,
    0, -20, -39, 0, -20, -39, -18, 0,
    0, 0, 0, 0, 0, 0, 0, 0,
    0, 0, 0, 0, 0, 0, 0, -5,
    0, 0, 0, 0, 0, -79, 0, 0,
    0, 0, 0, 0, 0, 0, 0, -10,
    0, -13, 0, -13, 0, 0, 0, -13,
    0, 0, 1, -1, 0, -6, -1, 0,
    0, 0, 0, 0, 0, 0, 4, 0,
    0, 0, 0, 0, 0, 0, 0, 0,
    0, 0, 0, 0, 0, 0, 0, 0,
    0, 0, 0, 0, 0, 0, 0, 0,
    0, 0, 0, 0, 0, 0, 0, 0,
    0, 0, 0, 0, 0, 0, 0, 0,
    1, -1, 0, -1, 0, 0, 0, -1,
    0, 0, 0, 0, 0, 0, 0, 0,
    0, 0, 0, 0, 0, 0, 4, 6,
    3, 0, 0, 0, 0, 0, 0, 0,
    0, -6, 0, 0, 0, 0, 0, 0,
    0, 0, 0, 0, 0, 0, 0, 0,
    0, 0, 0, 0, 0, -115, 0, -29,
    0, 0, 0, 0, 0, 0, 0, 0,
    3, 0, -10, 0, 0, 0, 0, 0,
    0, 0, 0, -4, -6, -6, 0, 0,
    0, 0, 0, 0, 0, 0, 12, 0,
    4, -34, 0, 0, -34, 0, 0, 0,
    0, 3, 0, 0, -26, 0, -26, -15,
    0, 0, 0, 0, 0, 0, 0, 0,
    0, 0, 0, 0, 0, 20, 0, 0,
    0, 0, 0, 0, 4, 5, 0, -12,
    1, -5, 6, -5, 9, 0, 0, -5,
    0, -6, 6, 12, 3, 5, 3, 0,
    5, 0, 0, 0, 0, 0, 27, 6,
    9, 5, 0, 0, 5, 0, -26, 0,
    0, 0, 0, 0, 0, 0, 0, 0,
    0, 0, 0, 0, 0, 0, 0, 0,
    0, 0, 0, 0, 0, 0, 0, 0,
    0, 0, 0, 0, 0, 0, 0, 0,
    0, -5, 0, -5, 0, 16, 0, -5,
    0, 0, 0, 0, 0, 0, 0, 0,
    0, 0, 0, 0, 0, 0, 0, 0,
    0, 0, 0, 0, 0, 0, 0, 0,
    0, -4, 0, 0, 0, 0, 0, 0,
    0, 0, 0, 0, 0, 0, 0, 0,
    0, 0, 0, 0, 0, -83, 0, 0,
    0, 0, 0, 0, 0, 0, 0, 0,
    0, 0, 0, 0, 0, 0, 0, 0,
    0, 0, -1, -3, 0, -4, 0, 0,
    0, 0, 0, 0, 0, 0, 0, 0,
    0, -20, -1, 0, -20, -1, 0, 0,
    0, 4, 1, 0, 0, 0, 0, 0,
    0, 0, 0, 0, 0, 0, 1, 0,
    0, 0, 0, 0, 0, 0, 0, 0,
    0, 0, 0, 1, 0, 8, 0, 0,
    0, 0, 0, 0, 0, 0, 0, 0,
    0, 0, 0, 0, 0, 0, 0, 0,
    6, 0, 0, 0, 0, 0, 10, 10,
    22, 0, 0, 0, 0, 0, 0, 0,
    0, 0, 0, 0, 0, 0, 0, 0,
    0, 0, 0, 0, 0, 0, 0, 0,
    0, 0, 0, 0, 0, 0, 0, 0,
    0, 0, 0, 0, 0, 0, 0, 0,
    0, -5, 0, -5, 3, 16, 0, -5,
    0, 0, 0, 0, 0, 0, 0, 0,
    0, 0, 0, 0, 0, 0, 3, 3,
    3, 0, 0, 0, 0, 0, 0, 0,
    0, 0, 0, 0, 0, 0, 0, 0,
    0, 0, 0, 0, 0, 0, 0, -2,
    0, 0, 0, 0, 0, -36, 0, 0,
    0, 0, 0, 0, 0, 0, 0, -6,
    0, -16, 0, -16, 0, 0, 0, -19,
    0, -1, 0, 0, 8, -1, 5, 0,
    0, 0, 0, 0, 0, 0, 0, 0,
    0, 0, 0, 0, 0, 0, 0, 0,
    0, 0, 0, 0, 0, 0, 0, 0,
    0, 0, 0, 0, 0, 0, 0, 0,
    0, 0, 0, 0, 0, 0, 0, 0,
    0, 0, 0, 0, 0, 0, 0, 0,
    0, 0, 0, 0, 0, 36, 0, 0,
    0, 0, 0, 0, 0, 0, 0, 0,
    0, 0, 0, 0, 0, 0, 0, 0,
    0, 0, 0, 0, 0, 0, 0, 0,
    0, 0, 0, 0, -58, 0, -58, -6,
    0, 0, 0, 0, 0, 0, 0, -8,
    0, 0, 0, 0, 0, -60, 0, 0,
    0, 0, 0, 0, 0, 0, 0, -12,
    -5, -16, 6, -16, -1, -1, 0, -16,
    0, -6, 8, 8, 9, 12, 0, 0,
    0, 0, 0, 0, 0, 0, 11, -1,
    4, 0, 1, 0, 0, 1, -58, 0,
    0, 0, 0, 0, 0, 0, 0, 0,
    0, 0, 0, 0, 0, 0, 0, -5,
    0, 0, 0, 0, 0, -74, 0, 0,
    0, 0, 0, 0, 0, 0, 0, 0,
    0, -6, 0, -6, 0, 0, 0, -6,
    0, 0, 0, -1, 0, -3, -1, 0,
    0, 0, 0, 0, 0, 0, 0, 0,
    0, 0, 0, 0, 0, 0, 0, 0,
    0, 0, 0, 0, 0, 0, 0, 0,
    0, 0, 0, 0, 0, 0, 0, 0,
    0, 0, 0, 0, 0, -29, 0, 0,
    0, 0, 0, 0, 4, 4, 0, -1,
    1, -12, 1, -12, 0, 0, 0, -12,
    0, 0, 0, 0, 1, -1, 0, 0,
    3, 0, 0, 0, 0, 0, 12, 1,
    8, 0, 0, 0, 0, 0, 0, 0,
    0, 0, 0, 0, -33, 0, -38, -3,
    0, 0, 0, 0, 0, 0, 0, -13,
    0, 0, 0, 0, 0, -52, 0, 0,
    0, 0, 0, 0, 0, 0, 0, -9,
    0, -13, 3, -13, 0, -1, 0, -13,
    0, -3, 8, 8, 4, 1, 0, 0,
    0, 0, 0, 0, 0, 0, 0, 0,
    0, 0, 0, 0, 0, 0, -40, 0,
    0, 0, 0, 0, 0, 0, 0, 0,
    0, 0, 0, 0, 0, 0, 0, -12,
    0, 0, 0, 0, 0, -20, 0, 0,
    0, 0, 0, 0, 0, 0, 0, -5,
    0, -13, 3, -13, 0, 1, 0, -13,
    0, 0, 3, 3, 4, 2, 0, 0,
    0, 0, 0, 0, 0, 0, 0, 0,
    0, 0, 0, 0, 0, 0, 0, 0,
    0, 0, 0, 0, -33, 0, -38, -3,
    0, 0, 0, 0, 0, 0, 0, -13,
    0, 0, 0, 0, 0, -52, 0, 0,
    0, 0, 0, 0, 0, 0, 0, -9,
    0, -13, 3, -12, 0, -1, 0, -13,
    0, -3, 8, 8, 4, 1, 0, 0,
    0, 0, 0, 0, 0, 0, 0, 0,
    0, 0, 0, 0, 0, 0, -40, 0,
    0, 0, 0, 0, 0, 0, 0, 0,
    0, 0, 0, 0, 0, 0, 0, 0,
    0, 0, 0, 0, 0, -37, 0, 0,
    0, 0, 0, 0, 0, 0, 0, -4,
    0, -10, 1, -10, 0, 0, -1, -10,
    0, 0, 3, 0, 1, 0, 6, 0,
    0, 0, 0, 0, 0, 0, 0, 0,
    0, 0, 0, 0, 0, 0, 0, 0,
    0, 0, 0, 0, 0, 0, 0, 0,
    0, 0, 0, 0, 1, 0, 0, 0,
    0, 0, 0, 0, 0, 0, 0, 0,
    0, 0, 0, 0, 0, 0, 0, 0,
    0, 0, 0, 0, 0, 0, 0, 0,
    0, 0, 0, 0, 0, 0, 0, 0,
    0, 0, 0, 0, 0, 0, 0, 0,
    0, 0, 0, 0, 0, 0, 0, 0,
    0, 0, 0, 0, 0, 0, 0, 0,
    0, 0, 0, 0, 3, 0, 0, 0,
    0, 0, 0, 0, 0, 0, 0, 0,
    0, 0, 0, 0, 0, 0, 0, 0,
    0, 0, 0, 0, 0, 0, 0, 0,
    0, 0, 0, 0, 0, 0, 0, 0,
    0, 0, 0, 0, 0, 0, 0, 0,
    0, 0, 0, 0, 0, 0, 0, 0,
    0, 0, 0, 0, 0, 0, 0, 0,
    0, 0, 0, 0, 0, 0, -54, 0,
    0, 0, 0, 0, 0, 0, 0, 0,
    0, 0, 0, 0, 0, 0, 0, 0,
    0, 0, 0, 0, 0, 0, 0, 0,
    0, 0, 0, 0, 0, 0, 0, 0,
    0, 0, 0, 0, 0, 0, 0, 0,
    0, 0, 0, 0, 0, 0, 0, 0,
    0, 0, 0, 0, 0, 0, 0, 0,
    0, 0, 0, 0, 0, 0, 0, 0,
    0, 0, 0, 0, 0, 0, 0, 0,
    0, 0, 0, 0, 0, 0, 0, 1,
    0, 0, -1, 0, 0, 0, 0, 0,
    0, -1, -1, -6, -1, -16, 0, 0,
    0, 0, 0, 0, 0, 0, 0, 0,
    0, 0, 0, 0, 0, 0, 0, 0,
    0, 0, 0, 0, 0, 0, 0, 0,
    0, 0, 0, 0, 0, 0, 0, -5,
    0, 0, 0, 0, 0, -79, 0, 0,
    0, 0, 0, 0, 0, 0, 0, -10,
    0, -13, 0, -13, 0, 4, 0, -13,
    0, 0, 1, -1, 0, -6, -1, 0,
    0, 0, 0, 0, 0, 0, 4, 0,
    0, 0, 0, 0, 0, 0, 0, 0,
    0, 4, 1, 0, 0, 0, 0, 0,
    0, 0, 0, 0, 0, 0, 1, 0,
    0, 0, 0, 0, 0, 0, 0, 0,
    0, 0, 0, 1, 9, 8, 0, 0,
    4, 0, 0, 0, 13, 0, 0, 0,
    0, 0, 0, 0, 0, 0, 0, 0,
    6, 0, 0, 0, 0, 0, 10, 10,
    22, 0, 0, 0, 0, 0, 0, 0,
    0, 4, 1, 0, 0, 0, 0, 0,
    0, 0, 0, 0, 0, 0, 1, 0,
    0, 0, 0, 0, 0, 0, 0, 0,
    0, 0, 0, 1, 0, 8, 0, 0,
    0, 0, 0, 0, 1, 0, 0, 0,
    0, 0, 0, 0, 0, 0, 0, 0,
    6, 0, 0, 0, 0, 0, 10, 10,
    22, 0, 0, 0, 0, 0, 0, 0,
    0, 4, 1, 0, 0, 0, 0, 0,
    0, 0, 0, 0, 0, 0, 1, 0,
    0, 0, 0, 0, 0, 0, 0, 0,
    0, 0, 0, 1, 3, 4, 0, 0,
    1, 0, 0, 0, 29, 0, 0, 0,
    0, 0, 0, 0, 0, 0, 0, 0,
    1, 0, 0, 0, 0, 0, 30, 10,
    33, 0, 0, 0, 0, 0, 0, 0,
    0, 0, 0, 0, 0, 0, 0, 0,
    0, 0, 0, 0, 0, 0, 0, 0,
    -61, 0, -20, -59, 0, 0, 0, 10,
    0, 0, 0, 0, 0, 0, 0, -20,
    0, -45, 0, -45, 0, 0, -15, -45,
    0, -34, 0, 0, 0, 0, 0, 0,
    0, 0, 0, 0, -61, 0, 0, 0,
    0, -38, 0, 0, 0, 0, 0, 0,
    0, 0, 0, 0, 0, 0, 0, 0,
    0, 0, 0, 0, 0, 0, 0, 0,
    0, 0, 0, 0, 0, 0, 0, 0,
    0, 0, 0, 0, 0, 0, 0, 0,
    0, 0, 0, 0, 0, 0, 0, 0,
    0, -13, 0, 0, 0, 0, 0, 0,
    0, 0, 0, 0, 0, 0, 0, 0,
    0, 0, -38, 0, 0, 0, 0, 0,
    0, 0, 0, 0, 0, 0, 0, 0,
    0, 0, 0, 0, 0, 0, 0, 0,
    0, 0, 0, 0, 0, 0, 0, 0,
    0, 0, 0, 0, 0, 0, 0, 0,
    0, 0, 0, 0, 0, 0, 0, 0,
    0, 0, 0, 0, 0, 0, 0, 0,
    0, 0, 0, 0, 0, 0, 0, 0,
    0, 0, 0, -38, 0, 0, 0, 0
};


/*Collect the kern class' data in one place*/
static const lv_font_fmt_txt_kern_classes_t kern_classes =
{
    .class_pair_values   = kern_class_values,
    .left_class_mapping  = kern_left_class_mapping,
    .right_class_mapping = kern_right_class_mapping,
    .left_class_cnt      = 68,
    .right_class_cnt     = 64,
};

/*--------------------
 *  ALL CUSTOM DATA
 *--------------------*/

#if LVGL_VERSION_MAJOR == 8
/*Store all the custom data of the font*/
static  lv_font_fmt_txt_glyph_cache_t cache;
#endif

#if LVGL_VERSION_MAJOR >= 8
static const lv_font_fmt_txt_dsc_t font_dsc = {
#else
static lv_font_fmt_txt_dsc_t font_dsc = {
#endif
    .glyph_bitmap = glyph_bitmap,
    .glyph_dsc = glyph_dsc,
    .cmaps = cmaps,
    .kern_dsc = &kern_classes,
    .kern_scale = 16,
    .cmap_num = 3,
    .bpp = 4,
    .kern_classes = 1,
    .bitmap_format = 1,
#if LVGL_VERSION_MAJOR == 8
    .cache = &cache
#endif
};



/*-----------------
 *  PUBLIC FONT
 *----------------*/

/*Initialize a public general font descriptor*/
#if LVGL_VERSION_MAJOR >= 8
const lv_font_t motiva_40 = {
#else
lv_font_t motiva_40 = {
#endif
    .get_glyph_dsc = lv_font_get_glyph_dsc_fmt_txt,    /*Function pointer to get glyph's data*/
    .get_glyph_bitmap = lv_font_get_bitmap_fmt_txt,    /*Function pointer to get glyph's bitmap*/
    .line_height = 47,          /*The maximum line height required by the font*/
    .base_line = 9,             /*Baseline measured from the bottom of the line*/
#if !(LVGL_VERSION_MAJOR == 6 && LVGL_VERSION_MINOR == 0)
    .subpx = LV_FONT_SUBPX_NONE,
#endif
#if LV_VERSION_CHECK(7, 4, 0) || LVGL_VERSION_MAJOR >= 8
    .underline_position = -2,
    .underline_thickness = 2,
#endif
    .dsc = &font_dsc,          /*The custom font data. Will be accessed by `get_glyph_bitmap/dsc` */
#if LV_VERSION_CHECK(8, 2, 0) || LVGL_VERSION_MAJOR >= 9
    .fallback = NULL,
#endif
    .user_data = NULL,
};



#endif /*#if MOTIVA_40*/

