/*******************************************************************************
 * Size: 28 px
 * Bpp: 4
 * Opts: --size 28 --bpp 4 --format lvgl --font C:\Users\Kekko\AppData\Local\Temp/motiva/MotivaSans-Regular.ttf -r 0x20-0x7E,0xA0-0xFF,0x2010-0x2027,0x2030-0x203A,0x20AC --lv-font-name motiva_28 -o assets/fonts/motiva_28.c
 ******************************************************************************/

#ifdef LV_LVGL_H_INCLUDE_SIMPLE
#include "lvgl.h"
#else
#include "lvgl/lvgl.h"
#endif

#ifndef MOTIVA_28
#define MOTIVA_28 1
#endif

#if MOTIVA_28

/*-----------------
 *    BITMAPS
 *----------------*/

/*Store the image of the glyphs*/
static LV_ATTRIBUTE_LARGE_CONST const uint8_t glyph_bitmap[] = {
    /* U+0020 " " */

    /* U+0021 "!" */
    0x3f, 0xf5, 0x80, 0x42, 0x20, 0x1, 0x80, 0x63,
    0x0, 0x8, 0x80, 0x3d, 0xe0, 0x10, 0x80, 0x70,
    0x81, 0x80, 0x71, 0x80, 0x80, 0x4e, 0x2, 0x1,
    0x67, 0x18, 0x0, 0x40, 0xd, 0x4, 0xb2, 0xfe,
    0x40, 0x3, 0x62, 0x8,

    /* U+0022 "\"" */
    0x2f, 0xf1, 0x87, 0x7b, 0x98, 0x0, 0x40, 0xc0,
    0x44, 0x0, 0x30, 0x10, 0x30, 0x10, 0x10, 0x70,
    0x10, 0x30, 0x8, 0x41, 0xc0, 0x44, 0x0, 0x30,
    0x10, 0xec, 0x0, 0x46, 0x10,

    /* U+0023 "#" */
    0x0, 0xf3, 0x7b, 0x0, 0x45, 0xf2, 0x1, 0xfe,
    0xe0, 0x20, 0x9, 0x83, 0x80, 0x3f, 0xc4, 0xc,
    0x1, 0x10, 0x10, 0x7, 0xf9, 0x80, 0x80, 0x2f,
    0x6, 0x0, 0xff, 0x19, 0x0, 0x62, 0x2, 0x0,
    0xe7, 0xff, 0xc0, 0x5f, 0xf9, 0x3, 0xbf, 0xe3,
    0x2, 0x44, 0x8c, 0x9, 0x13, 0x0, 0xa2, 0x61,
    0x5, 0xbb, 0xa4, 0x2a, 0xef, 0x2, 0xdd, 0xe2,
    0x0, 0xe3, 0x1, 0x0, 0x88, 0x8, 0x3, 0xfd,
    0xc0, 0x40, 0x13, 0x0, 0x80, 0x7f, 0x88, 0x18,
    0x2, 0x10, 0xe0, 0xf, 0xf0, 0x81, 0x80, 0x44,
    0x4, 0x1, 0xfe, 0x60, 0x10, 0xb, 0x81, 0xc0,
    0x3d, 0xff, 0x88, 0x3f, 0xf3, 0x6, 0x7f, 0xd2,
    0x0, 0x44, 0xc0, 0x28, 0x98, 0x0, 0x89, 0xbc,
    0x1, 0x77, 0x40, 0x3d, 0xde, 0x12, 0xbb, 0xcc,
    0x1, 0xca, 0x1c, 0x1, 0x8, 0x98, 0x3, 0xfd,
    0xc0, 0x60, 0x11, 0x1, 0x0, 0x7f, 0x88, 0x18,
    0x2, 0x60, 0xe0, 0xf, 0xf3, 0x1, 0x0, 0x44,
    0x4, 0x1, 0xe0,

    /* U+0024 "$" */
    0x0, 0xf5, 0xe9, 0x0, 0x7f, 0xcc, 0x40, 0x1f,
    0xf0, 0x80, 0x4, 0x3, 0xe1, 0x9e, 0xe1, 0x6,
    0x7d, 0xa8, 0x4, 0x5e, 0xc2, 0x1, 0xc9, 0x5a,
    0x0, 0xf1, 0x5, 0xce, 0xfd, 0x93, 0x6, 0x4,
    0x20, 0x6a, 0x31, 0x2, 0x6c, 0xb9, 0xc, 0x0,
    0x50, 0x7, 0xc8, 0x41, 0xe0, 0x1f, 0xfc, 0x13,
    0x0, 0x40, 0x7, 0xf9, 0x8, 0x13, 0xc, 0x3,
    0xfb, 0xc8, 0xf, 0x30, 0xa0, 0x1f, 0x16, 0xb8,
    0x0, 0xeb, 0xa0, 0x40, 0x3d, 0x1d, 0x2, 0x2,
    0xfd, 0x0, 0x1e, 0x17, 0xeb, 0x40, 0x3, 0xd0,
    0x7, 0xe4, 0xbc, 0x10, 0x55, 0x0, 0x7f, 0x1d,
    0x0, 0x3c, 0x3, 0xfc, 0x80, 0x1, 0x0, 0xff,
    0x8, 0x0, 0x45, 0x24, 0x1, 0xf5, 0x0, 0x3e,
    0x5b, 0x72, 0x19, 0x55, 0x1c, 0x80, 0x4b, 0xc2,
    0x6, 0xf3, 0x54, 0x71, 0x2, 0xc0, 0x6e, 0xa5,
    0x10, 0x8, 0x4e, 0x74, 0x40, 0x25, 0xae, 0x90,
    0x7e, 0xc6, 0x0, 0xff, 0x8, 0x7, 0xfc, 0x20,
    0x60, 0x1e,

    /* U+0025 "%" */
    0x2, 0xae, 0xfd, 0x70, 0xf, 0xdb, 0xe8, 0x0,
    0x2c, 0x52, 0x53, 0x8a, 0x0, 0xf4, 0x12, 0xa0,
    0x2, 0x5, 0xf2, 0xbc, 0x54, 0xc0, 0x31, 0xb8,
    0xd8, 0x4, 0x81, 0x20, 0x1, 0x70, 0x40, 0xd,
    0xc1, 0x42, 0x1, 0x8, 0x8, 0x4, 0x21, 0xe0,
    0x14, 0x12, 0xa0, 0x6, 0x20, 0x30, 0x8, 0xc3,
    0x80, 0x6, 0xe3, 0x60, 0x1d, 0x41, 0xe4, 0xc,
    0x80, 0xe0, 0xe, 0xb, 0x10, 0xe, 0x75, 0x3d,
    0xf9, 0xb, 0x10, 0x82, 0x55, 0x0, 0x7d, 0x56,
    0xed, 0x1c, 0x80, 0x4e, 0x36, 0x1, 0xfc, 0x91,
    0x2e, 0x20, 0xe, 0xb, 0x10, 0xf, 0xfe, 0x1b,
    0x9a, 0xa8, 0x3, 0xff, 0x86, 0x50, 0x36, 0x3,
    0x3d, 0xfa, 0xe0, 0x1f, 0xdc, 0x16, 0x22, 0xf6,
    0x35, 0x38, 0xa0, 0xf, 0x9c, 0xd1, 0x42, 0x5,
    0x76, 0xbc, 0x55, 0x0, 0x38, 0xa0, 0x68, 0x0,
    0x81, 0x20, 0x1, 0x60, 0xc0, 0xe, 0xe0, 0x81,
    0x0, 0x18, 0x10, 0x5, 0xc0, 0x20, 0x19, 0xcd,
    0x18, 0x2, 0x30, 0x20, 0xb, 0x80, 0x40, 0x22,
    0x80, 0xa0, 0xc, 0xa1, 0x20, 0x1, 0x60, 0xc0,
    0xb, 0x82, 0x44, 0x3, 0x49, 0x2e, 0xdf, 0x8a,
    0xa0, 0x1, 0xcd, 0x18, 0x3, 0x87, 0x18, 0xd0,
    0xe2, 0x80,

    /* U+0026 "&" */
    0x0, 0x92, 0xfb, 0xfb, 0x14, 0x3, 0xfd, 0x36,
    0x82, 0x2, 0x75, 0x60, 0x1f, 0x91, 0x80, 0xeb,
    0x2d, 0x41, 0x18, 0x3, 0xee, 0x1, 0xc5, 0x34,
    0xa3, 0xd, 0x0, 0xf9, 0x81, 0x0, 0x39, 0x80,
    0x3f, 0x9c, 0x4, 0x3, 0x90, 0xc, 0x3, 0xed,
    0x4, 0x40, 0x5, 0x2, 0x14, 0x1, 0xf3, 0x10,
    0x51, 0x84, 0xb8, 0x49, 0x0, 0x7e, 0xf1, 0x16,
    0x6b, 0x4, 0xb0, 0x7, 0xf1, 0x60, 0x0, 0x82,
    0xd8, 0x2, 0x65, 0x0, 0xf4, 0x0, 0x62, 0x0,
    0xd1, 0x4e, 0x1, 0xe, 0x28, 0x39, 0x4, 0xc0,
    0x1, 0x44, 0x18, 0x2, 0xa3, 0xa, 0x8c, 0x30,
    0x79, 0x9, 0x4, 0x10, 0x2, 0xa0, 0x52, 0x80,
    0xe2, 0x3, 0x61, 0x87, 0x80, 0x5e, 0x2, 0xa0,
    0x1a, 0xd4, 0xc, 0xd, 0x0, 0x26, 0x0, 0xfd,
    0x46, 0x1, 0x8, 0x4, 0xc0, 0x26, 0x1, 0xce,
    0x60, 0x3, 0xc1, 0x0, 0x70, 0x3, 0x21, 0x51,
    0xf6, 0x0, 0xe0, 0xb, 0x8, 0x12, 0x0, 0xf,
    0x57, 0x4, 0x9, 0xaf, 0x40, 0x5c, 0x0, 0x7c,
    0x52, 0x0, 0x12, 0xdd, 0x84, 0x16, 0xcb, 0x80,
    0x23, 0xad, 0xff, 0x6d, 0x20, 0x6, 0x4d, 0x20,

    /* U+0027 "'" */
    0xcf, 0x97, 0x1, 0x10, 0x79, 0x80, 0x88, 0xf,
    0xc0, 0x5b, 0x10,

    /* U+0028 "(" */
    0x0, 0xff, 0x8b, 0x5c, 0x2, 0x2c, 0x20, 0x8,
    0x7c, 0x5d, 0xc0, 0xb, 0x24, 0x80, 0x2, 0x28,
    0x48, 0x5, 0x0, 0x84, 0x0, 0x23, 0xf, 0x0,
    0x90, 0x0, 0x80, 0x17, 0x81, 0x80, 0x65, 0x5,
    0x0, 0xc2, 0x1c, 0x1, 0x8c, 0x3, 0xff, 0x82,
    0x60, 0x1f, 0xb8, 0x3, 0x30, 0x18, 0x6, 0x30,
    0x40, 0xd, 0xa0, 0x22, 0x0, 0x94, 0x0, 0xe0,
    0x19, 0x82, 0xc0, 0x34, 0x1, 0x20, 0x4, 0x32,
    0x14, 0x20, 0x13, 0x28, 0xe8, 0x6, 0xa4, 0x3a,
    0x0, 0xd6, 0xdc,

    /* U+0029 ")" */
    0x0, 0xfc, 0xbc, 0x60, 0x1e, 0x1c, 0x30, 0xc,
    0xb0, 0x1a, 0x20, 0x19, 0xd4, 0x74, 0x3, 0xac,
    0xd, 0x80, 0x30, 0xb0, 0x58, 0x7, 0x50, 0x11,
    0x80, 0x63, 0x10, 0xb0, 0xe, 0x40, 0x30, 0xe,
    0xd0, 0x60, 0xe, 0x10, 0x20, 0xe, 0x30, 0xf,
    0xfe, 0x19, 0x80, 0x7c, 0x20, 0x20, 0x1d, 0xe0,
    0x40, 0x1c, 0x80, 0xc0, 0x1c, 0x61, 0x80, 0x19,
    0x40, 0xe, 0x1, 0xb8, 0x10, 0x40, 0x23, 0x40,
    0x80, 0xd, 0xe0, 0xe6, 0x1, 0x51, 0xa4, 0x0,
    0x50, 0xa7, 0x60, 0x1a, 0xd7, 0x0, 0x38,

    /* U+002A "*" */
    0x0, 0xe7, 0xfc, 0x0, 0xf0, 0x80, 0x44, 0xc,
    0x1, 0x10, 0x2, 0xb4, 0xc0, 0x40, 0x80, 0x6f,
    0x44, 0x4c, 0x59, 0xe, 0x1c, 0xdc, 0x82, 0x83,
    0xb4, 0x6f, 0xc1, 0x12, 0x31, 0xca, 0x0, 0x5c,
    0xb2, 0x1, 0x8e, 0x70, 0xc, 0x31, 0x62, 0x3,
    0x14, 0x60, 0x15, 0x73, 0xae, 0x84, 0x4a, 0xe6,
    0xa0, 0x30, 0x4d, 0x0, 0x39, 0xb4, 0xc9, 0x83,
    0xb5, 0x81, 0x80, 0x80, 0xb3, 0x4, 0x4, 0x40,
    0x1, 0x83, 0x0, 0x46, 0x1, 0xe7, 0xce, 0x0,
    0xe0,

    /* U+002B "+" */
    0x0, 0xf2, 0xb9, 0x80, 0x7f, 0xf0, 0x3a, 0x10,
    0x3, 0xff, 0xed, 0x3f, 0xfc, 0x81, 0x1f, 0xfc,
    0x80, 0x1f, 0xfc, 0x38, 0xdd, 0xe3, 0x7, 0xdd,
    0xe4, 0x12, 0x2e, 0x70, 0xf2, 0x2e, 0x0, 0xff,
    0xf8, 0x80,

    /* U+002C "," */
    0x5, 0xed, 0x20, 0xe1, 0x2a, 0xd, 0x0, 0xcd,
    0x21, 0xa0, 0xa, 0x25, 0x8, 0x3e, 0x0, 0xb4,
    0xc0,

    /* U+002D "-" */
    0x22, 0xfc, 0x1b, 0xbf, 0x90, 0x3, 0xf8,

    /* U+002E "." */
    0x18, 0x70, 0xa7, 0x87, 0x60, 0x7, 0x40, 0x95,
    0x80,

    /* U+002F "/" */
    0x0, 0xf2, 0xff, 0x0, 0x7d, 0x80, 0x80, 0x1f,
    0x38, 0x78, 0x7, 0x88, 0x41, 0x0, 0x3c, 0xa0,
    0x62, 0x1, 0xec, 0x4, 0x0, 0xf9, 0x2, 0xc0,
    0x3c, 0x80, 0x26, 0x1, 0xed, 0x4, 0x0, 0xf9,
    0xc3, 0xc0, 0x3c, 0x42, 0x8, 0x1, 0xe5, 0x3,
    0x10, 0xf, 0x60, 0x20, 0x7, 0xc8, 0x16, 0x1,
    0xe4, 0x1, 0x30, 0xf, 0x68, 0x20, 0x7, 0xc8,
    0x1e, 0x1, 0xe2, 0x20, 0x20, 0x7, 0x94, 0xc,
    0x40, 0x3d, 0x80, 0x80, 0x1f, 0x20, 0x58, 0x7,
    0x90, 0x4, 0xc0, 0x3d, 0xa0, 0x80, 0x1f, 0x0,

    /* U+0030 "0" */
    0x0, 0xe7, 0xcf, 0xf7, 0x51, 0x80, 0x7c, 0x7d,
    0x6, 0x0, 0x15, 0xca, 0x0, 0xe3, 0xc1, 0x5,
    0xab, 0x82, 0x5, 0xa0, 0xd, 0xa0, 0xb, 0xa5,
    0x47, 0xd4, 0x5, 0x60, 0x3, 0x88, 0x42, 0x0,
    0x75, 0x0, 0x20, 0x1, 0x40, 0x2e, 0x1, 0xe1,
    0x70, 0x14, 0x22, 0x3, 0x80, 0x7e, 0xb0, 0x6,
    0x38, 0x3, 0xc0, 0x3f, 0x18, 0x0, 0xc8, 0x0,
    0x40, 0x1f, 0xc2, 0xd, 0xe0, 0x7, 0x0, 0xff,
    0xe8, 0x78, 0x7, 0xff, 0x0, 0x40, 0x48, 0x0,
    0xc0, 0x1f, 0x84, 0x0, 0xce, 0x0, 0xc0, 0xf,
    0xca, 0x0, 0xd2, 0x10, 0x70, 0xf, 0xda, 0x0,
    0x40, 0x60, 0x16, 0x0, 0xf1, 0x30, 0x19, 0x82,
    0x44, 0x24, 0xc0, 0x30, 0xf8, 0x2, 0x0, 0x3,
    0x40, 0xc, 0x95, 0x54, 0x79, 0x3, 0x20, 0x4,
    0x94, 0x0, 0x6a, 0xa3, 0x88, 0x3c, 0x80, 0x72,
    0xf3, 0x98, 0x0, 0x9b, 0x60, 0x2,

    /* U+0031 "1" */
    0x0, 0xe6, 0xef, 0x90, 0xf, 0x9b, 0xa4, 0x40,
    0x3e, 0x6d, 0x91, 0x0, 0xfc, 0x92, 0x40, 0x96,
    0x1, 0xf2, 0x12, 0xed, 0xa8, 0x7, 0xed, 0xa2,
    0x0, 0xff, 0xff, 0x80, 0x7f, 0xff, 0xc0, 0x24,
    0x55, 0x9c, 0x0, 0x4a, 0xb1, 0x4, 0xd5, 0x52,
    0x0, 0x4a, 0xa9, 0x0, 0x3f, 0xf8, 0x20,

    /* U+0032 "2" */
    0x0, 0x8a, 0x33, 0xbf, 0xb2, 0x8, 0x3, 0x15,
    0xeb, 0x98, 0x80, 0x9b, 0xeb, 0x0, 0x50, 0x80,
    0x6f, 0x54, 0x82, 0x0, 0x4a, 0x80, 0x2d, 0x33,
    0x10, 0xaa, 0x7d, 0x90, 0x4, 0x0, 0x6, 0xcc,
    0x3, 0xcc, 0x80, 0x44, 0x0, 0xff, 0xb0, 0x0,
    0xc0, 0x1f, 0xfc, 0x27, 0x0, 0xff, 0xb0, 0x0,
    0x60, 0x1f, 0xe3, 0x40, 0x60, 0xf, 0xf0, 0xf0,
    0xc, 0x0, 0x7f, 0xe, 0x10, 0x68, 0x80, 0x7e,
    0x2f, 0x20, 0xc3, 0x0, 0xfc, 0x9a, 0x22, 0xc3,
    0x0, 0xfc, 0xb6, 0x5, 0x86, 0x1, 0xf9, 0xe8,
    0xf, 0x8, 0x3, 0xf4, 0xc0, 0x2e, 0x8, 0x7,
    0xeb, 0x60, 0x7a, 0x0, 0xfe, 0xc4, 0x4, 0xe6,
    0x6f, 0xca, 0x26, 0x0, 0x49, 0x9f, 0xeb, 0x0,
    0xff, 0xe1, 0x80,

    /* U+0033 "3" */
    0x0, 0xcd, 0x5b, 0xfe, 0xec, 0x81, 0x0, 0xe6,
    0xe9, 0x52, 0x0, 0x9, 0xbf, 0x30, 0x4, 0x92,
    0x22, 0x6a, 0xba, 0x82, 0x0, 0x4a, 0x0, 0x11,
    0xe7, 0xa5, 0x51, 0x5f, 0x60, 0x1, 0xe0, 0x14,
    0x30, 0x7, 0xce, 0x20, 0xc0, 0x1f, 0xfc, 0x13,
    0x6, 0x0, 0xff, 0xe0, 0x29, 0x4, 0x0, 0x7f,
    0xa, 0x55, 0x2, 0x4c, 0x3, 0xd1, 0xfe, 0xeb,
    0x53, 0xc6, 0x0, 0xff, 0xe0, 0x9f, 0xa8, 0x7,
    0xd3, 0x99, 0x53, 0x9, 0xd4, 0x0, 0x78, 0x4c,
    0xe5, 0x9f, 0x30, 0x74, 0x0, 0xff, 0x87, 0xc0,
    0x1c, 0x1, 0xff, 0xc0, 0x30, 0x3, 0x0, 0x7f,
    0xf0, 0xdc, 0x3, 0xff, 0x80, 0xc0, 0xc, 0x4,
    0xe5, 0x0, 0xf9, 0x24, 0x0, 0xc1, 0x23, 0x5b,
    0xa, 0x88, 0x7b, 0xb0, 0x2, 0xc4, 0x38, 0xc0,
    0x9e, 0xae, 0xd0, 0x80, 0x58, 0x80, 0x3, 0xcc,
    0x39, 0x88, 0x0, 0x96, 0xf4, 0xc0, 0x0,

    /* U+0034 "4" */
    0x0, 0xfe, 0x1d, 0xfd, 0x0, 0xff, 0xe0, 0x51,
    0x0, 0x7f, 0xf0, 0x5d, 0x0, 0x3f, 0xf8, 0x29,
    0x0, 0x1f, 0xfc, 0x11, 0xa0, 0x73, 0x0, 0xff,
    0xb4, 0x4e, 0x0, 0x3f, 0xe9, 0x31, 0xd0, 0xf,
    0xf9, 0x58, 0x28, 0x40, 0x3f, 0xc5, 0x41, 0x8,
    0x1, 0xff, 0x78, 0x23, 0x80, 0x7f, 0xd4, 0x44,
    0xa0, 0xf, 0xf9, 0xd4, 0x38, 0x40, 0x3f, 0xc7,
    0x0, 0xe2, 0x45, 0xc0, 0x11, 0x10, 0x60, 0x0,
    0xfb, 0xbe, 0x30, 0x2d, 0xd6, 0x0, 0x7f, 0xf1,
    0x2f, 0xff, 0xf8, 0x80, 0xbf, 0xda, 0x1, 0xff,
    0xf4,

    /* U+0035 "5" */
    0xb, 0xff, 0xff, 0x70, 0x7, 0xff, 0x20, 0x6e,
    0xff, 0x68, 0x7, 0x1a, 0x27, 0xe3, 0x0, 0xff,
    0xf3, 0x94, 0x67, 0xfb, 0xa8, 0xc0, 0x3c, 0x5a,
    0xe6, 0x0, 0x15, 0xc6, 0x0, 0x8c, 0x0, 0x51,
    0x9d, 0x8e, 0x0, 0x93, 0x0, 0x45, 0x4e, 0xb9,
    0x89, 0xc5, 0x80, 0x20, 0x2, 0x56, 0x0, 0xf2,
    0x18, 0x20, 0x7, 0xff, 0x1, 0x40, 0x2, 0x1,
    0xff, 0xce, 0x50, 0x0, 0x80, 0x7f, 0x8c, 0xc0,
    0xa0, 0x8, 0x20, 0xf, 0x16, 0x80, 0x38, 0x15,
    0xf6, 0xdd, 0x51, 0xab, 0x44, 0x1d, 0x0, 0x2,
    0x9, 0x15, 0x72, 0xa0, 0x8, 0x80, 0x1, 0x7a,
    0x50, 0x40, 0x2, 0x71, 0xce, 0x1, 0x0,

    /* U+0036 "6" */
    0x0, 0xe4, 0xad, 0xff, 0x75, 0xb0, 0x7, 0x8b,
    0x2d, 0x48, 0x0, 0x29, 0x3e, 0x40, 0x11, 0x61,
    0x81, 0xc5, 0xda, 0x54, 0xc, 0x80, 0x2f, 0x10,
    0xac, 0x74, 0x43, 0x57, 0x68, 0x4, 0xc4, 0x12,
    0xa0, 0x1e, 0x11, 0x0, 0x56, 0x4, 0xc0, 0x1f,
    0xf1, 0x10, 0x28, 0x3, 0xff, 0x80, 0xe0, 0x3,
    0x2, 0x9d, 0xfe, 0xc7, 0x10, 0x8, 0x80, 0xd,
    0x3a, 0xc4, 0x2, 0x71, 0xe8, 0x0, 0xf0, 0x7,
    0xb0, 0x35, 0x5d, 0x20, 0xd, 0x90, 0x8, 0x0,
    0x97, 0xa5, 0x51, 0x6e, 0x0, 0x10, 0x2, 0x0,
    0x5a, 0x10, 0xe, 0x73, 0x5, 0xf, 0x0, 0x48,
    0x7, 0xeb, 0x0, 0x11, 0x80, 0x14, 0x3, 0xf0,
    0x80, 0x5, 0x40, 0x1a, 0x1, 0xfb, 0x80, 0x4,
    0x28, 0x8, 0x40, 0x1f, 0x30, 0x18, 0x87, 0x80,
    0x3c, 0x40, 0x3a, 0x84, 0x24, 0x0, 0x8c, 0x5,
    0xee, 0x88, 0x7d, 0x50, 0x55, 0x0, 0x52, 0xc0,
    0x31, 0x76, 0x82, 0x6, 0xa0, 0xe, 0x9c, 0x62,
    0x0, 0x13, 0x64, 0x80, 0x40,

    /* U+0037 "7" */
    0x3f, 0xff, 0xfe, 0xe, 0x80, 0x7f, 0xf0, 0xca,
    0x67, 0xfd, 0x0, 0x6, 0x16, 0x6f, 0xf7, 0x80,
    0x20, 0x3, 0xfc, 0x2e, 0x8, 0x60, 0x1f, 0xe9,
    0x0, 0x40, 0x7, 0xf8, 0x5c, 0xc, 0xc0, 0x1f,
    0xe9, 0x0, 0x40, 0x7, 0xf8, 0x5c, 0xd, 0x0,
    0x3f, 0xcc, 0x0, 0x80, 0xf, 0xfa, 0x40, 0x90,
    0x3, 0xfc, 0xe2, 0x10, 0x1, 0xff, 0x48, 0x12,
    0x80, 0x7f, 0x9c, 0x42, 0x0, 0x3f, 0xe9, 0x2,
    0x50, 0xf, 0xf3, 0x88, 0x58, 0x7, 0xfd, 0x20,
    0x2c, 0x1, 0xfe, 0x71, 0x8, 0x0, 0xff, 0xa4,
    0x5, 0x80, 0x3f, 0xcc, 0x21, 0x20, 0x1f, 0x80,

    /* U+0038 "8" */
    0x0, 0xcd, 0x7d, 0xfe, 0xd9, 0x40, 0xf, 0x1f,
    0x4a, 0x8, 0x0, 0x9a, 0xe8, 0x3, 0xe, 0x88,
    0x24, 0xdd, 0x40, 0x82, 0xd0, 0x5, 0x2, 0x15,
    0x6c, 0x8a, 0xfc, 0x60, 0xa4, 0x0, 0x50, 0x25,
    0x0, 0xf4, 0x0, 0x1c, 0x3, 0x8, 0x7, 0xce,
    0x1, 0xc8, 0x6, 0x40, 0x1e, 0xa0, 0x2, 0x0,
    0x24, 0x83, 0x18, 0x2, 0x29, 0x60, 0x81, 0x0,
    0xe, 0x28, 0xcf, 0xf7, 0xeb, 0xc, 0xb8, 0x7,
    0xf0, 0x80, 0x61, 0x0, 0xc5, 0xea, 0x11, 0xbf,
    0xeb, 0x41, 0x8a, 0x0, 0xbc, 0x45, 0xae, 0x40,
    0x4, 0xb7, 0x5, 0x60, 0x42, 0x8, 0x20, 0xf,
    0x41, 0x5, 0x86, 0x0, 0x1c, 0x3, 0xf2, 0x1,
    0x0, 0x7f, 0xf1, 0x78, 0x0, 0xe0, 0x1f, 0x90,
    0x4, 0x1c, 0x1, 0x4, 0x1, 0xe8, 0x20, 0x90,
    0x19, 0x1, 0xd9, 0x54, 0x57, 0xd7, 0x3, 0x70,
    0x3, 0x48, 0x1, 0xaa, 0xea, 0x8, 0x13, 0x40,
    0x33, 0x74, 0x18, 0x80, 0x93, 0x65, 0x88, 0x0,

    /* U+0039 "9" */
    0x0, 0xcb, 0x7b, 0xfd, 0x8e, 0x20, 0x1e, 0x3d,
    0xa4, 0x20, 0x13, 0x8f, 0x40, 0xc, 0x58, 0x40,
    0xb5, 0x74, 0xc0, 0x36, 0x80, 0x17, 0x80, 0x2e,
    0x95, 0x16, 0x70, 0x42, 0x80, 0x6, 0x41, 0x8,
    0x1, 0xc7, 0x0, 0x2c, 0x8, 0x0, 0x50, 0xf,
    0x98, 0x43, 0x43, 0xc0, 0x6, 0x1, 0xf9, 0x1,
    0x43, 0xc0, 0x4, 0x1, 0xf8, 0xc0, 0x44, 0x80,
    0x8, 0x0, 0xfa, 0x18, 0x0, 0x67, 0x2, 0x62,
    0x8, 0x13, 0xeb, 0x80, 0x42, 0x1a, 0x40, 0x77,
    0xdf, 0xb0, 0x4a, 0xe0, 0x18, 0x75, 0xc4, 0x3,
    0x25, 0xd0, 0x4, 0x20, 0x14, 0x76, 0xe6, 0xfd,
    0xa0, 0x10, 0x0, 0x80, 0x38, 0x8c, 0x80, 0x32,
    0x1, 0x80, 0x7f, 0xf0, 0x10, 0x41, 0x0, 0x3f,
    0xf8, 0x10, 0x0, 0x90, 0x0, 0x98, 0x7, 0xd6,
    0x60, 0xe2, 0x0, 0xbc, 0xd8, 0x54, 0x58, 0xe4,
    0x3, 0x80, 0x9, 0xc0, 0x9e, 0xae, 0x9c, 0x41,
    0x70, 0x3, 0x6d, 0xb1, 0x88, 0x0, 0x9b, 0x28,
    0x3, 0x0,

    /* U+003A ":" */
    0x5e, 0xd2, 0x81, 0x2b, 0x60, 0x7, 0x53, 0xc3,
    0x8c, 0x38, 0x7, 0xff, 0x34, 0x61, 0xc2, 0x9e,
    0x1d, 0x80, 0x1d, 0x2, 0x56,

    /* U+003B ";" */
    0x2d, 0xe5, 0xa2, 0x1b, 0xe0, 0x1, 0x34, 0x3e,
    0x83, 0xc0, 0x80, 0x7f, 0xf3, 0x4d, 0x1, 0x72,
    0xe0, 0x80, 0x8, 0xca, 0xc, 0x3c, 0x1e, 0x10,
    0x4b, 0x5, 0xe1, 0x3e, 0x40,

    /* U+003C "<" */
    0x0, 0xff, 0x34, 0x0, 0x7f, 0x26, 0xcb, 0x88,
    0x7, 0x8a, 0xec, 0x44, 0xa1, 0x0, 0xc3, 0x3a,
    0x83, 0x1a, 0xa0, 0x19, 0xbd, 0x81, 0xbd, 0xc0,
    0x32, 0x6c, 0x8a, 0xec, 0x88, 0x6, 0xbb, 0x11,
    0xe5, 0x10, 0x7, 0x90, 0xf, 0xc, 0x3, 0xf3,
    0x81, 0xf3, 0x0, 0x7e, 0x8d, 0x51, 0x9c, 0x40,
    0xf, 0x8a, 0xb0, 0xcd, 0x76, 0x20, 0xf, 0x8f,
    0x24, 0x53, 0x64, 0x40, 0x3e, 0x6e, 0x70, 0x6f,
    0x70, 0xf, 0xd1, 0xaa, 0x30, 0x20, 0x1f, 0x8a,
    0xb2, 0x44,

    /* U+003D "=" */
    0x9f, 0xff, 0xfe, 0xa, 0x0, 0x7f, 0xf0, 0xe7,
    0xbb, 0xff, 0x82, 0x80, 0x23, 0xff, 0xc1, 0x0,
    0xff, 0xe2, 0x88, 0xff, 0xf0, 0x42, 0x7b, 0xbf,
    0xf8, 0x28, 0x1, 0xff, 0xc3,

    /* U+003E ">" */
    0xa, 0x30, 0xf, 0xf3, 0x2e, 0x50, 0x80, 0x7e,
    0x76, 0x5, 0xe8, 0x0, 0xf8, 0x67, 0x54, 0x1f,
    0x94, 0x3, 0xe2, 0xac, 0x31, 0xac, 0x30, 0xf,
    0x8f, 0x28, 0x8f, 0x28, 0x40, 0x3e, 0x5d, 0x91,
    0x5e, 0x60, 0xf, 0xcd, 0x82, 0x18, 0x1, 0xfa,
    0x34, 0x45, 0xe0, 0x1e, 0x6e, 0x70, 0x7e, 0x50,
    0xc, 0x99, 0x22, 0xbb, 0x0, 0x18, 0xaa, 0xcc,
    0xd9, 0x44, 0x1, 0xc, 0x6a, 0x8d, 0x61, 0x80,
    0x73, 0xb8, 0x1f, 0x94, 0x3, 0xe6, 0x7e, 0x80,
    0xf, 0xe0,

    /* U+003F "?" */
    0x0, 0xb, 0xdf, 0x7f, 0x64, 0x8, 0x4, 0xfd,
    0x8, 0x20, 0x26, 0xfc, 0x80, 0xd, 0x3, 0x8c,
    0xc5, 0x28, 0x2, 0xc8, 0x22, 0xb1, 0xcc, 0xcb,
    0x52, 0x0, 0xa0, 0x25, 0x0, 0xf3, 0x0, 0xc,
    0x3, 0xff, 0x80, 0x20, 0x1f, 0xca, 0x0, 0xf0,
    0xf, 0xc7, 0x40, 0x8a, 0x1, 0xf2, 0xe0, 0x1d,
    0x80, 0x7c, 0xb4, 0x9, 0x80, 0x1f, 0xd, 0x82,
    0x58, 0x7, 0xe6, 0x10, 0xa0, 0xf, 0xec, 0x5,
    0x10, 0xf, 0xe6, 0xd, 0x0, 0xff, 0x76, 0x30,
    0x7, 0xf8, 0xcc, 0x20, 0x1f, 0xe6, 0x82, 0x0,
    0xfe, 0x49, 0x7f, 0x0, 0xfe, 0x20, 0x1, 0x0,
    0x7f, 0x39, 0x84, 0x0, 0x70,

    /* U+0040 "@" */
    0x0, 0xf8, 0x9e, 0xb7, 0xba, 0xc9, 0x40, 0xf,
    0xf8, 0xaf, 0x61, 0x48, 0x46, 0x36, 0xbe, 0x60,
    0xf, 0xcf, 0xa8, 0xb, 0x5b, 0xfe, 0xec, 0x82,
    0x19, 0xa0, 0xf, 0x4c, 0x3, 0x75, 0x29, 0x0,
    0x4, 0xdf, 0x64, 0x16, 0x80, 0x33, 0xb0, 0x4c,
    0x84, 0x3, 0xf9, 0xac, 0x15, 0x40, 0x2, 0x80,
    0x86, 0x0, 0xff, 0xe0, 0x23, 0x4, 0x0, 0x20,
    0xd, 0xc0, 0x33, 0x67, 0x7f, 0x63, 0x80, 0x56,
    0x4, 0x41, 0x50, 0x90, 0x8, 0xb6, 0x4c, 0x46,
    0x38, 0x0, 0x88, 0x41, 0xd0, 0x0, 0xa0, 0x17,
    0x91, 0xef, 0xf6, 0x1, 0x0, 0x63, 0x3, 0xd0,
    0x40, 0x9, 0x88, 0x74, 0x80, 0xc, 0xc, 0x1,
    0xf1, 0x1, 0x0, 0x58, 0xe, 0x20, 0x16, 0x81,
    0x80, 0x62, 0x2, 0x10, 0xe, 0x60, 0xe0, 0xc,
    0x41, 0xc0, 0x11, 0x80, 0x14, 0x40, 0x39, 0xc3,
    0x80, 0x33, 0x1, 0x80, 0x52, 0x8, 0x26, 0x4,
    0x1, 0x60, 0x32, 0x0, 0x1c, 0xc3, 0xc0, 0xe,
    0xa1, 0x1, 0xe0, 0x80, 0x13, 0x8, 0x5f, 0xfa,
    0x10, 0x17, 0xfd, 0x1, 0x46, 0xe, 0x0, 0x50,
    0x0, 0xfa, 0x88, 0x1d, 0x5c, 0x90, 0xa, 0xe2,
    0x80, 0x5, 0x2, 0xc4, 0x0, 0x35, 0xdf, 0x8a,
    0xd, 0xbf, 0xd4, 0x60, 0x1a, 0x40, 0x68, 0x3,
    0xff, 0x8e, 0x52, 0x9, 0x84, 0x1, 0xff, 0xc6,
    0x69, 0x3, 0xda, 0x52, 0x0, 0xa, 0x3c, 0x0,
    0x7f, 0x9b, 0xc, 0x16, 0xb7, 0xfd, 0xd7, 0xe,
    0x1, 0xff, 0x1e, 0x61, 0xcc, 0x40, 0x4, 0x6d,
    0x40, 0x1f, 0x0,

    /* U+0041 "A" */
    0x0, 0xf8, 0xbf, 0xe3, 0x0, 0xff, 0xe1, 0x50,
    0x5, 0x40, 0x1f, 0xfc, 0x26, 0x0, 0x9c, 0x3,
    0xff, 0x82, 0x62, 0xa, 0x2, 0xa0, 0x1f, 0xfc,
    0xa, 0x0, 0x50, 0x87, 0x0, 0x7f, 0xf0, 0x18,
    0x18, 0x1c, 0x10, 0x40, 0x3f, 0xca, 0x0, 0xd0,
    0xa0, 0x3, 0x80, 0x7f, 0xb8, 0x5, 0x0, 0xc8,
    0x28, 0x3, 0xf8, 0x50, 0x18, 0x2, 0x50, 0x32,
    0x0, 0xfc, 0xc0, 0xb, 0x0, 0xa8, 0x1, 0x40,
    0x1f, 0xac, 0x8, 0xc0, 0x22, 0x30, 0x60, 0xf,
    0x88, 0xc2, 0x80, 0x3a, 0x80, 0x50, 0x3, 0xd4,
    0x0, 0x60, 0xe, 0x70, 0x7, 0x0, 0x79, 0x80,
    0x1d, 0xff, 0xdc, 0x0, 0x50, 0xe, 0x41, 0x0,
    0xff, 0xe0, 0x30, 0x6, 0xe0, 0x6, 0x6e, 0xfd,
    0x80, 0xa, 0x0, 0xca, 0x8, 0x64, 0x5f, 0x1a,
    0x81, 0x90, 0x1, 0x40, 0x1c, 0x1, 0xfd, 0xe0,
    0x5, 0x0, 0x70, 0x1, 0x40, 0x3f, 0x94, 0x1,
    0x40, 0x28, 0xa, 0x1, 0xff, 0x28, 0x11, 0x80,

    /* U+0042 "B" */
    0x7f, 0xff, 0xb6, 0x90, 0x3, 0xff, 0x80, 0x4b,
    0x76, 0x0, 0xf5, 0x66, 0x56, 0xe2, 0x9, 0x0,
    0x1c, 0xc6, 0x72, 0x46, 0x0, 0x1c, 0x3, 0xfe,
    0x26, 0x0, 0x10, 0x7, 0xfd, 0xc0, 0x3, 0x0,
    0xff, 0xb8, 0x4, 0x40, 0x1f, 0xe2, 0x60, 0x90,
    0xf, 0xe2, 0x6c, 0x4, 0x70, 0xe, 0xcf, 0xfb,
    0x64, 0x52, 0xc0, 0x3f, 0xf8, 0x29, 0xca, 0x1,
    0xd9, 0xdd, 0xb6, 0x48, 0x69, 0x80, 0x38, 0x47,
    0x13, 0x69, 0x4, 0x80, 0x7f, 0xf0, 0x28, 0x0,
    0x80, 0x1f, 0xf1, 0x0, 0x8, 0x3, 0xfe, 0xd0,
    0x1, 0x80, 0x7f, 0x89, 0x80, 0x8, 0x1, 0x31,
    0x9e, 0x48, 0xd1, 0x6, 0x10, 0xa, 0xb3, 0x35,
    0xb8, 0x1, 0xa4, 0x3, 0xfc, 0x4d, 0x92, 0x0,

    /* U+0043 "C" */
    0x0, 0xe1, 0x7c, 0xef, 0xf7, 0x5b, 0x88, 0x7,
    0xa3, 0xa0, 0xc4, 0x0, 0x29, 0x1d, 0x20, 0x1b,
    0x1c, 0x0, 0x6f, 0x32, 0x74, 0x0, 0xf5, 0x18,
    0xd, 0xe4, 0x33, 0x22, 0xf9, 0xe4, 0x0, 0x8a,
    0x3, 0xe8, 0x1, 0xe1, 0x80, 0xb, 0xc0, 0x14,
    0x20, 0x1f, 0xfc, 0x4, 0x2, 0x40, 0xf, 0xfe,
    0x2, 0x0, 0x14, 0x3, 0xff, 0x82, 0x40, 0xe,
    0x0, 0xff, 0xe0, 0x88, 0x0, 0x80, 0x3f, 0xfa,
    0x42, 0x0, 0x10, 0xf, 0xfe, 0x9, 0x0, 0x8,
    0x3, 0xff, 0x82, 0xa0, 0xb, 0x0, 0xff, 0xe0,
    0x8a, 0x1, 0x98, 0x3, 0xff, 0x83, 0xe0, 0xe,
    0x0, 0xff, 0xe0, 0xa2, 0x81, 0x69, 0x0, 0x78,
    0xf2, 0x80, 0x2a, 0x30, 0x2d, 0xb7, 0x66, 0x46,
    0x60, 0xd5, 0x0, 0x2c, 0x60, 0x2, 0x44, 0xc9,
    0xcc, 0x6, 0x50, 0x3, 0x4e, 0xb9, 0x88, 0x0,
    0x96, 0xb9, 0x80,

    /* U+0044 "D" */
    0x7f, 0xff, 0x76, 0x49, 0x80, 0x7f, 0xf0, 0x4,
    0xdb, 0x30, 0x40, 0x1e, 0x8a, 0xa4, 0xc2, 0x88,
    0x1e, 0xa0, 0x7, 0x22, 0xa9, 0x9e, 0xba, 0x0,
    0x16, 0x40, 0x1f, 0xf3, 0xd0, 0x2, 0x40, 0x3f,
    0xf8, 0xa, 0x80, 0x84, 0x1, 0xff, 0xc0, 0xf0,
    0x5, 0x0, 0x7f, 0xf0, 0x14, 0x0, 0x60, 0x1f,
    0xfc, 0x1, 0x10, 0x30, 0x7, 0xff, 0x4, 0xc0,
    0xc0, 0x3f, 0xfa, 0x24, 0x6, 0x1, 0xff, 0xc0,
    0x10, 0x3, 0x80, 0x7f, 0xf0, 0x1c, 0x1, 0x80,
    0x1f, 0xfc, 0xb, 0x0, 0x38, 0x7, 0xfd, 0x4,
    0xc, 0x20, 0x1f, 0xc3, 0x2e, 0x3, 0x0, 0x1a,
    0xd9, 0x8f, 0x17, 0xcc, 0x3, 0x82, 0x1, 0x9e,
    0x65, 0xe, 0x80, 0x5, 0xf2, 0x0, 0xfe, 0x13,
    0x7d, 0xa1, 0x0, 0x80,

    /* U+0045 "E" */
    0x7f, 0xff, 0xfe, 0x0, 0x7, 0xff, 0x1a, 0x6e,
    0xff, 0x80, 0x32, 0x27, 0xf8, 0x3, 0xff, 0xfd,
    0xbf, 0xff, 0x68, 0x7, 0xff, 0x1e, 0x6e, 0xfe,
    0x90, 0xe, 0x44, 0xfe, 0x0, 0xff, 0xf8, 0xaa,
    0xff, 0x80, 0x34, 0x55, 0x7f, 0x0, 0x7f, 0xf0,
    0xc0,

    /* U+0046 "F" */
    0x7f, 0xff, 0xf8, 0x3, 0xff, 0x8b, 0x37, 0x7f,
    0x80, 0x32, 0x27, 0xf0, 0x7, 0xff, 0xe5, 0x13,
    0xe3, 0x0, 0xe9, 0xbb, 0xf6, 0x80, 0x7f, 0xf1,
    0xb7, 0xff, 0xdc, 0x1, 0xff, 0xff, 0x0, 0xff,
    0xe3, 0x0,

    /* U+0047 "G" */
    0x0, 0xe1, 0x7b, 0xef, 0xf6, 0xd3, 0x0, 0x7e,
    0x8e, 0x84, 0x10, 0x1, 0x2c, 0xfb, 0x80, 0x75,
    0xb8, 0x0, 0xde, 0x64, 0xe6, 0x0, 0x86, 0x0,
    0xa5, 0x0, 0xb3, 0x10, 0xcc, 0x8c, 0xd5, 0x36,
    0x0, 0x1b, 0x1, 0x61, 0x80, 0x78, 0xab, 0x0,
    0x28, 0x0, 0x70, 0x80, 0x7f, 0xf0, 0x50, 0xc,
    0xc0, 0x1f, 0xfc, 0x14, 0x0, 0x20, 0x7, 0xff,
    0x8, 0x80, 0x1a, 0x1, 0xc4, 0x5f, 0x80, 0x40,
    0x2, 0x1, 0x8f, 0x77, 0xf0, 0x80, 0x7f, 0xf1,
    0x84, 0x0, 0x40, 0x18, 0xff, 0xfa, 0x0, 0x22,
    0x0, 0x70, 0x7, 0xff, 0x9, 0x40, 0xa, 0x1,
    0xff, 0xc2, 0x13, 0x2, 0x40, 0xf, 0xfe, 0x14,
    0x0, 0x28, 0x40, 0x3f, 0x78, 0x6, 0x44, 0x0,
    0xf9, 0x80, 0x79, 0xdc, 0x1, 0xd6, 0x60, 0x39,
    0x88, 0x77, 0x57, 0x40, 0x2, 0x44, 0x2, 0xc6,
    0x0, 0x1b, 0xc4, 0x14, 0x40, 0xad, 0x80, 0x3a,
    0x75, 0xcc, 0x40, 0x49, 0xaf, 0x50, 0x0,

    /* U+0048 "H" */
    0x7f, 0xf1, 0x0, 0x7f, 0x37, 0xf8, 0x80, 0x3f,
    0xff, 0xe0, 0x1f, 0xff, 0x4d, 0xff, 0xfe, 0x90,
    0xf, 0xfe, 0x5c, 0xdd, 0xff, 0x30, 0x7, 0x91,
    0x3f, 0xde, 0x1, 0xff, 0xff, 0x0, 0xff, 0xf1,
    0x80,

    /* U+0049 "I" */
    0x7f, 0xf1, 0x0, 0x7f, 0xff, 0xc0,

    /* U+004A "J" */
    0x0, 0xfb, 0xbf, 0x0, 0x3f, 0xff, 0xe0, 0x1f,
    0xfe, 0xa7, 0x0, 0xf8, 0x40, 0x40, 0x3c, 0xa0,
    0xd, 0x0, 0xe2, 0xb0, 0x2, 0x22, 0x19, 0xeb,
    0x44, 0x10, 0xf1, 0xe6, 0x14, 0x0, 0x74, 0x0,
    0x10, 0x0, 0xad, 0x60, 0x80,

    /* U+004B "K" */
    0x7f, 0xf1, 0x80, 0x7d, 0x5f, 0xe8, 0x0, 0xff,
    0xa5, 0x41, 0xa0, 0x3, 0xfc, 0xec, 0xb, 0x20,
    0x1f, 0xe5, 0x80, 0x4a, 0x0, 0xff, 0x25, 0x1,
    0xd8, 0x7, 0xf8, 0xec, 0xb, 0x40, 0x3f, 0xc5,
    0xa0, 0x38, 0x20, 0x1f, 0xc3, 0xe2, 0x2c, 0x10,
    0xf, 0xf6, 0x90, 0x69, 0x0, 0x7f, 0xb8, 0xc0,
    0x8c, 0x3, 0xfe, 0x20, 0x1, 0x50, 0x7, 0xff,
    0x2, 0x4, 0x16, 0x0, 0x3f, 0xd0, 0xf8, 0x0,
    0x75, 0x0, 0xfe, 0x40, 0x2b, 0x0, 0x51, 0x80,
    0x7f, 0xc9, 0x0, 0xd, 0x10, 0xf, 0xf9, 0xd8,
    0x7, 0x0, 0x3f, 0xf8, 0x12, 0x80, 0x56, 0x1,
    0xff, 0xc0, 0xa2, 0x4, 0x80, 0xf, 0xf8, 0x7c,
    0x41, 0xd8, 0x3, 0xfe, 0x2d, 0x0, 0x49, 0x80,

    /* U+004C "L" */
    0x7f, 0xf1, 0x0, 0x7f, 0xff, 0xc0, 0x3f, 0xff,
    0xe0, 0x1f, 0xff, 0xa4, 0x55, 0xfc, 0x40, 0x14,
    0xd5, 0x7e, 0xb0, 0xf, 0xfe, 0x8,

    /* U+004D "M" */
    0x7f, 0xf3, 0x0, 0x7f, 0xf0, 0x6b, 0xfc, 0xc0,
    0x15, 0x80, 0x7f, 0xf0, 0x5, 0x40, 0x3c, 0x4a,
    0x1, 0xff, 0x48, 0x7, 0xe9, 0x0, 0xff, 0x98,
    0x3, 0xf1, 0xa0, 0x7, 0xf3, 0x8, 0x7, 0xc4,
    0x1e, 0x1, 0xfd, 0x60, 0x60, 0x1e, 0xb0, 0x42,
    0x0, 0xf9, 0x8, 0x24, 0x3, 0xcc, 0x21, 0x0,
    0x1f, 0x78, 0x23, 0x80, 0x7c, 0xc0, 0xa2, 0x1,
    0xc4, 0x81, 0xc0, 0x1f, 0xa4, 0x1, 0x20, 0x1d,
    0x60, 0x4a, 0x1, 0xf8, 0x54, 0x1c, 0x40, 0x21,
    0x60, 0xa0, 0xf, 0xf4, 0x80, 0x18, 0x2, 0x60,
    0x3, 0x0, 0x7f, 0x8c, 0xc1, 0x20, 0x14, 0x83,
    0x8, 0x7, 0xfd, 0x20, 0x2c, 0xa, 0x21, 0x60,
    0x1f, 0xfc, 0x5, 0x20, 0xb0, 0x90, 0x42, 0x0,
    0xff, 0xe0, 0xd0, 0x14, 0x18, 0x78, 0x7, 0xff,
    0x9, 0xc0, 0xe, 0x4, 0x80, 0x1f, 0xfc, 0x36,
    0x0, 0xac, 0x3, 0xff, 0x89, 0x60, 0x13, 0x0,
    0x7f, 0xf1, 0x9, 0x1, 0x80, 0x3f, 0x80,

    /* U+004E "N" */
    0x7f, 0xf1, 0x80, 0x7f, 0x1f, 0xf9, 0xc0, 0x2e,
    0x0, 0xff, 0xe2, 0x14, 0x80, 0x7f, 0xf1, 0x19,
    0x40, 0x3f, 0xf8, 0x96, 0x20, 0x1f, 0xfc, 0x18,
    0x1, 0xa0, 0xf, 0xfe, 0xa, 0xb8, 0x23, 0x80,
    0x7f, 0xf0, 0x60, 0xc2, 0xc, 0x3, 0xff, 0x83,
    0xc0, 0xe, 0x0, 0xff, 0xe0, 0x94, 0x81, 0x48,
    0x7, 0xff, 0x5, 0x94, 0x19, 0x40, 0x3f, 0xf8,
    0x34, 0x41, 0x62, 0x1, 0xff, 0xc1, 0xe0, 0x1d,
    0x0, 0xff, 0xe0, 0x9c, 0x1, 0xb8, 0x7, 0xff,
    0x5, 0xcc, 0x21, 0x40, 0x3f, 0xf8, 0x3a, 0x21,
    0x20, 0x1f, 0xfc, 0x11, 0xb0, 0xf, 0xfe, 0x22,
    0xb0, 0x7, 0xff, 0x12, 0x48, 0x3, 0xff, 0x89,
    0xe0, 0x10,

    /* U+004F "O" */
    0x0, 0xf3, 0x5f, 0x7f, 0xb6, 0x94, 0x3, 0xfc,
    0xdd, 0x28, 0x20, 0x2, 0x5a, 0xe5, 0x0, 0xfa,
    0xa4, 0x40, 0x9e, 0x61, 0x84, 0x6, 0x9c, 0x3,
    0xa1, 0x40, 0x6f, 0x61, 0x9e, 0x7a, 0x40, 0x10,
    0xc0, 0x11, 0xb8, 0xf, 0xa0, 0x7, 0x9b, 0x0,
    0x12, 0x20, 0x9, 0x0, 0x50, 0x80, 0x7e, 0x37,
    0x0, 0x48, 0x1, 0x40, 0x90, 0x3, 0xfd, 0x20,
    0x5, 0x4, 0x0, 0x28, 0x7, 0xfc, 0x28, 0x4,
    0x24, 0x0, 0xe0, 0xf, 0xfe, 0x1, 0x80, 0x8,
    0x40, 0x4, 0x1, 0xff, 0xc0, 0xe0, 0x3, 0x80,
    0x7f, 0xf1, 0x4, 0x2, 0x10, 0x1, 0x0, 0x7f,
    0xf0, 0x3c, 0x0, 0xea, 0x0, 0xf0, 0xf, 0xfe,
    0x1, 0x80, 0x8, 0xc0, 0xe, 0x1, 0xff, 0xa,
    0x1, 0x8, 0x28, 0xb, 0x0, 0x7f, 0xa4, 0x1,
    0x40, 0x8, 0x0, 0x49, 0x0, 0x7e, 0x47, 0x1,
    0x60, 0x1, 0x40, 0x3, 0x10, 0x3, 0xcf, 0x60,
    0xb, 0x10, 0x9, 0xd8, 0x6, 0xf6, 0x19, 0xe7,
    0xa0, 0x1, 0xa, 0x1, 0xd3, 0x21, 0x2, 0x79,
    0x86, 0x10, 0x1b, 0x70, 0xf, 0x9b, 0xa5, 0x4,
    0x0, 0x4b, 0x5c, 0x80, 0x18,

    /* U+0050 "P" */
    0x7f, 0xff, 0xb6, 0x4c, 0x3, 0xfe, 0x26, 0xc8,
    0x0, 0xe9, 0xbb, 0xa9, 0x80, 0xe, 0xe0, 0xc,
    0x89, 0x96, 0x74, 0x1, 0x0, 0x1f, 0xe2, 0x70,
    0x2, 0x0, 0x7f, 0xb4, 0x0, 0x40, 0x1f, 0xfc,
    0xcc, 0x0, 0x28, 0x7, 0xf1, 0x30, 0x9, 0x80,
    0x7c, 0x2d, 0x80, 0xb, 0x0, 0xdb, 0xff, 0x74,
    0x88, 0x3a, 0x80, 0x7f, 0x92, 0xe0, 0x3, 0xa6,
    0xee, 0xdf, 0xb4, 0x0, 0xf2, 0x26, 0x20, 0xf,
    0xff, 0xf8, 0x7, 0xff, 0xc,

    /* U+0051 "Q" */
    0x0, 0xf3, 0x5f, 0x7f, 0xb6, 0x94, 0x3, 0xfc,
    0xdd, 0x28, 0x20, 0x2, 0x5a, 0xe5, 0x0, 0xfa,
    0xa4, 0x40, 0x9e, 0x61, 0x84, 0x6, 0x9c, 0x3,
    0xa1, 0x40, 0x6f, 0x61, 0x9e, 0x7a, 0x40, 0x10,
    0xc0, 0x11, 0xb8, 0xf, 0xa0, 0x7, 0x9b, 0x0,
    0x12, 0x20, 0x9, 0x0, 0x50, 0x80, 0x7e, 0x37,
    0x0, 0x48, 0x1, 0x40, 0x90, 0x3, 0xfd, 0x20,
    0x5, 0x4, 0x0, 0x28, 0x7, 0xfc, 0x28, 0x4,
    0x24, 0x0, 0xe0, 0xf, 0xfe, 0x1, 0x80, 0x8,
    0x40, 0x4, 0x1, 0xff, 0xc0, 0xe0, 0x3, 0x80,
    0x7f, 0xf1, 0x4, 0x2, 0x10, 0x1, 0x0, 0x7f,
    0xf0, 0x3c, 0x0, 0xea, 0x0, 0xf0, 0xf, 0xfe,
    0x1, 0x80, 0x8, 0xc0, 0xe, 0x1, 0xff, 0xa,
    0x1, 0x8, 0x28, 0xb, 0x0, 0x7f, 0xa4, 0x1,
    0x40, 0x8, 0x0, 0x49, 0x0, 0x7e, 0x47, 0x1,
    0x70, 0x1, 0x40, 0x3, 0x10, 0x3, 0xcf, 0x60,
    0xa, 0x0, 0xce, 0xc0, 0x37, 0xb0, 0xcf, 0x3d,
    0x0, 0x9, 0x40, 0xe, 0x99, 0x8, 0x13, 0xcc,
    0x30, 0x81, 0x5b, 0x0, 0x7c, 0xdd, 0x28, 0x20,
    0x18, 0xbd, 0x0, 0x3f, 0xcd, 0x7d, 0xfc, 0xc0,
    0x5b, 0x46, 0x1, 0xff, 0xc1, 0x19, 0xd5, 0x5,
    0xcc, 0x20, 0x7, 0xff, 0x4, 0xab, 0x10, 0xe,
    0xc4, 0x3, 0xff, 0x84, 0x77, 0x63, 0x81, 0x0,
    0xff, 0xe2, 0x26, 0x38, 0x0,

    /* U+0052 "R" */
    0x7f, 0xff, 0xbb, 0x24, 0x80, 0x3f, 0xf8, 0x2,
    0x6d, 0xae, 0x1, 0xe9, 0xbb, 0xd2, 0xa0, 0x8,
    0x50, 0xe, 0x44, 0xe6, 0xab, 0x0, 0x40, 0x7,
    0xff, 0x1, 0x10, 0x4, 0x40, 0xf, 0xfe, 0x6,
    0x0, 0x18, 0x3, 0xff, 0x86, 0xe0, 0x1f, 0xfc,
    0xc, 0x0, 0x10, 0x7, 0xfc, 0x68, 0x6, 0x20,
    0x1f, 0xc2, 0xd8, 0x0, 0x80, 0xe, 0xdf, 0xfd,
    0xd2, 0x0, 0x94, 0x0, 0xff, 0xe0, 0x26, 0x30,
    0x7, 0xa6, 0xee, 0xa0, 0x8, 0xc0, 0x3e, 0x44,
    0xca, 0xe0, 0x88, 0x0, 0xff, 0xe0, 0x40, 0x84,
    0x80, 0x7f, 0xf0, 0x6c, 0x9, 0xc0, 0x3f, 0xf8,
    0xa, 0x61, 0x4, 0x1, 0xff, 0xc0, 0xf0, 0x4,
    0x80, 0x7f, 0xf0, 0xd, 0x81, 0x10, 0x1, 0xff,
    0xc0, 0x80, 0x4, 0x80,

    /* U+0053 "S" */
    0x0, 0x8a, 0x33, 0xbf, 0xb6, 0x4c, 0x3, 0x3e,
    0xb9, 0x88, 0x9, 0x36, 0x60, 0x81, 0xa0, 0x5,
    0xef, 0x2e, 0xc, 0xc, 0x1, 0x0, 0x3f, 0x8,
    0x68, 0xf9, 0x72, 0x46, 0x20, 0xc2, 0x1, 0xe4,
    0x60, 0xd, 0xe0, 0x1f, 0xe2, 0x0, 0x50, 0x80,
    0x7f, 0xa, 0x81, 0x7a, 0x0, 0x7f, 0x51, 0x80,
    0xde, 0x30, 0x7, 0xec, 0x70, 0x1, 0xcf, 0x40,
    0x80, 0x7a, 0x3e, 0x48, 0x5, 0xfa, 0x40, 0x3e,
    0x6d, 0xc6, 0x0, 0x36, 0x0, 0x7e, 0x39, 0xd3,
    0x3, 0x80, 0xf, 0xe2, 0xd0, 0x2, 0x80, 0x7f,
    0x84, 0xc0, 0x80, 0x3f, 0xe2, 0x2, 0x25, 0xa0,
    0x7, 0xd2, 0x20, 0xb6, 0x97, 0xd4, 0xec, 0xc8,
    0xd6, 0x2, 0x9c, 0x20, 0x15, 0x89, 0x93, 0x90,
    0x1f, 0x8a, 0xee, 0x3a, 0x8, 0x0, 0x96, 0xb0,
    0x80,

    /* U+0054 "T" */
    0x6f, 0xff, 0xfe, 0x18, 0x7, 0xff, 0x19, 0xee,
    0xfc, 0x0, 0x4b, 0xbf, 0x0, 0xa2, 0x78, 0x0,
    0x48, 0x9e, 0x0, 0xff, 0xff, 0x80, 0x7f, 0xff,
    0xc0, 0x3f, 0xff, 0xe0, 0x1f, 0xfe, 0x40,

    /* U+0055 "U" */
    0x7f, 0xf1, 0x0, 0x7f, 0x7f, 0xa4, 0x3, 0xff,
    0xfe, 0x1, 0xff, 0xff, 0x0, 0xff, 0xee, 0x88,
    0x80, 0x2, 0x1, 0xf8, 0x40, 0x1e, 0x40, 0x5,
    0x0, 0xfc, 0x80, 0x2, 0x40, 0x5, 0x80, 0x7e,
    0x90, 0x2, 0x3, 0x1, 0x50, 0x7, 0xa4, 0xc1,
    0x4, 0x20, 0x81, 0x7e, 0x9d, 0xd3, 0xcc, 0x3,
    0x20, 0x1, 0xc3, 0x0, 0x2c, 0x41, 0x84, 0xb,
    0x8, 0x2, 0x1c, 0xb5, 0x20, 0x0, 0xad, 0x69,
    0x0, 0x0,

    /* U+0056 "V" */
    0x5f, 0xf3, 0x80, 0x7f, 0xd5, 0xfe, 0x35, 0x0,
    0x50, 0x7, 0xfc, 0xa0, 0x46, 0xc, 0x4, 0x60,
    0x1f, 0xca, 0x0, 0xa0, 0x5, 0x0, 0x2c, 0x3,
    0xfb, 0x80, 0xc, 0x0, 0x32, 0x6, 0x0, 0xfc,
    0x28, 0x8, 0x20, 0x12, 0x80, 0xa0, 0x7, 0xce,
    0x0, 0xe0, 0xd, 0x40, 0xd, 0x0, 0xfa, 0x80,
    0xa, 0x1, 0x88, 0xc1, 0x80, 0x3c, 0x26, 0xc,
    0x1, 0xea, 0x0, 0x28, 0x7, 0x30, 0x2, 0x80,
    0x3c, 0xc0, 0xe, 0x0, 0xeb, 0x2, 0x30, 0xf,
    0x94, 0x10, 0x40, 0x22, 0x30, 0xa0, 0xf, 0xdc,
    0x0, 0x70, 0x9, 0x40, 0xa, 0x1, 0xf9, 0x4,
    0x28, 0x2, 0xa0, 0x42, 0x0, 0xfe, 0x60, 0x31,
    0x3, 0x20, 0xd0, 0xf, 0xf5, 0x0, 0x18, 0x2c,
    0x0, 0xc0, 0x1f, 0xe2, 0x30, 0xa0, 0x60, 0x50,
    0xf, 0xfe, 0x5, 0x1, 0x30, 0x87, 0x0, 0x7f,
    0xf0, 0x1c, 0x1, 0x20, 0x28, 0x1, 0xff, 0xc0,
    0x15, 0x0, 0x98, 0x3, 0xff, 0x85, 0xc0, 0x15,
    0x0, 0x7c,

    /* U+0057 "W" */
    0x6f, 0xf3, 0x0, 0x7e, 0x5f, 0xf3, 0x0, 0x7e,
    0x6f, 0xf2, 0x38, 0x3, 0x0, 0x3f, 0x78, 0x3,
    0x0, 0x3f, 0x68, 0x1, 0x4, 0xc1, 0x0, 0x3f,
    0x20, 0x1, 0x40, 0x3f, 0x20, 0x28, 0x1, 0x0,
    0x4c, 0x3, 0xc6, 0x20, 0x12, 0x0, 0x79, 0x0,
    0x18, 0x0, 0xb0, 0x5, 0x80, 0x7a, 0xc0, 0xc4,
    0x34, 0x3, 0xd8, 0x0, 0x70, 0x1, 0x88, 0x20,
    0x7, 0x94, 0x2d, 0x1, 0xc0, 0x3c, 0xa0, 0x62,
    0x1, 0x38, 0x18, 0x80, 0x62, 0x20, 0x2f, 0x80,
    0x98, 0x6, 0x22, 0x5, 0x80, 0x6d, 0x0, 0x20,
    0x6, 0x50, 0x22, 0x28, 0x1, 0x0, 0x32, 0x0,
    0x14, 0x3, 0x20, 0x3, 0xc0, 0x36, 0x2, 0x80,
    0x10, 0x2c, 0x3, 0x68, 0x9, 0x0, 0x72, 0x2,
    0x0, 0x64, 0xc, 0x0, 0x68, 0x18, 0x80, 0x48,
    0xe, 0x1, 0xed, 0x1, 0x30, 0x2, 0x80, 0x10,
    0x0, 0xe0, 0x7, 0x0, 0x20, 0x3, 0x40, 0x3c,
    0xe0, 0x4, 0x0, 0x78, 0x28, 0x4, 0x26, 0x1a,
    0x0, 0xd0, 0x2, 0x0, 0x78, 0x4c, 0x30, 0x0,
    0x81, 0xe0, 0x19, 0x1, 0x0, 0xe, 0xa, 0x1,
    0xf9, 0x1, 0x0, 0xc4, 0x10, 0x3, 0x58, 0x1,
    0x8, 0x43, 0xc0, 0x3f, 0x58, 0x1, 0x2c, 0xc,
    0x40, 0x31, 0x88, 0x6a, 0x80, 0x10, 0x3, 0xf1,
    0x88, 0x6a, 0x85, 0x80, 0x79, 0xc1, 0xec, 0xc,
    0x40, 0x3f, 0x9c, 0x1c, 0x81, 0x40, 0x3d, 0xa0,
    0x26, 0x16, 0x1, 0xfe, 0xc0, 0x10, 0x22, 0x0,
    0x79, 0x0, 0x32, 0x80, 0x7f, 0x94, 0x2, 0x50,
    0xf, 0xc8, 0x0, 0x22, 0x0, 0x7f, 0xc8, 0x0,
    0xb0, 0xf, 0xda, 0x0, 0x40, 0xf, 0x0,

    /* U+0058 "X" */
    0x1e, 0xff, 0x28, 0x7, 0xec, 0xff, 0x40, 0xd,
    0x0, 0x2c, 0x40, 0x3c, 0xe6, 0x7, 0x0, 0x4,
    0x60, 0x18, 0x0, 0xe1, 0x80, 0x7, 0x0, 0x69,
    0x20, 0x63, 0x0, 0xd6, 0x0, 0x92, 0x0, 0xee,
    0x0, 0x70, 0x4, 0x8a, 0x8, 0xc0, 0x1e, 0x37,
    0x2, 0x70, 0x5, 0x0, 0xd0, 0x7, 0xe8, 0x20,
    0x82, 0x81, 0xb, 0x10, 0xf, 0xee, 0x0, 0x73,
    0x83, 0x28, 0x7, 0xf8, 0xdc, 0xc, 0xa, 0x40,
    0x3f, 0xf8, 0x10, 0x20, 0xb, 0x0, 0xff, 0xe0,
    0xa8, 0x80, 0x2c, 0x3, 0xff, 0x80, 0x36, 0x2,
    0x5, 0x40, 0x1f, 0xf5, 0x88, 0x62, 0x2, 0xa8,
    0x3, 0xf9, 0x14, 0x1c, 0xa8, 0x42, 0xc4, 0x3,
    0xe1, 0xa0, 0x18, 0x1, 0xb0, 0x1a, 0x0, 0xfa,
    0xc4, 0x2c, 0x2, 0x54, 0x4, 0x70, 0xe, 0x45,
    0x4, 0x50, 0xd, 0x42, 0x10, 0x40, 0x10, 0xd0,
    0x2, 0x40, 0x38, 0x6c, 0x1, 0xe0, 0x14, 0x8,
    0x41, 0x0, 0x79, 0x50, 0xa, 0x1, 0x18, 0x9,
    0xc0, 0x3f, 0x50, 0x83, 0xa0,

    /* U+0059 "Y" */
    0x5f, 0xf5, 0x80, 0x7f, 0x3f, 0xf9, 0x94, 0xc1,
    0x10, 0x1, 0xf0, 0xc0, 0x13, 0x7, 0x80, 0x24,
    0x3, 0xe8, 0x0, 0x48, 0x0, 0xd8, 0x9, 0x40,
    0x38, 0x98, 0x11, 0x0, 0x14, 0x0, 0x2c, 0x3,
    0xa0, 0x1, 0x20, 0x18, 0x60, 0x5, 0xc0, 0x23,
    0x50, 0x62, 0x0, 0xe7, 0x20, 0x91, 0x0, 0x78,
    0xc, 0x0, 0x7d, 0x0, 0x32, 0x8, 0x61, 0x22,
    0x1, 0xf2, 0x98, 0x39, 0x48, 0x13, 0x80, 0x7f,
    0x78, 0x3, 0xc8, 0x20, 0x3, 0xfc, 0x6c, 0x4,
    0x6, 0xa0, 0x1f, 0xf4, 0x0, 0x5e, 0x1, 0xff,
    0xc0, 0x13, 0x1, 0x30, 0xf, 0xff, 0xf8, 0x7,
    0xff, 0x98,

    /* U+005A "Z" */
    0x2f, 0xff, 0xfe, 0xd, 0x0, 0x7f, 0xf0, 0xcc,
    0xa, 0xef, 0xfc, 0x60, 0xa, 0x0, 0x22, 0x7f,
    0x9, 0x84, 0x18, 0x7, 0xf8, 0x68, 0xd, 0xc0,
    0x3f, 0xed, 0x0, 0x68, 0x7, 0xfd, 0x6, 0x14,
    0x20, 0x1f, 0xe3, 0x70, 0x55, 0x0, 0x7f, 0xda,
    0x5, 0x40, 0x1f, 0xf5, 0x8, 0x70, 0x7, 0xfc,
    0xca, 0x10, 0x60, 0x1f, 0xe2, 0x90, 0x37, 0x0,
    0xff, 0xb8, 0x1, 0xc0, 0x1f, 0xf4, 0x18, 0x51,
    0x0, 0x7f, 0x91, 0xc1, 0x54, 0x1, 0xfe, 0x1a,
    0x1, 0xa0, 0xf, 0xfa, 0x84, 0x34, 0x3, 0xfe,
    0x64, 0x4, 0x74, 0x4f, 0xf0, 0x68, 0x1, 0x2e,
    0xff, 0xe2, 0x0, 0xff, 0xe2, 0x0,

    /* U+005B "[" */
    0xee, 0xd6, 0x23, 0x9c, 0x1, 0x7f, 0x80, 0x1f,
    0xff, 0xf0, 0xf, 0xfe, 0xa5, 0xfd, 0x80, 0x67,

    /* U+005C "\\" */
    0x9f, 0xa0, 0xf, 0xb4, 0x10, 0x3, 0xe4, 0x1,
    0x30, 0xf, 0x90, 0x2c, 0x3, 0xec, 0x4, 0x0,
    0xf9, 0x40, 0xc4, 0x3, 0xc4, 0x40, 0x40, 0xf,
    0x90, 0x3c, 0x3, 0xed, 0x4, 0x0, 0xf9, 0x0,
    0x4c, 0x3, 0xe4, 0xb, 0x0, 0xfb, 0x1, 0x0,
    0x3e, 0x50, 0x31, 0x0, 0xf1, 0x8, 0x20, 0x7,
    0xce, 0x1e, 0x1, 0xf6, 0x82, 0x0, 0x7c, 0x80,
    0x26, 0x1, 0xf2, 0x5, 0x80, 0x7d, 0x80, 0x80,
    0x1f, 0x28, 0x18, 0x80, 0x78, 0x84, 0x10, 0x3,
    0xe7, 0xf, 0x0, 0xfb, 0x1, 0x0,

    /* U+005D "]" */
    0x8e, 0xec, 0x42, 0x3c, 0x13, 0xfe, 0x0, 0xff,
    0xff, 0x80, 0x7f, 0xfa, 0xa3, 0xfc, 0x1, 0x8,
    0x7, 0x0,

    /* U+005E "^" */
    0x0, 0xf9, 0xe1, 0x40, 0x3f, 0xf8, 0x13, 0xf,
    0x46, 0x1, 0xfe, 0x36, 0x0, 0xb8, 0x3, 0xfd,
    0xc0, 0x78, 0x5, 0x0, 0x1f, 0xa4, 0x83, 0x8d,
    0xc1, 0xcc, 0x3, 0xc6, 0xc0, 0xe4, 0x10, 0x41,
    0xc0, 0x1e, 0xe0, 0x28, 0x0, 0xb8, 0xa, 0x0,
    0x34, 0x90, 0x70, 0x6, 0x37, 0x7, 0x30, 0x1,
    0xb0, 0x39, 0x80, 0x74, 0x10, 0x70, 0x3, 0x80,
    0xa0, 0x3, 0xee, 0x2, 0x80,

    /* U+005F "_" */
    0x2f, 0xff, 0xfe, 0x20, 0x7, 0xff, 0x14,

    /* U+0060 "`" */
    0x58, 0x82, 0x0, 0x11, 0x5e, 0x80, 0x3, 0x84,
    0x30, 0x0, 0x1c, 0x27, 0x20,

    /* U+0061 "a" */
    0x0, 0xb, 0xdf, 0x7f, 0xb1, 0xc0, 0x39, 0x7a,
    0x10, 0x40, 0x7, 0x1a, 0x20, 0x16, 0x81, 0xce,
    0x6d, 0x18, 0x15, 0x80, 0x51, 0x58, 0xc6, 0x4b,
    0x86, 0xa, 0x1, 0x94, 0x3, 0xd6, 0x0, 0x20,
    0xf, 0xf1, 0x80, 0x4, 0x3, 0xff, 0x8a, 0x75,
    0xbf, 0xee, 0xd8, 0x0, 0xe9, 0xc5, 0x21, 0x20,
    0x23, 0x0, 0xca, 0xc0, 0xfd, 0xcd, 0xef, 0xa0,
    0xd, 0xe0, 0x70, 0x20, 0x18, 0x40, 0x30, 0x80,
    0x80, 0x7b, 0x80, 0x36, 0x1, 0x40, 0x80, 0x17,
    0x14, 0x0, 0xa0, 0xe4, 0xf, 0xdf, 0xea, 0x3a,
    0x10, 0x9c, 0xd, 0x83, 0x10, 0x27, 0xe5, 0xa2,
    0x5,

    /* U+0062 "b" */
    0xbf, 0xc0, 0xf, 0xff, 0xf8, 0x7, 0xf9, 0x2b,
    0xbf, 0x64, 0x80, 0x3d, 0x36, 0xa2, 0x4, 0xda,
    0xa0, 0x18, 0xd8, 0x62, 0xec, 0xc0, 0xa, 0x30,
    0xc, 0x9c, 0xe8, 0x89, 0xb0, 0x7, 0x80, 0x45,
    0x60, 0x1c, 0x8c, 0x6, 0x20, 0x1, 0x0, 0xfb,
    0x40, 0x8, 0x1, 0xfe, 0x50, 0x1, 0x0, 0x7f,
    0xf3, 0xc, 0x0, 0x20, 0x1f, 0xe4, 0x0, 0x10,
    0x7, 0xfa, 0x80, 0x8, 0x0, 0x34, 0x0, 0xe7,
    0x30, 0x60, 0xd, 0x72, 0x86, 0x97, 0x0, 0x30,
    0x1, 0x40, 0xb5, 0xe5, 0xa0, 0x16, 0x8, 0x4,
    0xde, 0xe4, 0x2, 0x73, 0xa4, 0x0,

    /* U+0063 "c" */
    0x0, 0xcd, 0x7d, 0xfd, 0x6e, 0x1, 0x8f, 0x65,
    0x4, 0x5, 0x23, 0x90, 0xb, 0x48, 0x16, 0xf3,
    0x10, 0x42, 0xc1, 0xc2, 0x17, 0x48, 0x66, 0x7d,
    0xc2, 0x33, 0x3, 0xa0, 0x7, 0x8c, 0x2c, 0x1,
    0x20, 0x1f, 0xc4, 0x2, 0x20, 0xf, 0xe1, 0x3,
    0x0, 0xff, 0x10, 0x10, 0x7, 0xfb, 0x80, 0x4,
    0x1, 0xfc, 0xa0, 0xb, 0x0, 0xfe, 0x23, 0x6,
    0x60, 0x7, 0x98, 0x1, 0xc0, 0x9, 0xb5, 0x34,
    0x7e, 0x99, 0x1, 0x61, 0x2, 0x56, 0x5c, 0x8,
    0xb0, 0x0, 0x7b, 0x28, 0x20, 0x27, 0x1c, 0xa0,

    /* U+0064 "d" */
    0x0, 0xff, 0xbf, 0xce, 0x1, 0xff, 0xfd, 0x29,
    0xdf, 0xec, 0x61, 0x0, 0xe5, 0xd6, 0x20, 0x13,
    0x9c, 0x0, 0xc7, 0x40, 0x6, 0xab, 0x82, 0x20,
    0x6, 0xe0, 0x5, 0xca, 0xa3, 0xeb, 0x80, 0x46,
    0x40, 0xe8, 0x1, 0xd0, 0x1, 0x58, 0x2, 0x80,
    0x3f, 0xc4, 0x0, 0x20, 0xf, 0xf0, 0x80, 0x80,
    0x7f, 0xc2, 0x2, 0x1, 0xff, 0x10, 0x0, 0x80,
    0x3f, 0xd8, 0x0, 0xa0, 0xf, 0x8, 0x4, 0x82,
    0xe, 0x80, 0x18, 0x68, 0x3, 0x50, 0x2, 0xe9,
    0x52, 0x3d, 0x0, 0x32, 0x50, 0x1, 0x6a, 0xdc,
    0x59, 0x80, 0x19, 0x75, 0xc8, 0x5, 0x2e, 0x7c,
    0x0,

    /* U+0065 "e" */
    0x0, 0x85, 0xf3, 0xbf, 0x64, 0xc0, 0x38, 0xfe,
    0xc, 0x40, 0x9b, 0x1c, 0x2, 0x2c, 0x12, 0xae,
    0xfc, 0x50, 0x86, 0x0, 0x70, 0x1e, 0xa8, 0x81,
    0xd3, 0x4, 0x81, 0x98, 0x3c, 0x3, 0xd0, 0x0,
    0x5b, 0x1, 0x30, 0xf, 0x9, 0x6, 0x90, 0xe,
    0xef, 0xe2, 0x1, 0x10, 0x0, 0x8b, 0xf0, 0x0,
    0x44, 0x3, 0xff, 0xfe, 0x82, 0x1, 0x10, 0x7,
    0xfa, 0xc0, 0xc, 0x1, 0xfe, 0x32, 0x8, 0x20,
    0xf, 0x1a, 0x80, 0x38, 0x1, 0xb0, 0x62, 0x4b,
    0x59, 0x44, 0x7, 0x62, 0xf, 0x9d, 0xb4, 0xa0,
    0xc4, 0x0, 0x4f, 0x83, 0x10, 0x13, 0x7d, 0x90,

    /* U+0066 "f" */
    0x0, 0xf8, 0x40, 0x3c, 0x77, 0xfd, 0xf4, 0x1,
    0x26, 0x20, 0x4, 0x60, 0x17, 0x80, 0x2b, 0xfa,
    0x0, 0x26, 0x4, 0x50, 0x11, 0x0, 0x7f, 0xf2,
    0x7f, 0xc4, 0x9, 0xff, 0x20, 0x7, 0xfd, 0xba,
    0x10, 0x4d, 0xd9, 0x0, 0x88, 0x60, 0x2, 0x28,
    0x3, 0xff, 0xfe, 0x1, 0xff, 0xd8,

    /* U+0067 "g" */
    0x0, 0xcd, 0x9d, 0xfb, 0x24, 0x3f, 0x60, 0x3,
    0xd9, 0x31, 0x2, 0x6d, 0xd0, 0x4, 0x3a, 0x40,
    0x93, 0x74, 0xa0, 0x60, 0x15, 0x8, 0x4d, 0xb2,
    0x2d, 0x58, 0x4, 0x48, 0xc, 0xc0, 0xe, 0x43,
    0x0, 0x28, 0x2, 0xc0, 0x3f, 0xdc, 0x0, 0x20,
    0xf, 0xf1, 0x0, 0x80, 0x7f, 0xc2, 0x2, 0x1,
    0xff, 0x10, 0x0, 0x80, 0x3f, 0xd8, 0x0, 0xa0,
    0xf, 0x84, 0x0, 0x82, 0xe, 0x80, 0x1d, 0x24,
    0x1, 0x50, 0x2, 0xe5, 0x51, 0xf5, 0x80, 0x32,
    0x50, 0x1, 0xaa, 0xe0, 0x8a, 0x0, 0xcb, 0xae,
    0x40, 0x3, 0x9d, 0x60, 0xe, 0x28, 0xdf, 0xf6,
    0x30, 0x38, 0x8, 0x7, 0xfc, 0x41, 0xa0, 0x4,
    0x0, 0xf9, 0xc4, 0x14, 0xa, 0xfa, 0x15, 0x10,
    0xd9, 0x0, 0xa4, 0x2, 0x33, 0xd5, 0xda, 0x4c,
    0x16, 0x80, 0x7, 0xd2, 0xa2, 0x0, 0x15, 0xba,
    0x0, 0x0,

    /* U+0068 "h" */
    0xbf, 0xc0, 0xf, 0xff, 0xf8, 0x6, 0x2a, 0xef,
    0xea, 0x20, 0xe, 0x6d, 0x51, 0x1, 0x5d, 0x40,
    0x8, 0xe4, 0x1e, 0xa5, 0x0, 0x14, 0x1, 0x87,
    0x61, 0x5a, 0xd8, 0x5, 0x40, 0x2c, 0x20, 0xd,
    0x60, 0x2, 0x0, 0x19, 0x0, 0x71, 0x0, 0x3c,
    0x3, 0xff, 0xfe, 0x1, 0xff, 0xde,

    /* U+0069 "i" */
    0x9, 0xfb, 0x0, 0x30, 0x21, 0x1, 0x81, 0x10,
    0x33, 0x74, 0x1, 0x10, 0x5, 0x7f, 0xa0, 0x1f,
    0xff, 0xb0,

    /* U+006A "j" */
    0x0, 0xcb, 0xda, 0x40, 0x1b, 0x84, 0x94, 0x3,
    0x60, 0x1, 0x0, 0x33, 0xef, 0x18, 0x7, 0x10,
    0x80, 0x73, 0x7f, 0x88, 0x3, 0xff, 0xfe, 0x1,
    0xff, 0xe5, 0x10, 0x1, 0x80, 0x6d, 0x0, 0x9,
    0xa2, 0x25, 0x40, 0xc2, 0x2e, 0xcc, 0x0, 0xf0,
    0x0, 0x80, 0xae, 0x98, 0x0,

    /* U+006B "k" */
    0xbf, 0xc0, 0xf, 0xff, 0xf8, 0x7, 0xe8, 0xff,
    0x38, 0x7, 0xe6, 0x70, 0x77, 0x0, 0x7c, 0x92,
    0xb, 0x0, 0x1f, 0x15, 0x2, 0x50, 0x7, 0xc3,
    0xe2, 0x56, 0x1, 0xfb, 0x48, 0x70, 0x3, 0xf5,
    0x18, 0x30, 0x80, 0x7c, 0x6a, 0x0, 0x73, 0x0,
    0xfe, 0x80, 0x7, 0x8, 0x7, 0xd2, 0xf4, 0x5,
    0x60, 0x1e, 0x36, 0x5, 0x50, 0x2b, 0x0, 0x7f,
    0x51, 0x4, 0x98, 0x7, 0xf7, 0x80, 0x38, 0x40,
    0x3f, 0x14, 0x81, 0x58, 0x7, 0xf3, 0x28, 0x2b,
    0x0,

    /* U+006C "l" */
    0xbf, 0xc0, 0xf, 0xff, 0x80,

    /* U+006D "m" */
    0xbf, 0x40, 0x5c, 0xef, 0xd6, 0x0, 0x97, 0x3b,
    0xf5, 0x80, 0x31, 0x45, 0x18, 0x81, 0x4c, 0x82,
    0xa8, 0x62, 0x5, 0x34, 0x1, 0x5b, 0x8c, 0x5c,
    0x88, 0x35, 0xa8, 0xc5, 0xc9, 0x2, 0xa0, 0x0,
    0x8f, 0xdd, 0x1b, 0x0, 0x8, 0x7e, 0xe8, 0xde,
    0x0, 0xd0, 0xb, 0x84, 0x2, 0x22, 0x0, 0x38,
    0x40, 0x22, 0x20, 0x10, 0x0, 0x88, 0x1, 0xc2,
    0x6, 0x40, 0x1c, 0x20, 0xe0, 0x1f, 0xff, 0xf0,
    0xf, 0xff, 0xf8, 0x7, 0xff, 0x6c,

    /* U+006E "n" */
    0xbf, 0x10, 0x3a, 0xef, 0xeb, 0x40, 0xc, 0x4d,
    0x8a, 0x20, 0x29, 0x6c, 0x1, 0x44, 0x82, 0xcd,
    0x30, 0x2, 0x44, 0x0, 0x83, 0x94, 0xcb, 0x30,
    0x0, 0x40, 0xb, 0x4c, 0x3, 0x30, 0x0, 0x80,
    0x8, 0x60, 0x1c, 0x20, 0xf, 0x0, 0xff, 0xff,
    0x80, 0x7f, 0xf7, 0x80,

    /* U+006F "o" */
    0x0, 0xcd, 0x7d, 0xfd, 0x6a, 0x1, 0xe3, 0xd9,
    0x41, 0x1, 0x4a, 0xd2, 0x0, 0x8b, 0x8, 0x16,
    0xae, 0x94, 0xb, 0x4, 0x1, 0xc0, 0xb, 0xa5,
    0x45, 0xaa, 0x0, 0xd0, 0x19, 0x81, 0xd0, 0x3,
    0x95, 0x81, 0xa, 0xc0, 0x14, 0x1, 0xf5, 0x0,
    0x10, 0x80, 0x48, 0x3, 0xe3, 0x0, 0x70, 0x80,
    0x7f, 0xf0, 0x48, 0x40, 0x3f, 0xf8, 0x24, 0x40,
    0x12, 0x0, 0xf8, 0xc0, 0x1d, 0x60, 0xa, 0x0,
    0xfa, 0x80, 0x8, 0x66, 0x7, 0x40, 0xe, 0x56,
    0x4, 0x20, 0xe0, 0x5, 0xd2, 0xa2, 0xd5, 0x0,
    0x68, 0x0, 0x58, 0x40, 0xb5, 0x74, 0xa0, 0x58,
    0x20, 0x11, 0xec, 0xa0, 0x80, 0xa4, 0xe9, 0x0,
    0x0,

    /* U+0070 "p" */
    0xbf, 0x20, 0x4b, 0xef, 0xd8, 0x10, 0xe, 0x78,
    0xb4, 0x10, 0x27, 0xf3, 0x0, 0xd0, 0xe3, 0x17,
    0x48, 0x3, 0xa2, 0x1, 0x11, 0xfb, 0xa2, 0xdb,
    0x80, 0xc8, 0x4, 0x3a, 0x20, 0x1a, 0x8, 0x14,
    0x2, 0x21, 0x0, 0xf2, 0x81, 0x8, 0x7, 0xfb,
    0x80, 0x6, 0x1, 0xfe, 0x30, 0x0, 0x80, 0x7f,
    0x88, 0x0, 0x40, 0x1f, 0xec, 0x1, 0x10, 0x7,
    0xf1, 0x20, 0x38, 0x7, 0xf0, 0xf8, 0x2, 0xc0,
    0x23, 0xb4, 0x23, 0x6f, 0x20, 0x82, 0x0, 0xc9,
    0x7b, 0x92, 0x21, 0xe, 0x1, 0x8e, 0x4c, 0x0,
    0x4d, 0xae, 0x1, 0xe6, 0xcf, 0xf6, 0xc9, 0x0,
    0x7f, 0xff, 0x80,

    /* U+0071 "q" */
    0x0, 0xcd, 0x9d, 0xfb, 0x24, 0x7f, 0x20, 0x3,
    0xd9, 0x31, 0x2, 0x6d, 0xe0, 0x8, 0xb4, 0x81,
    0x26, 0xe4, 0xc0, 0x80, 0x2e, 0x10, 0xab, 0x64,
    0x6c, 0x90, 0x8, 0xcc, 0xc, 0xa0, 0x1c, 0xc0,
    0x15, 0x80, 0x2c, 0x3, 0xfc, 0x40, 0x2, 0x0,
    0xff, 0x8, 0x8, 0x7, 0xfc, 0x20, 0x20, 0x1f,
    0xf1, 0x0, 0x8, 0x3, 0xfd, 0x60, 0xb, 0x0,
    0xff, 0x19, 0x81, 0x98, 0x1, 0xc6, 0x1, 0xb8,
    0x1, 0x36, 0xc8, 0xd7, 0x80, 0x18, 0xb0, 0x41,
    0x26, 0xe5, 0x0, 0x3c, 0x7f, 0x6, 0x0, 0x26,
    0xd0, 0xf, 0xb, 0xe7, 0xfb, 0x64, 0x80, 0x3f,
    0xff, 0xa0,

    /* U+0072 "r" */
    0xbf, 0x40, 0x8e, 0xfc, 0x0, 0x1d, 0xb8, 0x83,
    0x0, 0x29, 0xa, 0x21, 0xc0, 0x2, 0x3d, 0x77,
    0x20, 0x5, 0xc0, 0x1e, 0x22, 0x0, 0x78, 0x40,
    0x3f, 0xff, 0x20,

    /* U+0073 "s" */
    0x0, 0x14, 0xef, 0xfb, 0x69, 0x0, 0x24, 0xd6,
    0x20, 0x1, 0x2d, 0xc0, 0x2, 0x80, 0x6b, 0xb9,
    0x6c, 0x34, 0x6, 0x21, 0x4a, 0x22, 0x49, 0xe2,
    0x0, 0xff, 0xe0, 0x98, 0x85, 0x28, 0x7, 0xea,
    0x1, 0xae, 0xa4, 0x0, 0xe4, 0xe7, 0x11, 0x2d,
    0xf2, 0x80, 0x61, 0x8e, 0xb6, 0x1, 0xa6, 0x0,
    0xf2, 0x4e, 0x90, 0x40, 0x7, 0xe2, 0xa0, 0x11,
    0x2, 0x0, 0x7b, 0x0, 0x2, 0xb7, 0x66, 0x33,
    0x2d, 0xa0, 0x28, 0x10, 0x24, 0xe6, 0x29, 0x0,
    0xec, 0x1f, 0x5c, 0xc0, 0x2, 0x93, 0x82, 0x0,

    /* U+0074 "t" */
    0x0, 0x87, 0xac, 0x3, 0xeb, 0x10, 0xf, 0xce,
    0x1, 0xff, 0xc4, 0x4f, 0xf1, 0x2, 0x7f, 0xc8,
    0x1, 0xfe, 0x4d, 0xd1, 0x1, 0xee, 0xc8, 0x4,
    0x40, 0x3, 0x91, 0x40, 0x1f, 0xff, 0xf0, 0xf,
    0xe6, 0x4, 0x55, 0x40, 0x6, 0xc0, 0x5, 0x51,
    0xd0, 0x2, 0x77, 0x10, 0x13, 0x30,

    /* U+0075 "u" */
    0xbf, 0xc0, 0xf, 0x17, 0xf9, 0x40, 0x3f, 0xff,
    0xe0, 0x1f, 0xfe, 0x2, 0x0, 0xf2, 0x80, 0x46,
    0x2, 0x80, 0x19, 0xe0, 0x2, 0xb0, 0x5, 0xba,
    0x36, 0x41, 0x0, 0x46, 0xc0, 0x8, 0xb9, 0x32,
    0xf3, 0x0, 0xa6, 0x46, 0x0, 0x28, 0xd2, 0x50,
    0x0,

    /* U+0076 "v" */
    0x6f, 0xf2, 0x0, 0x7c, 0xbf, 0xe4, 0x70, 0x7,
    0x0, 0x7d, 0xc0, 0x28, 0x2a, 0xa, 0x1, 0xe1,
    0x40, 0x60, 0x7, 0x0, 0x14, 0x3, 0x98, 0x1,
    0x20, 0x4, 0x10, 0xe0, 0xe, 0xa0, 0x41, 0x0,
    0x98, 0x10, 0x40, 0x23, 0x20, 0xe0, 0xd, 0x40,
    0x6, 0x0, 0xa8, 0x5, 0x40, 0x31, 0x18, 0x58,
    0x4, 0xe0, 0xc0, 0x1e, 0x90, 0x32, 0x4, 0x10,
    0xa0, 0xf, 0x28, 0x2, 0x83, 0x81, 0x8, 0x3,
    0xe6, 0x5, 0x15, 0xe, 0x0, 0xfd, 0x40, 0x56,
    0x2, 0xa0, 0x1f, 0x8c, 0x81, 0x41, 0x80, 0x3f,
    0xd4, 0x1, 0x50, 0x7, 0xf9, 0x80, 0x6, 0x40,
    0x1c,

    /* U+0077 "w" */
    0x5f, 0xf1, 0x80, 0x70, 0xff, 0x0, 0x78, 0xbf,
    0xc8, 0xa0, 0x4, 0x0, 0xe6, 0x1, 0x40, 0xe,
    0x50, 0x14, 0x4, 0xb, 0x0, 0xeb, 0x0, 0x68,
    0x7, 0x58, 0x38, 0x3, 0x40, 0xc4, 0x2, 0x13,
    0x0, 0x38, 0x6, 0x13, 0xa, 0x0, 0x38, 0x1,
    0x0, 0x27, 0x5, 0x1, 0x30, 0x9, 0xc0, 0x4c,
    0x0, 0x26, 0x18, 0x1, 0x68, 0x72, 0x85, 0x80,
    0x5a, 0xc, 0x1, 0xac, 0x1c, 0x0, 0x28, 0x29,
    0xe0, 0xa0, 0x12, 0x5, 0x80, 0x65, 0x1, 0x20,
    0x70, 0x70, 0x50, 0x22, 0x2, 0x81, 0x18, 0x6,
    0x22, 0x2, 0x86, 0x85, 0x0, 0x14, 0x28, 0x3c,
    0x14, 0x3, 0xca, 0x18, 0x28, 0x46, 0x0, 0xf0,
    0x50, 0x50, 0xa0, 0xf, 0x58, 0x23, 0x82, 0x80,
    0x4a, 0x4, 0xe0, 0x44, 0x0, 0xf1, 0x88, 0x40,
    0x50, 0x6, 0x50, 0x80, 0xa0, 0xf, 0xce, 0x2,
    0x44, 0x0, 0xde, 0x1, 0x28, 0x7, 0xed, 0x0,
    0x50, 0x7, 0x28, 0x0, 0xc8, 0x3, 0xf2, 0x0,
    0x14, 0x3, 0xca, 0x16, 0x1, 0xc0,

    /* U+0078 "x" */
    0xd, 0xff, 0x8, 0x7, 0x5f, 0xf8, 0xc3, 0x80,
    0x16, 0x1, 0x95, 0x1, 0xcc, 0xd, 0xc1, 0x50,
    0x0, 0x36, 0x5, 0x0, 0x14, 0x18, 0x50, 0x2,
    0xc4, 0x3c, 0x3, 0xb8, 0x6, 0x11, 0x42, 0x8,
    0x3, 0x8a, 0x41, 0xe8, 0xd, 0xc0, 0x3e, 0x64,
    0x1, 0xe, 0x0, 0xfe, 0xd0, 0x1, 0x90, 0x7,
    0xe1, 0x90, 0x1, 0xb0, 0x7, 0xea, 0x1, 0x50,
    0x92, 0x0, 0xf3, 0xa0, 0x55, 0x4, 0x38, 0x3,
    0x8a, 0x1, 0x50, 0x2c, 0xd, 0xc0, 0x37, 0x80,
    0xd8, 0x1, 0x54, 0x10, 0x40, 0x8, 0x20, 0xb1,
    0x0, 0xac, 0x1, 0xc0, 0x8e, 0xa, 0xa0, 0xc,
    0x32, 0x7, 0x0,

    /* U+0079 "y" */
    0x1f, 0xf4, 0x80, 0x7e, 0xbf, 0xe0, 0x15, 0x7,
    0x0, 0xf8, 0x50, 0x18, 0x1, 0xc0, 0x2a, 0x1,
    0xe7, 0x0, 0x58, 0x1, 0x8, 0x3c, 0x3, 0xda,
    0x4, 0x60, 0x15, 0x2, 0x88, 0x6, 0x14, 0xa,
    0x0, 0xcc, 0x0, 0x70, 0xc, 0xe0, 0x5, 0x0,
    0xc2, 0xa1, 0x40, 0x1b, 0x40, 0xc8, 0x3, 0xb8,
    0xc, 0x80, 0x2, 0x81, 0x40, 0x1e, 0x42, 0xa,
    0x0, 0x38, 0x1, 0xc0, 0x3e, 0xa0, 0x60, 0x6,
    0x82, 0x8, 0x7, 0xcc, 0x2, 0x82, 0x81, 0xc0,
    0x1f, 0x85, 0x43, 0x9c, 0x0, 0xa0, 0x1f, 0xdc,
    0xb, 0x40, 0xc0, 0x1f, 0xe4, 0x20, 0x30, 0xd0,
    0xf, 0xfa, 0x80, 0x2, 0x80, 0x1f, 0xf2, 0x80,
    0x18, 0x3, 0xff, 0x80, 0xa0, 0xa, 0x0, 0xff,
    0x86, 0x41, 0x8, 0x3, 0xf1, 0xa, 0x60, 0x84,
    0x80, 0x7e, 0x5d, 0xeb, 0x20, 0xa2, 0x0, 0xfe,
    0x20, 0x2, 0x62, 0x80, 0x7e,

    /* U+007A "z" */
    0xaf, 0xff, 0xf0, 0x7, 0xff, 0x6, 0x33, 0x3d,
    0x20, 0x5, 0x2, 0x33, 0xf5, 0x81, 0x50, 0x7,
    0xd4, 0x41, 0xc0, 0x1f, 0x2a, 0x82, 0x4c, 0x3,
    0xc5, 0x40, 0xac, 0x1, 0xf7, 0x0, 0xd8, 0x7,
    0xd0, 0x61, 0xa2, 0x1, 0xe4, 0x70, 0x83, 0x0,
    0xf0, 0xd0, 0x23, 0x80, 0x7d, 0x62, 0x2a, 0x0,
    0xf9, 0x94, 0x20, 0xc8, 0xbc, 0x16, 0x0, 0x9d,
    0xdf, 0x94, 0xc0, 0x3f, 0xe0,

    /* U+007B "{" */
    0x0, 0xe2, 0xae, 0x90, 0xc, 0x9a, 0xa7, 0x80,
    0x1a, 0x81, 0x75, 0x40, 0x25, 0x10, 0xb0, 0xe,
    0x20, 0x21, 0x0, 0xff, 0xea, 0x78, 0x7, 0xe3,
    0x6, 0x0, 0xe8, 0x40, 0xf0, 0xd, 0xee, 0x32,
    0x80, 0x1e, 0x10, 0xf, 0x7c, 0x84, 0xa0, 0x7,
    0x32, 0x7, 0x80, 0x78, 0xc1, 0x80, 0x3d, 0xe0,
    0x1f, 0xfd, 0x72, 0x2, 0x10, 0xe, 0x51, 0xb,
    0x0, 0xf5, 0x82, 0xea, 0x80, 0x65, 0xc5, 0x3c,

    /* U+007C "|" */
    0x38, 0x24, 0x76, 0x0, 0xff, 0xfe, 0x0,

    /* U+007D "}" */
    0xbe, 0x91, 0x0, 0xd8, 0xd, 0xe6, 0x1, 0x3f,
    0x20, 0xf0, 0x7, 0x48, 0x11, 0x80, 0x62, 0x0,
    0x30, 0x7, 0xff, 0x44, 0x40, 0xc0, 0x38, 0xc3,
    0x0, 0x3a, 0xc1, 0x58, 0x3, 0x34, 0x4, 0xe8,
    0x7, 0xfc, 0xd0, 0x15, 0xa0, 0x15, 0x83, 0x28,
    0x6, 0x30, 0xf0, 0xe, 0x10, 0x30, 0xf, 0xfe,
    0x81, 0x0, 0x18, 0x3, 0x48, 0x11, 0x80, 0x1b,
    0x50, 0x38, 0x2, 0xd3, 0x6d, 0x30, 0x8,

    /* U+007E "~" */
    0x0, 0xff, 0xe0, 0x8, 0x80, 0x13, 0xff, 0x64,
    0x21, 0x12, 0x7a, 0x82, 0x98, 0x2, 0x37, 0xbd,
    0xd3, 0x4, 0xa, 0x86, 0x7e, 0xd3, 0x18, 0x81,
    0xd9, 0x80,

    /* U+00A0 " " */

    /* U+00A1 "¡" */
    0x1d, 0xf7, 0x62, 0x9, 0x20, 0x1, 0xac, 0xbf,
    0x83, 0x41, 0x0, 0x4, 0x1, 0x7c, 0x80, 0xe0,
    0x10, 0x80, 0x80, 0x71, 0x81, 0x80, 0x70, 0x80,
    0x80, 0x7d, 0xe2, 0x1, 0xe1, 0x30, 0x8, 0x40,
    0x6, 0x1, 0x80,

    /* U+00A2 "¢" */
    0x0, 0xf3, 0xfb, 0x0, 0x7f, 0xf3, 0x44, 0x3,
    0xfe, 0x6c, 0x90, 0x9e, 0xa3, 0x0, 0xc3, 0xb2,
    0x60, 0x10, 0xae, 0x38, 0x5, 0x84, 0xb, 0x9d,
    0xcb, 0x40, 0x30, 0x4, 0x90, 0x4d, 0x18, 0x89,
    0x2f, 0x10, 0x0, 0xc0, 0x8c, 0x1, 0xe3, 0x0,
    0x20, 0x3, 0xc0, 0x3f, 0xc6, 0x0, 0x50, 0xf,
    0xf7, 0x80, 0x4, 0x3, 0xfd, 0xe0, 0x1, 0x0,
    0xff, 0x10, 0x1, 0x40, 0x3f, 0xc8, 0x0, 0xe0,
    0xf, 0xf0, 0xa0, 0x2a, 0x0, 0x78, 0x40, 0x29,
    0x0, 0x5b, 0x80, 0x42, 0xff, 0x0, 0x2, 0xb0,
    0x4, 0x7e, 0xeb, 0xa0, 0x54, 0x2, 0x4d, 0x50,
    0x1, 0x10, 0x6, 0x34, 0x3, 0x15, 0x74, 0x82,
    0x67, 0x38, 0x7, 0xc2, 0x80, 0x26, 0x1, 0xfe,
    0x10, 0x10, 0xe,

    /* U+00A3 "£" */
    0x0, 0xc5, 0x5d, 0xfe, 0xda, 0x40, 0xe, 0x5d,
    0x51, 0x0, 0x12, 0xdd, 0x80, 0x21, 0xa0, 0x2,
    0xc4, 0xb0, 0x86, 0x0, 0x4c, 0x0, 0x7a, 0x76,
    0x9e, 0x97, 0x0, 0xb4, 0x1, 0x40, 0x1c, 0xc0,
    0x1f, 0x10, 0x7, 0xf8, 0x40, 0x3f, 0xfb, 0x6f,
    0xe8, 0x0, 0xff, 0xee, 0x0, 0xff, 0xe2, 0xbf,
    0xa0, 0x3, 0xff, 0xb8, 0x3, 0xff, 0xc6, 0xe0,
    0x20, 0x1f, 0xe1, 0x30, 0x70, 0xf, 0xe1, 0xd0,
    0x1c, 0x55, 0xf8, 0x0, 0xc6, 0x3, 0x55, 0xf9,
    0x1, 0x80, 0x3f, 0xe3, 0x0,

    /* U+00A4 "¤" */
    0x0, 0xff, 0xe2, 0x16, 0xa8, 0x7, 0xfa, 0x68,
    0x1c, 0xa9, 0x52, 0xbb, 0xfd, 0x90, 0x34, 0xc8,
    0x2b, 0x21, 0x56, 0xa2, 0x0, 0x37, 0xe5, 0x1c,
    0x10, 0x63, 0x0, 0xb, 0xd4, 0xa0, 0x5, 0x64,
    0x0, 0x33, 0x1, 0x7c, 0x2b, 0x5c, 0x80, 0x24,
    0x2, 0xb0, 0x4, 0x88, 0x6, 0x64, 0x3, 0x10,
    0x1, 0x80, 0x10, 0x3, 0xd8, 0x0, 0x50, 0x3,
    0x80, 0x7f, 0x10, 0x0, 0x40, 0xe, 0x1, 0xfc,
    0x40, 0x1, 0x0, 0x18, 0x1, 0x40, 0x3d, 0x80,
    0x5, 0x0, 0x50, 0x2, 0xc4, 0x3, 0x32, 0x1,
    0x88, 0x0, 0x8c, 0x7, 0xe1, 0x5a, 0xe4, 0x1,
    0x40, 0x14, 0x18, 0x0, 0x5e, 0xa5, 0x0, 0x29,
    0x30, 0x67, 0xb, 0xb2, 0x88, 0x0, 0x9f, 0x98,
    0x30, 0x9c, 0xad, 0x11, 0x5d, 0xfe, 0xd8, 0x19,
    0x66, 0x10, 0xea, 0x0, 0x7f, 0xa6, 0x40,

    /* U+00A5 "¥" */
    0xc, 0xff, 0x20, 0x7, 0xf7, 0x7e, 0x80, 0x3c,
    0x1, 0x20, 0x1f, 0xa0, 0x42, 0x0, 0x6, 0xa0,
    0x4a, 0x1, 0xe1, 0x70, 0x35, 0x0, 0xa0, 0x1,
    0x0, 0x1e, 0x80, 0x7, 0x80, 0x62, 0x70, 0x26,
    0x0, 0xc4, 0xc0, 0xa6, 0x1, 0xd0, 0x21, 0x0,
    0x1a, 0x40, 0x16, 0x1, 0xf5, 0x80, 0xb8, 0x0,
    0xd0, 0x20, 0x40, 0x3e, 0x53, 0x8, 0x10, 0xf0,
    0x17, 0x0, 0xfe, 0xf0, 0x4, 0x29, 0x85, 0x80,
    0x7f, 0x8d, 0x41, 0xa0, 0xd, 0x40, 0x3e, 0xcf,
    0xf9, 0x40, 0x4, 0x7, 0xff, 0x68, 0x6, 0x62,
    0x2e, 0x0, 0x9, 0x16, 0x70, 0xd, 0x5b, 0xba,
    0x40, 0x17, 0xbb, 0xa8, 0x3, 0x56, 0xee, 0xa0,
    0x5, 0xee, 0xea, 0x0, 0xcc, 0x45, 0x84, 0x0,
    0x24, 0x59, 0xc0, 0x36, 0x7f, 0xeb, 0x0, 0x57,
    0xfe, 0xd0, 0xf, 0xff, 0xf0,

    /* U+00A6 "¦" */
    0x37, 0x14, 0x85, 0x0, 0xff, 0xe7, 0xbf, 0xa0,
    0x7, 0xf2, 0x49, 0x1b, 0x30, 0x3, 0xff, 0x9e,

    /* U+00A7 "§" */
    0x1, 0x8d, 0xff, 0x76, 0x40, 0x80, 0xe3, 0x90,
    0x0, 0x4d, 0xc8, 0x24, 0x82, 0x7b, 0xfb, 0x24,
    0xc0, 0xc1, 0x98, 0x20, 0x26, 0xc0, 0x3, 0x2,
    0x0, 0xfd, 0x22, 0x96, 0x60, 0x1e, 0x1f, 0x44,
    0x67, 0xdb, 0x0, 0x69, 0x40, 0x23, 0x49, 0xe4,
    0x6, 0x71, 0xdd, 0x67, 0xa8, 0xd0, 0x68, 0x49,
    0x0, 0x56, 0x2, 0x40, 0x1f, 0xe3, 0x30, 0x49,
    0x0, 0x56, 0xa, 0x30, 0x83, 0xbb, 0x7a, 0xb5,
    0x0, 0x2e, 0x90, 0xc8, 0x7, 0xc0, 0x32, 0xdf,
    0x6b, 0x8c, 0xc8, 0x3, 0xc5, 0x12, 0xc, 0x20,
    0x1f, 0xe3, 0x58, 0x31, 0x0, 0x24, 0x0, 0x97,
    0x3e, 0x77, 0xfa, 0xc4, 0x28, 0x25, 0xcc, 0x40,
    0x4, 0xda, 0x80,

    /* U+00A8 "¨" */
    0x7e, 0x80, 0x5, 0x72, 0xd0, 0xb0, 0xa, 0x8f,
    0x50, 0x38, 0xa, 0x7, 0x0,

    /* U+00A9 "©" */
    0x0, 0xf8, 0xde, 0x6a, 0x58, 0xc0, 0x3f, 0xf8,
    0xf, 0xd9, 0xc, 0xad, 0x39, 0xaa, 0x1, 0xf8,
    0xb6, 0x2, 0x33, 0xfd, 0xd8, 0xe7, 0x56, 0x1,
    0xe2, 0xc2, 0x7e, 0x73, 0x0, 0x9, 0xc7, 0xaa,
    0x60, 0x7, 0x78, 0xd4, 0x0, 0x7e, 0x1a, 0x73,
    0xa0, 0xa, 0x9, 0xd4, 0x2, 0x37, 0x97, 0x30,
    0xa, 0x11, 0x50, 0x0, 0xc3, 0x0, 0x1, 0xbc,
    0x86, 0x8c, 0xa0, 0xa, 0x82, 0x1, 0x6, 0x40,
    0x2a, 0x46, 0xdf, 0xd7, 0xd0, 0x8, 0x54, 0xc7,
    0x1, 0x0, 0x6, 0x8b, 0x24, 0x5, 0xe, 0x1,
    0xb0, 0x10, 0x80, 0xc0, 0x16, 0x12, 0x1, 0xfe,
    0x50, 0x21, 0x0, 0xc2, 0x4, 0x1, 0xff, 0xc0,
    0xf0, 0xf, 0x88, 0x3, 0xff, 0x81, 0xe4, 0x4,
    0x0, 0xf0, 0xb0, 0xf, 0xf3, 0x0, 0xf8, 0x38,
    0x1, 0xc1, 0xd4, 0x2, 0x15, 0x0, 0xd8, 0x8,
    0xe1, 0xc0, 0x1, 0xa0, 0xad, 0xac, 0xeb, 0x0,
    0xce, 0x44, 0x15, 0x44, 0x0, 0x17, 0x14, 0xd4,
    0x97, 0x40, 0x27, 0x1a, 0x0, 0x40, 0x50, 0x80,
    0xe, 0xbb, 0xfa, 0x8c, 0x0, 0x90, 0x4e, 0x0,
    0x2a, 0x1c, 0x30, 0xf, 0xe5, 0xb0, 0xe0, 0xc,
    0xb2, 0x59, 0x2, 0x1, 0xc7, 0x54, 0x1c, 0x30,
    0xe, 0x6c, 0x37, 0xed, 0xba, 0xbe, 0xc5, 0x4f,
    0x30, 0xf, 0x8f, 0x2d, 0x81, 0x15, 0x44, 0xfb,
    0x62, 0x1, 0x80,

    /* U+00AA "ª" */
    0x4, 0xbe, 0xfd, 0x70, 0xb, 0x59, 0xd8, 0xe1,
    0x80, 0x13, 0xb3, 0x2d, 0xd, 0x0, 0xf1, 0x83,
    0x80, 0x1b, 0x7f, 0xda, 0x1, 0x34, 0xb5, 0xe4,
    0x0, 0x5e, 0x1e, 0x86, 0xa0, 0x17, 0x84, 0xc4,
    0xf0, 0x1b, 0xb4, 0x1b, 0xad, 0x40, 0x60,

    /* U+00AB "«" */
    0x0, 0xe1, 0x0, 0xc2, 0x1, 0xd5, 0x84, 0x0,
    0x8f, 0x30, 0x9, 0xd4, 0xc0, 0xa, 0xe2, 0x1,
    0x24, 0x6, 0x91, 0xd0, 0x51, 0x81, 0x50, 0x49,
    0x8e, 0x84, 0x28, 0x3, 0xc5, 0xd8, 0x34, 0x55,
    0xc0, 0x26, 0x3, 0x0, 0x30, 0x38, 0x6, 0xb2,
    0x49, 0xa, 0x32, 0xb0, 0xd, 0xe2, 0xce, 0x1a,
    0x49, 0x0, 0x11, 0x68, 0x42, 0xf, 0x83, 0xa8,
    0x4, 0x72, 0x88, 0x2, 0xb3, 0x40, 0xc, 0xd6,
    0x1, 0x26, 0x8,

    /* U+00AC "¬" */
    0x12, 0x2f, 0xfe, 0x8, 0x46, 0xef, 0xff, 0x5,
    0x0, 0x3f, 0xf8, 0x73, 0xff, 0xff, 0x8, 0x7,
    0xff, 0xc8,

    /* U+00AD "­" */
    0x22, 0xfc, 0x1b, 0xbf, 0x90, 0x3, 0xf8,

    /* U+00AE "®" */
    0x0, 0xf8, 0xde, 0x6a, 0x58, 0xc0, 0x3f, 0xf8,
    0xf, 0xd9, 0xc, 0xad, 0x39, 0xaa, 0x1, 0xf8,
    0xb6, 0x2, 0x33, 0xfd, 0xd8, 0xe7, 0x56, 0x1,
    0xe2, 0xc2, 0x7e, 0x73, 0x0, 0x9, 0xc7, 0xaa,
    0x60, 0x7, 0x78, 0xd4, 0x0, 0x7e, 0x1a, 0x73,
    0xa0, 0xa, 0x9, 0xd4, 0x0, 0xf1, 0x13, 0x10,
    0x5, 0x8, 0xa8, 0x0, 0x61, 0x80, 0xa, 0x1d,
    0xe9, 0xd6, 0x0, 0xa8, 0x20, 0x10, 0x64, 0x3,
    0x97, 0xfd, 0x83, 0x0, 0x10, 0xa9, 0x8e, 0x2,
    0x0, 0x7e, 0x32, 0x10, 0xd, 0x80, 0x84, 0x6,
    0x1, 0xc2, 0x44, 0x63, 0x40, 0xc, 0xa0, 0x42,
    0x1, 0xf2, 0x6e, 0xa5, 0x28, 0x3, 0xde, 0x1,
    0xf8, 0xea, 0x40, 0x84, 0x3, 0xde, 0x40, 0x40,
    0x1c, 0xca, 0xc8, 0xc2, 0x1, 0x98, 0x7, 0xc1,
    0xc0, 0x3f, 0x40, 0x40, 0x6, 0xc0, 0x47, 0xe,
    0x0, 0xfc, 0x66, 0x62, 0x0, 0x9c, 0x88, 0x2a,
    0x88, 0x0, 0xa7, 0x80, 0x2e, 0x81, 0x0, 0x38,
    0xd0, 0x2, 0x2, 0x84, 0x0, 0xc8, 0x1, 0x13,
    0x98, 0x24, 0x13, 0x80, 0xa, 0x87, 0xc, 0x3,
    0xf9, 0x6c, 0x38, 0x3, 0x2c, 0x96, 0x40, 0x80,
    0x71, 0xd5, 0x7, 0xc, 0x3, 0x9b, 0xd, 0xfb,
    0x6e, 0xaf, 0xb1, 0x53, 0xcc, 0x3, 0xe3, 0xcb,
    0x60, 0x45, 0x51, 0x3e, 0xd8, 0x80, 0x60,

    /* U+00AF "¯" */
    0x79, 0x9e, 0x79, 0x66, 0xea,

    /* U+00B0 "°" */
    0x0, 0x3e, 0x6d, 0xa0, 0x5, 0x70, 0x64, 0x96,
    0xc0, 0xa8, 0x39, 0xf0, 0x12, 0x18, 0xc, 0x60,
    0xe2, 0x6, 0x0, 0xf0, 0x8, 0xc1, 0xfc, 0x28,
    0x41, 0x8, 0x15, 0x88, 0x9d, 0xb6, 0xe, 0x21,
    0x8c, 0x44, 0x3a, 0x80,

    /* U+00B1 "±" */
    0x0, 0xf0, 0x90, 0x7, 0xff, 0x6, 0xb5, 0x80,
    0x3f, 0xfd, 0x2, 0x3c, 0x0, 0x11, 0xf0, 0x4f,
    0x77, 0x20, 0x47, 0x77, 0x20, 0x7, 0xff, 0xe,
    0x7f, 0xf9, 0x2, 0x7f, 0xf9, 0x0, 0x3f, 0xfe,
    0x22, 0x3d, 0x5c, 0xe2, 0x3c, 0x13, 0xdd, 0xff,
    0xc1, 0x40, 0xf, 0xfe, 0x18,

    /* U+00B2 "²" */
    0x0, 0x3e, 0x7f, 0x62, 0x0, 0x5b, 0x6, 0x22,
    0x3b, 0x60, 0x4, 0x43, 0xfb, 0xd0, 0x2c, 0x0,
    0xae, 0x1, 0x70, 0x10, 0x7, 0xda, 0x8, 0x1,
    0xe3, 0x70, 0x90, 0xe, 0x4c, 0xb, 0x20, 0xc,
    0xd6, 0x38, 0x80, 0x1a, 0xa4, 0xfc, 0xc0, 0x35,
    0xa8, 0xe, 0x6e, 0xc6, 0xe, 0x0, 0x22, 0xe7,

    /* U+00B3 "³" */
    0x4, 0xbe, 0xfe, 0x92, 0x5, 0xb4, 0x2, 0x16,
    0xc1, 0x5a, 0xee, 0x6f, 0x0, 0xa8, 0x28, 0x80,
    0x10, 0x5, 0x0, 0x5, 0xfe, 0xa2, 0xc0, 0x8,
    0xd9, 0x48, 0x9e, 0x20, 0x1, 0x9a, 0xd4, 0x28,
    0x0, 0xf1, 0x81, 0x1c, 0x90, 0x0, 0x94, 0xe,
    0x5b, 0x7b, 0x9a, 0x44, 0x9a, 0x83, 0x11, 0x13,
    0xe0, 0x80,

    /* U+00B4 "´" */
    0x0, 0x3c, 0x38, 0x1, 0xe1, 0xc8, 0x6, 0x2,
    0x54, 0x20, 0x25, 0x80, 0x0,

    /* U+00B5 "µ" */
    0xbf, 0xc0, 0xf, 0xaf, 0xf4, 0x3, 0xff, 0xfe,
    0x1, 0xff, 0xe0, 0x30, 0xf, 0xa, 0x80, 0x73,
    0x80, 0x61, 0xd1, 0x0, 0xe8, 0xa5, 0x47, 0xf3,
    0x10, 0xf, 0x2d, 0x5c, 0xb, 0x58, 0x6, 0x38,
    0x20, 0x1, 0xd4, 0xb8, 0x7, 0x3e, 0xff, 0xb1,
    0x40, 0xbf, 0x40, 0x3f, 0xfe, 0xa0,

    /* U+00B6 "¶" */
    0x0, 0xc, 0xef, 0xff, 0x84, 0xb, 0xd8, 0x80,
    0x2, 0x40, 0x1a, 0x4, 0x3, 0x4e, 0x90, 0x4,
    0xa0, 0x1f, 0xe1, 0x0, 0xff, 0x84, 0x3, 0xff,
    0x80, 0x60, 0x1f, 0xf4, 0x0, 0x7f, 0xc9, 0x42,
    0x1, 0xfe, 0x5e, 0xc5, 0x0, 0xff, 0x1e, 0x80,
    0x7f, 0xff, 0xc0, 0x3f, 0xfb, 0x60,

    /* U+00B7 "·" */
    0x1, 0x89, 0x20, 0x6, 0x3b, 0x68, 0x91, 0x0,
    0x24, 0x30, 0xc, 0xc3, 0x42, 0x28, 0x30,

    /* U+00B8 "¸" */
    0x4, 0xe2, 0x0, 0xa5, 0x88, 0x0, 0x44, 0x7f,
    0x90, 0x2e, 0xf4, 0x63, 0x52, 0x23, 0x80, 0xce,
    0x69, 0xb9, 0x66, 0xe7, 0x40, 0x0,

    /* U+00B9 "¹" */
    0x0, 0x15, 0x7d, 0x80, 0x43, 0x7a, 0xa0, 0x1c,
    0x2c, 0x8c, 0x1, 0xed, 0xbc, 0x0, 0xff, 0xf3,
    0x16, 0x62, 0x1, 0x73, 0x0, 0x26, 0x62, 0x1,
    0x33, 0x0,

    /* U+00BA "º" */
    0x0, 0x3e, 0xff, 0x51, 0x0, 0x57, 0x6, 0xa6,
    0xb8, 0x40, 0xc8, 0x7d, 0x5a, 0xc3, 0x21, 0xa1,
    0x20, 0x14, 0x2, 0x3, 0x83, 0x0, 0x42, 0x1,
    0x38, 0x30, 0x4, 0x20, 0x16, 0x84, 0x80, 0x50,
    0xa, 0xc, 0x66, 0xea, 0xd6, 0x1b, 0x0, 0x63,
    0x82, 0x9b, 0x78, 0x80,

    /* U+00BB "»" */
    0x0, 0x8, 0x6, 0x10, 0xe, 0xac, 0x10, 0x4,
    0xf9, 0x0, 0x61, 0x2a, 0x0, 0x18, 0xf8, 0x6,
    0xa2, 0x49, 0xa, 0x32, 0xa0, 0x8, 0x7c, 0x59,
    0x81, 0xa2, 0xae, 0x1, 0x15, 0x4, 0x98, 0xe0,
    0x42, 0x0, 0x46, 0x2, 0x40, 0xe0, 0x6, 0x0,
    0x2c, 0x6, 0x89, 0xd0, 0x59, 0x1, 0xd0, 0x51,
    0x8e, 0x84, 0x20, 0x3, 0x41, 0xd4, 0x30, 0x55,
    0xc0, 0x29, 0x58, 0x0, 0x42, 0x50, 0x6, 0x7a,
    0x0, 0x96, 0xc0, 0x30,

    /* U+00BC "¼" */
    0x0, 0xff, 0xe1, 0x2f, 0xc8, 0x7, 0xfc, 0x4e,
    0xa0, 0x1f, 0xbc, 0x34, 0x3, 0xf8, 0xeb, 0x63,
    0x80, 0x3f, 0x28, 0x20, 0x7, 0xe1, 0xc5, 0x10,
    0xf, 0xe4, 0x5, 0x0, 0xfe, 0x18, 0xcb, 0x0,
    0xfe, 0xe0, 0xe0, 0xf, 0xf3, 0x98, 0x7, 0xf9,
    0x41, 0x0, 0x3f, 0xf9, 0x28, 0xa, 0x1, 0xff,
    0xca, 0xe0, 0xf0, 0xf, 0xfe, 0x52, 0x2, 0x80,
    0x7f, 0xf2, 0x50, 0x54, 0x3, 0xe2, 0x10, 0xf,
    0xfe, 0xe, 0x87, 0x80, 0x7b, 0x74, 0xe0, 0x3,
    0xff, 0x50, 0x27, 0xf8, 0x2, 0x70, 0x50, 0xe,
    0xb2, 0x0, 0xc2, 0x67, 0xf0, 0x1, 0x5, 0x40,
    0x3a, 0x50, 0x3, 0x8b, 0x33, 0xe0, 0x6, 0x87,
    0x80, 0x67, 0x64, 0x60, 0xf, 0xfe, 0x13, 0x82,
    0x80, 0x49, 0x7, 0x60, 0x1f, 0xfc, 0x24, 0x14,
    0x0, 0x8e, 0xcb, 0x40, 0x3f, 0xf8, 0x7a, 0x1c,
    0x1, 0x70, 0xd, 0x5a, 0x5, 0xd8, 0x40, 0x3f,
    0x9c, 0x10, 0x2, 0x30, 0x34, 0x41, 0x1, 0x20,
    0x7, 0xf1, 0x8a, 0x8, 0x5, 0xdf, 0xf9, 0x82,
    0x7c, 0x40, 0x3f, 0x50, 0x68, 0x7, 0xff, 0x29,
    0xc1, 0xc0, 0x3f, 0xf9, 0x26, 0x28, 0x20, 0x1f,
    0xd3, 0xec, 0x1, 0xfd, 0x41, 0xa0, 0x1f, 0xfc,
    0xa7, 0x7, 0x0, 0xff, 0xe4, 0x8b, 0x48, 0x80,
    0x7f, 0xf0, 0xc0,

    /* U+00BD "½" */
    0x0, 0xff, 0xe1, 0x2f, 0xc8, 0x7, 0xf8, 0x9d,
    0x40, 0x3f, 0x78, 0x68, 0x7, 0xe2, 0x9d, 0x8e,
    0x0, 0xfc, 0xa0, 0x80, 0x1f, 0xe, 0xb0, 0x7,
    0xf9, 0x1, 0x40, 0x3f, 0xb, 0x54, 0x80, 0x7f,
    0x70, 0x70, 0x7, 0xf4, 0xa9, 0x80, 0x7f, 0x28,
    0x20, 0x7, 0xff, 0x21, 0x1, 0x40, 0x3f, 0xf9,
    0x3c, 0x1e, 0x1, 0xff, 0xc9, 0x40, 0x50, 0xf,
    0xfe, 0x42, 0xa, 0x80, 0x7f, 0xf2, 0x74, 0x3c,
    0x0, 0x97, 0xdf, 0xb2, 0x20, 0x7f, 0xea, 0x4,
    0xff, 0x0, 0x4e, 0xa, 0xb, 0x68, 0x22, 0x26,
    0xc0, 0x13, 0x3f, 0x80, 0x8, 0x2a, 0x0, 0x58,
    0xdf, 0xeb, 0x2, 0x52, 0xcc, 0xf8, 0x1, 0xa1,
    0xe0, 0x13, 0x90, 0x1, 0x8, 0xc, 0x3, 0xfc,
    0xe0, 0xa0, 0x1f, 0x9, 0x2, 0x0, 0x7f, 0x20,
    0xa0, 0x7, 0xea, 0x6, 0x20, 0xf, 0xed, 0xe,
    0x0, 0xfa, 0x91, 0x12, 0x1, 0xfe, 0x70, 0x40,
    0xe, 0x1c, 0x56, 0xb0, 0xf, 0xf1, 0x8a, 0x8,
    0x6, 0x4f, 0x39, 0x90, 0x7, 0xfd, 0x41, 0xa0,
    0x18, 0xec, 0x45, 0x7b, 0xb5, 0x0, 0x7e, 0x70,
    0x70, 0xc, 0xc0, 0x1, 0x22, 0xcc, 0x1, 0xf1,
    0x8a, 0x8, 0x6, 0x5f, 0xff, 0xb0, 0x3, 0xea,
    0xd, 0x0, 0xff, 0xe4, 0xb8, 0x38, 0x7, 0xff,
    0x20, 0x5a, 0x44, 0x3, 0xff, 0x84,

    /* U+00BE "¾" */
    0x0, 0xff, 0xe1, 0xaf, 0xc8, 0x7, 0xf1, 0x45,
    0xe5, 0x28, 0x7, 0xef, 0xd, 0x0, 0xfc, 0xba,
    0xe8, 0x6b, 0x56, 0x1, 0xf2, 0x8a, 0x0, 0x7e,
    0x44, 0x57, 0x7c, 0x82, 0x18, 0x7, 0x28, 0x38,
    0x7, 0xf0, 0xda, 0x88, 0x30, 0x1, 0xc0, 0x3b,
    0xc3, 0x40, 0x3f, 0xf8, 0x22, 0xe0, 0x68, 0x1,
    0xca, 0x28, 0x1, 0xff, 0x17, 0xf4, 0x1e, 0x80,
    0x72, 0x82, 0x0, 0x7f, 0xf0, 0xd, 0x94, 0x8f,
    0x8, 0x3, 0x78, 0x70, 0x7, 0xff, 0x0, 0x66,
    0xb5, 0x4a, 0xc0, 0x32, 0x82, 0x0, 0x7f, 0xf1,
    0x8, 0x8, 0x2, 0x40, 0x50, 0xf, 0x9, 0x0,
    0x4b, 0x68, 0x0, 0x46, 0x3, 0x0, 0xb8, 0x3c,
    0x3, 0x87, 0x35, 0x80, 0x18, 0x97, 0xfe, 0xb1,
    0x38, 0x0, 0x90, 0x14, 0x3, 0xa8, 0x80, 0x34,
    0xda, 0x99, 0x96, 0xb0, 0x2, 0x41, 0x50, 0xe,
    0x94, 0x10, 0xe, 0x4a, 0xcc, 0x52, 0x80, 0x6d,
    0xf, 0x0, 0xce, 0xcc, 0x70, 0xf, 0xfe, 0x1b,
    0x82, 0x80, 0x4b, 0x9, 0x20, 0x1f, 0xfc, 0x34,
    0x15, 0x0, 0x8e, 0x8a, 0xc0, 0x3f, 0xf8, 0x9a,
    0x1e, 0x1, 0x70, 0xd, 0xd9, 0x2, 0xac, 0x40,
    0x3f, 0xce, 0xa, 0x1, 0x18, 0x1a, 0x20, 0x80,
    0xd0, 0x3, 0xfc, 0x82, 0x80, 0x1b, 0xbf, 0xf3,
    0x4, 0xf8, 0x80, 0x7f, 0x68, 0x70, 0x7, 0xff,
    0x2d, 0xc1, 0x40, 0x3f, 0xf9, 0x48, 0x28, 0x1,
    0xfe, 0x9f, 0x60, 0xf, 0xf6, 0x86, 0x80, 0x7f,
    0xf2, 0xdc, 0x1c, 0x3, 0xff, 0x94, 0x2d, 0x22,
    0x1, 0xff, 0xc3,

    /* U+00BF "¿" */
    0x0, 0xe6, 0xfd, 0x20, 0xf, 0xeb, 0x2, 0xa0,
    0xf, 0xe1, 0x0, 0x70, 0x7, 0xf6, 0xbc, 0xb0,
    0x7, 0xf0, 0xc3, 0x0, 0x7f, 0xc6, 0x60, 0xf,
    0xf2, 0xe6, 0x0, 0x3f, 0xda, 0x4, 0x1, 0xfe,
    0x60, 0x40, 0xf, 0xe9, 0x10, 0xb0, 0xf, 0xd0,
    0xc1, 0x4, 0x1, 0xf4, 0x38, 0x3b, 0x80, 0x3e,
    0x87, 0x9, 0x80, 0xf, 0x8d, 0xc1, 0xd8, 0x3,
    0xf5, 0x80, 0x24, 0x3, 0xf8, 0x40, 0x3f, 0xf8,
    0x1c, 0x0, 0x60, 0xf, 0x11, 0x1, 0x80, 0x11,
    0x2, 0x1, 0x39, 0xd8, 0x1, 0xa0, 0x3, 0xef,
    0xf6, 0x30, 0x8, 0x1, 0x75, 0x44, 0x2, 0x15,
    0xbb, 0x0, 0x45, 0x5d, 0xcd, 0xee, 0x52, 0x0,
    0x0,

    /* U+00C0 "À" */
    0x0, 0xe3, 0xff, 0x70, 0x7, 0xff, 0xc, 0xf0,
    0x5, 0xc0, 0x3f, 0xf8, 0x67, 0x81, 0x2, 0x1,
    0xff, 0xc3, 0x3c, 0x72, 0x0, 0xff, 0xe2, 0x1c,
    0x18, 0x7, 0xff, 0xc, 0xbf, 0xe3, 0x0, 0xff,
    0xe1, 0x50, 0x5, 0x40, 0x1f, 0xfc, 0x26, 0x0,
    0x9c, 0x3, 0xff, 0x82, 0x62, 0xa, 0x2, 0xa0,
    0x1f, 0xfc, 0xa, 0x0, 0x50, 0x87, 0x0, 0x7f,
    0xf0, 0x18, 0x18, 0x1c, 0x10, 0x40, 0x3f, 0xca,
    0x0, 0xd0, 0xa0, 0x3, 0x80, 0x7f, 0xb8, 0x5,
    0x0, 0xc8, 0x28, 0x3, 0xf8, 0x50, 0x18, 0x2,
    0x50, 0x32, 0x0, 0xfc, 0xc0, 0xb, 0x0, 0xa8,
    0x1, 0x40, 0x1f, 0xac, 0x8, 0xc0, 0x22, 0x30,
    0x60, 0xf, 0x88, 0xc2, 0x80, 0x3a, 0x80, 0x50,
    0x3, 0xd4, 0x0, 0x60, 0xe, 0x70, 0x7, 0x0,
    0x79, 0x80, 0x1d, 0xff, 0xdc, 0x0, 0x50, 0xe,
    0x41, 0x0, 0xff, 0xe0, 0x30, 0x6, 0xe0, 0x6,
    0x6e, 0xfd, 0x80, 0xa, 0x0, 0xca, 0x8, 0x64,
    0x5f, 0x1a, 0x81, 0x90, 0x1, 0x40, 0x1c, 0x1,
    0xfd, 0xe0, 0x5, 0x0, 0x70, 0x1, 0x40, 0x3f,
    0x94, 0x1, 0x40, 0x28, 0xa, 0x1, 0xff, 0x28,
    0x11, 0x80,

    /* U+00C1 "Á" */
    0x0, 0xfe, 0x6f, 0xf5, 0x0, 0x7f, 0xf0, 0xe0,
    0x16, 0x80, 0x3f, 0xf8, 0x50, 0x29, 0x40, 0x1f,
    0xfc, 0x3f, 0x8b, 0x0, 0xff, 0xe2, 0x3b, 0x80,
    0x3f, 0xf8, 0x85, 0xff, 0x18, 0x7, 0xff, 0xa,
    0x80, 0x2a, 0x0, 0xff, 0xe1, 0x30, 0x4, 0xe0,
    0x1f, 0xfc, 0x13, 0x10, 0x50, 0x15, 0x0, 0xff,
    0xe0, 0x50, 0x2, 0x84, 0x38, 0x3, 0xff, 0x80,
    0xc0, 0xc0, 0xe0, 0x82, 0x1, 0xfe, 0x50, 0x6,
    0x85, 0x0, 0x1c, 0x3, 0xfd, 0xc0, 0x28, 0x6,
    0x41, 0x40, 0x1f, 0xc2, 0x80, 0xc0, 0x12, 0x81,
    0x90, 0x7, 0xe6, 0x0, 0x58, 0x5, 0x40, 0xa,
    0x0, 0xfd, 0x60, 0x46, 0x1, 0x11, 0x83, 0x0,
    0x7c, 0x46, 0x14, 0x1, 0xd4, 0x2, 0x80, 0x1e,
    0xa0, 0x3, 0x0, 0x73, 0x80, 0x38, 0x3, 0xcc,
    0x0, 0xef, 0xfe, 0xe0, 0x2, 0x80, 0x72, 0x8,
    0x7, 0xff, 0x1, 0x80, 0x37, 0x0, 0x33, 0x77,
    0xec, 0x0, 0x50, 0x6, 0x50, 0x43, 0x22, 0xf8,
    0xd4, 0xc, 0x80, 0xa, 0x0, 0xe0, 0xf, 0xef,
    0x0, 0x28, 0x3, 0x80, 0xa, 0x1, 0xfc, 0xa0,
    0xa, 0x1, 0x40, 0x50, 0xf, 0xf9, 0x40, 0x8c,

    /* U+00C2 "Â" */
    0x0, 0xfd, 0x3f, 0x60, 0x1f, 0xfc, 0x38, 0x60,
    0x49, 0x0, 0xff, 0xe0, 0xb3, 0x96, 0x9b, 0x38,
    0x7, 0xfc, 0x22, 0x7f, 0x2d, 0x80, 0x10, 0xf,
    0xf0, 0xbc, 0x10, 0xb, 0xb8, 0x40, 0x3f, 0xf8,
    0x5, 0xff, 0x18, 0x7, 0xff, 0xa, 0x80, 0x2a,
    0x0, 0xff, 0xe1, 0x30, 0x4, 0xe0, 0x1f, 0xfc,
    0x13, 0x10, 0x50, 0x15, 0x0, 0xff, 0xe0, 0x50,
    0x2, 0x84, 0x38, 0x3, 0xff, 0x80, 0xc0, 0xc0,
    0xe0, 0x82, 0x1, 0xfe, 0x50, 0x6, 0x85, 0x0,
    0x1c, 0x3, 0xfd, 0xc0, 0x28, 0x6, 0x41, 0x40,
    0x1f, 0xc2, 0x80, 0xc0, 0x12, 0x81, 0x90, 0x7,
    0xe6, 0x0, 0x58, 0x5, 0x40, 0xa, 0x0, 0xfd,
    0x60, 0x46, 0x1, 0x11, 0x83, 0x0, 0x7c, 0x46,
    0x14, 0x1, 0xd4, 0x2, 0x80, 0x1e, 0xa0, 0x3,
    0x0, 0x73, 0x80, 0x38, 0x3, 0xcc, 0x0, 0xef,
    0xfe, 0xe0, 0x2, 0x80, 0x72, 0x8, 0x7, 0xff,
    0x1, 0x80, 0x37, 0x0, 0x33, 0x77, 0xec, 0x0,
    0x50, 0x6, 0x50, 0x43, 0x22, 0xf8, 0xd4, 0xc,
    0x80, 0xa, 0x0, 0xe0, 0xf, 0xef, 0x0, 0x28,
    0x3, 0x80, 0xa, 0x1, 0xfc, 0xa0, 0xa, 0x1,
    0x40, 0x50, 0xf, 0xf9, 0x40, 0x8c,

    /* U+00C3 "Ã" */
    0x0, 0xf3, 0xf7, 0x20, 0x42, 0xdc, 0x3, 0xfc,
    0xb0, 0x22, 0x7e, 0xe2, 0x8, 0x7, 0xf8, 0xd7,
    0xbe, 0x8, 0x5d, 0x80, 0x3f, 0xcd, 0x42, 0xf,
    0xbf, 0x0, 0x1f, 0xfd, 0x42, 0xff, 0x8c, 0x3,
    0xff, 0x85, 0x40, 0x15, 0x0, 0x7f, 0xf0, 0x98,
    0x2, 0x70, 0xf, 0xfe, 0x9, 0x88, 0x28, 0xa,
    0x80, 0x7f, 0xf0, 0x28, 0x1, 0x42, 0x1c, 0x1,
    0xff, 0xc0, 0x60, 0x60, 0x70, 0x41, 0x0, 0xff,
    0x28, 0x3, 0x42, 0x80, 0xe, 0x1, 0xfe, 0xe0,
    0x14, 0x3, 0x20, 0xa0, 0xf, 0xe1, 0x40, 0x60,
    0x9, 0x40, 0xc8, 0x3, 0xf3, 0x0, 0x2c, 0x2,
    0xa0, 0x5, 0x0, 0x7e, 0xb0, 0x23, 0x0, 0x88,
    0xc1, 0x80, 0x3e, 0x23, 0xa, 0x0, 0xea, 0x1,
    0x40, 0xf, 0x50, 0x1, 0x80, 0x39, 0xc0, 0x1c,
    0x1, 0xe6, 0x0, 0x77, 0xff, 0x70, 0x1, 0x40,
    0x39, 0x4, 0x3, 0xff, 0x80, 0xc0, 0x1b, 0x80,
    0x19, 0xbb, 0xf6, 0x0, 0x28, 0x3, 0x28, 0x21,
    0x91, 0x7c, 0x6a, 0x6, 0x40, 0x5, 0x0, 0x70,
    0x7, 0xf7, 0x80, 0x14, 0x1, 0xc0, 0x5, 0x0,
    0xfe, 0x50, 0x5, 0x0, 0xa0, 0x28, 0x7, 0xfc,
    0xa0, 0x46,

    /* U+00C4 "Ä" */
    0x0, 0xe2, 0xcc, 0x8, 0x2, 0xf4, 0x80, 0x3f,
    0xca, 0x66, 0x40, 0x44, 0x12, 0x80, 0x7f, 0x94,
    0x49, 0xc1, 0x48, 0x50, 0x3, 0xfc, 0x5d, 0xa4,
    0x3, 0xbc, 0x60, 0x1f, 0xfc, 0x2, 0xff, 0x8c,
    0x3, 0xff, 0x85, 0x40, 0x15, 0x0, 0x7f, 0xf0,
    0x98, 0x2, 0x70, 0xf, 0xfe, 0x9, 0x88, 0x28,
    0xa, 0x80, 0x7f, 0xf0, 0x28, 0x1, 0x42, 0x1c,
    0x1, 0xff, 0xc0, 0x60, 0x60, 0x70, 0x41, 0x0,
    0xff, 0x28, 0x3, 0x42, 0x80, 0xe, 0x1, 0xfe,
    0xe0, 0x14, 0x3, 0x20, 0xa0, 0xf, 0xe1, 0x40,
    0x60, 0x9, 0x40, 0xc8, 0x3, 0xf3, 0x0, 0x2c,
    0x2, 0xa0, 0x5, 0x0, 0x7e, 0xb0, 0x23, 0x0,
    0x88, 0xc1, 0x80, 0x3e, 0x23, 0xa, 0x0, 0xea,
    0x1, 0x40, 0xf, 0x50, 0x1, 0x80, 0x39, 0xc0,
    0x1c, 0x1, 0xe6, 0x0, 0x77, 0xff, 0x70, 0x1,
    0x40, 0x39, 0x4, 0x3, 0xff, 0x80, 0xc0, 0x1b,
    0x80, 0x19, 0xbb, 0xf6, 0x0, 0x28, 0x3, 0x28,
    0x21, 0x91, 0x7c, 0x6a, 0x6, 0x40, 0x5, 0x0,
    0x70, 0x7, 0xf7, 0x80, 0x14, 0x1, 0xc0, 0x5,
    0x0, 0xfe, 0x50, 0x5, 0x0, 0xa0, 0x28, 0x7,
    0xfc, 0xa0, 0x46,

    /* U+00C5 "Å" */
    0x0, 0xff, 0xe7, 0x2f, 0x7f, 0x28, 0x7, 0xff,
    0x4, 0xa9, 0x6d, 0x68, 0x80, 0x3f, 0xf8, 0xe,
    0x10, 0x90, 0x8, 0x1, 0xff, 0xc0, 0x60, 0xa1,
    0xa0, 0x50, 0xf, 0xfe, 0x1, 0xbb, 0x73, 0x39,
    0x80, 0x7f, 0xf0, 0x63, 0xb3, 0xa0, 0x3, 0xff,
    0x84, 0x5d, 0x9c, 0x60, 0x1f, 0xfc, 0x2a, 0x0,
    0xa8, 0x3, 0xff, 0x84, 0xc0, 0x13, 0x80, 0x7f,
    0xf0, 0x4c, 0x41, 0x40, 0x54, 0x3, 0xff, 0x81,
    0x40, 0xa, 0x10, 0xe0, 0xf, 0xfe, 0x3, 0x3,
    0x3, 0x82, 0x8, 0x7, 0xf9, 0x40, 0x1a, 0x14,
    0x0, 0x70, 0xf, 0xf7, 0x0, 0xa0, 0x19, 0x5,
    0x0, 0x7f, 0xa, 0x3, 0x0, 0x4a, 0x6, 0x40,
    0x1f, 0x98, 0x1, 0x60, 0x15, 0x0, 0x28, 0x3,
    0xf5, 0x81, 0x18, 0x4, 0x46, 0xc, 0x1, 0xf1,
    0x18, 0x50, 0x7, 0x50, 0xa, 0x0, 0x7a, 0x80,
    0xc, 0x1, 0xce, 0x0, 0xe0, 0xf, 0x30, 0x3,
    0xbf, 0xfb, 0x80, 0xa, 0x1, 0xc8, 0x20, 0x1f,
    0xfc, 0x6, 0x0, 0xdc, 0x0, 0xcd, 0xdf, 0xb0,
    0x1, 0x40, 0x19, 0x41, 0xc, 0x8b, 0xe3, 0x50,
    0x32, 0x0, 0x28, 0x3, 0x80, 0x3f, 0xbc, 0x0,
    0xa0, 0xe, 0x0, 0x28, 0x7, 0xf2, 0x80, 0x28,
    0x5, 0x1, 0x40, 0x3f, 0xe5, 0x2, 0x30,

    /* U+00C6 "Æ" */
    0x0, 0xff, 0x4f, 0xff, 0xff, 0x1, 0x80, 0x3f,
    0x85, 0x80, 0x3f, 0xf9, 0x50, 0x1, 0x96, 0xab,
    0xf2, 0x0, 0x7e, 0x16, 0x5, 0x0, 0x12, 0xaf,
    0xe2, 0x0, 0xfd, 0x0, 0x8, 0x0, 0xff, 0xe3,
    0x8b, 0x3, 0x18, 0x7, 0xff, 0x1e, 0x40, 0x10,
    0x1, 0xff, 0xc7, 0x17, 0x6, 0x10, 0xf, 0xfe,
    0x3c, 0x80, 0x2c, 0x3, 0xff, 0x8e, 0x2e, 0xa,
    0x40, 0x19, 0xff, 0xfe, 0x50, 0xf, 0x48, 0x2,
    0x40, 0x3f, 0xf8, 0xe2, 0xe0, 0x86, 0x1, 0xcb,
    0x55, 0xf2, 0x0, 0x74, 0x80, 0x20, 0x3, 0xc4,
    0xab, 0xf0, 0x80, 0x61, 0x70, 0x20, 0x33, 0x94,
    0x3, 0xff, 0x87, 0x20, 0x2, 0xcc, 0xd6, 0x1,
    0xff, 0xc2, 0x17, 0x0, 0xff, 0xe5, 0x48, 0x2,
    0xff, 0xfb, 0x80, 0x3f, 0xf8, 0x22, 0xe0, 0x68,
    0x1, 0xf8, 0x95, 0x7f, 0x10, 0x48, 0x2, 0x0,
    0x3f, 0x96, 0xab, 0xf2, 0xb, 0x81, 0x20, 0x7,
    0xff, 0x1c,

    /* U+00C7 "Ç" */
    0x0, 0xe1, 0x7c, 0xef, 0xf7, 0x5b, 0x88, 0x7,
    0xa3, 0xa0, 0xc4, 0x0, 0x29, 0x1d, 0x20, 0x1b,
    0x1c, 0x0, 0x6f, 0x32, 0x74, 0x0, 0xf5, 0x18,
    0xd, 0xe4, 0x33, 0x22, 0xf9, 0xe4, 0x0, 0x8a,
    0x3, 0xe8, 0x1, 0xe1, 0x80, 0xb, 0xc0, 0x14,
    0x20, 0x1f, 0xfc, 0x4, 0x2, 0x40, 0xf, 0xfe,
    0x2, 0x0, 0x14, 0x3, 0xff, 0x82, 0x40, 0xe,
    0x0, 0xff, 0xe0, 0x88, 0x0, 0x80, 0x3f, 0xfa,
    0x42, 0x0, 0x10, 0xf, 0xfe, 0x9, 0x0, 0x8,
    0x3, 0xff, 0x82, 0xa0, 0xb, 0x0, 0xff, 0xe0,
    0x89, 0x81, 0x98, 0x3, 0xff, 0x83, 0x0, 0xe,
    0x0, 0xff, 0xe0, 0xa2, 0x81, 0x69, 0x0, 0x78,
    0xf2, 0x80, 0x2a, 0x40, 0x2d, 0xb7, 0x66, 0x46,
    0x60, 0xd5, 0x0, 0x2b, 0x60, 0x2, 0x44, 0xc9,
    0xcc, 0x6, 0x50, 0x3, 0x4f, 0x3a, 0x0, 0x44,
    0xb3, 0xcc, 0x1, 0xe1, 0x8b, 0x35, 0xfd, 0xa6,
    0x0, 0xff, 0x11, 0xc8, 0x7, 0xff, 0x9, 0x3,
    0x74, 0xa0, 0x1f, 0xfc, 0x6, 0xcd, 0xa, 0x0,
    0xff, 0xe0, 0x4a, 0xa1, 0x88, 0x7, 0xff, 0x0,
    0xa2, 0xb, 0xa0, 0x1c,

    /* U+00C8 "È" */
    0x0, 0xb3, 0xfc, 0x60, 0x1f, 0xec, 0x30, 0xf0,
    0xf, 0xfb, 0xc, 0xcc, 0x1, 0xff, 0x6c, 0x0,
    0x7f, 0xf0, 0x5, 0xd8, 0x3, 0xcf, 0xff, 0xff,
    0xc0, 0x0, 0xff, 0xe3, 0x4d, 0xdf, 0xf0, 0x6,
    0x44, 0xff, 0x0, 0x7f, 0xff, 0xb7, 0xff, 0xed,
    0x0, 0xff, 0xe3, 0xcd, 0xdf, 0xd2, 0x1, 0xc8,
    0x9f, 0xc0, 0x1f, 0xff, 0x15, 0x5f, 0xf0, 0x6,
    0x8a, 0xaf, 0xe0, 0xf, 0xfe, 0x18,

    /* U+00C9 "É" */
    0x0, 0xf0, 0xff, 0xb8, 0x40, 0x3f, 0xa0, 0x7,
    0x4, 0x3, 0xf1, 0xb0, 0xe1, 0x0, 0x7f, 0x3b,
    0xb0, 0x80, 0x3f, 0xc9, 0x4, 0x1, 0xe7, 0xff,
    0xff, 0xe0, 0x0, 0x7f, 0xf1, 0xa6, 0xef, 0xf8,
    0x3, 0x22, 0x7f, 0x80, 0x3f, 0xff, 0xdb, 0xff,
    0xf6, 0x80, 0x7f, 0xf1, 0xe6, 0xef, 0xe9, 0x0,
    0xe4, 0x4f, 0xe0, 0xf, 0xff, 0x8a, 0xaf, 0xf8,
    0x3, 0x45, 0x57, 0xf0, 0x7, 0xff, 0xc,

    /* U+00CA "Ê" */
    0x0, 0xe4, 0xfe, 0x20, 0xf, 0xe3, 0xb0, 0x1f,
    0x10, 0xf, 0x8b, 0x42, 0x9c, 0xb4, 0x3, 0xe4,
    0x6b, 0x58, 0x94, 0x30, 0xf, 0x34, 0x20, 0x1,
    0xa0, 0xc0, 0x27, 0xff, 0xff, 0xe0, 0x0, 0x7f,
    0xf1, 0xa6, 0xef, 0xf8, 0x3, 0x22, 0x7f, 0x80,
    0x3f, 0xff, 0xdb, 0xff, 0xf6, 0x80, 0x7f, 0xf1,
    0xe6, 0xef, 0xe9, 0x0, 0xe4, 0x4f, 0xe0, 0xf,
    0xff, 0x8a, 0xaf, 0xf8, 0x3, 0x45, 0x57, 0xf0,
    0x7, 0xff, 0xc,

    /* U+00CB "Ë" */
    0x0, 0xab, 0x50, 0x1, 0x1a, 0xc0, 0x1c, 0x2a,
    0x5e, 0x0, 0x72, 0xb0, 0xe, 0x13, 0xe, 0x0,
    0x30, 0x50, 0x7, 0xb3, 0xd4, 0x1, 0x3e, 0xe0,
    0x13, 0xff, 0xff, 0xf0, 0x0, 0x3f, 0xf8, 0xd3,
    0x77, 0xfc, 0x1, 0x91, 0x3f, 0xc0, 0x1f, 0xff,
    0xed, 0xff, 0xfb, 0x40, 0x3f, 0xf8, 0xf3, 0x77,
    0xf4, 0x80, 0x72, 0x27, 0xf0, 0x7, 0xff, 0xc5,
    0x57, 0xfc, 0x1, 0xa2, 0xab, 0xf8, 0x3, 0xff,
    0x86,

    /* U+00CC "Ì" */
    0xc, 0xff, 0x18, 0x5, 0x86, 0x1e, 0x1, 0xb4,
    0xcc, 0xc0, 0x10, 0xec, 0x0, 0x70, 0xbb, 0x0,
    0x67, 0xff, 0x10, 0x7, 0xff, 0xfc, 0x3, 0xff,
    0xdc,

    /* U+00CD "Í" */
    0x1, 0xff, 0x68, 0x85, 0x80, 0xf8, 0x9a, 0x8e,
    0x10, 0x3b, 0xb0, 0x80, 0x9, 0x4, 0x1, 0x3f,
    0xf8, 0x80, 0x3f, 0xff, 0xe0, 0x1f, 0xfd, 0xd0,

    /* U+00CE "Î" */
    0x0, 0x93, 0xf8, 0x80, 0x31, 0xd8, 0xf, 0x88,
    0x0, 0xb4, 0x2d, 0xcb, 0x40, 0x8, 0xd6, 0x91,
    0x28, 0x60, 0xd0, 0x80, 0x6, 0x83, 0x0, 0x9f,
    0xfc, 0x40, 0x1f, 0xff, 0xf0, 0xf, 0xff, 0xf8,
    0x7, 0xff, 0x2c,

    /* U+00CF "Ï" */
    0xa, 0xd4, 0x0, 0x46, 0xb1, 0x29, 0x70, 0x1,
    0xca, 0x88, 0xc3, 0xc0, 0xc, 0x16, 0x19, 0xea,
    0x0, 0x9f, 0x70, 0x9, 0xff, 0xc4, 0x1, 0xff,
    0xff, 0x0, 0xff, 0xff, 0x80, 0x7f, 0xf2, 0xc0,

    /* U+00D0 "Ð" */
    0x0, 0x3f, 0xff, 0xbb, 0x24, 0xc0, 0x3f, 0xf8,
    0x42, 0x6d, 0x98, 0x20, 0xf, 0xd1, 0x54, 0x98,
    0x51, 0x3, 0xd4, 0x0, 0xf9, 0x15, 0x4c, 0xf5,
    0xd0, 0x0, 0xb2, 0x0, 0xff, 0xe0, 0xbd, 0x0,
    0x24, 0x3, 0xff, 0x84, 0xa8, 0x8, 0x40, 0x1f,
    0xfc, 0x2f, 0x0, 0x50, 0x7, 0xff, 0x9, 0x40,
    0x6, 0x1, 0xff, 0xc2, 0x11, 0x3, 0x33, 0xe0,
    0x1, 0x9f, 0xf2, 0x80, 0x71, 0x81, 0x80, 0x7f,
    0xf1, 0x9b, 0xe0, 0x1, 0x9f, 0xf2, 0x80, 0x71,
    0x1, 0x80, 0x7f, 0xf0, 0x84, 0x0, 0xe0, 0x1f,
    0xfc, 0x27, 0x0, 0x60, 0x7, 0xff, 0xa, 0xc0,
    0xe, 0x1, 0xff, 0xc1, 0x82, 0x6, 0x10, 0xf,
    0xf8, 0x65, 0xc0, 0x60, 0x3, 0xd6, 0xcc, 0x78,
    0xbe, 0x60, 0x1c, 0x10, 0xf, 0x3c, 0xca, 0x1d,
    0x0, 0xb, 0xe4, 0x1, 0xff, 0x9, 0xbe, 0xd0,
    0x80, 0x40,

    /* U+00D1 "Ñ" */
    0x0, 0xe9, 0xfd, 0x70, 0x1c, 0x50, 0xf, 0xce,
    0xc0, 0x51, 0xfe, 0x31, 0x0, 0xfd, 0xed, 0xfc,
    0xe2, 0x12, 0x80, 0x1f, 0xa2, 0x40, 0x63, 0xb8,
    0xc0, 0x1f, 0xfc, 0xa7, 0xff, 0x18, 0x7, 0xf1,
    0xff, 0x9c, 0x2, 0xe0, 0xf, 0xfe, 0x21, 0x48,
    0x7, 0xff, 0x11, 0x94, 0x3, 0xff, 0x89, 0x62,
    0x1, 0xff, 0xc1, 0x80, 0x1a, 0x0, 0xff, 0xe0,
    0xab, 0x82, 0x38, 0x7, 0xff, 0x6, 0xc, 0x20,
    0xc0, 0x3f, 0xf8, 0x3c, 0x0, 0xe0, 0xf, 0xfe,
    0x9, 0x48, 0x14, 0x80, 0x7f, 0xf0, 0x59, 0x41,
    0x94, 0x3, 0xff, 0x83, 0x44, 0x16, 0x20, 0x1f,
    0xfc, 0x1e, 0x1, 0xd0, 0xf, 0xfe, 0x9, 0xc0,
    0x1b, 0x80, 0x7f, 0xf0, 0x5c, 0xc2, 0x14, 0x3,
    0xff, 0x83, 0xa2, 0x12, 0x1, 0xff, 0xc1, 0x1b,
    0x0, 0xff, 0xe2, 0x2b, 0x0, 0x7f, 0xf1, 0x24,
    0x80, 0x3f, 0xf8, 0x9e, 0x1, 0x0,

    /* U+00D2 "Ò" */
    0x0, 0xf5, 0x7f, 0x94, 0x3, 0xff, 0x89, 0x4e,
    0x16, 0x20, 0x1f, 0xfc, 0x48, 0x91, 0xa0, 0xf,
    0xfe, 0x2b, 0x7d, 0x80, 0x7f, 0xf5, 0xda, 0xfb,
    0xfd, 0xb4, 0xa0, 0x1f, 0xe6, 0xe9, 0x41, 0x0,
    0x12, 0xd7, 0x28, 0x7, 0xd5, 0x22, 0x4, 0xf3,
    0xc, 0x20, 0x34, 0xe0, 0x1d, 0xa, 0x3, 0x7b,
    0xc, 0xf3, 0xd2, 0x0, 0x86, 0x0, 0x8d, 0xc0,
    0x7d, 0x0, 0x3c, 0xd8, 0x0, 0x91, 0x0, 0x48,
    0x2, 0x84, 0x3, 0xf1, 0xb8, 0x2, 0x40, 0xa,
    0x4, 0x80, 0x1f, 0xe9, 0x0, 0x28, 0x20, 0x1,
    0x40, 0x3f, 0xe1, 0x40, 0x21, 0x20, 0x7, 0x0,
    0x7f, 0xf0, 0xc, 0x0, 0x42, 0x0, 0x20, 0xf,
    0xfe, 0x7, 0x0, 0x1c, 0x3, 0xff, 0x88, 0x20,
    0x10, 0x80, 0x8, 0x3, 0xff, 0x81, 0xe0, 0x7,
    0x50, 0x7, 0x80, 0x7f, 0xf0, 0xc, 0x0, 0x46,
    0x0, 0x70, 0xf, 0xf8, 0x50, 0x8, 0x41, 0x40,
    0x58, 0x3, 0xfd, 0x20, 0xa, 0x0, 0x40, 0x2,
    0x48, 0x3, 0xf2, 0x38, 0xb, 0x0, 0xa, 0x0,
    0x18, 0x80, 0x1e, 0x7b, 0x0, 0x58, 0x80, 0x4e,
    0xc0, 0x37, 0xb0, 0xcf, 0x3d, 0x0, 0x8, 0x50,
    0xe, 0x99, 0x8, 0x13, 0xcc, 0x30, 0x80, 0xdb,
    0x80, 0x7c, 0xdd, 0x28, 0x20, 0x2, 0x5a, 0xe4,
    0x0, 0xc0,

    /* U+00D3 "Ó" */
    0x0, 0xfe, 0x1e, 0xfd, 0x20, 0xf, 0xfe, 0x1d,
    0x89, 0xe1, 0x0, 0x7f, 0xf0, 0x95, 0x49, 0x82,
    0x1, 0xff, 0xc3, 0x5f, 0xb0, 0xf, 0xfe, 0xbb,
    0x5f, 0x7f, 0xb6, 0x94, 0x3, 0xfc, 0xdd, 0x28,
    0x20, 0x2, 0x5a, 0xe5, 0x0, 0xfa, 0xa4, 0x40,
    0x9e, 0x61, 0x84, 0x6, 0x9c, 0x3, 0xa1, 0x40,
    0x6f, 0x61, 0x9e, 0x7a, 0x40, 0x10, 0xc0, 0x11,
    0xb8, 0xf, 0xa0, 0x7, 0x9b, 0x0, 0x12, 0x20,
    0x9, 0x0, 0x50, 0x80, 0x7e, 0x37, 0x0, 0x48,
    0x1, 0x40, 0x90, 0x3, 0xfd, 0x20, 0x5, 0x4,
    0x0, 0x28, 0x7, 0xfc, 0x28, 0x4, 0x24, 0x0,
    0xe0, 0xf, 0xfe, 0x1, 0x80, 0x8, 0x40, 0x4,
    0x1, 0xff, 0xc0, 0xe0, 0x3, 0x80, 0x7f, 0xf1,
    0x4, 0x2, 0x10, 0x1, 0x0, 0x7f, 0xf0, 0x3c,
    0x0, 0xea, 0x0, 0xf0, 0xf, 0xfe, 0x1, 0x80,
    0x8, 0xc0, 0xe, 0x1, 0xff, 0xa, 0x1, 0x8,
    0x28, 0xb, 0x0, 0x7f, 0xa4, 0x1, 0x40, 0x8,
    0x0, 0x49, 0x0, 0x7e, 0x47, 0x1, 0x60, 0x1,
    0x40, 0x3, 0x10, 0x3, 0xcf, 0x60, 0xb, 0x10,
    0x9, 0xd8, 0x6, 0xf6, 0x19, 0xe7, 0xa0, 0x1,
    0xa, 0x1, 0xd3, 0x21, 0x2, 0x79, 0x86, 0x10,
    0x1b, 0x70, 0xf, 0x9b, 0xa5, 0x4, 0x0, 0x4b,
    0x5c, 0x80, 0x18,

    /* U+00D4 "Ô" */
    0x0, 0xfe, 0x77, 0x0, 0x7f, 0xf1, 0x66, 0x21,
    0x20, 0x1f, 0xfc, 0x38, 0x63, 0x26, 0x70, 0xf,
    0xfe, 0xb, 0xb8, 0xb7, 0xa, 0x14, 0x3, 0xff,
    0x80, 0xff, 0xa2, 0x2d, 0xf5, 0x0, 0xff, 0xea,
    0x35, 0xf7, 0xfb, 0x69, 0x40, 0x3f, 0xcd, 0xd2,
    0x82, 0x0, 0x25, 0xae, 0x50, 0xf, 0xaa, 0x44,
    0x9, 0xe6, 0x18, 0x40, 0x69, 0xc0, 0x3a, 0x14,
    0x6, 0xf6, 0x19, 0xe7, 0xa4, 0x1, 0xc, 0x1,
    0x1b, 0x80, 0xfa, 0x0, 0x79, 0xb0, 0x1, 0x22,
    0x0, 0x90, 0x5, 0x8, 0x7, 0xe3, 0x70, 0x4,
    0x80, 0x14, 0x9, 0x0, 0x3f, 0xd2, 0x0, 0x50,
    0x40, 0x2, 0x80, 0x7f, 0xc2, 0x80, 0x42, 0x40,
    0xe, 0x0, 0xff, 0xe0, 0x18, 0x0, 0x84, 0x0,
    0x40, 0x1f, 0xfc, 0xe, 0x0, 0x38, 0x7, 0xff,
    0x10, 0x40, 0x21, 0x0, 0x10, 0x7, 0xff, 0x3,
    0xc0, 0xe, 0xa0, 0xf, 0x0, 0xff, 0xe0, 0x18,
    0x0, 0x8c, 0x0, 0xe0, 0x1f, 0xf0, 0xa0, 0x10,
    0x82, 0x80, 0xb0, 0x7, 0xfa, 0x40, 0x14, 0x0,
    0x80, 0x4, 0x90, 0x7, 0xe4, 0x70, 0x16, 0x0,
    0x14, 0x0, 0x31, 0x0, 0x3c, 0xf6, 0x0, 0xb1,
    0x0, 0x9d, 0x80, 0x6f, 0x61, 0x9e, 0x7a, 0x0,
    0x10, 0xa0, 0x1d, 0x32, 0x10, 0x27, 0x98, 0x61,
    0x1, 0xb7, 0x0, 0xf9, 0xba, 0x50, 0x40, 0x4,
    0xb5, 0xc8, 0x1, 0x80,

    /* U+00D5 "Õ" */
    0x0, 0xf1, 0x67, 0xd9, 0x83, 0x58, 0x80, 0x7f,
    0xd8, 0x60, 0x99, 0xd2, 0xe2, 0x1, 0xfe, 0x22,
    0x5f, 0xda, 0x9, 0xe8, 0x7, 0xfc, 0x58, 0x80,
    0x97, 0xf8, 0x20, 0x1f, 0xfd, 0x46, 0xbe, 0xff,
    0x6d, 0x28, 0x7, 0xf9, 0xba, 0x50, 0x40, 0x4,
    0xb5, 0xca, 0x1, 0xf5, 0x48, 0x81, 0x3c, 0xc3,
    0x8, 0xd, 0x38, 0x7, 0x42, 0x80, 0xde, 0xc3,
    0x3c, 0xf4, 0x80, 0x21, 0x80, 0x23, 0x70, 0x1f,
    0x40, 0xf, 0x36, 0x0, 0x24, 0x40, 0x12, 0x0,
    0xa1, 0x0, 0xfc, 0x6e, 0x0, 0x90, 0x2, 0x81,
    0x20, 0x7, 0xfa, 0x40, 0xa, 0x8, 0x0, 0x50,
    0xf, 0xf8, 0x50, 0x8, 0x48, 0x1, 0xc0, 0x1f,
    0xfc, 0x3, 0x0, 0x10, 0x80, 0x8, 0x3, 0xff,
    0x81, 0xc0, 0x7, 0x0, 0xff, 0xe2, 0x8, 0x4,
    0x20, 0x2, 0x0, 0xff, 0xe0, 0x78, 0x1, 0xd4,
    0x1, 0xe0, 0x1f, 0xfc, 0x3, 0x0, 0x11, 0x80,
    0x1c, 0x3, 0xfe, 0x14, 0x2, 0x10, 0x50, 0x16,
    0x0, 0xff, 0x48, 0x2, 0x80, 0x10, 0x0, 0x92,
    0x0, 0xfc, 0x8e, 0x2, 0xc0, 0x2, 0x80, 0x6,
    0x20, 0x7, 0x9e, 0xc0, 0x16, 0x20, 0x13, 0xb0,
    0xd, 0xec, 0x33, 0xcf, 0x40, 0x2, 0x14, 0x3,
    0xa6, 0x42, 0x4, 0xf3, 0xc, 0x20, 0x36, 0xe0,
    0x1f, 0x37, 0x4a, 0x8, 0x0, 0x96, 0xb9, 0x0,
    0x30,

    /* U+00D6 "Ö" */
    0x0, 0xf5, 0x7b, 0x0, 0x23, 0xe0, 0x3, 0xff,
    0x80, 0xa1, 0x40, 0x6, 0x6, 0x0, 0xff, 0xe0,
    0x31, 0x48, 0x2, 0x4a, 0x40, 0x3f, 0xf8, 0x13,
    0xaa, 0x0, 0x7d, 0x70, 0xf, 0xfe, 0x3, 0x5f,
    0x7f, 0xb6, 0x94, 0x3, 0xfc, 0xdd, 0x28, 0x20,
    0x2, 0x5a, 0xe5, 0x0, 0xfa, 0xa4, 0x40, 0x9e,
    0x61, 0x84, 0x6, 0x9c, 0x3, 0xa1, 0x40, 0x6f,
    0x61, 0x9e, 0x7a, 0x40, 0x10, 0xc0, 0x11, 0xb8,
    0xf, 0xa0, 0x7, 0x9b, 0x0, 0x12, 0x20, 0x9,
    0x0, 0x50, 0x80, 0x7e, 0x37, 0x0, 0x48, 0x1,
    0x40, 0x90, 0x3, 0xfd, 0x20, 0x5, 0x4, 0x0,
    0x28, 0x7, 0xfc, 0x28, 0x4, 0x24, 0x0, 0xe0,
    0xf, 0xfe, 0x1, 0x80, 0x8, 0x40, 0x4, 0x1,
    0xff, 0xc0, 0xe0, 0x3, 0x80, 0x7f, 0xf1, 0x4,
    0x2, 0x10, 0x1, 0x0, 0x7f, 0xf0, 0x3c, 0x0,
    0xea, 0x0, 0xf0, 0xf, 0xfe, 0x1, 0x80, 0x8,
    0xc0, 0xe, 0x1, 0xff, 0xa, 0x1, 0x8, 0x28,
    0xb, 0x0, 0x7f, 0xa4, 0x1, 0x40, 0x8, 0x0,
    0x49, 0x0, 0x7e, 0x47, 0x1, 0x60, 0x1, 0x40,
    0x3, 0x10, 0x3, 0xcf, 0x60, 0xb, 0x10, 0x9,
    0xd8, 0x6, 0xf6, 0x19, 0xe7, 0xa0, 0x1, 0xa,
    0x1, 0xd3, 0x21, 0x2, 0x79, 0x86, 0x10, 0x1b,
    0x70, 0xf, 0x9b, 0xa5, 0x4, 0x0, 0x4b, 0x5c,
    0x80, 0x18,

    /* U+00D7 "×" */
    0x2, 0x10, 0xf, 0xe4, 0x0, 0x1e, 0x60, 0x40,
    0x3e, 0x4b, 0xc0, 0x10, 0x2c, 0x10, 0xe, 0x4b,
    0x0, 0x8b, 0x4, 0xb0, 0x40, 0x24, 0xb0, 0x3c,
    0x0, 0x16, 0x9, 0x60, 0x82, 0x58, 0x1e, 0x0,
    0x62, 0xc1, 0x2c, 0x6b, 0x3, 0xc0, 0xf, 0x16,
    0x9, 0x48, 0x1e, 0x0, 0x7e, 0x29, 0x0, 0xb8,
    0x3, 0xf9, 0x60, 0x2, 0xf1, 0x0, 0xf9, 0x68,
    0xf, 0x4, 0xb0, 0x40, 0x39, 0x68, 0x13, 0xf,
    0x4, 0xb0, 0x40, 0x24, 0xa0, 0x4b, 0x0, 0x16,
    0x9, 0x60, 0x82, 0x58, 0x25, 0x80, 0x62, 0xc1,
    0x2c, 0x15, 0x24, 0xb0, 0xf, 0x16, 0xb, 0x88,
    0xb2, 0xc0, 0x3f, 0x16, 0x50, 0x0,

    /* U+00D8 "Ø" */
    0x0, 0xff, 0xe2, 0x8, 0x7, 0xff, 0x1a, 0x39,
    0x0, 0x3f, 0xf8, 0x82, 0xe2, 0xa0, 0x1f, 0x9a,
    0xfb, 0xfd, 0xb4, 0xb6, 0x12, 0x20, 0x1e, 0x6e,
    0x94, 0x10, 0x1, 0x2d, 0x28, 0xb8, 0x7, 0xaa,
    0x44, 0x9, 0xe6, 0x18, 0x40, 0x2, 0xe0, 0x1d,
    0xa, 0x3, 0x7b, 0xc, 0xf3, 0x0, 0x14, 0x28,
    0x4, 0x6e, 0x3, 0xe8, 0x1, 0xd0, 0x12, 0x0,
    0xb1, 0x0, 0x48, 0x2, 0x84, 0x3, 0xa0, 0x59,
    0x90, 0x2, 0xc0, 0x5, 0x2, 0x40, 0xe, 0x27,
    0x18, 0x7, 0x0, 0x50, 0x20, 0x1, 0x40, 0x3d,
    0x21, 0x2, 0x0, 0x40, 0x21, 0x20, 0x7, 0x0,
    0x72, 0x20, 0x98, 0x2, 0x30, 0x1, 0x8, 0x0,
    0x80, 0x3a, 0x42, 0x40, 0x37, 0x0, 0x1c, 0x40,
    0x3e, 0x62, 0x44, 0x0, 0x61, 0x0, 0x8c, 0x0,
    0x40, 0x10, 0xc0, 0x48, 0x7, 0x78, 0x1, 0xd8,
    0x1, 0xe0, 0x14, 0xb, 0x90, 0x7, 0x18, 0x0,
    0x8c, 0x41, 0x0, 0x4, 0xc3, 0x0, 0x1c, 0x28,
    0x4, 0x20, 0xe0, 0x4a, 0x12, 0x10, 0x1, 0xe9,
    0x0, 0x50, 0x2, 0x0, 0x16, 0xe8, 0x6c, 0x1,
    0xc8, 0xe0, 0x2c, 0x0, 0x19, 0x1, 0x80, 0xf0,
    0xe, 0x7b, 0x0, 0x58, 0x80, 0x4d, 0x0, 0x17,
    0x43, 0x3c, 0xf4, 0x0, 0x21, 0x40, 0x39, 0x80,
    0x22, 0x79, 0x86, 0x10, 0x1b, 0x70, 0xf, 0x58,
    0x35, 0x29, 0x0, 0x9, 0x6b, 0x90, 0x3, 0xc6,
    0xa3, 0x2b, 0x5b, 0xfe, 0xda, 0x50, 0xf, 0xca,
    0x10, 0x1, 0xff, 0xc5, 0x6d, 0x60, 0xf, 0xfe,
    0x18,

    /* U+00D9 "Ù" */
    0x0, 0xd1, 0xfe, 0x70, 0xf, 0xfe, 0x4, 0x48,
    0x41, 0x0, 0x7f, 0xf0, 0x1a, 0xc3, 0x80, 0x3f,
    0xf8, 0x29, 0xf8, 0x1, 0xff, 0xcb, 0x7f, 0xf1,
    0x0, 0x7f, 0x7f, 0xa4, 0x3, 0xff, 0xfe, 0x1,
    0xff, 0xff, 0x0, 0xff, 0xee, 0x88, 0x80, 0x2,
    0x1, 0xf8, 0x40, 0x1e, 0x40, 0x5, 0x0, 0xfc,
    0x80, 0x2, 0x40, 0x5, 0x80, 0x7e, 0x90, 0x2,
    0x3, 0x1, 0x50, 0x7, 0xa4, 0xc1, 0x4, 0x20,
    0x81, 0x7e, 0x9d, 0xd3, 0xcc, 0x3, 0x20, 0x1,
    0xc3, 0x0, 0x2c, 0x41, 0x84, 0xb, 0x8, 0x2,
    0x1c, 0xb5, 0x20, 0x0, 0xad, 0x69, 0x0, 0x0,

    /* U+00DA "Ú" */
    0x0, 0xfd, 0xbf, 0xc6, 0x1, 0xff, 0x41, 0x13,
    0xc, 0x3, 0xfc, 0x6e, 0x78, 0x40, 0x1f, 0xf1,
    0xfe, 0x8, 0x7, 0xff, 0x29, 0xff, 0xc4, 0x1,
    0xfd, 0xfe, 0x90, 0xf, 0xff, 0xf8, 0x7, 0xff,
    0xfc, 0x3, 0xff, 0xba, 0x22, 0x0, 0x8, 0x7,
    0xe1, 0x0, 0x79, 0x0, 0x14, 0x3, 0xf2, 0x0,
    0x9, 0x0, 0x16, 0x1, 0xfa, 0x40, 0x8, 0xc,
    0x5, 0x40, 0x1e, 0x93, 0x4, 0x10, 0x82, 0x5,
    0xfa, 0x77, 0x4f, 0x30, 0xc, 0x80, 0x7, 0xc,
    0x0, 0xb1, 0x6, 0x10, 0x2c, 0x20, 0x8, 0x72,
    0xd4, 0x80, 0x2, 0xb5, 0xa4, 0x0,

    /* U+00DB "Û" */
    0x0, 0xf9, 0x9c, 0x3, 0xff, 0x83, 0x13, 0x16,
    0x1, 0xff, 0x33, 0x91, 0xa4, 0x80, 0x7f, 0x2c,
    0x8f, 0xe1, 0xb3, 0x80, 0x7e, 0x5f, 0xe2, 0xc,
    0xf7, 0x0, 0xff, 0xe4, 0x3f, 0xf8, 0x80, 0x3f,
    0xbf, 0xd2, 0x1, 0xff, 0xff, 0x0, 0xff, 0xff,
    0x80, 0x7f, 0xf7, 0x44, 0x40, 0x1, 0x0, 0xfc,
    0x20, 0xf, 0x20, 0x2, 0x80, 0x7e, 0x40, 0x1,
    0x20, 0x2, 0xc0, 0x3f, 0x48, 0x1, 0x1, 0x80,
    0xa8, 0x3, 0xd2, 0x60, 0x82, 0x10, 0x40, 0xbf,
    0x4e, 0xe9, 0xe6, 0x1, 0x90, 0x0, 0xe1, 0x80,
    0x16, 0x20, 0xc2, 0x5, 0x84, 0x1, 0xe, 0x5a,
    0x90, 0x0, 0x56, 0xb4, 0x80, 0x0,

    /* U+00DC "Ü" */
    0x0, 0xd3, 0xf0, 0x0, 0x6f, 0xa0, 0xf, 0xce,
    0xc, 0x0, 0xa0, 0x50, 0xf, 0xd2, 0x52, 0x0,
    0x92, 0x60, 0xf, 0xcf, 0xae, 0x0, 0x5d, 0x90,
    0xc, 0xff, 0xe2, 0x0, 0xfe, 0xff, 0x48, 0x7,
    0xff, 0xfc, 0x3, 0xff, 0xfe, 0x1, 0xff, 0xdd,
    0x11, 0x0, 0x4, 0x3, 0xf0, 0x80, 0x3c, 0x80,
    0xa, 0x1, 0xf9, 0x0, 0x4, 0x80, 0xb, 0x0,
    0xfd, 0x20, 0x4, 0x6, 0x2, 0xa0, 0xf, 0x49,
    0x82, 0x8, 0x41, 0x2, 0xfd, 0x3b, 0xa7, 0x98,
    0x6, 0x40, 0x3, 0x86, 0x0, 0x58, 0x83, 0x8,
    0x16, 0x10, 0x4, 0x39, 0x6a, 0x40, 0x1, 0x5a,
    0xd2, 0x0, 0x0,

    /* U+00DD "Ý" */
    0x0, 0xfc, 0x5f, 0xed, 0x10, 0xf, 0xfe, 0x4,
    0x81, 0x60, 0x80, 0x7f, 0xc8, 0x82, 0xc1, 0x0,
    0xff, 0xe0, 0xb, 0xf8, 0x80, 0x7f, 0xf0, 0x56,
    0x8, 0x3, 0xe5, 0xff, 0x58, 0x7, 0xf3, 0xff,
    0x99, 0x4c, 0x11, 0x0, 0x1f, 0xc, 0x1, 0x30,
    0x78, 0x2, 0x40, 0x3e, 0x80, 0x4, 0x80, 0xd,
    0x80, 0x94, 0x3, 0x89, 0x81, 0x10, 0x1, 0x40,
    0x2, 0xc0, 0x3a, 0x0, 0x12, 0x1, 0x86, 0x0,
    0x5c, 0x2, 0x35, 0x6, 0x20, 0xe, 0x72, 0x9,
    0x10, 0x7, 0x80, 0xc0, 0x7, 0xd0, 0x3, 0x20,
    0x86, 0x12, 0x20, 0x1f, 0x29, 0x83, 0x94, 0x81,
    0x38, 0x7, 0xf7, 0x80, 0x3c, 0x82, 0x0, 0x3f,
    0xc6, 0xc0, 0x40, 0x6a, 0x1, 0xff, 0x40, 0x5,
    0xe0, 0x1f, 0xfc, 0x1, 0x30, 0x13, 0x0, 0xff,
    0xff, 0x80, 0x7f, 0xf9, 0x80,

    /* U+00DE "Þ" */
    0x7f, 0xf1, 0x80, 0x7f, 0xf7, 0x55, 0x12, 0x31,
    0x0, 0xfd, 0x37, 0x76, 0x76, 0x28, 0x7, 0xff,
    0x0, 0xea, 0x0, 0x3b, 0x3f, 0xee, 0x91, 0x7,
    0x50, 0xf, 0xc2, 0xd8, 0x0, 0x90, 0xf, 0xf1,
    0x20, 0x18, 0x7, 0xfc, 0x40, 0x2, 0x0, 0xff,
    0x18, 0x0, 0xc0, 0x3f, 0xce, 0x2, 0x20, 0xf,
    0xe7, 0x20, 0x70, 0xc, 0xc6, 0x72, 0xdc, 0x0,
    0xc0, 0x6, 0xac, 0xca, 0x90, 0xb, 0x44, 0x3,
    0xf0, 0x9c, 0xe9, 0x80, 0x76, 0x7f, 0xdd, 0x8c,
    0x1, 0xff, 0xe2,

    /* U+00DF "ß" */
    0x0, 0xc, 0x6f, 0xfb, 0x64, 0x40, 0x38, 0xbd,
    0xc8, 0x0, 0x4d, 0xc6, 0x1, 0xb8, 0x41, 0xf2,
    0xdc, 0x1, 0xc0, 0x11, 0x98, 0x26, 0xd, 0x21,
    0xc0, 0x8c, 0x1, 0x60, 0x6, 0x0, 0xd8, 0x0,
    0x70, 0x1, 0x0, 0x80, 0x7e, 0x70, 0x0, 0x81,
    0x80, 0x77, 0x0, 0x98, 0x7, 0xf2, 0x28, 0x40,
    0x7, 0xf0, 0xd0, 0x2b, 0x0, 0x7f, 0x48, 0x85,
    0x80, 0x7f, 0x8c, 0xc, 0x40, 0x3f, 0xc4, 0x6,
    0xa0, 0x1f, 0xe8, 0x10, 0xa8, 0x0, 0xfe, 0x1c,
    0x20, 0x7a, 0x0, 0xfe, 0x2d, 0x30, 0x57, 0x0,
    0xff, 0x61, 0x4, 0x80, 0x7f, 0xd4, 0x2, 0x40,
    0x1f, 0xe1, 0x0, 0x8, 0x7, 0xfb, 0x0, 0x4,
    0x1, 0xca, 0x84, 0x48, 0x50, 0x41, 0x0, 0xe8,
    0xbd, 0xd3, 0x80, 0xc8, 0x7, 0x98, 0x40, 0x4,
    0xfe, 0x40,

    /* U+00E0 "à" */
    0x0, 0xe, 0xff, 0x88, 0x3, 0xf8, 0x70, 0x82,
    0x40, 0x3f, 0xc3, 0x84, 0x88, 0x0, 0xff, 0xe,
    0x40, 0x80, 0x7f, 0xc2, 0xea, 0x1, 0xf8, 0x5e,
    0xfb, 0xfd, 0x8e, 0x1, 0xcb, 0xd0, 0x82, 0x0,
    0x38, 0xd1, 0x0, 0xb4, 0xe, 0x73, 0x68, 0xc0,
    0xac, 0x2, 0x8a, 0xc6, 0x32, 0x5c, 0x30, 0x50,
    0xc, 0xa0, 0x1e, 0xb0, 0x1, 0x0, 0x7f, 0x8c,
    0x0, 0x20, 0x1f, 0xfc, 0x53, 0xad, 0xff, 0x76,
    0xc0, 0x7, 0x4e, 0x29, 0x9, 0x1, 0x18, 0x6,
    0x56, 0x7, 0xee, 0x6f, 0x7d, 0x0, 0x6f, 0x3,
    0x81, 0x0, 0xc2, 0x1, 0x84, 0x4, 0x3, 0xdc,
    0x1, 0xb0, 0xa, 0x4, 0x0, 0xb8, 0xa0, 0x5,
    0x7, 0x20, 0x7e, 0xff, 0x51, 0xd0, 0x84, 0xe0,
    0x6c, 0x18, 0x81, 0x3f, 0x2d, 0x10, 0x28,

    /* U+00E1 "á" */
    0x0, 0xf0, 0xf7, 0xf0, 0x80, 0x7f, 0x40, 0x8b,
    0x4, 0x3, 0xf1, 0x30, 0xe1, 0x0, 0x7f, 0x34,
    0x61, 0x0, 0x7f, 0x91, 0xc8, 0x3, 0xf0, 0xbd,
    0xf7, 0xfb, 0x1c, 0x3, 0x97, 0xa1, 0x4, 0x0,
    0x71, 0xa2, 0x1, 0x68, 0x1c, 0xe6, 0xd1, 0x81,
    0x58, 0x5, 0x15, 0x8c, 0x64, 0xb8, 0x60, 0xa0,
    0x19, 0x40, 0x3d, 0x60, 0x2, 0x0, 0xff, 0x18,
    0x0, 0x40, 0x3f, 0xf8, 0xa7, 0x5b, 0xfe, 0xed,
    0x80, 0xe, 0x9c, 0x52, 0x12, 0x2, 0x30, 0xc,
    0xac, 0xf, 0xdc, 0xde, 0xfa, 0x0, 0xde, 0x7,
    0x2, 0x1, 0x84, 0x3, 0x8, 0x8, 0x7, 0xb8,
    0x3, 0x60, 0x14, 0x8, 0x1, 0x71, 0x40, 0xa,
    0xe, 0x40, 0xfd, 0xfe, 0xa3, 0xa1, 0x9, 0xc0,
    0xd8, 0x31, 0x2, 0x7e, 0x5a, 0x20, 0x50,

    /* U+00E2 "â" */
    0x0, 0xe5, 0xfd, 0x10, 0xf, 0xe3, 0xa0, 0x2a,
    0x0, 0xfc, 0x3a, 0x10, 0x48, 0xe0, 0x1f, 0x58,
    0x33, 0xf9, 0x49, 0x80, 0x7a, 0xba, 0x40, 0xb7,
    0x8c, 0x3, 0xff, 0x8e, 0x2f, 0x7d, 0xfe, 0xc7,
    0x0, 0xe5, 0xe8, 0x41, 0x0, 0x1c, 0x68, 0x80,
    0x5a, 0x7, 0x39, 0xb4, 0x60, 0x56, 0x1, 0x45,
    0x63, 0x19, 0x2e, 0x18, 0x28, 0x6, 0x50, 0xf,
    0x58, 0x0, 0x80, 0x3f, 0xc6, 0x0, 0x10, 0xf,
    0xfe, 0x29, 0xd6, 0xff, 0xbb, 0x60, 0x3, 0xa7,
    0x14, 0x84, 0x80, 0x8c, 0x3, 0x2b, 0x3, 0xf7,
    0x37, 0xbe, 0x80, 0x37, 0x81, 0xc0, 0x80, 0x61,
    0x0, 0xc2, 0x2, 0x1, 0xee, 0x0, 0xd8, 0x5,
    0x2, 0x0, 0x5c, 0x50, 0x2, 0x83, 0x90, 0x3f,
    0x7f, 0xa8, 0xe8, 0x42, 0x70, 0x36, 0xc, 0x40,
    0x9f, 0x96, 0x88, 0x14,

    /* U+00E3 "ã" */
    0x0, 0x9b, 0xb9, 0x2, 0x15, 0x0, 0x1c, 0x92,
    0x22, 0x7e, 0xe2, 0xf8, 0x7, 0xa, 0x77, 0xc9,
    0xb, 0x38, 0x7, 0x2d, 0x88, 0x36, 0xfc, 0x80,
    0x7f, 0xf2, 0x5, 0xef, 0xbf, 0xd8, 0xe0, 0x1c,
    0xbd, 0x8, 0x20, 0x3, 0x8d, 0x10, 0xb, 0x40,
    0xe7, 0x36, 0x8c, 0xa, 0xc0, 0x28, 0xac, 0x63,
    0x25, 0xc3, 0x5, 0x0, 0xca, 0x1, 0xeb, 0x0,
    0x10, 0x7, 0xf8, 0xc0, 0x2, 0x1, 0xff, 0xc5,
    0x3a, 0xdf, 0xf7, 0x6c, 0x0, 0x74, 0xe2, 0x90,
    0x90, 0x11, 0x80, 0x65, 0x60, 0x7e, 0xe6, 0xf7,
    0xd0, 0x6, 0xf0, 0x38, 0x10, 0xc, 0x20, 0x18,
    0x40, 0x40, 0x3d, 0xc0, 0x1b, 0x0, 0xa0, 0x40,
    0xb, 0x8a, 0x0, 0x50, 0x72, 0x7, 0xef, 0xf5,
    0x1d, 0x8, 0x4e, 0x6, 0xc1, 0x88, 0x13, 0xf2,
    0xd1, 0x2, 0x80,

    /* U+00E4 "ä" */
    0x0, 0xab, 0xd8, 0x7, 0x78, 0xc0, 0x3c, 0xa1,
    0xa0, 0xa4, 0x28, 0x1, 0xe6, 0x1e, 0x4, 0x32,
    0x50, 0xf, 0x4f, 0x28, 0x3, 0x34, 0x80, 0x3f,
    0xf8, 0xe2, 0xf7, 0xdf, 0xec, 0x70, 0xe, 0x5e,
    0x84, 0x10, 0x1, 0xc6, 0x88, 0x5, 0xa0, 0x73,
    0x9b, 0x46, 0x5, 0x60, 0x14, 0x56, 0x31, 0x92,
    0xe1, 0x82, 0x80, 0x65, 0x0, 0xf5, 0x80, 0x8,
    0x3, 0xfc, 0x60, 0x1, 0x0, 0xff, 0xe2, 0x9d,
    0x6f, 0xfb, 0xb6, 0x0, 0x3a, 0x71, 0x48, 0x48,
    0x8, 0xc0, 0x32, 0xb0, 0x3f, 0x73, 0x7b, 0xe8,
    0x3, 0x78, 0x1c, 0x8, 0x6, 0x10, 0xc, 0x20,
    0x20, 0x1e, 0xe0, 0xd, 0x80, 0x50, 0x20, 0x5,
    0xc5, 0x0, 0x28, 0x39, 0x3, 0xf7, 0xfa, 0x8e,
    0x84, 0x27, 0x3, 0x60, 0xc4, 0x9, 0xf9, 0x68,
    0x81, 0x40,

    /* U+00E5 "å" */
    0x0, 0xff, 0xe3, 0xe, 0x7f, 0x30, 0x7, 0xf6,
    0x95, 0x24, 0xa0, 0x7, 0xc2, 0x72, 0xb4, 0x1a,
    0x1, 0xff, 0xc1, 0x30, 0xf, 0x84, 0xa8, 0x9c,
    0x30, 0x3, 0xf7, 0x1e, 0xc2, 0xb0, 0x7, 0xe3,
    0xec, 0xea, 0x0, 0xf8, 0x5e, 0xfb, 0x3b, 0x1c,
    0x3, 0x97, 0xa1, 0x4, 0x0, 0x71, 0xa2, 0x1,
    0x68, 0x1c, 0xe6, 0xd1, 0x81, 0x58, 0x5, 0x15,
    0x8c, 0x64, 0xb8, 0x60, 0xa0, 0x19, 0x40, 0x3d,
    0x60, 0x2, 0x0, 0xff, 0x18, 0x0, 0x40, 0x3f,
    0xf8, 0xa7, 0x5b, 0xfe, 0xed, 0x80, 0xe, 0x9c,
    0x52, 0x12, 0x2, 0x30, 0xc, 0xac, 0xf, 0xdc,
    0xde, 0xfa, 0x0, 0xde, 0x7, 0x2, 0x1, 0x84,
    0x3, 0x8, 0x8, 0x7, 0xb8, 0x3, 0x60, 0x14,
    0x8, 0x1, 0x71, 0x40, 0xa, 0xe, 0x40, 0xfd,
    0xfe, 0xa3, 0xa1, 0x9, 0xc0, 0xd8, 0x31, 0x2,
    0x7e, 0x5a, 0x20, 0x50,

    /* U+00E6 "æ" */
    0x0, 0x9a, 0xfb, 0xfb, 0x18, 0x2, 0x29, 0xdf,
    0xf6, 0x38, 0x6, 0x5e, 0x94, 0x10, 0x13, 0x9b,
    0x6, 0xd6, 0x20, 0x1, 0xc6, 0x90, 0x0, 0x85,
    0x27, 0x36, 0xd8, 0x12, 0xa4, 0x16, 0xf7, 0x1c,
    0xb, 0x80, 0xf, 0x96, 0xc6, 0x49, 0x2e, 0xa,
    0x11, 0x48, 0x47, 0x12, 0x6, 0xa0, 0x3, 0x0,
    0xf5, 0x80, 0x9, 0xc0, 0x39, 0x84, 0x3c, 0x3,
    0xf8, 0x80, 0xe, 0x1, 0xf2, 0x3, 0x0, 0xa,
    0x33, 0xfe, 0xec, 0x0, 0x2f, 0x77, 0xca, 0x2,
    0xf, 0xae, 0x60, 0x44, 0x2, 0x0, 0x84, 0x7e,
    0x0, 0x92, 0x1, 0xb7, 0xf7, 0x5d, 0xc0, 0x3,
    0xff, 0xff, 0x6e, 0x80, 0xa4, 0x80, 0x3e, 0x30,
    0xf, 0xf1, 0x0, 0x80, 0x79, 0x40, 0x8, 0x20,
    0x1f, 0xc2, 0x4, 0x1, 0xe8, 0x0, 0xa8, 0x3,
    0xc2, 0xc1, 0xe0, 0x38, 0x84, 0x6f, 0xc6, 0x92,
    0x9, 0x8a, 0x44, 0x49, 0xe9, 0x25, 0x50, 0x1d,
    0xee, 0x40, 0xad, 0xb4, 0x1, 0xd6, 0xea, 0xd8,
    0x18, 0x82, 0xa8, 0x60, 0x2, 0x5b, 0xa0, 0x3,
    0xe3, 0x10, 0x0, 0x9b, 0x24, 0x0,

    /* U+00E7 "ç" */
    0x0, 0xcd, 0x7d, 0xfd, 0x6e, 0x1, 0x8f, 0x65,
    0x4, 0x5, 0x23, 0x90, 0xb, 0x48, 0x16, 0xf3,
    0x10, 0x42, 0xc1, 0xc2, 0x17, 0x48, 0x66, 0x7d,
    0xc2, 0x33, 0x3, 0xa0, 0x7, 0x8c, 0x2c, 0x1,
    0x20, 0x1f, 0xc4, 0x2, 0x20, 0xf, 0xe1, 0x3,
    0x0, 0xff, 0x8, 0x10, 0x7, 0xf8, 0x80, 0x4,
    0x1, 0xfd, 0x60, 0xb, 0x0, 0xfe, 0x33, 0x3,
    0x30, 0x3, 0xcc, 0x0, 0xe0, 0x4, 0xda, 0x9a,
    0x3f, 0x4c, 0x80, 0xb0, 0x41, 0x2b, 0x2e, 0x4,
    0x30, 0x0, 0x7d, 0x28, 0x0, 0x13, 0x8e, 0x50,
    0xc, 0xd6, 0x31, 0xd8, 0xe2, 0x1, 0xe5, 0x16,
    0x0, 0xff, 0x60, 0x7e, 0x18, 0x7, 0xe9, 0xda,
    0x3e, 0x0, 0xf8, 0x65, 0x30, 0x18, 0x3, 0xf2,
    0xcb, 0x2d, 0x0, 0x40,

    /* U+00E8 "è" */
    0x0, 0xa3, 0xfd, 0x20, 0x1f, 0xe8, 0x70, 0x62,
    0x0, 0xff, 0x43, 0x84, 0x80, 0x7f, 0xd1, 0x26,
    0x20, 0x1f, 0xf3, 0x40, 0x80, 0x7e, 0x17, 0xce,
    0xfd, 0x93, 0x0, 0xe3, 0xf8, 0x31, 0x2, 0x6c,
    0x70, 0x8, 0xb0, 0x4a, 0xbb, 0xf1, 0x42, 0x18,
    0x1, 0xc0, 0x7a, 0xa2, 0x7, 0x4c, 0x12, 0x6,
    0x60, 0xf0, 0xf, 0x40, 0x1, 0x6c, 0x4, 0xc0,
    0x3c, 0x24, 0x1a, 0x40, 0x3b, 0xbf, 0x88, 0x4,
    0x40, 0x2, 0x2f, 0xc0, 0x1, 0x10, 0xf, 0xff,
    0xfa, 0x8, 0x4, 0x40, 0x1f, 0xeb, 0x0, 0x30,
    0x7, 0xf8, 0xc8, 0x20, 0x80, 0x3c, 0x6a, 0x0,
    0xe0, 0x6, 0xc1, 0x89, 0x2d, 0x65, 0x10, 0x1d,
    0x88, 0x3e, 0x76, 0xd2, 0x83, 0x10, 0x1, 0x3e,
    0xc, 0x40, 0x4d, 0xf6, 0x40,

    /* U+00E9 "é" */
    0x0, 0xfa, 0x7f, 0xcc, 0x1, 0xfc, 0x4c, 0x10,
    0xc0, 0x1f, 0xd2, 0xe, 0xe0, 0xf, 0xe1, 0x39,
    0x80, 0xf, 0xf0, 0xc3, 0x0, 0x7f, 0xb, 0xe7,
    0x7e, 0xc9, 0x80, 0x71, 0xfc, 0x18, 0x81, 0x36,
    0x38, 0x4, 0x58, 0x25, 0x5d, 0xf8, 0xa1, 0xc,
    0x0, 0xe0, 0x3d, 0x51, 0x3, 0xa6, 0x9, 0x3,
    0x30, 0x78, 0x7, 0xa0, 0x0, 0xb6, 0x2, 0x60,
    0x1e, 0x12, 0xd, 0x20, 0x1d, 0xdf, 0xc4, 0x2,
    0x20, 0x1, 0x17, 0xe0, 0x0, 0x88, 0x7, 0xff,
    0xfd, 0x4, 0x2, 0x20, 0xf, 0xf5, 0x80, 0x18,
    0x3, 0xfc, 0x64, 0x10, 0x40, 0x1e, 0x35, 0x0,
    0x70, 0x3, 0x60, 0xc4, 0x96, 0xb2, 0x88, 0xe,
    0xc4, 0x1f, 0x3b, 0x69, 0x41, 0x88, 0x0, 0x9f,
    0x6, 0x20, 0x26, 0xfb, 0x20,

    /* U+00EA "ê" */
    0x0, 0xf6, 0xfa, 0x80, 0x7f, 0xac, 0x82, 0x88,
    0x3, 0xf4, 0x21, 0x38, 0x78, 0x7, 0xc8, 0xc3,
    0xf0, 0xc5, 0x20, 0x1e, 0x4e, 0xe1, 0x4, 0xfc,
    0x80, 0x7f, 0xf2, 0x5, 0xf3, 0xbf, 0x64, 0xc0,
    0x38, 0xfe, 0xc, 0x40, 0x9b, 0x1c, 0x2, 0x2c,
    0x12, 0xae, 0xfc, 0x50, 0x86, 0x0, 0x70, 0x1e,
    0xa8, 0x81, 0xd3, 0x4, 0x81, 0x98, 0x3c, 0x3,
    0xd0, 0x0, 0x5b, 0x1, 0x30, 0xf, 0x9, 0x6,
    0x90, 0xe, 0xef, 0xe2, 0x1, 0x10, 0x0, 0x8b,
    0xf0, 0x0, 0x44, 0x3, 0xff, 0xfe, 0x82, 0x1,
    0x10, 0x7, 0xfa, 0xc0, 0xc, 0x1, 0xfe, 0x32,
    0x8, 0x20, 0xf, 0x1a, 0x80, 0x38, 0x1, 0xb0,
    0x62, 0x4b, 0x59, 0x44, 0x7, 0x62, 0xf, 0x9d,
    0xb4, 0xa0, 0xc4, 0x0, 0x4f, 0x83, 0x10, 0x13,
    0x7d, 0x90,

    /* U+00EB "ë" */
    0x0, 0x93, 0xb0, 0x0, 0xff, 0x20, 0x1e, 0xd1,
    0x32, 0xa, 0x6, 0x0, 0xf5, 0x12, 0x10, 0x58,
    0xb8, 0x7, 0x8f, 0x6c, 0x0, 0xdd, 0x0, 0x1f,
    0xfc, 0x81, 0x7c, 0xef, 0xd9, 0x30, 0xe, 0x3f,
    0x83, 0x10, 0x26, 0xc7, 0x0, 0x8b, 0x4, 0xab,
    0xbf, 0x14, 0x21, 0x80, 0x1c, 0x7, 0xaa, 0x20,
    0x74, 0xc1, 0x20, 0x66, 0xf, 0x0, 0xf4, 0x0,
    0x16, 0xc0, 0x4c, 0x3, 0xc2, 0x41, 0xa4, 0x3,
    0xbb, 0xf8, 0x80, 0x44, 0x0, 0x22, 0xfc, 0x0,
    0x11, 0x0, 0xff, 0xff, 0xa0, 0x80, 0x44, 0x1,
    0xfe, 0xb0, 0x3, 0x0, 0x7f, 0x8c, 0x82, 0x8,
    0x3, 0xc6, 0xa0, 0xe, 0x0, 0x6c, 0x18, 0x92,
    0xd6, 0x51, 0x1, 0xd8, 0x83, 0xe7, 0x6d, 0x28,
    0x31, 0x0, 0x13, 0xe0, 0xc4, 0x4, 0xdf, 0x64,
    0x0,

    /* U+00EC "ì" */
    0x3e, 0xfe, 0x0, 0x1e, 0x8, 0xa0, 0x0, 0x5e,
    0x4e, 0x60, 0x1, 0xcb, 0x10, 0x8, 0x50, 0x80,
    0x2b, 0xfd, 0x0, 0xff, 0xff, 0x80, 0x7f, 0x0,

    /* U+00ED "í" */
    0x3, 0xff, 0x58, 0x3, 0x81, 0x6c, 0x1c, 0x96,
    0x80, 0x9, 0x94, 0x1, 0x19, 0x80, 0x35, 0xfe,
    0x80, 0x7f, 0xff, 0xc0, 0x3f, 0xf8, 0x0,

    /* U+00EE "î" */
    0x0, 0xa3, 0xec, 0x3, 0x9d, 0xc0, 0x92, 0x1,
    0x2c, 0xe, 0x13, 0x30, 0x7, 0x17, 0x4f, 0xd7,
    0xc4, 0x53, 0x46, 0x5, 0x52, 0x20, 0x1f, 0xfc,
    0xb, 0xfd, 0x0, 0xff, 0xff, 0x80, 0x7f, 0xfa,
    0x80,

    /* U+00EF "ï" */
    0xd, 0xe3, 0x3, 0xed, 0x13, 0x21, 0xb0, 0x41,
    0x25, 0x33, 0x15, 0x82, 0x91, 0xa8, 0x66, 0x98,
    0x16, 0xe0, 0x80, 0x7f, 0xf0, 0x2f, 0xf4, 0x3,
    0xff, 0xfe, 0x1, 0xff, 0xea,

    /* U+00F0 "ð" */
    0x0, 0xff, 0xe4, 0x2f, 0xb8, 0x0, 0x60, 0x3,
    0xf6, 0x84, 0x64, 0x73, 0x98, 0x7, 0xd1, 0x60,
    0x6e, 0xbc, 0x60, 0x1e, 0x19, 0xb1, 0x30, 0x43,
    0x0, 0xf9, 0x9e, 0x3b, 0x10, 0x7c, 0x3, 0xe7,
    0xe7, 0x0, 0x50, 0x94, 0x80, 0x70, 0xc6, 0xff,
    0xb1, 0xa0, 0x18, 0x40, 0x25, 0xe7, 0x20, 0x1,
    0xc5, 0x0, 0x24, 0x0, 0x74, 0x0, 0x7b, 0xc9,
    0x23, 0x0, 0x28, 0x3, 0x80, 0x19, 0x8, 0x6d,
    0xaa, 0x0, 0x21, 0x42, 0x8, 0x30, 0xe, 0xa1,
    0x0, 0x16, 0x0, 0x18, 0x3, 0xe6, 0x0, 0x31,
    0x0, 0x88, 0x3, 0xed, 0x0, 0x84, 0xc, 0x3,
    0xf0, 0x80, 0x42, 0x6, 0x1, 0xf8, 0x40, 0xc,
    0x40, 0x24, 0x1, 0xf6, 0x80, 0xe, 0xc0, 0x14,
    0x1, 0xf3, 0x1, 0x81, 0x90, 0x3a, 0x0, 0x75,
    0x8, 0x48, 0x3, 0xc0, 0x17, 0x2a, 0x8d, 0x8a,
    0x8, 0xa0, 0x2, 0xb1, 0x6, 0xab, 0x93, 0x4,
    0xb0, 0xc, 0x9f, 0x6, 0x20, 0x29, 0x56, 0x1,
    0x0,

    /* U+00F1 "ñ" */
    0x0, 0xd, 0xfe, 0x28, 0x16, 0x18, 0x6, 0xa4,
    0x3, 0xae, 0xd3, 0x20, 0xc, 0x31, 0xfa, 0xa2,
    0x56, 0x20, 0x1a, 0x9c, 0xa, 0xbf, 0x50, 0x3,
    0xff, 0x89, 0x7e, 0x20, 0x75, 0xdf, 0xd6, 0x80,
    0x18, 0x9b, 0x14, 0x40, 0x52, 0xd8, 0x2, 0x89,
    0x5, 0x9a, 0x60, 0x4, 0x88, 0x1, 0x7, 0x29,
    0x96, 0x60, 0x0, 0x80, 0x16, 0x98, 0x6, 0x60,
    0x1, 0x0, 0x10, 0xc0, 0x38, 0x40, 0x1e, 0x1,
    0xff, 0xff, 0x0, 0xff, 0xef, 0x0,

    /* U+00F2 "ò" */
    0x0, 0x93, 0xfd, 0xa0, 0x1f, 0xf2, 0x58, 0x13,
    0x0, 0x7f, 0xc9, 0x61, 0x2, 0x1, 0xff, 0x26,
    0x49, 0x0, 0x7f, 0xf0, 0xd, 0xcc, 0x3, 0xfc,
    0xd7, 0xdf, 0xd6, 0xa0, 0x1e, 0x3d, 0x94, 0x10,
    0x14, 0xad, 0x20, 0x8, 0xb0, 0x81, 0x6a, 0xe9,
    0x40, 0xb0, 0x40, 0x1c, 0x0, 0xba, 0x54, 0x5a,
    0xa0, 0xd, 0x1, 0x98, 0x1d, 0x0, 0x39, 0x58,
    0x10, 0xac, 0x1, 0x40, 0x1f, 0x50, 0x1, 0x8,
    0x4, 0x80, 0x3e, 0x30, 0x7, 0x8, 0x7, 0xff,
    0x4, 0x84, 0x3, 0xff, 0x82, 0x44, 0x1, 0x20,
    0xf, 0x8c, 0x1, 0xd6, 0x0, 0xa0, 0xf, 0xa8,
    0x0, 0x86, 0x60, 0x74, 0x0, 0xe5, 0x60, 0x42,
    0xe, 0x0, 0x5d, 0x2a, 0x2d, 0x50, 0x6, 0x80,
    0x5, 0x84, 0xb, 0x57, 0x4a, 0x5, 0x82, 0x1,
    0x1e, 0xca, 0x8, 0xa, 0x4e, 0x90, 0x0,

    /* U+00F3 "ó" */
    0x0, 0xf9, 0x3f, 0xd4, 0x1, 0xff, 0x48, 0x25,
    0x0, 0x7f, 0x9c, 0x92, 0xc0, 0x3f, 0xe1, 0x8b,
    0x0, 0xff, 0xe0, 0x33, 0x80, 0x7f, 0xcd, 0x7d,
    0xfd, 0x6a, 0x1, 0xe3, 0xd9, 0x41, 0x1, 0x4a,
    0xd2, 0x0, 0x8b, 0x8, 0x16, 0xae, 0x94, 0xb,
    0x4, 0x1, 0xc0, 0xb, 0xa5, 0x45, 0xaa, 0x0,
    0xd0, 0x19, 0x81, 0xd0, 0x3, 0x95, 0x81, 0xa,
    0xc0, 0x14, 0x1, 0xf5, 0x0, 0x10, 0x80, 0x48,
    0x3, 0xe3, 0x0, 0x70, 0x80, 0x7f, 0xf0, 0x48,
    0x40, 0x3f, 0xf8, 0x24, 0x40, 0x12, 0x0, 0xf8,
    0xc0, 0x1d, 0x60, 0xa, 0x0, 0xfa, 0x80, 0x8,
    0x66, 0x7, 0x40, 0xe, 0x56, 0x4, 0x20, 0xe0,
    0x5, 0xd2, 0xa2, 0xd5, 0x0, 0x68, 0x0, 0x58,
    0x40, 0xb5, 0x74, 0xa0, 0x58, 0x20, 0x11, 0xec,
    0xa0, 0x80, 0xa4, 0xe9, 0x0, 0x0,

    /* U+00F4 "ô" */
    0x0, 0xf5, 0x7c, 0x80, 0x7f, 0xce, 0xa0, 0xcc,
    0x0, 0xfe, 0x48, 0x9, 0x9, 0x30, 0xf, 0x86,
    0x46, 0xda, 0x87, 0xc0, 0x3e, 0x1d, 0xe4, 0x5,
    0xec, 0x0, 0xff, 0xe5, 0xb5, 0xf7, 0xf5, 0xa8,
    0x7, 0x8f, 0x65, 0x4, 0x5, 0x2b, 0x48, 0x2,
    0x2c, 0x20, 0x5a, 0xba, 0x50, 0x2c, 0x10, 0x7,
    0x0, 0x2e, 0x95, 0x16, 0xa8, 0x3, 0x40, 0x66,
    0x7, 0x40, 0xe, 0x56, 0x4, 0x2b, 0x0, 0x50,
    0x7, 0xd4, 0x0, 0x42, 0x1, 0x20, 0xf, 0x8c,
    0x1, 0xc2, 0x1, 0xff, 0xc1, 0x21, 0x0, 0xff,
    0xe0, 0x91, 0x0, 0x48, 0x3, 0xe3, 0x0, 0x75,
    0x80, 0x28, 0x3, 0xea, 0x0, 0x21, 0x98, 0x1d,
    0x0, 0x39, 0x58, 0x10, 0x83, 0x80, 0x17, 0x4a,
    0x8b, 0x54, 0x1, 0xa0, 0x1, 0x61, 0x2, 0xd5,
    0xd2, 0x81, 0x60, 0x80, 0x47, 0xb2, 0x82, 0x2,
    0x93, 0xa4, 0x0,

    /* U+00F5 "õ" */
    0x0, 0xd3, 0xfa, 0xc0, 0x38, 0xa0, 0x1e, 0x86,
    0x2, 0x9f, 0xe3, 0x60, 0xf, 0xb, 0x7f, 0x38,
    0x8a, 0x8c, 0x3, 0xd3, 0x20, 0x18, 0xee, 0x28,
    0x7, 0xff, 0x2d, 0xaf, 0xbf, 0xad, 0x40, 0x3c,
    0x7b, 0x28, 0x20, 0x29, 0x5a, 0x40, 0x11, 0x61,
    0x2, 0xd5, 0xd2, 0x81, 0x60, 0x80, 0x38, 0x1,
    0x74, 0xa8, 0xb5, 0x40, 0x1a, 0x3, 0x30, 0x3a,
    0x0, 0x72, 0xb0, 0x21, 0x58, 0x2, 0x80, 0x3e,
    0xa0, 0x2, 0x10, 0x9, 0x0, 0x7c, 0x60, 0xe,
    0x10, 0xf, 0xfe, 0x9, 0x8, 0x7, 0xff, 0x4,
    0x88, 0x2, 0x40, 0x1f, 0x18, 0x3, 0xac, 0x1,
    0x40, 0x1f, 0x50, 0x1, 0xc, 0xc0, 0xe8, 0x1,
    0xca, 0xc0, 0x84, 0x1c, 0x0, 0xba, 0x54, 0x5a,
    0xa0, 0xd, 0x0, 0xb, 0x8, 0x16, 0xae, 0x94,
    0xb, 0x4, 0x2, 0x3d, 0x94, 0x10, 0x14, 0x9d,
    0x20, 0x0,

    /* U+00F6 "ö" */
    0x0, 0x87, 0x78, 0x81, 0x3b, 0x0, 0x3e, 0x42,
    0x14, 0xd, 0x13, 0x30, 0x7, 0x90, 0xc9, 0x2,
    0x89, 0xc, 0x3, 0xc3, 0x9a, 0x40, 0x7b, 0x60,
    0x1f, 0xfc, 0xb6, 0xbe, 0xfe, 0xb5, 0x0, 0xf1,
    0xec, 0xa0, 0x80, 0xa5, 0x69, 0x0, 0x45, 0x84,
    0xb, 0x57, 0x4a, 0x5, 0x82, 0x0, 0xe0, 0x5,
    0xd2, 0xa2, 0xd5, 0x0, 0x68, 0xc, 0xc0, 0xe8,
    0x1, 0xca, 0xc0, 0x85, 0x60, 0xa, 0x0, 0xfa,
    0x80, 0x8, 0x40, 0x24, 0x1, 0xf1, 0x80, 0x38,
    0x40, 0x3f, 0xf8, 0x24, 0x20, 0x1f, 0xfc, 0x12,
    0x20, 0x9, 0x0, 0x7c, 0x60, 0xe, 0xb0, 0x5,
    0x0, 0x7d, 0x40, 0x4, 0x33, 0x3, 0xa0, 0x7,
    0x2b, 0x2, 0x10, 0x70, 0x2, 0xe9, 0x51, 0x6a,
    0x80, 0x34, 0x0, 0x2c, 0x20, 0x5a, 0xba, 0x50,
    0x2c, 0x10, 0x8, 0xf6, 0x50, 0x40, 0x52, 0x74,
    0x80, 0x0,

    /* U+00F7 "÷" */
    0x0, 0xe1, 0xcf, 0x80, 0xf, 0xf9, 0xcc, 0x1c,
    0x40, 0x3f, 0xc6, 0x1, 0x8, 0x7, 0xf9, 0x65,
    0xb0, 0x3, 0xff, 0x80, 0xd2, 0x60, 0x1f, 0xfc,
    0x99, 0xff, 0xff, 0xe0, 0xa0, 0x7, 0xff, 0xe,
    0x37, 0x7f, 0xf8, 0x28, 0x24, 0x5f, 0xfc, 0x10,
    0xf, 0x9a, 0x4c, 0x3, 0xfe, 0x59, 0x6c, 0x0,
    0xff, 0x8c, 0x2, 0x10, 0xf, 0xf3, 0x98, 0x38,
    0x80, 0x70,

    /* U+00F8 "ø" */
    0x0, 0xff, 0xe7, 0x4e, 0x0, 0x7f, 0xf0, 0x9,
    0x98, 0x1, 0xe6, 0xbe, 0xfe, 0xbe, 0xb, 0x0,
    0xc7, 0xb2, 0x82, 0x2, 0x86, 0x24, 0x1, 0x16,
    0x10, 0x2d, 0x5d, 0x8, 0xe, 0x10, 0x3, 0x80,
    0x17, 0x4a, 0x8c, 0x28, 0x0, 0x90, 0x33, 0x3,
    0xa0, 0x5, 0xe3, 0x6c, 0x8, 0x56, 0x0, 0xa0,
    0x9, 0x4e, 0x2, 0x80, 0xa, 0x40, 0x24, 0x1,
    0x41, 0x30, 0x18, 0x3, 0xc4, 0x3, 0x98, 0xa4,
    0x3, 0x88, 0x40, 0x3a, 0xd, 0x0, 0x38, 0x88,
    0x2, 0x41, 0x3, 0xe0, 0x11, 0x80, 0x3a, 0xc0,
    0x14, 0x2e, 0x86, 0x1, 0x50, 0x1, 0xc, 0xc0,
    0xf4, 0x12, 0x1, 0x2b, 0x2, 0x10, 0x70, 0x1,
    0x5, 0xd1, 0x6a, 0x80, 0x34, 0x0, 0x2c, 0x0,
    0xd, 0x5d, 0x28, 0x16, 0x8, 0x7, 0x1a, 0x8,
    0xa, 0x4e, 0x90, 0x6, 0xf0, 0xdb, 0xef, 0xeb,
    0x60, 0xe, 0x10, 0x71, 0x0, 0xff, 0x87, 0x20,
    0x3, 0xfe,

    /* U+00F9 "ù" */
    0x0, 0x2f, 0xfa, 0xc0, 0x3f, 0x96, 0x81, 0x14,
    0x3, 0xf9, 0x6c, 0x2c, 0x3, 0xfc, 0x9b, 0x42,
    0x1, 0xfe, 0x24, 0x10, 0xe, 0xbf, 0xc0, 0xf,
    0x17, 0xf9, 0x40, 0x3f, 0xff, 0xe0, 0x1f, 0xfe,
    0x2, 0x0, 0xf2, 0x80, 0x46, 0x2, 0x80, 0x19,
    0xe0, 0x2, 0xb0, 0x5, 0xba, 0x36, 0x41, 0x0,
    0x46, 0xc0, 0x8, 0xb9, 0x32, 0xf3, 0x0, 0xa6,
    0x46, 0x0, 0x28, 0xd2, 0x50, 0x0,

    /* U+00FA "ú" */
    0x0, 0xf3, 0xff, 0xa0, 0x3, 0xf0, 0xc0, 0x44,
    0x0, 0x3f, 0x58, 0x43, 0x80, 0x7f, 0x4e, 0x38,
    0x7, 0xf8, 0xcc, 0x1, 0xeb, 0xfc, 0x0, 0xf1,
    0x7f, 0x94, 0x3, 0xff, 0xfe, 0x1, 0xff, 0xe0,
    0x20, 0xf, 0x28, 0x4, 0x60, 0x28, 0x1, 0x9e,
    0x0, 0x2b, 0x0, 0x5b, 0xa3, 0x64, 0x10, 0x4,
    0x6c, 0x0, 0x8b, 0x93, 0x2f, 0x30, 0xa, 0x64,
    0x60, 0x2, 0x8d, 0x25, 0x0, 0x0,

    /* U+00FB "û" */
    0x0, 0xec, 0xf8, 0x0, 0xfe, 0xa3, 0x7, 0x50,
    0xf, 0xa5, 0x4e, 0xc2, 0x8c, 0x3, 0x8c, 0xcd,
    0xa9, 0x6b, 0x60, 0x1c, 0x75, 0x22, 0x9, 0x50,
    0x1, 0xff, 0xc4, 0xbf, 0xc0, 0xf, 0x17, 0xf9,
    0x40, 0x3f, 0xff, 0xe0, 0x1f, 0xfe, 0x2, 0x0,
    0xf2, 0x80, 0x46, 0x2, 0x80, 0x19, 0xe0, 0x2,
    0xb0, 0x5, 0xba, 0x36, 0x41, 0x0, 0x46, 0xc0,
    0x8, 0xb9, 0x32, 0xf3, 0x0, 0xa6, 0x46, 0x0,
    0x28, 0xd2, 0x50, 0x0,

    /* U+00FC "ü" */
    0x0, 0x1f, 0x68, 0x83, 0x7d, 0x80, 0x72, 0x9,
    0x28, 0x68, 0x20, 0x7, 0x29, 0x1a, 0x87, 0xa,
    0x80, 0x71, 0x6e, 0x8, 0x2f, 0x50, 0x7, 0xff,
    0x12, 0xff, 0x0, 0x3c, 0x5f, 0xe5, 0x0, 0xff,
    0xff, 0x80, 0x7f, 0xf8, 0x8, 0x3, 0xca, 0x1,
    0x18, 0xa, 0x0, 0x67, 0x80, 0xa, 0xc0, 0x16,
    0xe8, 0xd9, 0x4, 0x1, 0x1b, 0x0, 0x22, 0xe4,
    0xcb, 0xcc, 0x2, 0x99, 0x18, 0x0, 0xa3, 0x49,
    0x40, 0x0,

    /* U+00FD "ý" */
    0x0, 0xfd, 0x9f, 0xc6, 0x1, 0xff, 0x31, 0x8e,
    0x98, 0x7, 0xf8, 0x64, 0x70, 0xc0, 0x3f, 0xf8,
    0x17, 0xe4, 0x1, 0xff, 0xc0, 0x14, 0x10, 0xf,
    0x87, 0xfd, 0x20, 0x1f, 0xaf, 0xf8, 0x5, 0x41,
    0xc0, 0x3e, 0x14, 0x6, 0x0, 0x70, 0xa, 0x80,
    0x79, 0xc0, 0x16, 0x0, 0x42, 0xf, 0x0, 0xf6,
    0x81, 0x18, 0x5, 0x40, 0xa2, 0x1, 0x85, 0x2,
    0x80, 0x33, 0x0, 0x1c, 0x3, 0x38, 0x1, 0x40,
    0x30, 0xa8, 0x50, 0x6, 0xd0, 0x32, 0x0, 0xee,
    0x3, 0x20, 0x0, 0xa0, 0x50, 0x7, 0x90, 0x82,
    0x80, 0xe, 0x0, 0x70, 0xf, 0xa8, 0x18, 0x1,
    0xa0, 0x82, 0x1, 0xf3, 0x0, 0xa0, 0xa0, 0x70,
    0x7, 0xe1, 0x50, 0xe7, 0x0, 0x28, 0x7, 0xf7,
    0x2, 0xd0, 0x30, 0x7, 0xf9, 0x8, 0xc, 0x34,
    0x3, 0xfe, 0xa0, 0x0, 0xa0, 0x7, 0xfc, 0xa0,
    0x6, 0x0, 0xff, 0xe0, 0x28, 0x2, 0x80, 0x3f,
    0xe1, 0x90, 0x42, 0x0, 0xfc, 0x42, 0x98, 0x21,
    0x20, 0x1f, 0x97, 0x7a, 0xc8, 0x28, 0x80, 0x3f,
    0x88, 0x0, 0x98, 0xa0, 0x1f, 0x80,

    /* U+00FE "þ" */
    0xbf, 0xa0, 0xf, 0xff, 0xf8, 0x7, 0xf9, 0x2f,
    0xbf, 0x60, 0x40, 0x3c, 0xf6, 0x82, 0x4, 0xfe,
    0x60, 0x19, 0x20, 0x62, 0xe9, 0x0, 0x74, 0x40,
    0x21, 0x2f, 0x74, 0x5b, 0x70, 0x19, 0x0, 0xd8,
    0x20, 0x1a, 0x8, 0x14, 0x2, 0x31, 0x0, 0xf2,
    0x81, 0x8, 0x7, 0xfb, 0x80, 0x6, 0x1, 0xfe,
    0x30, 0x0, 0x80, 0x7f, 0x88, 0x0, 0x40, 0x1f,
    0xec, 0x1, 0x10, 0x7, 0xf1, 0x20, 0x38, 0x7,
    0xf0, 0xf8, 0x2, 0xc0, 0x23, 0xa4, 0x23, 0x6f,
    0x20, 0x82, 0x0, 0xcb, 0x7b, 0x92, 0x21, 0xe,
    0x1, 0x8e, 0x50, 0x40, 0x97, 0x1c, 0x3, 0xcd,
    0x7d, 0xfb, 0x46, 0x1, 0xff, 0xfe,

    /* U+00FF "ÿ" */
    0x0, 0xd1, 0xf2, 0x0, 0xbf, 0x50, 0xf, 0xca,
    0xe, 0x2, 0x81, 0xc0, 0x1f, 0xa8, 0x58, 0x5,
    0x47, 0x80, 0x3f, 0x3f, 0x40, 0x2, 0xb9, 0x40,
    0x3f, 0xf9, 0x3, 0xfe, 0x90, 0xf, 0xd7, 0xfc,
    0x2, 0xa0, 0xe0, 0x1f, 0xa, 0x3, 0x0, 0x38,
    0x5, 0x40, 0x3c, 0xe0, 0xb, 0x0, 0x21, 0x7,
    0x80, 0x7b, 0x40, 0x8c, 0x2, 0xa0, 0x51, 0x0,
    0xc2, 0x81, 0x40, 0x19, 0x80, 0xe, 0x1, 0x9c,
    0x0, 0xa0, 0x18, 0x54, 0x28, 0x3, 0x68, 0x19,
    0x0, 0x77, 0x1, 0x90, 0x0, 0x50, 0x28, 0x3,
    0xc8, 0x41, 0x40, 0x7, 0x0, 0x38, 0x7, 0xd4,
    0xc, 0x0, 0xd0, 0x41, 0x0, 0xf9, 0x80, 0x50,
    0x50, 0x38, 0x3, 0xf0, 0xa8, 0x73, 0x80, 0x14,
    0x3, 0xfb, 0x81, 0x68, 0x18, 0x3, 0xfc, 0x84,
    0x6, 0x1a, 0x1, 0xff, 0x50, 0x0, 0x50, 0x3,
    0xfe, 0x50, 0x3, 0x0, 0x7f, 0xf0, 0x14, 0x1,
    0x40, 0x1f, 0xf0, 0xc8, 0x21, 0x0, 0x7e, 0x21,
    0x4c, 0x10, 0x90, 0xf, 0xcb, 0xbd, 0x64, 0x14,
    0x40, 0x1f, 0xc4, 0x0, 0x4c, 0x50, 0xf, 0xc0,

    /* U+2013 "–" */
    0x33, 0xff, 0xe0, 0xe, 0x67, 0xff, 0x2, 0x0,
    0x3f, 0xf8, 0x20,

    /* U+2014 "—" */
    0x33, 0xff, 0xe4, 0x8e, 0x67, 0xff, 0x26, 0x40,
    0x3f, 0xf9, 0x40,

    /* U+2018 "‘" */
    0x0, 0xc, 0x0, 0x7, 0xc, 0x1, 0x67, 0x60,
    0x4a, 0xc0, 0x4, 0x7, 0x70, 0x6, 0xb0, 0x63,
    0xa, 0x0,

    /* U+2019 "’" */
    0x2, 0xee, 0x18, 0x50, 0x8a, 0x2, 0xc0, 0x2,
    0x7, 0x61, 0xa0, 0xe, 0x16, 0x8, 0x5a, 0x10,
    0xfc, 0x40,

    /* U+201A "‚" */
    0x2, 0xde, 0x30, 0xa2, 0x18, 0xb, 0x0, 0xc7,
    0x61, 0x80, 0xe, 0x16, 0x7, 0x5a, 0x10, 0x6,
    0x20, 0x0,

    /* U+201C "“" */
    0x0, 0xc, 0x0, 0x48, 0xc0, 0x38, 0x60, 0x5,
    0xb0, 0x5, 0x9d, 0x80, 0xd3, 0x30, 0x95, 0x80,
    0x12, 0x16, 0x8, 0xe, 0xe0, 0x40, 0xc2, 0x0,
    0xac, 0x2, 0x14, 0x63, 0xa, 0x8, 0x12, 0x70,

    /* U+201D "”" */
    0x2, 0xee, 0x18, 0x3f, 0xd8, 0x2, 0x84, 0x50,
    0x12, 0x8, 0x80, 0xb0, 0x0, 0x83, 0x0, 0x63,
    0xb0, 0xd0, 0x85, 0x5, 0x0, 0x70, 0xb0, 0xa,
    0xb0, 0x84, 0x2d, 0x8, 0x69, 0x48, 0x3, 0xf1,
    0x0, 0x53, 0x40, 0x0,

    /* U+201E "„" */
    0x2, 0xde, 0x30, 0x7f, 0xb0, 0x5, 0x10, 0xc0,
    0x48, 0x22, 0x2, 0xc0, 0x33, 0x80, 0x63, 0xb0,
    0xc0, 0x95, 0x5, 0x0, 0x70, 0xb0, 0xa, 0xb0,
    0x83, 0xad, 0x8, 0x69, 0x48, 0x5, 0x88, 0x2,
    0x9a, 0x0,

    /* U+2020 "†" */
    0x0, 0xcb, 0xfe, 0x10, 0xf, 0xff, 0x27, 0xfd,
    0x40, 0xe, 0xff, 0x60, 0x7, 0xff, 0x3, 0xba,
    0xa0, 0x6, 0xf7, 0x30, 0x4, 0x60, 0x8, 0xc4,
    0x40, 0x1f, 0xff, 0xf0, 0xf, 0xff, 0x18,

    /* U+2021 "‡" */
    0x0, 0xd3, 0xf8, 0x1, 0xff, 0xe5, 0xff, 0x98,
    0xf, 0xfe, 0x40, 0xf, 0xfe, 0x7, 0x74, 0xc0,
    0x5d, 0xd2, 0x0, 0x8c, 0x0, 0x11, 0xc0, 0x1f,
    0xfc, 0x1f, 0xf9, 0x80, 0xff, 0xe4, 0x0, 0xff,
    0xe0, 0x6e, 0xca, 0x5, 0xbb, 0x20, 0x11, 0x46,
    0x2, 0x45, 0x0, 0x7f, 0xfd, 0xc0,

    /* U+2022 "•" */
    0x0, 0x3d, 0x30, 0x5, 0x90, 0xb3, 0x60, 0x66,
    0x0, 0x90, 0x5c, 0x3, 0x8d, 0x40, 0x31, 0x10,
    0x6c, 0xc0, 0xfc, 0x0,

    /* U+2026 "…" */
    0x7, 0x70, 0x6, 0x38, 0x50, 0xc, 0xd0, 0x41,
    0x31, 0x9, 0x0, 0xb5, 0xe9, 0x0, 0x9, 0x2f,
    0x80, 0x40, 0x2, 0x0, 0x84, 0x0, 0x40, 0x2,
    0x0, 0x8, 0x78, 0x8b, 0xc0, 0x27, 0x3, 0x70,
    0x3, 0x98, 0x38, 0x0,

    /* U+2030 "‰" */
    0x2, 0xae, 0xfd, 0x70, 0xf, 0xdd, 0xe6, 0x1,
    0xff, 0xc0, 0x2c, 0x52, 0x53, 0x8a, 0x0, 0xf4,
    0x8b, 0x18, 0x7, 0xff, 0x2, 0x5, 0xf2, 0xbc,
    0x54, 0xc0, 0x32, 0x31, 0x48, 0x7, 0xff, 0x5,
    0x2, 0x40, 0x2, 0xe0, 0x80, 0x1a, 0x82, 0x40,
    0x3f, 0xf8, 0x42, 0x2, 0x1, 0x8, 0x78, 0x5,
    0x22, 0xc8, 0x1, 0xff, 0xc2, 0x20, 0x30, 0x8,
    0xc3, 0x80, 0x8, 0xc3, 0x20, 0x1f, 0xfc, 0x3a,
    0xf, 0x20, 0x64, 0x7, 0x0, 0x48, 0x50, 0x7,
    0xff, 0x11, 0xd4, 0xf7, 0xe4, 0x2c, 0x42, 0x49,
    0x90, 0x3, 0xff, 0x8b, 0x56, 0xed, 0x1c, 0x80,
    0x6c, 0x32, 0x1, 0xff, 0xc7, 0x48, 0x97, 0x10,
    0x7, 0x5, 0x0, 0x7f, 0xf3, 0xa4, 0x99, 0x0,
    0x3f, 0xf9, 0xa6, 0xc3, 0x0, 0x33, 0xdf, 0xae,
    0x1, 0x86, 0xbb, 0xf5, 0x80, 0x3f, 0xb8, 0x28,
    0x45, 0xec, 0x6a, 0x71, 0x40, 0x1, 0xf5, 0x35,
    0x39, 0x90, 0x7, 0xd0, 0x4a, 0x81, 0x2, 0xbb,
    0x5e, 0x2a, 0x81, 0x2, 0xdb, 0x5e, 0xc, 0x40,
    0x1c, 0x6e, 0x36, 0x0, 0x40, 0x90, 0x0, 0xb0,
    0x60, 0x38, 0x58, 0x0, 0x54, 0x14, 0x3, 0xb8,
    0x2c, 0x40, 0x6, 0x4, 0x1, 0x70, 0x8, 0x8,
    0x10, 0x4, 0x41, 0xe0, 0x1a, 0x9, 0x54, 0x1,
    0x18, 0x10, 0x5, 0xc0, 0x20, 0x20, 0x40, 0x11,
    0x7, 0x80, 0x46, 0xe3, 0x60, 0x19, 0x42, 0x40,
    0x2, 0xc1, 0x80, 0xe1, 0x60, 0x1, 0x50, 0x50,
    0xb, 0x82, 0xc4, 0x3, 0x49, 0x2e, 0xdf, 0x8a,
    0xa0, 0x40, 0xb6, 0xdf, 0x83, 0x10, 0x2, 0x9,
    0x54, 0x1, 0xc3, 0x8c, 0x68, 0x71, 0x40, 0x1,
    0xf5, 0x34, 0x39, 0x90, 0x0,

    /* U+2039 "‹" */
    0x0, 0xe1, 0x0, 0xe7, 0xf4, 0x0, 0x92, 0x4,
    0x2, 0x2a, 0x9, 0x40, 0x7, 0x8b, 0x30, 0x1,
    0x64, 0x92, 0x1, 0x18, 0x30, 0x80, 0x50, 0x85,
    0xa0, 0x1a, 0xc8, 0xe8, 0x3, 0x60, 0xab, 0x80,
    0x43, 0xa6, 0xc0, 0x18, 0xf0, 0x40,

    /* U+203A "›" */
    0x1, 0x0, 0xe4, 0xe6, 0x0, 0xf4, 0xa0, 0x4,
    0x90, 0x14, 0x40, 0x13, 0xb0, 0xf8, 0x6, 0x93,
    0x2a, 0x0, 0x84, 0x80, 0x80, 0x2d, 0x15, 0x80,
    0x5, 0x19, 0xa8, 0x0, 0xea, 0x3a, 0x1, 0x31,
    0xe8, 0x80, 0x43, 0x86, 0x1, 0x80,

    /* U+20AC "€" */
    0x0, 0xf9, 0x6b, 0xbf, 0xdd, 0x4c, 0x1, 0xf8,
    0xf6, 0x94, 0x40, 0x2, 0xb3, 0xcc, 0x1, 0xc9,
    0x84, 0x2, 0xd3, 0x27, 0x30, 0x1b, 0x0, 0xc3,
    0x40, 0x7, 0xe9, 0x66, 0x46, 0x61, 0x3c, 0x3,
    0x48, 0x83, 0x40, 0x7, 0x8e, 0xc8, 0x3, 0x38,
    0xc, 0x80, 0x7f, 0xf0, 0x50, 0x0, 0xc0, 0x1f,
    0xfc, 0xf, 0xf5, 0x80, 0x1f, 0xff, 0xf8, 0x40,
    0x8, 0x62, 0x0, 0x23, 0x3f, 0xc8, 0x20, 0xb,
    0xc4, 0x0, 0x66, 0x7f, 0x58, 0x7, 0xff, 0x26,
    0xf1, 0x0, 0x19, 0x9f, 0xc6, 0x1, 0x21, 0x88,
    0x0, 0x8c, 0xff, 0x10, 0x5, 0xfe, 0xb0, 0x2,
    0xff, 0xfe, 0x10, 0xe, 0x40, 0x2, 0x88, 0x7,
    0xff, 0x9, 0xc0, 0x14, 0x1, 0xff, 0xc2, 0x91,
    0x4, 0xa0, 0xf, 0x26, 0xb8, 0x6, 0x1a, 0x0,
    0x2f, 0x4b, 0x3c, 0xed, 0x94, 0x8, 0x6, 0x4c,
    0x20, 0x16, 0x98, 0x62, 0x3, 0xc1, 0x0, 0xe3,
    0xd9, 0x41, 0x1, 0x26, 0xbc, 0x30
};


/*---------------------
 *  GLYPH DESCRIPTION
 *--------------------*/

static const lv_font_fmt_txt_glyph_dsc_t glyph_dsc[] = {
    {.bitmap_index = 0, .adv_w = 0, .box_w = 0, .box_h = 0, .ofs_x = 0, .ofs_y = 0} /* id = 0 reserved */,
    {.bitmap_index = 0, .adv_w = 129, .box_w = 0, .box_h = 0, .ofs_x = 0, .ofs_y = 0},
    {.bitmap_index = 0, .adv_w = 135, .box_w = 4, .box_h = 20, .ofs_x = 2, .ofs_y = 0},
    {.bitmap_index = 36, .adv_w = 198, .box_w = 8, .box_h = 7, .ofs_x = 2, .ofs_y = 13},
    {.bitmap_index = 65, .adv_w = 306, .box_w = 19, .box_h = 20, .ofs_x = 0, .ofs_y = 0},
    {.bitmap_index = 204, .adv_w = 254, .box_w = 14, .box_h = 26, .ofs_x = 1, .ofs_y = -3},
    {.bitmap_index = 342, .adv_w = 346, .box_w = 20, .box_h = 20, .ofs_x = 1, .ofs_y = 0},
    {.bitmap_index = 512, .adv_w = 328, .box_w = 18, .box_h = 21, .ofs_x = 2, .ofs_y = -1},
    {.bitmap_index = 672, .adv_w = 109, .box_w = 3, .box_h = 7, .ofs_x = 2, .ofs_y = 13},
    {.bitmap_index = 683, .adv_w = 162, .box_w = 7, .box_h = 26, .ofs_x = 2, .ofs_y = -3},
    {.bitmap_index = 758, .adv_w = 162, .box_w = 8, .box_h = 26, .ofs_x = 1, .ofs_y = -3},
    {.bitmap_index = 837, .adv_w = 246, .box_w = 13, .box_h = 12, .ofs_x = 1, .ofs_y = 8},
    {.bitmap_index = 910, .adv_w = 267, .box_w = 15, .box_h = 14, .ofs_x = 1, .ofs_y = 3},
    {.bitmap_index = 944, .adv_w = 121, .box_w = 5, .box_h = 7, .ofs_x = 1, .ofs_y = -4},
    {.bitmap_index = 961, .adv_w = 197, .box_w = 9, .box_h = 3, .ofs_x = 2, .ofs_y = 7},
    {.bitmap_index = 968, .adv_w = 125, .box_w = 4, .box_h = 4, .ofs_x = 2, .ofs_y = 0},
    {.bitmap_index = 977, .adv_w = 150, .box_w = 10, .box_h = 23, .ofs_x = 0, .ofs_y = -2},
    {.bitmap_index = 1057, .adv_w = 293, .box_w = 16, .box_h = 20, .ofs_x = 1, .ofs_y = 0},
    {.bitmap_index = 1183, .adv_w = 250, .box_w = 13, .box_h = 20, .ofs_x = 1, .ofs_y = 0},
    {.bitmap_index = 1230, .adv_w = 284, .box_w = 15, .box_h = 20, .ofs_x = 1, .ofs_y = 0},
    {.bitmap_index = 1337, .adv_w = 276, .box_w = 16, .box_h = 20, .ofs_x = 0, .ofs_y = 0},
    {.bitmap_index = 1464, .adv_w = 292, .box_w = 16, .box_h = 20, .ofs_x = 1, .ofs_y = 0},
    {.bitmap_index = 1545, .adv_w = 286, .box_w = 15, .box_h = 20, .ofs_x = 2, .ofs_y = 0},
    {.bitmap_index = 1640, .adv_w = 277, .box_w = 16, .box_h = 20, .ofs_x = 1, .ofs_y = 0},
    {.bitmap_index = 1781, .adv_w = 259, .box_w = 15, .box_h = 20, .ofs_x = 0, .ofs_y = 0},
    {.bitmap_index = 1869, .adv_w = 281, .box_w = 16, .box_h = 20, .ofs_x = 1, .ofs_y = 0},
    {.bitmap_index = 2005, .adv_w = 279, .box_w = 16, .box_h = 20, .ofs_x = 1, .ofs_y = 0},
    {.bitmap_index = 2143, .adv_w = 124, .box_w = 4, .box_h = 15, .ofs_x = 2, .ofs_y = 0},
    {.bitmap_index = 2164, .adv_w = 124, .box_w = 4, .box_h = 19, .ofs_x = 2, .ofs_y = -4},
    {.bitmap_index = 2193, .adv_w = 267, .box_w = 13, .box_h = 15, .ofs_x = 2, .ofs_y = 2},
    {.bitmap_index = 2267, .adv_w = 267, .box_w = 15, .box_h = 8, .ofs_x = 1, .ofs_y = 6},
    {.bitmap_index = 2296, .adv_w = 267, .box_w = 13, .box_h = 15, .ofs_x = 2, .ofs_y = 2},
    {.bitmap_index = 2370, .adv_w = 226, .box_w = 13, .box_h = 20, .ofs_x = 0, .ofs_y = 0},
    {.bitmap_index = 2463, .adv_w = 396, .box_w = 23, .box_h = 22, .ofs_x = 1, .ofs_y = -4},
    {.bitmap_index = 2674, .adv_w = 307, .box_w = 19, .box_h = 20, .ofs_x = 0, .ofs_y = 0},
    {.bitmap_index = 2810, .adv_w = 283, .box_w = 15, .box_h = 20, .ofs_x = 2, .ofs_y = 0},
    {.bitmap_index = 2914, .adv_w = 292, .box_w = 17, .box_h = 20, .ofs_x = 1, .ofs_y = 0},
    {.bitmap_index = 3037, .adv_w = 311, .box_w = 16, .box_h = 20, .ofs_x = 2, .ofs_y = 0},
    {.bitmap_index = 3145, .adv_w = 264, .box_w = 14, .box_h = 20, .ofs_x = 2, .ofs_y = 0},
    {.bitmap_index = 3186, .adv_w = 237, .box_w = 13, .box_h = 20, .ofs_x = 2, .ofs_y = 0},
    {.bitmap_index = 3220, .adv_w = 319, .box_w = 18, .box_h = 20, .ofs_x = 1, .ofs_y = 0},
    {.bitmap_index = 3355, .adv_w = 332, .box_w = 17, .box_h = 20, .ofs_x = 2, .ofs_y = 0},
    {.bitmap_index = 3388, .adv_w = 123, .box_w = 4, .box_h = 20, .ofs_x = 2, .ofs_y = 0},
    {.bitmap_index = 3394, .adv_w = 197, .box_w = 10, .box_h = 20, .ofs_x = 0, .ofs_y = 0},
    {.bitmap_index = 3431, .adv_w = 286, .box_w = 16, .box_h = 20, .ofs_x = 2, .ofs_y = 0},
    {.bitmap_index = 3535, .adv_w = 242, .box_w = 13, .box_h = 20, .ofs_x = 2, .ofs_y = 0},
    {.bitmap_index = 3557, .adv_w = 398, .box_w = 21, .box_h = 20, .ofs_x = 2, .ofs_y = 0},
    {.bitmap_index = 3692, .adv_w = 336, .box_w = 17, .box_h = 20, .ofs_x = 2, .ofs_y = 0},
    {.bitmap_index = 3790, .adv_w = 349, .box_w = 20, .box_h = 20, .ofs_x = 1, .ofs_y = 0},
    {.bitmap_index = 3947, .adv_w = 256, .box_w = 14, .box_h = 20, .ofs_x = 2, .ofs_y = 0},
    {.bitmap_index = 4016, .adv_w = 349, .box_w = 20, .box_h = 25, .ofs_x = 1, .ofs_y = -5},
    {.bitmap_index = 4205, .adv_w = 287, .box_w = 16, .box_h = 20, .ofs_x = 2, .ofs_y = 0},
    {.bitmap_index = 4313, .adv_w = 258, .box_w = 14, .box_h = 20, .ofs_x = 1, .ofs_y = 0},
    {.bitmap_index = 4426, .adv_w = 266, .box_w = 17, .box_h = 20, .ofs_x = 0, .ofs_y = 0},
    {.bitmap_index = 4457, .adv_w = 322, .box_w = 16, .box_h = 20, .ofs_x = 2, .ofs_y = 0},
    {.bitmap_index = 4523, .adv_w = 302, .box_w = 19, .box_h = 20, .ofs_x = 0, .ofs_y = 0},
    {.bitmap_index = 4661, .adv_w = 446, .box_w = 28, .box_h = 20, .ofs_x = 0, .ofs_y = 0},
    {.bitmap_index = 4884, .adv_w = 289, .box_w = 18, .box_h = 20, .ofs_x = 0, .ofs_y = 0},
    {.bitmap_index = 5025, .adv_w = 274, .box_w = 17, .box_h = 20, .ofs_x = 0, .ofs_y = 0},
    {.bitmap_index = 5115, .adv_w = 279, .box_w = 16, .box_h = 20, .ofs_x = 1, .ofs_y = 0},
    {.bitmap_index = 5209, .adv_w = 131, .box_w = 5, .box_h = 26, .ofs_x = 2, .ofs_y = -3},
    {.bitmap_index = 5225, .adv_w = 150, .box_w = 10, .box_h = 23, .ofs_x = 0, .ofs_y = -2},
    {.bitmap_index = 5303, .adv_w = 131, .box_w = 6, .box_h = 26, .ofs_x = 1, .ofs_y = -3},
    {.bitmap_index = 5321, .adv_w = 306, .box_w = 16, .box_h = 10, .ofs_x = 1, .ofs_y = 12},
    {.bitmap_index = 5382, .adv_w = 318, .box_w = 17, .box_h = 2, .ofs_x = 1, .ofs_y = -2},
    {.bitmap_index = 5389, .adv_w = 121, .box_w = 6, .box_h = 4, .ofs_x = 1, .ofs_y = 16},
    {.bitmap_index = 5402, .adv_w = 250, .box_w = 14, .box_h = 15, .ofs_x = 1, .ofs_y = 0},
    {.bitmap_index = 5491, .adv_w = 269, .box_w = 14, .box_h = 21, .ofs_x = 2, .ofs_y = 0},
    {.bitmap_index = 5577, .adv_w = 236, .box_w = 13, .box_h = 15, .ofs_x = 1, .ofs_y = 0},
    {.bitmap_index = 5657, .adv_w = 267, .box_w = 14, .box_h = 21, .ofs_x = 1, .ofs_y = 0},
    {.bitmap_index = 5746, .adv_w = 254, .box_w = 14, .box_h = 15, .ofs_x = 1, .ofs_y = 0},
    {.bitmap_index = 5834, .adv_w = 157, .box_w = 10, .box_h = 22, .ofs_x = 0, .ofs_y = 0},
    {.bitmap_index = 5880, .adv_w = 267, .box_w = 14, .box_h = 21, .ofs_x = 1, .ofs_y = -6},
    {.bitmap_index = 6002, .adv_w = 264, .box_w = 13, .box_h = 21, .ofs_x = 2, .ofs_y = 0},
    {.bitmap_index = 6048, .adv_w = 113, .box_w = 5, .box_h = 20, .ofs_x = 1, .ofs_y = 0},
    {.bitmap_index = 6066, .adv_w = 119, .box_w = 8, .box_h = 26, .ofs_x = -2, .ofs_y = -6},
    {.bitmap_index = 6111, .adv_w = 240, .box_w = 13, .box_h = 21, .ofs_x = 2, .ofs_y = 0},
    {.bitmap_index = 6184, .adv_w = 112, .box_w = 3, .box_h = 21, .ofs_x = 2, .ofs_y = 0},
    {.bitmap_index = 6189, .adv_w = 396, .box_w = 21, .box_h = 15, .ofs_x = 2, .ofs_y = 0},
    {.bitmap_index = 6259, .adv_w = 264, .box_w = 13, .box_h = 15, .ofs_x = 2, .ofs_y = 0},
    {.bitmap_index = 6303, .adv_w = 271, .box_w = 15, .box_h = 15, .ofs_x = 1, .ofs_y = 0},
    {.bitmap_index = 6400, .adv_w = 264, .box_w = 14, .box_h = 21, .ofs_x = 2, .ofs_y = -6},
    {.bitmap_index = 6491, .adv_w = 265, .box_w = 14, .box_h = 21, .ofs_x = 1, .ofs_y = -6},
    {.bitmap_index = 6581, .adv_w = 166, .box_w = 8, .box_h = 15, .ofs_x = 2, .ofs_y = 0},
    {.bitmap_index = 6608, .adv_w = 213, .box_w = 12, .box_h = 15, .ofs_x = 1, .ofs_y = 0},
    {.bitmap_index = 6688, .adv_w = 166, .box_w = 10, .box_h = 19, .ofs_x = 0, .ofs_y = 0},
    {.bitmap_index = 6734, .adv_w = 262, .box_w = 13, .box_h = 15, .ofs_x = 2, .ofs_y = 0},
    {.bitmap_index = 6775, .adv_w = 238, .box_w = 15, .box_h = 15, .ofs_x = 0, .ofs_y = 0},
    {.bitmap_index = 6864, .adv_w = 352, .box_w = 22, .box_h = 15, .ofs_x = 0, .ofs_y = 0},
    {.bitmap_index = 7006, .adv_w = 228, .box_w = 14, .box_h = 15, .ofs_x = 0, .ofs_y = 0},
    {.bitmap_index = 7097, .adv_w = 248, .box_w = 16, .box_h = 21, .ofs_x = 0, .ofs_y = -6},
    {.bitmap_index = 7222, .adv_w = 213, .box_w = 12, .box_h = 15, .ofs_x = 1, .ofs_y = 0},
    {.bitmap_index = 7283, .adv_w = 174, .box_w = 9, .box_h = 24, .ofs_x = 1, .ofs_y = -2},
    {.bitmap_index = 7347, .adv_w = 108, .box_w = 3, .box_h = 26, .ofs_x = 2, .ofs_y = -2},
    {.bitmap_index = 7354, .adv_w = 174, .box_w = 8, .box_h = 24, .ofs_x = 1, .ofs_y = -2},
    {.bitmap_index = 7417, .adv_w = 267, .box_w = 14, .box_h = 4, .ofs_x = 1, .ofs_y = 8},
    {.bitmap_index = 7443, .adv_w = 129, .box_w = 0, .box_h = 0, .ofs_x = 0, .ofs_y = 0},
    {.bitmap_index = 7443, .adv_w = 135, .box_w = 4, .box_h = 20, .ofs_x = 2, .ofs_y = -5},
    {.bitmap_index = 7478, .adv_w = 241, .box_w = 14, .box_h = 21, .ofs_x = 1, .ofs_y = 0},
    {.bitmap_index = 7585, .adv_w = 263, .box_w = 14, .box_h = 20, .ofs_x = 2, .ofs_y = 0},
    {.bitmap_index = 7662, .adv_w = 282, .box_w = 16, .box_h = 17, .ofs_x = 1, .ofs_y = 1},
    {.bitmap_index = 7781, .adv_w = 289, .box_w = 18, .box_h = 20, .ofs_x = 0, .ofs_y = 0},
    {.bitmap_index = 7898, .adv_w = 108, .box_w = 3, .box_h = 26, .ofs_x = 2, .ofs_y = -2},
    {.bitmap_index = 7914, .adv_w = 226, .box_w = 11, .box_h = 20, .ofs_x = 2, .ofs_y = 0},
    {.bitmap_index = 8013, .adv_w = 158, .box_w = 8, .box_h = 3, .ofs_x = 1, .ofs_y = 17},
    {.bitmap_index = 8026, .adv_w = 365, .box_w = 21, .box_h = 21, .ofs_x = 1, .ofs_y = 0},
    {.bitmap_index = 8213, .adv_w = 178, .box_w = 9, .box_h = 9, .ofs_x = 1, .ofs_y = 11},
    {.bitmap_index = 8252, .adv_w = 215, .box_w = 12, .box_h = 12, .ofs_x = 0, .ofs_y = 1},
    {.bitmap_index = 8319, .adv_w = 267, .box_w = 15, .box_h = 8, .ofs_x = 1, .ofs_y = 4},
    {.bitmap_index = 8337, .adv_w = 197, .box_w = 9, .box_h = 3, .ofs_x = 2, .ofs_y = 7},
    {.bitmap_index = 8344, .adv_w = 365, .box_w = 21, .box_h = 21, .ofs_x = 1, .ofs_y = 0},
    {.bitmap_index = 8527, .adv_w = 143, .box_w = 7, .box_h = 2, .ofs_x = 1, .ofs_y = 17},
    {.bitmap_index = 8532, .adv_w = 170, .box_w = 9, .box_h = 8, .ofs_x = 1, .ofs_y = 12},
    {.bitmap_index = 8568, .adv_w = 267, .box_w = 15, .box_h = 16, .ofs_x = 1, .ofs_y = 2},
    {.bitmap_index = 8613, .adv_w = 169, .box_w = 10, .box_h = 11, .ofs_x = 0, .ofs_y = 12},
    {.bitmap_index = 8661, .adv_w = 179, .box_w = 9, .box_h = 11, .ofs_x = 1, .ofs_y = 12},
    {.bitmap_index = 8711, .adv_w = 119, .box_w = 6, .box_h = 4, .ofs_x = 1, .ofs_y = 16},
    {.bitmap_index = 8724, .adv_w = 269, .box_w = 13, .box_h = 21, .ofs_x = 2, .ofs_y = -6},
    {.bitmap_index = 8770, .adv_w = 233, .box_w = 12, .box_h = 20, .ofs_x = 1, .ofs_y = 0},
    {.bitmap_index = 8816, .adv_w = 130, .box_w = 6, .box_h = 5, .ofs_x = 1, .ofs_y = 7},
    {.bitmap_index = 8831, .adv_w = 119, .box_w = 6, .box_h = 7, .ofs_x = 1, .ofs_y = -7},
    {.bitmap_index = 8853, .adv_w = 164, .box_w = 9, .box_h = 11, .ofs_x = 1, .ofs_y = 12},
    {.bitmap_index = 8879, .adv_w = 181, .box_w = 10, .box_h = 9, .ofs_x = 1, .ofs_y = 11},
    {.bitmap_index = 8923, .adv_w = 215, .box_w = 12, .box_h = 12, .ofs_x = 1, .ofs_y = 1},
    {.bitmap_index = 8991, .adv_w = 417, .box_w = 25, .box_h = 25, .ofs_x = 1, .ofs_y = -4},
    {.bitmap_index = 9170, .adv_w = 417, .box_w = 24, .box_h = 25, .ofs_x = 1, .ofs_y = -4},
    {.bitmap_index = 9352, .adv_w = 432, .box_w = 26, .box_h = 25, .ofs_x = 1, .ofs_y = -4},
    {.bitmap_index = 9563, .adv_w = 226, .box_w = 13, .box_h = 21, .ofs_x = 1, .ofs_y = -6},
    {.bitmap_index = 9660, .adv_w = 307, .box_w = 19, .box_h = 25, .ofs_x = 0, .ofs_y = 0},
    {.bitmap_index = 9822, .adv_w = 307, .box_w = 19, .box_h = 25, .ofs_x = 0, .ofs_y = 0},
    {.bitmap_index = 9982, .adv_w = 307, .box_w = 19, .box_h = 25, .ofs_x = 0, .ofs_y = 0},
    {.bitmap_index = 10148, .adv_w = 307, .box_w = 19, .box_h = 25, .ofs_x = 0, .ofs_y = 0},
    {.bitmap_index = 10310, .adv_w = 307, .box_w = 19, .box_h = 24, .ofs_x = 0, .ofs_y = 0},
    {.bitmap_index = 10473, .adv_w = 307, .box_w = 19, .box_h = 27, .ofs_x = 0, .ofs_y = 0},
    {.bitmap_index = 10648, .adv_w = 398, .box_w = 24, .box_h = 20, .ofs_x = 0, .ofs_y = 0},
    {.bitmap_index = 10778, .adv_w = 292, .box_w = 17, .box_h = 26, .ofs_x = 1, .ofs_y = -6},
    {.bitmap_index = 10934, .adv_w = 264, .box_w = 14, .box_h = 25, .ofs_x = 2, .ofs_y = 0},
    {.bitmap_index = 10996, .adv_w = 264, .box_w = 14, .box_h = 25, .ofs_x = 2, .ofs_y = 0},
    {.bitmap_index = 11059, .adv_w = 264, .box_w = 14, .box_h = 25, .ofs_x = 2, .ofs_y = 0},
    {.bitmap_index = 11126, .adv_w = 264, .box_w = 14, .box_h = 24, .ofs_x = 2, .ofs_y = 0},
    {.bitmap_index = 11191, .adv_w = 123, .box_w = 7, .box_h = 25, .ofs_x = -1, .ofs_y = 0},
    {.bitmap_index = 11216, .adv_w = 123, .box_w = 6, .box_h = 25, .ofs_x = 2, .ofs_y = 0},
    {.bitmap_index = 11240, .adv_w = 123, .box_w = 9, .box_h = 25, .ofs_x = -1, .ofs_y = 0},
    {.bitmap_index = 11275, .adv_w = 123, .box_w = 9, .box_h = 24, .ofs_x = -1, .ofs_y = 0},
    {.bitmap_index = 11307, .adv_w = 311, .box_w = 18, .box_h = 20, .ofs_x = 0, .ofs_y = 0},
    {.bitmap_index = 11429, .adv_w = 336, .box_w = 17, .box_h = 25, .ofs_x = 2, .ofs_y = 0},
    {.bitmap_index = 11555, .adv_w = 349, .box_w = 20, .box_h = 25, .ofs_x = 1, .ofs_y = 0},
    {.bitmap_index = 11733, .adv_w = 349, .box_w = 20, .box_h = 25, .ofs_x = 1, .ofs_y = 0},
    {.bitmap_index = 11912, .adv_w = 349, .box_w = 20, .box_h = 26, .ofs_x = 1, .ofs_y = 0},
    {.bitmap_index = 12100, .adv_w = 349, .box_w = 20, .box_h = 25, .ofs_x = 1, .ofs_y = 0},
    {.bitmap_index = 12285, .adv_w = 349, .box_w = 20, .box_h = 24, .ofs_x = 1, .ofs_y = 0},
    {.bitmap_index = 12471, .adv_w = 267, .box_w = 15, .box_h = 15, .ofs_x = 1, .ofs_y = 2},
    {.bitmap_index = 12565, .adv_w = 349, .box_w = 20, .box_h = 26, .ofs_x = 1, .ofs_y = -3},
    {.bitmap_index = 12774, .adv_w = 322, .box_w = 16, .box_h = 25, .ofs_x = 2, .ofs_y = 0},
    {.bitmap_index = 12862, .adv_w = 322, .box_w = 16, .box_h = 25, .ofs_x = 2, .ofs_y = 0},
    {.bitmap_index = 12948, .adv_w = 322, .box_w = 16, .box_h = 26, .ofs_x = 2, .ofs_y = 0},
    {.bitmap_index = 13042, .adv_w = 322, .box_w = 16, .box_h = 24, .ofs_x = 2, .ofs_y = 0},
    {.bitmap_index = 13133, .adv_w = 274, .box_w = 17, .box_h = 25, .ofs_x = 0, .ofs_y = 0},
    {.bitmap_index = 13250, .adv_w = 252, .box_w = 14, .box_h = 20, .ofs_x = 2, .ofs_y = 0},
    {.bitmap_index = 13325, .adv_w = 258, .box_w = 14, .box_h = 22, .ofs_x = 2, .ofs_y = 0},
    {.bitmap_index = 13439, .adv_w = 250, .box_w = 14, .box_h = 20, .ofs_x = 1, .ofs_y = 0},
    {.bitmap_index = 13550, .adv_w = 250, .box_w = 14, .box_h = 20, .ofs_x = 1, .ofs_y = 0},
    {.bitmap_index = 13661, .adv_w = 250, .box_w = 14, .box_h = 21, .ofs_x = 1, .ofs_y = 0},
    {.bitmap_index = 13777, .adv_w = 250, .box_w = 14, .box_h = 20, .ofs_x = 1, .ofs_y = 0},
    {.bitmap_index = 13892, .adv_w = 250, .box_w = 14, .box_h = 20, .ofs_x = 1, .ofs_y = 0},
    {.bitmap_index = 14006, .adv_w = 250, .box_w = 14, .box_h = 23, .ofs_x = 1, .ofs_y = 0},
    {.bitmap_index = 14130, .adv_w = 402, .box_w = 23, .box_h = 15, .ofs_x = 1, .ofs_y = 0},
    {.bitmap_index = 14280, .adv_w = 236, .box_w = 13, .box_h = 21, .ofs_x = 1, .ofs_y = -6},
    {.bitmap_index = 14388, .adv_w = 254, .box_w = 14, .box_h = 20, .ofs_x = 1, .ofs_y = 0},
    {.bitmap_index = 14497, .adv_w = 254, .box_w = 14, .box_h = 20, .ofs_x = 1, .ofs_y = 0},
    {.bitmap_index = 14606, .adv_w = 254, .box_w = 14, .box_h = 21, .ofs_x = 1, .ofs_y = 0},
    {.bitmap_index = 14720, .adv_w = 254, .box_w = 14, .box_h = 20, .ofs_x = 1, .ofs_y = 0},
    {.bitmap_index = 14833, .adv_w = 113, .box_w = 6, .box_h = 20, .ofs_x = -1, .ofs_y = 0},
    {.bitmap_index = 14857, .adv_w = 113, .box_w = 6, .box_h = 20, .ofs_x = 2, .ofs_y = 0},
    {.bitmap_index = 14880, .adv_w = 113, .box_w = 9, .box_h = 21, .ofs_x = -1, .ofs_y = 0},
    {.bitmap_index = 14913, .adv_w = 113, .box_w = 9, .box_h = 20, .ofs_x = -1, .ofs_y = 0},
    {.bitmap_index = 14942, .adv_w = 266, .box_w = 15, .box_h = 22, .ofs_x = 1, .ofs_y = 0},
    {.bitmap_index = 15079, .adv_w = 264, .box_w = 13, .box_h = 20, .ofs_x = 2, .ofs_y = 0},
    {.bitmap_index = 15149, .adv_w = 271, .box_w = 15, .box_h = 20, .ofs_x = 1, .ofs_y = 0},
    {.bitmap_index = 15268, .adv_w = 271, .box_w = 15, .box_h = 20, .ofs_x = 1, .ofs_y = 0},
    {.bitmap_index = 15386, .adv_w = 271, .box_w = 15, .box_h = 21, .ofs_x = 1, .ofs_y = 0},
    {.bitmap_index = 15509, .adv_w = 271, .box_w = 15, .box_h = 20, .ofs_x = 1, .ofs_y = 0},
    {.bitmap_index = 15631, .adv_w = 271, .box_w = 15, .box_h = 20, .ofs_x = 1, .ofs_y = 0},
    {.bitmap_index = 15753, .adv_w = 267, .box_w = 15, .box_h = 14, .ofs_x = 1, .ofs_y = 3},
    {.bitmap_index = 15811, .adv_w = 271, .box_w = 15, .box_h = 21, .ofs_x = 1, .ofs_y = -3},
    {.bitmap_index = 15941, .adv_w = 262, .box_w = 13, .box_h = 20, .ofs_x = 2, .ofs_y = 0},
    {.bitmap_index = 16003, .adv_w = 262, .box_w = 13, .box_h = 20, .ofs_x = 2, .ofs_y = 0},
    {.bitmap_index = 16065, .adv_w = 262, .box_w = 13, .box_h = 21, .ofs_x = 2, .ofs_y = 0},
    {.bitmap_index = 16133, .adv_w = 262, .box_w = 13, .box_h = 20, .ofs_x = 2, .ofs_y = 0},
    {.bitmap_index = 16199, .adv_w = 248, .box_w = 16, .box_h = 26, .ofs_x = 0, .ofs_y = -6},
    {.bitmap_index = 16349, .adv_w = 264, .box_w = 14, .box_h = 27, .ofs_x = 2, .ofs_y = -6},
    {.bitmap_index = 16443, .adv_w = 248, .box_w = 16, .box_h = 26, .ofs_x = 0, .ofs_y = -6},
    {.bitmap_index = 16595, .adv_w = 267, .box_w = 13, .box_h = 3, .ofs_x = 2, .ofs_y = 6},
    {.bitmap_index = 16606, .adv_w = 409, .box_w = 22, .box_h = 3, .ofs_x = 2, .ofs_y = 6},
    {.bitmap_index = 16617, .adv_w = 101, .box_w = 5, .box_h = 7, .ofs_x = 1, .ofs_y = 13},
    {.bitmap_index = 16635, .adv_w = 101, .box_w = 5, .box_h = 7, .ofs_x = 0, .ofs_y = 13},
    {.bitmap_index = 16653, .adv_w = 101, .box_w = 5, .box_h = 7, .ofs_x = 0, .ofs_y = -3},
    {.bitmap_index = 16671, .adv_w = 175, .box_w = 9, .box_h = 7, .ofs_x = 1, .ofs_y = 13},
    {.bitmap_index = 16703, .adv_w = 175, .box_w = 10, .box_h = 7, .ofs_x = 0, .ofs_y = 13},
    {.bitmap_index = 16739, .adv_w = 175, .box_w = 10, .box_h = 7, .ofs_x = 0, .ofs_y = -3},
    {.bitmap_index = 16773, .adv_w = 188, .box_w = 11, .box_h = 20, .ofs_x = 0, .ofs_y = 0},
    {.bitmap_index = 16804, .adv_w = 180, .box_w = 11, .box_h = 20, .ofs_x = 0, .ofs_y = 0},
    {.bitmap_index = 16850, .adv_w = 142, .box_w = 7, .box_h = 6, .ofs_x = 1, .ofs_y = 6},
    {.bitmap_index = 16870, .adv_w = 373, .box_w = 18, .box_h = 4, .ofs_x = 3, .ofs_y = 0},
    {.bitmap_index = 16906, .adv_w = 505, .box_w = 30, .box_h = 20, .ofs_x = 1, .ofs_y = 0},
    {.bitmap_index = 17135, .adv_w = 157, .box_w = 7, .box_h = 12, .ofs_x = 1, .ofs_y = 1},
    {.bitmap_index = 17173, .adv_w = 161, .box_w = 7, .box_h = 12, .ofs_x = 2, .ofs_y = 1},
    {.bitmap_index = 17211, .adv_w = 304, .box_w = 18, .box_h = 20, .ofs_x = 1, .ofs_y = 0}
};

/*---------------------
 *  CHARACTER MAPPING
 *--------------------*/

static const uint16_t unicode_list_2[] = {
    0x0, 0x1, 0x5, 0x6, 0x7, 0x9, 0xa, 0xb,
    0xd, 0xe, 0xf, 0x13, 0x1d, 0x26, 0x27, 0x99
};

/*Collect the unicode lists and glyph_id offsets*/
static const lv_font_fmt_txt_cmap_t cmaps[] =
{
    {
        .range_start = 32, .range_length = 95, .glyph_id_start = 1,
        .unicode_list = NULL, .glyph_id_ofs_list = NULL, .list_length = 0, .type = LV_FONT_FMT_TXT_CMAP_FORMAT0_TINY
    },
    {
        .range_start = 160, .range_length = 96, .glyph_id_start = 96,
        .unicode_list = NULL, .glyph_id_ofs_list = NULL, .list_length = 0, .type = LV_FONT_FMT_TXT_CMAP_FORMAT0_TINY
    },
    {
        .range_start = 8211, .range_length = 154, .glyph_id_start = 192,
        .unicode_list = unicode_list_2, .glyph_id_ofs_list = NULL, .list_length = 16, .type = LV_FONT_FMT_TXT_CMAP_SPARSE_TINY
    }
};

/*-----------------
 *    KERNING
 *----------------*/


/*Map glyph_ids to kern left classes*/
static const uint8_t kern_left_class_mapping[] =
{
    0, 0, 0, 1, 0, 0, 0, 0,
    2, 3, 0, 0, 0, 4, 5, 4,
    6, 7, 8, 0, 0, 9, 0, 10,
    11, 12, 13, 0, 0, 0, 0, 0,
    14, 15, 16, 17, 18, 19, 20, 21,
    22, 23, 23, 24, 25, 26, 23, 23,
    19, 27, 19, 28, 29, 30, 31, 32,
    33, 34, 35, 36, 37, 38, 0, 0,
    0, 0, 39, 40, 41, 42, 43, 44,
    45, 46, 47, 48, 49, 42, 46, 46,
    40, 40, 50, 51, 52, 53, 46, 54,
    54, 55, 56, 57, 3, 0, 0, 0,
    0, 0, 0, 0, 0, 0, 0, 0,
    0, 0, 58, 0, 0, 5, 0, 0,
    0, 0, 0, 0, 0, 0, 0, 0,
    0, 0, 59, 0, 0, 0, 0, 60,
    16, 16, 16, 16, 16, 16, 20, 18,
    20, 20, 20, 20, 23, 23, 23, 23,
    19, 23, 19, 19, 19, 19, 19, 0,
    19, 31, 31, 31, 31, 35, 27, 61,
    39, 39, 39, 39, 39, 39, 43, 62,
    43, 43, 43, 43, 47, 63, 64, 65,
    40, 46, 40, 40, 40, 40, 40, 0,
    40, 46, 46, 46, 46, 54, 40, 54,
    5, 5, 66, 67, 68, 66, 67, 68,
    0, 0, 0, 4, 0, 0, 0, 0
};

/*Map glyph_ids to kern right classes*/
static const uint8_t kern_right_class_mapping[] =
{
    0, 0, 0, 1, 0, 0, 0, 0,
    2, 0, 3, 4, 0, 5, 6, 7,
    8, 0, 9, 10, 11, 0, 12, 0,
    13, 0, 0, 14, 14, 0, 0, 0,
    15, 16, 17, 18, 19, 18, 18, 18,
    19, 18, 18, 20, 18, 18, 18, 18,
    19, 18, 19, 18, 21, 22, 23, 24,
    25, 26, 27, 0, 28, 29, 30, 0,
    31, 0, 32, 33, 34, 34, 34, 35,
    36, 33, 37, 38, 33, 33, 39, 39,
    40, 41, 34, 39, 42, 43, 39, 44,
    44, 45, 46, 47, 48, 0, 49, 0,
    0, 0, 0, 0, 0, 0, 0, 0,
    0, 0, 50, 0, 0, 6, 0, 0,
    0, 0, 0, 0, 0, 0, 0, 0,
    0, 0, 51, 0, 0, 0, 0, 52,
    17, 17, 17, 17, 17, 17, 53, 19,
    18, 18, 18, 18, 54, 18, 18, 54,
    18, 18, 19, 19, 19, 19, 19, 0,
    19, 23, 23, 23, 23, 27, 18, 33,
    32, 32, 32, 32, 32, 32, 32, 34,
    34, 34, 34, 34, 55, 37, 56, 57,
    34, 39, 34, 34, 34, 34, 34, 0,
    34, 39, 39, 39, 39, 46, 33, 46,
    6, 6, 58, 59, 60, 61, 62, 60,
    0, 0, 0, 63, 0, 64, 0, 0
};

/*Kern values between classes*/
static const int8_t kern_class_values[] =
{
    0, 0, 0, 0, 0, 0, 0, 0,
    0, 0, 0, 0, 0, 0, 0, 0,
    0, 0, 0, 0, 0, 0, 0, 0,
    0, 0, 0, 0, 0, 0, 0, 0,
    0, -24, 0, -24, 0, 0, 0, -24,
    0, 0, 0, 0, 0, 0, 0, 0,
    0, 0, 0, 0, 0, 0, 0, 0,
    0, 0, 0, 0, 0, 0, 0, 0,
    0, 0, 0, 0, 0, 0, 0, 0,
    0, 0, 0, 0, 0, 0, 0, 0,
    -12, 0, 0, -13, 0, 0, 0, 0,
    0, 0, 0, 0, 0, 0, 0, 0,
    0, -4, 0, -4, 0, 0, 0, -4,
    0, 0, 0, 0, 0, 0, 0, 0,
    0, 0, 0, 0, -12, 0, 0, 0,
    0, 0, 0, 0, 0, 0, 0, 0,
    0, 0, 0, 0, 0, 0, 0, 0,
    0, 0, 0, 0, 0, 0, 0, 0,
    0, 0, 0, 0, 0, 0, 0, 0,
    0, 0, 0, 0, 0, 0, 0, 0,
    0, 0, -14, 0, 0, 0, 0, 0,
    0, 0, 0, 0, 0, 0, 0, 0,
    0, 0, 0, 0, 0, 0, 0, 0,
    0, 0, 0, 0, 0, 0, 0, 0,
    0, 0, -5, 0, -18, 0, -18, 0,
    0, 0, 0, 0, 0, 0, 0, 0,
    0, 0, 0, 0, 0, 0, 0, 0,
    0, 0, 0, 0, 0, 0, 0, 0,
    0, 0, 0, 0, 0, 0, 0, 0,
    0, 0, 0, 0, 0, 0, 0, -14,
    0, 0, 0, 0, 0, 0, 0, 0,
    0, -28, 0, 0, -28, 0, -18, -10,
    0, 0, 0, 0, 0, 0, 0, 0,
    0, 0, 0, 0, 0, 0, 0, 0,
    -20, 0, 0, 0, 0, -80, 0, -36,
    0, 0, 0, 0, 0, 0, 0, 0,
    0, 0, 0, 0, 0, 0, 0, 0,
    0, 0, 0, 0, 0, 0, 0, 0,
    0, 0, 0, 0, -20, 0, 0, 0,
    0, 0, 0, 0, 0, 0, 0, 0,
    0, 0, 0, 0, 0, 0, 0, -5,
    0, 0, 0, 0, 0, 0, 0, 0,
    0, 0, 0, 0, 0, 0, 0, 0,
    0, 0, 0, 0, 0, 0, 0, 0,
    0, 0, 0, 0, 0, 0, 0, 0,
    0, 0, 0, 0, 0, 0, 0, 0,
    0, 0, 0, 0, 0, 0, 0, 0,
    0, 0, 0, 0, 0, 0, 0, 0,
    0, 0, 0, 0, 0, 0, 0, 0,
    0, 0, 0, 0, 0, 0, 0, 0,
    0, 0, 0, 0, 0, 0, 0, 0,
    0, 0, 0, 0, 0, 0, 0, 0,
    0, 0, 0, 0, 0, 0, 0, 0,
    0, 0, 0, 0, 0, 0, 0, 0,
    0, -11, -8, 0, 0, 0, 0, 0,
    0, 0, 0, 0, 0, 0, 0, 0,
    0, 0, 0, 0, 0, 0, 0, 0,
    0, 0, 0, 0, 0, 0, 0, -8,
    0, 0, 0, 0, 0, 0, 0, 0,
    0, 0, 0, 0, 0, 0, 0, 0,
    0, 0, 0, 0, 0, 0, 0, 0,
    0, 0, 0, 0, 0, 0, 0, 0,
    0, -30, -30, 0, 0, 0, 0, 0,
    0, 0, 0, 0, 0, 0, 0, 0,
    0, 0, 0, 0, 0, 0, 0, 0,
    0, 0, 0, 0, 0, 0, 0, 0,
    0, 0, 0, 0, 0, 0, 0, 0,
    0, 0, 0, 0, 0, 0, 0, 0,
    0, 0, 0, 0, 0, 0, 0, 0,
    0, 0, 0, 0, 0, 0, 0, 0,
    0, -25, -24, 0, 0, 0, 0, 0,
    0, 0, 0, 0, 0, 0, 0, 0,
    0, 0, 0, 0, 0, 0, 0, 0,
    0, 0, 0, 0, 0, 0, 0, 0,
    0, 0, 0, 0, 0, 0, 0, 0,
    0, 0, 0, 0, 0, 0, 0, 0,
    0, 0, 0, 0, 0, 0, 0, 0,
    0, 0, 0, 0, 0, 0, 0, 0,
    0, -3, -4, 0, 0, 0, 0, 0,
    0, 0, 0, 0, 0, 0, 0, 0,
    0, 0, 0, 0, 0, 0, 0, 0,
    0, 0, 0, 0, 0, 0, 0, -4,
    0, 0, 0, 0, 0, 0, 0, 0,
    0, 0, 0, 0, 0, 0, 0, 0,
    0, 0, 0, 0, 0, 0, 0, 0,
    0, 0, 0, 0, 0, 0, 0, 0,
    0, 1, 2, 0, 0, 0, 0, 0,
    0, 0, 0, 0, 0, 0, 0, 0,
    0, 0, 0, 0, 0, 0, 0, 0,
    0, 0, 0, 0, 0, 0, 0, 0,
    0, 0, 0, 0, 0, 0, 0, 0,
    0, 0, 0, 0, 0, 0, 0, 0,
    0, 0, 0, 0, 0, 0, 0, 0,
    0, 0, 0, 0, 0, 0, 0, 0,
    0, -1, 0, 0, 0, 0, 0, 0,
    0, 0, 0, 0, 0, 0, 0, 0,
    0, 0, 0, 0, 0, 0, 0, 0,
    0, 0, 0, 0, 0, 0, 0, 0,
    0, 0, 0, 0, 0, 0, 0, 0,
    0, 0, 0, 0, 0, 0, 0, 0,
    0, 0, 0, 0, 0, 0, 0, 0,
    0, 0, 0, 0, 0, 0, 0, 0,
    0, -1, -1, 0, 0, 0, 0, 0,
    0, 0, 0, 0, 0, 0, 0, 0,
    0, 0, 0, 0, 0, 0, 0, 0,
    0, 0, 0, 0, 0, 0, 0, 0,
    0, 0, 0, 0, 0, 0, 0, 0,
    0, 0, 0, 0, 0, 0, 0, 0,
    0, 0, 0, 0, 0, 0, 0, 0,
    0, 0, 0, 0, 0, 0, 0, 0,
    0, 0, 0, -38, 0, 0, 0, 0,
    0, 0, 0, 0, 0, 0, 0, 0,
    0, 0, 0, 0, 0, 0, 0, 0,
    -1, -4, -4, -2, -1, 0, 0, 0,
    0, 0, 0, 0, 0, 0, 0, 0,
    0, 0, 0, 0, 0, 0, 0, 0,
    0, 0, 0, 0, 0, 0, 0, 0,
    0, 0, 0, 0, 0, 0, 0, 0,
    0, 0, 0, 0, 0, 0, 0, 0,
    0, 0, 0, 0, 0, 0, 0, 0,
    0, 0, 0, 0, 0, 0, 0, 0,
    0, 0, 0, 0, 0, 0, 0, -7,
    0, 0, -12, -1, 0, -34, -11, -26,
    -22, 3, -26, 0, -18, 0, 0, -1,
    -1, -7, -4, -7, -1, -2, -1, -7,
    -1, -2, -9, -22, 1, -25, -1, 0,
    0, 0, 0, 0, 0, 0, -1, -1,
    -1, -43, -6, 0, -43, -6, 0, 0,
    0, 0, 0, 0, -17, 0, -17, 0,
    0, 0, 0, 0, 0, 0, 0, 0,
    -2, 0, 0, 0, 0, -9, 0, -7,
    -2, 0, -8, 0, 0, 0, 0, 0,
    0, 0, 0, 0, 0, 0, 0, 0,
    0, -1, -1, -2, -1, -2, -1, 0,
    0, 0, 0, 0, -2, 0, 0, 0,
    0, 0, 0, 0, 0, 0, -17, 0,
    0, 0, 0, 0, -4, 0, -4, 0,
    0, 0, 0, 0, 0, 0, 0, 0,
    0, 0, -6, 0, 1, 0, 0, 1,
    1, 0, 1, 0, 0, 0, 0, 0,
    0, -2, 0, -2, 3, 0, 0, -2,
    0, -1, -1, -7, 0, -7, 0, 0,
    0, 0, 0, 0, 0, 0, 3, 3,
    3, 0, 0, 0, 0, 0, -4, 0,
    0, 0, 0, 0, -28, 0, -28, -4,
    0, 0, 0, 0, 0, 0, 0, -4,
    -14, 0, 0, -15, 0, -17, 0, -14,
    -2, -17, -22, 0, 0, 0, 0, -1,
    0, -1, 1, -1, -1, 5, 0, -1,
    0, 0, 1, 0, 0, 0, 0, 0,
    0, 0, 0, 0, -14, 0, -1, -1,
    -1, -14, 0, 0, -14, 0, -28, 0,
    0, 0, 0, 0, 0, 0, 0, 0,
    0, 0, 0, 0, 0, 0, 0, 0,
    -4, 0, 0, 2, 0, 0, 0, 4,
    4, 7, 0, 0, 0, 0, 0, -1,
    0, -2, -1, -2, -2, 13, -2, -2,
    -1, -2, -1, -2, 0, -5, -2, 0,
    0, 0, 0, 0, -4, 0, -2, -2,
    0, 0, 0, 0, 0, 0, 0, 0,
    0, 0, 0, 0, -50, 0, -50, -4,
    0, 0, 0, 0, 0, 0, 0, 0,
    -22, 0, 0, -28, 0, 7, 0, 8,
    7, 4, 4, 0, 0, 0, 0, -10,
    0, -11, 4, -11, -2, -2, -3, -11,
    -5, -7, -2, 0, 0, -1, -3, 0,
    0, 0, 0, 0, -22, 0, -2, 1,
    8, 0, 0, 0, 0, 0, -50, 0,
    0, 0, 0, 0, 0, 0, 0, 0,
    0, 0, 0, 0, 0, 0, 0, 0,
    -1, 0, 0, 0, 0, -4, 0, -1,
    -1, 0, -16, 0, 0, 0, 0, 0,
    0, 0, 1, 0, 0, 0, 0, 0,
    0, 0, 0, -1, 0, -1, 0, 0,
    0, 0, 0, 0, -1, 0, 0, 0,
    0, 0, 0, 0, 0, 0, 0, 0,
    0, 0, 0, 0, 0, 0, 0, 0,
    0, 0, 0, 0, 0, 0, 0, 0,
    0, 0, 0, 0, 0, 0, 0, 0,
    0, 0, 0, 0, 0, 0, 0, 0,
    0, 0, 0, 0, 0, 0, 0, 0,
    0, 0, 0, 0, 0, 0, 0, 0,
    0, 0, 0, 0, 0, 7, 0, 2,
    0, 0, 0, 0, 0, 0, 0, 0,
    0, 0, 0, 0, -10, 0, -10, 0,
    0, 0, 0, 0, 0, 0, 0, 0,
    -10, 0, 0, -2, 1, 0, 0, 0,
    0, 0, 0, 0, 0, 0, 0, -1,
    0, 0, 0, 0, 0, 0, 0, 0,
    0, 0, 0, 0, 0, 0, 0, 0,
    0, 0, 0, 0, -10, 0, 0, 0,
    0, 0, 0, 0, 0, 0, -10, 0,
    0, 0, 0, 0, 0, -34, 0, 0,
    0, 0, 0, 0, 0, 0, 0, 0,
    1, -4, -13, 7, 0, 0, -2, 0,
    0, 3, 0, 0, 0, 0, 0, -4,
    0, -11, -2, -11, 3, 1, -7, -11,
    0, -1, -4, -19, 2, -17, 0, 0,
    0, 0, 0, 0, 1, -4, 3, 3,
    3, -13, 0, 0, -13, 0, 0, 0,
    0, 0, 0, -26, 0, 0, 0, 0,
    0, 0, 0, 0, 0, 0, 0, 0,
    0, 0, -21, 9, 0, -52, -10, -31,
    -23, 5, -45, 0, 0, 0, 0, 1,
    0, 0, -1, 0, 0, 0, 0, 0,
    0, 0, -3, -27, 1, -16, 0, 0,
    0, 0, 0, 0, 0, 0, 0, 0,
    0, -27, -32, 0, -27, -32, 0, 0,
    0, 0, 0, 0, -51, 0, -51, 0,
    0, 0, 0, 0, 0, 0, 0, 0,
    -22, 0, 0, -25, 0, 7, 0, 7,
    7, -2, -1, 0, 0, 0, 0, 0,
    0, -1, 9, -1, 4, 4, 0, -1,
    0, 0, 9, 13, 8, 9, 7, 0,
    0, 0, 0, 0, -22, 0, 4, 4,
    4, 0, 0, 0, 0, 0, -51, 0,
    0, 0, 0, 0, 0, 0, 0, 0,
    0, 0, 0, 0, 0, 0, 0, 0,
    0, 0, 0, 4, 0, 0, 0, 0,
    0, 1, -3, 0, 0, 0, 0, 0,
    0, -1, 0, -1, 0, 0, 0, -1,
    0, 0, 4, 4, 5, 0, 4, 0,
    0, 0, 0, 0, 0, 0, 0, 0,
    0, 0, 0, 0, 0, 0, 0, 0,
    0, 0, 0, 0, 0, 0, 0, 0,
    0, 0, 0, 0, 0, 0, 0, 0,
    -1, 0, 0, -1, 0, 0, 0, -3,
    0, 0, -1, 0, 0, 0, 0, 0,
    0, -1, 0, -1, 2, 0, 0, -1,
    0, 0, -1, -2, 0, -9, -2, 0,
    0, 0, 0, 0, -1, 0, 2, 2,
    2, 0, 0, 0, 0, 0, 0, 0,
    0, 0, 0, 0, -64, -36, -64, 0,
    0, 0, 0, 0, 0, -45, 0, -4,
    -37, 0, -16, -22, 0, 10, 0, 4,
    4, 0, 9, 0, 0, 0, 0, -39,
    0, -47, 0, -47, 13, 0, -31, -47,
    -30, -39, -4, -30, -21, -28, -33, 0,
    0, 0, 0, 0, -37, 0, 13, 13,
    14, 0, 0, 0, 0, 0, -64, 0,
    0, 0, 0, 0, 0, 0, 0, 0,
    0, 0, 0, 0, 0, 0, 0, 0,
    -12, 0, 0, -5, 0, 0, 0, 0,
    0, -4, 0, 0, 0, 0, 0, 0,
    0, -4, 0, -4, 0, 0, 0, -4,
    0, -4, 0, 0, 0, -4, -1, 0,
    0, 0, 0, 0, -12, 0, 0, 0,
    0, 0, 0, 0, 0, 0, 0, 0,
    0, 0, 0, 0, -38, -25, -38, -5,
    0, 0, 0, 0, 0, 0, 0, -19,
    -40, 0, -15, -26, 0, 8, 0, 9,
    5, 2, 6, 0, 0, 0, 0, -23,
    1, -25, 0, -25, 0, -1, -10, -25,
    -13, -19, -1, -8, -8, -9, -8, 0,
    0, 0, 0, 0, -43, 0, 0, 0,
    5, 0, 0, 0, 0, 0, -38, 0,
    0, 0, 0, 0, 0, 0, 0, 0,
    0, 0, 0, 0, 0, 0, 0, -17,
    -34, 0, -5, -25, 0, 9, 0, 9,
    5, 2, 5, 0, 0, 0, 0, -16,
    0, -19, 0, -19, 5, 0, -8, -19,
    -8, -10, 1, -4, 0, 0, -2, 0,
    0, 0, 0, 0, -37, 0, 9, 5,
    5, 0, 0, 0, 0, 0, 0, 0,
    0, 0, 0, 0, 0, 0, 0, 0,
    0, 0, 0, 0, 0, 0, 0, -11,
    3, 0, -18, 1, 0, 0, -4, 1,
    1, 8, 2, 0, 0, 0, 0, 1,
    0, -10, 0, -10, 5, 1, -7, -10,
    0, 0, -3, -14, 3, -19, 0, 0,
    0, 0, 0, 0, 3, 0, 5, 5,
    5, 0, 0, 0, 0, 0, 0, 0,
    0, 0, 0, 0, -49, 0, -49, 0,
    0, 0, 0, 0, 0, -35, 0, -9,
    -41, 0, -20, -41, -6, 9, 0, 3,
    2, 2, 3, 0, 0, 0, 0, -31,
    -4, -35, -2, -35, 2, 0, -23, -35,
    -20, -28, -2, -11, -13, -10, -17, 0,
    0, 0, 0, 0, -41, 0, 3, 2,
    6, 0, 0, 0, 0, 0, -49, 0,
    0, 0, 0, 0, 0, 0, 0, 0,
    0, 0, 0, 0, 0, 0, 0, -14,
    -4, 0, -4, 0, 0, 0, -4, 0,
    0, 0, 0, 0, 0, 0, 0, 0,
    0, -7, 0, -7, 1, 0, 0, -7,
    0, -7, 0, -15, 1, -15, 0, 0,
    0, 0, 0, 0, -4, 0, 1, 1,
    1, 0, 0, 0, 0, 0, 0, 0,
    0, 0, 0, 0, 0, 0, 0, 0,
    0, 0, 0, 0, 0, 0, 0, 0,
    0, 0, 0, 0, 0, 0, 0, 0,
    0, 0, 0, 0, 0, 0, 0, 0,
    0, 0, -17, 0, 0, 14, 0, 0,
    0, 0, 0, 0, 0, 0, 0, 0,
    0, 0, 0, 0, 0, 0, 0, 0,
    0, 0, 0, 0, 0, 0, 0, 0,
    0, 0, 0, 0, 0, 0, 0, 0,
    0, 0, 0, 0, 0, 0, 0, 0,
    0, 0, 0, 0, 0, 0, 0, -3,
    0, 0, 0, 0, 0, 0, 0, 0,
    0, 0, 0, 0, 0, 0, 0, 0,
    0, 0, 0, 0, 0, 0, 0, 0,
    0, 0, 0, 0, 0, 0, 0, 0,
    0, 0, 0, 0, 0, 0, 0, 0,
    0, -5, 0, 0, 0, 0, 0, 0,
    0, 0, 0, 0, 0, 0, 0, 0,
    0, 0, 0, 0, 0, -52, 0, 0,
    0, 0, 0, 0, 0, 0, 0, 0,
    0, -4, -1, -4, -1, 13, 0, -4,
    0, 0, -2, -7, 4, -8, 4, 0,
    0, 0, 0, 0, 0, 0, 4, -1,
    -1, -10, 0, 0, -10, 0, 0, 0,
    -24, 0, 0, 0, -13, 0, -13, 0,
    0, 0, 0, 0, 0, 0, 0, 0,
    0, 0, 0, 0, 0, -45, 0, 0,
    0, 0, 0, 0, 0, 0, -2, -7,
    0, 0, -4, 0, 0, -1, 0, 0,
    -4, 0, 0, -9, -7, -10, -2, 0,
    0, 0, 0, 0, 0, 0, 0, 0,
    0, -14, -27, 0, -14, -27, -13, 0,
    0, 0, 0, 0, 0, 0, 0, 0,
    0, 0, 0, 0, 0, 0, 0, -4,
    0, 0, 0, 0, 0, -55, 0, 0,
    0, 0, 0, 0, 0, 0, 0, -7,
    0, -9, 0, -9, 0, 0, 0, -9,
    0, 0, 1, -1, 0, -4, -1, 0,
    0, 0, 0, 0, 0, 0, 3, 0,
    0, 0, 0, 0, 0, 0, 0, 0,
    0, 0, 0, 0, 0, 0, 0, 0,
    0, 0, 0, 0, 0, 0, 0, 0,
    0, 0, 0, 0, 0, 0, 0, 0,
    0, 0, 0, 0, 0, 0, 0, 0,
    1, -1, 0, -1, 0, 0, 0, -1,
    0, 0, 0, 0, 0, 0, 0, 0,
    0, 0, 0, 0, 0, 0, 3, 4,
    2, 0, 0, 0, 0, 0, 0, 0,
    0, -4, 0, 0, 0, 0, 0, 0,
    0, 0, 0, 0, 0, 0, 0, 0,
    0, 0, 0, 0, 0, -80, 0, -21,
    0, 0, 0, 0, 0, 0, 0, 0,
    2, 0, -7, 0, 0, 0, 0, 0,
    0, 0, 0, -3, -4, -4, 0, 0,
    0, 0, 0, 0, 0, 0, 9, 0,
    3, -24, 0, 0, -24, 0, 0, 0,
    0, 2, 0, 0, -18, 0, -18, -10,
    0, 0, 0, 0, 0, 0, 0, 0,
    0, 0, 0, 0, 0, 14, 0, 0,
    0, 0, 0, 0, 3, 4, 0, -8,
    1, -4, 4, -4, 6, 0, 0, -4,
    0, -4, 4, 8, 2, 4, 2, 0,
    4, 0, 0, 0, 0, 0, 19, 4,
    6, 4, 0, 0, 4, 0, -18, 0,
    0, 0, 0, 0, 0, 0, 0, 0,
    0, 0, 0, 0, 0, 0, 0, 0,
    0, 0, 0, 0, 0, 0, 0, 0,
    0, 0, 0, 0, 0, 0, 0, 0,
    0, -4, 0, -4, 0, 11, 0, -4,
    0, 0, 0, 0, 0, 0, 0, 0,
    0, 0, 0, 0, 0, 0, 0, 0,
    0, 0, 0, 0, 0, 0, 0, 0,
    0, -3, 0, 0, 0, 0, 0, 0,
    0, 0, 0, 0, 0, 0, 0, 0,
    0, 0, 0, 0, 0, -58, 0, 0,
    0, 0, 0, 0, 0, 0, 0, 0,
    0, 0, 0, 0, 0, 0, 0, 0,
    0, 0, -1, -2, 0, -3, 0, 0,
    0, 0, 0, 0, 0, 0, 0, 0,
    0, -14, -1, 0, -14, -1, 0, 0,
    0, 3, 1, 0, 0, 0, 0, 0,
    0, 0, 0, 0, 0, 0, 1, 0,
    0, 0, 0, 0, 0, 0, 0, 0,
    0, 0, 0, 1, 0, 5, 0, 0,
    0, 0, 0, 0, 0, 0, 0, 0,
    0, 0, 0, 0, 0, 0, 0, 0,
    4, 0, 0, 0, 0, 0, 7, 7,
    16, 0, 0, 0, 0, 0, 0, 0,
    0, 0, 0, 0, 0, 0, 0, 0,
    0, 0, 0, 0, 0, 0, 0, 0,
    0, 0, 0, 0, 0, 0, 0, 0,
    0, 0, 0, 0, 0, 0, 0, 0,
    0, -4, 0, -4, 2, 11, 0, -4,
    0, 0, 0, 0, 0, 0, 0, 0,
    0, 0, 0, 0, 0, 0, 2, 2,
    2, 0, 0, 0, 0, 0, 0, 0,
    0, 0, 0, 0, 0, 0, 0, 0,
    0, 0, 0, 0, 0, 0, 0, -1,
    0, 0, 0, 0, 0, -25, 0, 0,
    0, 0, 0, 0, 0, 0, 0, -4,
    0, -11, 0, -11, 0, 0, 0, -13,
    0, -1, 0, 0, 5, -1, 4, 0,
    0, 0, 0, 0, 0, 0, 0, 0,
    0, 0, 0, 0, 0, 0, 0, 0,
    0, 0, 0, 0, 0, 0, 0, 0,
    0, 0, 0, 0, 0, 0, 0, 0,
    0, 0, 0, 0, 0, 0, 0, 0,
    0, 0, 0, 0, 0, 0, 0, 0,
    0, 0, 0, 0, 0, 26, 0, 0,
    0, 0, 0, 0, 0, 0, 0, 0,
    0, 0, 0, 0, 0, 0, 0, 0,
    0, 0, 0, 0, 0, 0, 0, 0,
    0, 0, 0, 0, -40, 0, -40, -4,
    0, 0, 0, 0, 0, 0, 0, -5,
    0, 0, 0, 0, 0, -42, 0, 0,
    0, 0, 0, 0, 0, 0, 0, -9,
    -4, -11, 4, -11, -1, -1, 0, -11,
    0, -4, 5, 5, 6, 8, 0, 0,
    0, 0, 0, 0, 0, 0, 8, -1,
    3, 0, 1, 0, 0, 1, -40, 0,
    0, 0, 0, 0, 0, 0, 0, 0,
    0, 0, 0, 0, 0, 0, 0, -4,
    0, 0, 0, 0, 0, -52, 0, 0,
    0, 0, 0, 0, 0, 0, 0, 0,
    0, -4, 0, -4, 0, 0, 0, -4,
    0, 0, 0, -1, 0, -2, -1, 0,
    0, 0, 0, 0, 0, 0, 0, 0,
    0, 0, 0, 0, 0, 0, 0, 0,
    0, 0, 0, 0, 0, 0, 0, 0,
    0, 0, 0, 0, 0, 0, 0, 0,
    0, 0, 0, 0, 0, -21, 0, 0,
    0, 0, 0, 0, 3, 3, 0, -1,
    1, -8, 1, -8, 0, 0, 0, -8,
    0, 0, 0, 0, 1, 0, 0, 0,
    2, 0, 0, 0, 0, 0, 9, 1,
    5, 0, 0, 0, 0, 0, 0, 0,
    0, 0, 0, 0, -23, 0, -27, -2,
    0, 0, 0, 0, 0, 0, 0, -9,
    0, 0, 0, 0, 0, -36, 0, 0,
    0, 0, 0, 0, 0, 0, 0, -6,
    0, -9, 2, -9, 0, -1, 0, -9,
    0, -2, 5, 6, 3, 1, 0, 0,
    0, 0, 0, 0, 0, 0, 0, 0,
    0, 0, 0, 0, 0, 0, -28, 0,
    0, 0, 0, 0, 0, 0, 0, 0,
    0, 0, 0, 0, 0, 0, 0, -8,
    0, 0, 0, 0, 0, -14, 0, 0,
    0, 0, 0, 0, 0, 0, 0, -4,
    0, -9, 2, -9, 0, 1, 0, -9,
    0, 0, 2, 2, 3, 1, 0, 0,
    0, 0, 0, 0, 0, 0, 0, 0,
    0, 0, 0, 0, 0, 0, 0, 0,
    0, 0, 0, 0, -23, 0, -27, -2,
    0, 0, 0, 0, 0, 0, 0, -9,
    0, 0, 0, 0, 0, -36, 0, 0,
    0, 0, 0, 0, 0, 0, 0, -6,
    0, -9, 2, -8, 0, -1, 0, -9,
    0, -2, 5, 6, 3, 1, 0, 0,
    0, 0, 0, 0, 0, 0, 0, 0,
    0, 0, 0, 0, 0, 0, -28, 0,
    0, 0, 0, 0, 0, 0, 0, 0,
    0, 0, 0, 0, 0, 0, 0, 0,
    0, 0, 0, 0, 0, -26, 0, 0,
    0, 0, 0, 0, 0, 0, 0, -3,
    0, -7, 1, -7, 0, 0, -1, -7,
    0, 0, 2, 0, 1, 0, 4, 0,
    0, 0, 0, 0, 0, 0, 0, 0,
    0, 0, 0, 0, 0, 0, 0, 0,
    0, 0, 0, 0, 0, 0, 0, 0,
    0, 0, 0, 0, 1, 0, 0, 0,
    0, 0, 0, 0, 0, 0, 0, 0,
    0, 0, 0, 0, 0, 0, 0, 0,
    0, 0, 0, 0, 0, 0, 0, 0,
    0, 0, 0, 0, 0, 0, 0, 0,
    0, 0, 0, 0, 0, 0, 0, 0,
    0, 0, 0, 0, 0, 0, 0, 0,
    0, 0, 0, 0, 0, 0, 0, 0,
    0, 0, 0, 0, 2, 0, 0, 0,
    0, 0, 0, 0, 0, 0, 0, 0,
    0, 0, 0, 0, 0, 0, 0, 0,
    0, 0, 0, 0, 0, 0, 0, 0,
    0, 0, 0, 0, 0, 0, 0, 0,
    0, 0, 0, 0, 0, 0, 0, 0,
    0, 0, 0, 0, 0, 0, 0, 0,
    0, 0, 0, 0, 0, 0, 0, 0,
    0, 0, 0, 0, 0, 0, -38, 0,
    0, 0, 0, 0, 0, 0, 0, 0,
    0, 0, 0, 0, 0, 0, 0, 0,
    0, 0, 0, 0, 0, 0, 0, 0,
    0, 0, 0, 0, 0, 0, 0, 0,
    0, 0, 0, 0, 0, 0, 0, 0,
    0, 0, 0, 0, 0, 0, 0, 0,
    0, 0, 0, 0, 0, 0, 0, 0,
    0, 0, 0, 0, 0, 0, 0, 0,
    0, 0, 0, 0, 0, 0, 0, 0,
    0, 0, 0, 0, 0, 0, 0, 1,
    0, 0, -1, 0, 0, 0, 0, 0,
    0, -1, -1, -4, -1, -11, 0, 0,
    0, 0, 0, 0, 0, 0, 0, 0,
    0, 0, 0, 0, 0, 0, 0, 0,
    0, 0, 0, 0, 0, 0, 0, 0,
    0, 0, 0, 0, 0, 0, 0, -4,
    0, 0, 0, 0, 0, -55, 0, 0,
    0, 0, 0, 0, 0, 0, 0, -7,
    0, -9, 0, -9, 0, 3, 0, -9,
    0, 0, 1, -1, 0, -4, -1, 0,
    0, 0, 0, 0, 0, 0, 3, 0,
    0, 0, 0, 0, 0, 0, 0, 0,
    0, 3, 1, 0, 0, 0, 0, 0,
    0, 0, 0, 0, 0, 0, 1, 0,
    0, 0, 0, 0, 0, 0, 0, 0,
    0, 0, 0, 1, 6, 5, 0, 0,
    3, 0, 0, 0, 9, 0, 0, 0,
    0, 0, 0, 0, 0, 0, 0, 0,
    4, 0, 0, 0, 0, 0, 7, 7,
    16, 0, 0, 0, 0, 0, 0, 0,
    0, 3, 1, 0, 0, 0, 0, 0,
    0, 0, 0, 0, 0, 0, 1, 0,
    0, 0, 0, 0, 0, 0, 0, 0,
    0, 0, 0, 1, 0, 5, 0, 0,
    0, 0, 0, 0, 1, 0, 0, 0,
    0, 0, 0, 0, 0, 0, 0, 0,
    4, 0, 0, 0, 0, 0, 7, 7,
    16, 0, 0, 0, 0, 0, 0, 0,
    0, 3, 1, 0, 0, 0, 0, 0,
    0, 0, 0, 0, 0, 0, 1, 0,
    0, 0, 0, 0, 0, 0, 0, 0,
    0, 0, 0, 1, 2, 3, 0, 0,
    1, 0, 0, 0, 20, 0, 0, 0,
    0, 0, 0, 0, 0, 0, 0, 0,
    1, 0, 0, 0, 0, 0, 21, 7,
    23, 0, 0, 0, 0, 0, 0, 0,
    0, 0, 0, 0, 0, 0, 0, 0,
    0, 0, 0, 0, 0, 0, 0, 0,
    -43, 0, -14, -41, 0, 0, 0, 7,
    0, 0, 0, 0, 0, 0, 0, -14,
    0, -32, 0, -32, 0, 0, -10, -32,
    0, -24, 0, 0, 0, 0, 0, 0,
    0, 0, 0, 0, -43, 0, 0, 0,
    0, -27, 0, 0, 0, 0, 0, 0,
    0, 0, 0, 0, 0, 0, 0, 0,
    0, 0, 0, 0, 0, 0, 0, 0,
    0, 0, 0, 0, 0, 0, 0, 0,
    0, 0, 0, 0, 0, 0, 0, 0,
    0, 0, 0, 0, 0, 0, 0, 0,
    0, -9, 0, 0, 0, 0, 0, 0,
    0, 0, 0, 0, 0, 0, 0, 0,
    0, 0, -27, 0, 0, 0, 0, 0,
    0, 0, 0, 0, 0, 0, 0, 0,
    0, 0, 0, 0, 0, 0, 0, 0,
    0, 0, 0, 0, 0, 0, 0, 0,
    0, 0, 0, 0, 0, 0, 0, 0,
    0, 0, 0, 0, 0, 0, 0, 0,
    0, 0, 0, 0, 0, 0, 0, 0,
    0, 0, 0, 0, 0, 0, 0, 0,
    0, 0, 0, -27, 0, 0, 0, 0
};


/*Collect the kern class' data in one place*/
static const lv_font_fmt_txt_kern_classes_t kern_classes =
{
    .class_pair_values   = kern_class_values,
    .left_class_mapping  = kern_left_class_mapping,
    .right_class_mapping = kern_right_class_mapping,
    .left_class_cnt      = 68,
    .right_class_cnt     = 64,
};

/*--------------------
 *  ALL CUSTOM DATA
 *--------------------*/

#if LVGL_VERSION_MAJOR == 8
/*Store all the custom data of the font*/
static  lv_font_fmt_txt_glyph_cache_t cache;
#endif

#if LVGL_VERSION_MAJOR >= 8
static const lv_font_fmt_txt_dsc_t font_dsc = {
#else
static lv_font_fmt_txt_dsc_t font_dsc = {
#endif
    .glyph_bitmap = glyph_bitmap,
    .glyph_dsc = glyph_dsc,
    .cmaps = cmaps,
    .kern_dsc = &kern_classes,
    .kern_scale = 16,
    .cmap_num = 3,
    .bpp = 4,
    .kern_classes = 1,
    .bitmap_format = 1,
#if LVGL_VERSION_MAJOR == 8
    .cache = &cache
#endif
};



/*-----------------
 *  PUBLIC FONT
 *----------------*/

/*Initialize a public general font descriptor*/
#if LVGL_VERSION_MAJOR >= 8
const lv_font_t motiva_28 = {
#else
lv_font_t motiva_28 = {
#endif
    .get_glyph_dsc = lv_font_get_glyph_dsc_fmt_txt,    /*Function pointer to get glyph's data*/
    .get_glyph_bitmap = lv_font_get_bitmap_fmt_txt,    /*Function pointer to get glyph's bitmap*/
    .line_height = 34,          /*The maximum line height required by the font*/
    .base_line = 7,             /*Baseline measured from the bottom of the line*/
#if !(LVGL_VERSION_MAJOR == 6 && LVGL_VERSION_MINOR == 0)
    .subpx = LV_FONT_SUBPX_NONE,
#endif
#if LV_VERSION_CHECK(7, 4, 0) || LVGL_VERSION_MAJOR >= 8
    .underline_position = -1,
    .underline_thickness = 1,
#endif
    .dsc = &font_dsc,          /*The custom font data. Will be accessed by `get_glyph_bitmap/dsc` */
#if LV_VERSION_CHECK(8, 2, 0) || LVGL_VERSION_MAJOR >= 9
    .fallback = NULL,
#endif
    .user_data = NULL,
};



#endif /*#if MOTIVA_28*/

