/*******************************************************************************
 * Size: 28 px
 * Bpp: 4
 * Opts: --size 28 --bpp 4 --format lvgl --font C:\Users\Kekko\AppData\Local\Temp/motiva/MotivaSans-Bold.ttf -r 0x20-0x7E,0xA0-0xFF,0x2010-0x2027,0x2030-0x203A,0x20AC --lv-font-name motiva_bold_28 -o assets/fonts/motiva_bold_28.c
 ******************************************************************************/

#ifdef LV_LVGL_H_INCLUDE_SIMPLE
#include "lvgl.h"
#else
#include "lvgl/lvgl.h"
#endif

#ifndef MOTIVA_BOLD_28
#define MOTIVA_BOLD_28 1
#endif

#if MOTIVA_BOLD_28

/*-----------------
 *    BITMAPS
 *----------------*/

/*Store the image of the glyphs*/
static LV_ATTRIBUTE_LARGE_CONST const uint8_t glyph_bitmap[] = {
    /* U+0020 " " */

    /* U+0021 "!" */
    0x9f, 0xfa, 0xc4, 0x2, 0x10, 0xc, 0x7e, 0x1,
    0x8, 0x80, 0x2f, 0x30, 0x8, 0x44, 0x1, 0xf8,
    0xdc, 0x2, 0x11, 0x0, 0x4e, 0x60, 0x10, 0x80,
    0x63, 0x10, 0x8, 0x42, 0x66, 0x0, 0x21, 0xa0,
    0x1e, 0xd6, 0xa5, 0x0, 0x5d, 0xc0, 0x8, 0x99,
    0x0, 0xe4,

    /* U+0022 "\"" */
    0xaf, 0xf4, 0x4, 0xff, 0xa4, 0x80, 0x1c, 0x2,
    0x0, 0x1f, 0x0, 0x18, 0x70, 0x3, 0x88, 0x0,
    0xc0, 0x60, 0x3, 0x10, 0x0, 0x83, 0x0, 0x19,
    0xc0, 0x6, 0x2, 0x0, 0x13, 0xdd, 0x8, 0x16,
    0xe8, 0x80,

    /* U+0023 "#" */
    0x0, 0xf7, 0xf9, 0xc0, 0x2b, 0xfb, 0x0, 0xfe,
    0x10, 0x1, 0x0, 0x4a, 0x6, 0x1, 0xfc, 0xa0,
    0x7, 0x0, 0x84, 0x38, 0x3, 0xf8, 0xc0, 0x4,
    0x0, 0x30, 0x2, 0x80, 0x76, 0x7f, 0xd0, 0x0,
    0xff, 0xb0, 0x1, 0x9f, 0xf2, 0x0, 0x7f, 0xf2,
    0x22, 0xaa, 0x10, 0x4a, 0xa9, 0x0, 0x6a, 0xb2,
    0x82, 0x2a, 0xc2, 0x18, 0xab, 0x8, 0x12, 0xae,
    0x10, 0xf, 0x84, 0x2, 0x60, 0x60, 0xf, 0xe2,
    0x0, 0x10, 0x4, 0x20, 0x40, 0x1f, 0xcc, 0x0,
    0x60, 0x8, 0x83, 0xc0, 0x38, 0x55, 0x6d, 0x0,
    0x22, 0xac, 0x0, 0xe5, 0x58, 0xc1, 0x2a, 0xa6,
    0x0, 0x4d, 0x54, 0x0, 0x6a, 0xaa, 0x0, 0x3f,
    0xf9, 0xb, 0xff, 0x18, 0x2f, 0xfd, 0x20, 0xf,
    0xfd, 0x60, 0x1c, 0x40, 0x40, 0x17, 0x1, 0x0,
    0x7f, 0x84, 0x38, 0x2, 0x20, 0x60, 0xf, 0xe3,
    0x0, 0x10, 0x4, 0xc0, 0x40, 0x1f, 0xcc, 0x0,
    0x60, 0x8, 0xc3, 0x80, 0x3c,

    /* U+0024 "$" */
    0x0, 0xf0, 0xff, 0xb4, 0x3, 0xff, 0x80, 0x20,
    0x1, 0x0, 0xff, 0xe0, 0x8, 0x4, 0x20, 0x1f,
    0xd1, 0xbc, 0x0, 0x3e, 0xd9, 0x20, 0xc, 0x5a,
    0xe4, 0x1, 0xc4, 0xdb, 0x0, 0x17, 0x90, 0x7,
    0xfb, 0x80, 0xc, 0x40, 0x12, 0xde, 0x5c, 0x10,
    0x13, 0x0, 0x30, 0x2, 0x4a, 0x43, 0x47, 0xdb,
    0x90, 0x8, 0x40, 0x22, 0x0, 0xf2, 0x20, 0x2,
    0x10, 0x9, 0xcc, 0x3, 0xfd, 0x80, 0x10, 0xe5,
    0x20, 0x7, 0xe6, 0x20, 0xc, 0xb7, 0xd2, 0x40,
    0x1e, 0xc4, 0x0, 0xe1, 0x6d, 0xb2, 0x0, 0xc3,
    0x76, 0x30, 0xf, 0x26, 0xa0, 0x7, 0x26, 0x6b,
    0x88, 0x7, 0x50, 0x7, 0xc5, 0x1d, 0x64, 0x1,
    0xa, 0x0, 0x7f, 0x26, 0x0, 0x63, 0x0, 0xff,
    0x8, 0x6, 0x10, 0x7, 0x41, 0x0, 0x74, 0x80,
    0x62, 0x6, 0x17, 0xde, 0xcb, 0xcf, 0x60, 0x8,
    0x90, 0x28, 0x2, 0x13, 0x43, 0x0, 0xe9, 0x0,
    0x28, 0x7, 0xf8, 0x6d, 0x0, 0x13, 0xd2, 0xa4,
    0x1, 0x8e, 0x3d, 0x0, 0x30, 0xb5, 0x69, 0x80,
    0x3b, 0x1c, 0x40, 0x3f, 0xf9, 0xa2, 0x0, 0x30,
    0xf, 0x0,

    /* U+0025 "%" */
    0x0, 0xc, 0xf7, 0xf5, 0x10, 0x7, 0xd1, 0xfe,
    0x80, 0xc, 0x5e, 0xc2, 0x2, 0xba, 0x60, 0x1c,
    0x8e, 0x7, 0x0, 0x1a, 0x44, 0x1f, 0x24, 0x1,
    0xc0, 0x18, 0x68, 0x1, 0xc0, 0x1c, 0x80, 0x50,
    0x6c, 0x60, 0x44, 0x0, 0xac, 0x42, 0x48, 0x3,
    0x8, 0x1, 0x80, 0x26, 0x0, 0x8, 0x1, 0x54,
    0x8, 0xc0, 0x1c, 0x20, 0x6, 0x0, 0x98, 0x0,
    0x20, 0x34, 0x3, 0x40, 0x1f, 0x20, 0x14, 0x1b,
    0x98, 0x11, 0x3, 0x40, 0x14, 0x20, 0x1f, 0x48,
    0x83, 0xe4, 0x0, 0x38, 0x1c, 0xc1, 0x90, 0x3,
    0xf1, 0x7b, 0x8, 0xa, 0xe9, 0x9a, 0x0, 0xa4,
    0x3, 0xfc, 0x33, 0xdf, 0xd4, 0x41, 0xc0, 0xe,
    0x8, 0xdf, 0xea, 0x20, 0xf, 0xfa, 0x48, 0x1c,
    0xf1, 0xc8, 0x5, 0x74, 0xc0, 0x3f, 0x91, 0x80,
    0xe1, 0xcc, 0x17, 0x20, 0x1, 0xc0, 0x1f, 0x86,
    0x80, 0x1c, 0x14, 0x0, 0xb3, 0x74, 0x2, 0x20,
    0x7, 0xd6, 0x21, 0x24, 0x4, 0x4, 0x20, 0x3,
    0x0, 0x38, 0x7, 0x99, 0x41, 0x18, 0x3, 0xff,
    0x8a, 0x52, 0x3, 0x40, 0x11, 0x1, 0x0, 0x46,
    0x0, 0x60, 0xe, 0xe0, 0x5, 0x8, 0x4, 0xa0,
    0xa, 0x36, 0x40, 0x23, 0x0, 0xce, 0x60, 0xc8,
    0x1, 0xa0, 0xc1, 0x72, 0x40, 0x1c, 0x1, 0x8e,
    0x0, 0xa4, 0x3, 0xd8, 0xe4, 0x2, 0xba, 0x60,

    /* U+0026 "&" */
    0x0, 0x8a, 0x77, 0xfd, 0xb2, 0x40, 0x1f, 0xcb,
    0xac, 0x40, 0x2, 0x6d, 0x40, 0xf, 0x86, 0x80,
    0x3f, 0x50, 0x7, 0xcc, 0x1, 0x2d, 0xd9, 0x0,
    0x2, 0x80, 0x1e, 0xe0, 0x0, 0xd2, 0x22, 0x40,
    0x21, 0x0, 0xf0, 0x80, 0x79, 0x80, 0x26, 0x0,
    0xf6, 0x0, 0x6, 0x0, 0x64, 0x0, 0x66, 0x0,
    0xf2, 0x20, 0x0, 0xf5, 0xe4, 0x0, 0xe0, 0xf,
    0xd4, 0x60, 0x5, 0x10, 0x1c, 0x20, 0x36, 0x10,
    0xc, 0x28, 0x1, 0xd4, 0x60, 0xf, 0x9e, 0x80,
    0xa, 0xdc, 0x3, 0xad, 0x41, 0xc, 0x1, 0xe0,
    0xb, 0x40, 0x1, 0x40, 0x5, 0x51, 0x20, 0x1,
    0x70, 0x64, 0x0, 0x26, 0xbe, 0x8, 0x1, 0xc8,
    0x1, 0x20, 0xd, 0x0, 0xa0, 0x0, 0x7e, 0x60,
    0x18, 0x9c, 0x0, 0xc0, 0x12, 0x80, 0x43, 0x40,
    0x18, 0xcc, 0x0, 0x60, 0xa, 0x6a, 0x27, 0x64,
    0x3, 0xe, 0x28, 0x70, 0x6, 0x57, 0x62, 0x0,
    0x90, 0x2, 0xa6, 0x57, 0x0, 0xfe, 0x8b, 0xb0,
    0x0, 0x50, 0x23, 0x18, 0x80, 0x2, 0x71, 0xce,
    0x9, 0x85, 0xa4, 0x0, 0x39, 0xdf, 0xf7, 0x63,
    0x88, 0x4, 0x7a, 0x60,

    /* U+0027 "'" */
    0x7f, 0xf5, 0x88, 0x0, 0x48, 0x0, 0x4e, 0x0,
    0xf2, 0x0, 0x10, 0x80, 0x4, 0x37, 0x48,

    /* U+0028 "(" */
    0x0, 0xf4, 0x98, 0x7, 0xb1, 0xb0, 0xc0, 0x36,
    0x18, 0x9, 0x0, 0x52, 0x60, 0x38, 0x20, 0x4,
    0x60, 0x5, 0x90, 0x5, 0x0, 0x3, 0x50, 0x8,
    0xcc, 0x0, 0x90, 0xd, 0x40, 0x1, 0x50, 0xc,
    0xa0, 0x5, 0x0, 0xe3, 0x0, 0x60, 0x6, 0x10,
    0x8, 0x80, 0x31, 0x80, 0x42, 0x1, 0xf9, 0xc0,
    0x3f, 0xf8, 0x26, 0x1, 0x38, 0x6, 0x10, 0x8,
    0x80, 0x38, 0x80, 0x18, 0x1, 0xc8, 0x0, 0x40,
    0xe, 0xd0, 0x0, 0x98, 0x6, 0x42, 0x0, 0x48,
    0x7, 0x40, 0x1, 0x4c, 0x3, 0x2a, 0x80, 0x1c,
    0x1, 0xd4, 0x40, 0x56, 0x1, 0xd8, 0x40, 0x88,
    0x0, 0xc3, 0x89, 0x68,

    /* U+0029 ")" */
    0x0, 0x42, 0x0, 0x7a, 0x9e, 0xd8, 0x3, 0xb4,
    0x1, 0x2a, 0x1, 0x9d, 0x80, 0x14, 0x40, 0x1a,
    0x48, 0x1, 0xc0, 0x1d, 0x20, 0x3, 0x50, 0xc,
    0x84, 0x0, 0x90, 0xe, 0xa0, 0x1, 0x88, 0x6,
    0x40, 0x9, 0x0, 0x31, 0x80, 0x5a, 0x1, 0xc4,
    0x0, 0x20, 0xe, 0x10, 0xf, 0xce, 0x0, 0x10,
    0xf, 0xc2, 0x1, 0xce, 0x1, 0xf8, 0x80, 0x4,
    0x1, 0x84, 0x40, 0xd, 0x0, 0xc8, 0x1, 0x38,
    0x6, 0xe0, 0x1, 0x10, 0x2, 0x24, 0x0, 0x58,
    0x6, 0x90, 0x1, 0x30, 0x4, 0xa8, 0x0, 0xe0,
    0x8, 0xe8, 0x1, 0x26, 0x1, 0x40, 0x2, 0x18,
    0x3, 0x5a, 0x4b, 0x80, 0x60,

    /* U+002A "*" */
    0x0, 0xe3, 0xff, 0x68, 0x7, 0xc4, 0x0, 0x20,
    0x3, 0x80, 0x42, 0x0, 0x4d, 0x70, 0x11, 0x6,
    0x80, 0xde, 0x0, 0x20, 0x22, 0xc4, 0x80, 0x97,
    0xd0, 0x9c, 0x14, 0x41, 0x3c, 0x43, 0xa8, 0x41,
    0x8, 0x27, 0xa9, 0x4, 0x81, 0x5, 0xf6, 0xd4,
    0x2, 0x4c, 0x20, 0x9, 0x30, 0x80, 0x25, 0xbe,
    0x82, 0x20, 0x1a, 0xdf, 0x49, 0x85, 0xa0, 0x16,
    0x88, 0x4c, 0x80, 0x5a, 0x42, 0xc1, 0x74, 0x8c,
    0x9, 0xb4, 0x82, 0xc1, 0x6e, 0x80, 0x40, 0x1a,
    0x5, 0xb6, 0x20, 0x4, 0x0, 0x10, 0x1, 0xc0,
    0x24, 0x0, 0xf1, 0x5d, 0xb8, 0x3, 0x80,

    /* U+002B "+" */
    0x0, 0xe1, 0x99, 0x40, 0x7, 0xfc, 0x4c, 0xd0,
    0x7, 0xff, 0xda, 0x7f, 0xf6, 0x0, 0x7, 0xff,
    0x90, 0x3, 0xff, 0xa5, 0x3f, 0xfb, 0x0, 0x3,
    0xff, 0xc8, 0x1, 0xff, 0xf0,

    /* U+002C "," */
    0x8, 0xfd, 0x40, 0x37, 0x2, 0xa0, 0xe, 0x11,
    0x1b, 0x0, 0x42, 0x13, 0x20, 0x50, 0xa, 0x2,
    0x40, 0x18, 0x30, 0x60, 0x86, 0xee, 0x0, 0x27,
    0xc0, 0x4,

    /* U+002D "-" */
    0x3, 0x3f, 0xc4, 0x99, 0x9f, 0xbc, 0x3, 0xff,
    0x90,

    /* U+002E "." */
    0x0, 0x22, 0x0, 0x2a, 0xbb, 0x60, 0x1, 0x40,
    0x6, 0x60, 0x10, 0x8, 0x42, 0xc4, 0x50, 0x40,

    /* U+002F "/" */
    0x0, 0xf3, 0xff, 0xa8, 0x3, 0xd8, 0x0, 0xc0,
    0xf, 0x20, 0x1, 0xc0, 0x39, 0x0, 0x4, 0x20,
    0x1d, 0xa0, 0x5, 0x0, 0xf2, 0x0, 0x30, 0x3,
    0x88, 0x80, 0x4, 0x0, 0xe4, 0x0, 0x20, 0x7,
    0xb0, 0x1, 0xa0, 0x1e, 0x50, 0x2, 0x0, 0x71,
    0x80, 0x8, 0x80, 0x1d, 0x60, 0x4, 0x0, 0xf2,
    0x0, 0x30, 0x3, 0x84, 0xc0, 0xa, 0x1, 0xc8,
    0x0, 0x30, 0xf, 0x78, 0x2, 0xc0, 0x3c, 0x80,
    0x4, 0x0, 0xe3, 0x10, 0x13, 0x0, 0xe4, 0x0,
    0x20, 0x7, 0xb0, 0x1, 0xe0, 0x1e, 0x40, 0x2,
    0x0, 0x72, 0x0, 0xc, 0x40, 0x3b, 0x40, 0x8,
    0x1, 0xe0,

    /* U+0030 "0" */
    0x0, 0xe6, 0xbe, 0xff, 0x6c, 0x90, 0x7, 0xe4,
    0xe9, 0x41, 0x0, 0x13, 0x6c, 0x80, 0x79, 0x2c,
    0x40, 0x3f, 0x35, 0x80, 0x61, 0xb0, 0xc, 0x8e,
    0xc2, 0x1, 0x24, 0x0, 0x56, 0x1, 0xae, 0xd1,
    0x3e, 0x60, 0x13, 0x88, 0xa, 0x80, 0x4e, 0x80,
    0x10, 0xf0, 0x6, 0x60, 0x40, 0xd, 0x20, 0x1c,
    0x48, 0x1, 0x60, 0x68, 0x4, 0x42, 0x1, 0xe3,
    0x0, 0x94, 0x8, 0x2, 0x60, 0xf, 0xb8, 0x2,
    0x10, 0x10, 0xf, 0xf8, 0xc0, 0x38, 0x40, 0x3f,
    0xe3, 0x0, 0xe3, 0x0, 0x98, 0x3, 0xee, 0x0,
    0x88, 0x3c, 0x2, 0x21, 0x0, 0xf2, 0x0, 0x4e,
    0xe, 0x1, 0xa4, 0x3, 0x88, 0xc0, 0x2f, 0x1,
    0x40, 0x9, 0xd0, 0x2, 0x1f, 0x0, 0x85, 0x40,
    0x12, 0x1, 0xae, 0xd1, 0x3e, 0x40, 0x15, 0x80,
    0x45, 0x40, 0x19, 0x1d, 0x84, 0x2, 0x65, 0x0,
    0xcb, 0x62, 0x1, 0xfa, 0x24, 0x3, 0xc9, 0xd2,
    0x82, 0x0, 0x37, 0xe7, 0x0, 0xc0,

    /* U+0031 "1" */
    0x0, 0xe5, 0xdf, 0xf8, 0x3, 0xe6, 0xda, 0x20,
    0xf, 0xcf, 0xd2, 0x40, 0x1f, 0xcd, 0x2, 0x1,
    0xff, 0x30, 0x80, 0x5, 0x80, 0x3f, 0x99, 0x2b,
    0xac, 0x3, 0xfa, 0x2d, 0x40, 0x3f, 0xff, 0xe0,
    0x1f, 0xfe, 0x46, 0x88, 0xac, 0x3, 0x44, 0x4c,
    0x14, 0xef, 0x30, 0x6, 0x77, 0xb4, 0x3, 0xff,
    0xa0,

    /* U+0032 "2" */
    0x0, 0xb, 0x56, 0xff, 0xbb, 0x20, 0x80, 0x30,
    0xcf, 0x4a, 0x90, 0x0, 0x4d, 0xf6, 0x40, 0x33,
    0x0, 0x7f, 0x9a, 0x80, 0x2, 0xa0, 0x2, 0x56,
    0x40, 0xe, 0x54, 0x0, 0x43, 0x6e, 0xaa, 0x6f,
    0xd8, 0x3, 0x60, 0x0, 0xa4, 0x80, 0x3a, 0x44,
    0x2, 0x10, 0xf, 0xf8, 0xc0, 0x2e, 0x0, 0xff,
    0x9, 0x0, 0x48, 0x1, 0xfe, 0xa0, 0x9, 0x4c,
    0x3, 0xfa, 0x90, 0x0, 0x54, 0x1, 0xf8, 0x71,
    0x40, 0x5, 0x80, 0x1f, 0x8f, 0xcc, 0x0, 0x98,
    0x20, 0x1f, 0x36, 0x8, 0x1, 0xac, 0x40, 0x3e,
    0xa9, 0x0, 0xaa, 0x40, 0x3e, 0x2d, 0x50, 0x1,
    0x6a, 0x80, 0x7c, 0x7a, 0x40, 0x12, 0x54, 0x47,
    0xc2, 0x80, 0x1c, 0xce, 0xff, 0x88, 0x3, 0xff,
    0xa8,

    /* U+0033 "3" */
    0x0, 0x85, 0xab, 0x7f, 0xdd, 0x92, 0x60, 0x1d,
    0x1d, 0x2a, 0x40, 0x1, 0x36, 0xca, 0x0, 0xa5,
    0xc0, 0x3f, 0xcb, 0x40, 0x8, 0x10, 0x15, 0x78,
    0x63, 0x0, 0xca, 0x0, 0x1d, 0xae, 0xa8, 0x79,
    0xc8, 0x0, 0xc2, 0x0, 0x35, 0x0, 0xf2, 0x0,
    0x44, 0x20, 0x1c, 0x23, 0x13, 0x68, 0x5, 0xc0,
    0x1e, 0xee, 0xb6, 0x44, 0x17, 0x4c, 0x3, 0xff,
    0x84, 0xc0, 0x1f, 0xfc, 0x25, 0xb8, 0x0, 0xf7,
    0xfe, 0xc5, 0x0, 0x9d, 0x80, 0x3f, 0x8e, 0x94,
    0x2, 0xa0, 0xf, 0xfb, 0x0, 0x23, 0x0, 0xff,
    0xb8, 0x2, 0x10, 0x1e, 0x71, 0x0, 0xe3, 0x70,
    0x9, 0x42, 0x6, 0x3a, 0xe1, 0xe7, 0x30, 0x1,
    0xbc, 0x98, 0x2, 0x47, 0x86, 0x30, 0xc, 0xe8,
    0x54, 0x40, 0x1f, 0xc3, 0x30, 0x0, 0x5d, 0xb6,
    0x31, 0x0, 0x12, 0xcf, 0x30, 0x0,

    /* U+0034 "4" */
    0x0, 0xfe, 0xaf, 0xfa, 0x40, 0x3f, 0xe6, 0x50,
    0xf, 0xfe, 0x11, 0xc8, 0x7, 0xff, 0x8, 0x74,
    0x3, 0xff, 0x87, 0x42, 0x1, 0xff, 0xc2, 0x84,
    0x1, 0x60, 0xf, 0xf9, 0x5c, 0x1, 0x5c, 0x1,
    0xfe, 0x2a, 0x0, 0x3a, 0x0, 0x7f, 0xde, 0x0,
    0x48, 0x0, 0xff, 0xa8, 0x80, 0x68, 0x3, 0xfe,
    0x65, 0x0, 0x68, 0x80, 0x7f, 0x8e, 0x40, 0xe,
    0x24, 0x57, 0x80, 0x62, 0x20, 0x70, 0x4, 0xfb,
    0xb9, 0xc0, 0x26, 0xdd, 0x30, 0x7, 0xff, 0x5b,
    0x7f, 0xff, 0x30, 0x4, 0xdf, 0xe6, 0x0, 0xff,
    0xf3, 0x80,

    /* U+0035 "5" */
    0x4, 0xff, 0xff, 0xe0, 0x20, 0x7, 0xff, 0x68,
    0xa2, 0x3f, 0x28, 0x7, 0x99, 0xdf, 0xf0, 0x80,
    0x7f, 0xf2, 0xd6, 0xf7, 0xfa, 0xd4, 0x3, 0xf2,
    0x52, 0x10, 0xa, 0x55, 0x80, 0x4e, 0x1, 0xff,
    0x24, 0x0, 0xe, 0x44, 0x17, 0x3f, 0xa8, 0x40,
    0x27, 0x0, 0x9b, 0xb2, 0x8c, 0x5, 0x74, 0x3,
    0x18, 0x6, 0x30, 0xe, 0x31, 0x0, 0x98, 0x3,
    0xff, 0x86, 0x20, 0x1f, 0xe2, 0x10, 0x9, 0x80,
    0x75, 0x40, 0x38, 0xbc, 0x2, 0x22, 0x4, 0x95,
    0x75, 0xcd, 0x66, 0x90, 0x5, 0x60, 0x7, 0x0,
    0xa, 0x32, 0x98, 0x6, 0x56, 0x0, 0x30, 0x7,
    0xfa, 0x28, 0x2, 0x9e, 0x84, 0x10, 0x1, 0x24,
    0xf3, 0x80, 0x40,

    /* U+0036 "6" */
    0x0, 0xe4, 0x9d, 0xff, 0x76, 0xca, 0x0, 0x78,
    0xb2, 0xd8, 0x80, 0x2, 0x4d, 0x7a, 0x20, 0x11,
    0xe9, 0x80, 0x7f, 0x30, 0x80, 0x7, 0x40, 0x31,
    0xbc, 0x3a, 0x90, 0x48, 0x5, 0x2, 0x0, 0x2c,
    0xc4, 0x3c, 0x56, 0xf1, 0x0, 0x5, 0x80, 0x2f,
    0x30, 0xf, 0x8, 0x4, 0x80, 0x12, 0x12, 0xd7,
    0x7f, 0x5b, 0x0, 0x6d, 0x0, 0x87, 0x29, 0x44,
    0x5, 0x27, 0x48, 0x0, 0x40, 0x12, 0x98, 0x7,
    0xc5, 0xe2, 0x2, 0x1, 0xc9, 0x37, 0x48, 0x1,
    0x13, 0x0, 0x7a, 0xec, 0xc8, 0xb6, 0xa0, 0x15,
    0x1, 0x0, 0x4a, 0x80, 0x1d, 0x20, 0x11, 0x7,
    0x0, 0x48, 0x1, 0xe1, 0x0, 0xe4, 0x0, 0x85,
    0x0, 0x39, 0xc0, 0x22, 0x3, 0x20, 0xa, 0x44,
    0x2, 0x2b, 0x0, 0x94, 0x1, 0x0, 0x11, 0x7c,
    0xbc, 0xe8, 0x80, 0x54, 0x0, 0x56, 0x0, 0x85,
    0xa1, 0x80, 0x34, 0x90, 0x5, 0x2e, 0x1, 0xfd,
    0x4c, 0x1, 0xd1, 0xd0, 0x62, 0x2, 0x71, 0xca,
    0x1, 0x0,

    /* U+0037 "7" */
    0x6f, 0xff, 0xfe, 0x10, 0x7, 0xff, 0x48, 0x91,
    0x3f, 0x84, 0x2, 0x34, 0xbb, 0xfe, 0x0, 0xd0,
    0x1, 0xfc, 0xe2, 0x0, 0x24, 0x0, 0xfe, 0x90,
    0xa, 0x0, 0x3f, 0x9c, 0x40, 0x4, 0xa0, 0x1f,
    0xd2, 0x1, 0x40, 0x7, 0xf3, 0x88, 0x0, 0x94,
    0x3, 0xfa, 0x40, 0x2b, 0x0, 0xfe, 0x71, 0x0,
    0xb, 0x0, 0x7f, 0x48, 0x5, 0x0, 0x1f, 0xce,
    0x20, 0x1, 0x60, 0xf, 0xe9, 0x0, 0xa4, 0x3,
    0xf9, 0xc4, 0x0, 0x2e, 0x1, 0xfd, 0x20, 0x14,
    0x80, 0x7f, 0x30, 0x80, 0x5, 0xc0, 0x3f, 0xa0,
    0x2, 0x90, 0xf, 0x80,

    /* U+0038 "8" */
    0x0, 0x85, 0xef, 0xbf, 0xdd, 0x6e, 0x20, 0x1c,
    0xdd, 0x8, 0x20, 0x1, 0x48, 0xe6, 0x0, 0x9a,
    0x40, 0x3f, 0xd2, 0xc0, 0x8, 0x0, 0xcb, 0x10,
    0x50, 0xd, 0x0, 0x22, 0x0, 0xae, 0x9d, 0xd5,
    0x60, 0x10, 0x8c, 0x1, 0x94, 0x3, 0x28, 0x6,
    0x10, 0x60, 0xa, 0x8c, 0x0, 0x74, 0x1, 0x38,
    0x2, 0x58, 0x0, 0x99, 0xfe, 0xc4, 0x0, 0x34,
    0x0, 0x52, 0xa0, 0x1f, 0x96, 0x0, 0x22, 0xe5,
    0x0, 0x88, 0x80, 0x12, 0xf1, 0x80, 0x3c, 0x40,
    0xd, 0xdb, 0xaf, 0x70, 0xb, 0x5, 0x88, 0x0,
    0x92, 0x20, 0x14, 0x28, 0x5, 0x3e, 0x1, 0x60,
    0x7, 0xbc, 0x2, 0x33, 0x0, 0x5c, 0x1, 0xe2,
    0x0, 0xc4, 0x1, 0x31, 0x80, 0x62, 0x90, 0x8,
    0xa8, 0x3, 0x65, 0x43, 0xd6, 0x88, 0x5, 0x65,
    0x0, 0x19, 0x5e, 0x14, 0x3, 0x41, 0x3, 0xc8,
    0x7, 0xf0, 0xcb, 0x80, 0x4d, 0xd0, 0x82, 0x0,
    0x24, 0x9e, 0x60, 0x0,

    /* U+0039 "9" */
    0x0, 0xcd, 0x7b, 0xfd, 0xb2, 0x60, 0x1f, 0x27,
    0x4a, 0x10, 0x9, 0x36, 0x58, 0x80, 0x64, 0xb1,
    0x0, 0xfc, 0x98, 0x1, 0xa8, 0x3, 0x2c, 0x39,
    0x80, 0x45, 0x40, 0x6, 0x10, 0xb, 0x29, 0xe3,
    0x1c, 0x2, 0x52, 0xf, 0x0, 0x9c, 0xc0, 0x34,
    0x18, 0x5, 0x40, 0x60, 0x17, 0x80, 0x7a, 0x80,
    0x24, 0x3, 0x0, 0xac, 0x3, 0xde, 0x1, 0x10,
    0x68, 0x4, 0x78, 0xa6, 0x91, 0xcc, 0x1, 0x8,
    0x21, 0x80, 0x47, 0x59, 0x6e, 0x20, 0x1f, 0x69,
    0x80, 0x7e, 0x60, 0xf, 0xe, 0x52, 0x8, 0x9,
    0xc7, 0x60, 0x4, 0x40, 0x19, 0x6f, 0xbf, 0xb1,
    0xc7, 0x0, 0x27, 0x0, 0xff, 0x85, 0x80, 0x2f,
    0x0, 0x90, 0x40, 0x38, 0xb0, 0x2, 0x15, 0x0,
    0x15, 0xf6, 0x4b, 0xc5, 0xe9, 0x0, 0x56, 0x1,
    0x48, 0x0, 0xda, 0x1d, 0x0, 0x33, 0xa8, 0x0,
    0x58, 0x3, 0xfd, 0x30, 0x1, 0xe, 0xdb, 0x18,
    0x80, 0x5, 0x27, 0xd8, 0x3, 0x0,

    /* U+003A ":" */
    0x5, 0xee, 0x30, 0x2, 0xc4, 0x52, 0x20, 0x20,
    0x11, 0x83, 0x0, 0xc, 0x82, 0x6e, 0xd8, 0x1,
    0x22, 0x0, 0x3f, 0xfa, 0x6, 0x80, 0x14, 0xe5,
    0xe0, 0x1, 0x80, 0x6, 0x40, 0x20, 0x11, 0x85,
    0x88, 0xa4, 0x40,

    /* U+003B ";" */
    0x3, 0xdf, 0x80, 0x7, 0x10, 0x39, 0x81, 0x80,
    0x4e, 0xc, 0x0, 0x24, 0x8, 0xba, 0xd0, 0x9,
    0x14, 0x3, 0xff, 0xaa, 0xdf, 0xe7, 0x0, 0x40,
    0x2, 0x4, 0xc, 0x2, 0x20, 0xe2, 0x0, 0x8,
    0x1f, 0x1, 0x10, 0x1, 0x1, 0x60, 0x7, 0x44,
    0x30, 0x3, 0x8e, 0x80, 0x29, 0xc1, 0x0, 0x0,

    /* U+003C "<" */
    0x0, 0xff, 0xe6, 0xc, 0x50, 0x7, 0xf9, 0xfd,
    0xd4, 0x80, 0x3e, 0x5d, 0x81, 0x0, 0x20, 0x7,
    0x26, 0x51, 0x0, 0x17, 0x58, 0x2, 0x2b, 0xb1,
    0x80, 0x13, 0x28, 0x80, 0x3, 0x3a, 0x80, 0x3,
    0xbb, 0x18, 0x4, 0x3c, 0xc0, 0x2, 0xac, 0x40,
    0xe, 0x30, 0x8, 0xf5, 0x40, 0x3e, 0x31, 0x0,
    0x1f, 0x28, 0x7, 0xc3, 0xd0, 0x0, 0x1a, 0xc4,
    0x0, 0xf9, 0xf9, 0x80, 0x7, 0x76, 0x20, 0xf,
    0xc, 0xea, 0x0, 0x13, 0x64, 0x40, 0x3c, 0x57,
    0x63, 0x0, 0x37, 0x30, 0x7, 0xc9, 0x94, 0x20,
    0x3, 0x0, 0xfe, 0x5e, 0x84, 0x50,

    /* U+003D "=" */
    0x8d, 0xdf, 0xfe, 0x9, 0x89, 0x17, 0xff, 0x5,
    0xc0, 0x3f, 0xf8, 0x73, 0xff, 0xff, 0xc1, 0x40,
    0xf, 0xfe, 0x94, 0x6e, 0xff, 0xf0, 0x4c, 0x48,
    0xbf, 0xf8, 0x2e, 0x1, 0xff, 0xc3,

    /* U+003E ">" */
    0x0, 0xff, 0xe2, 0x6a, 0x80, 0x7f, 0xce, 0x55,
    0x88, 0x1, 0xfd, 0x80, 0x3, 0xbb, 0x10, 0x7,
    0xd7, 0x44, 0x0, 0x4d, 0x91, 0x0, 0xf2, 0xec,
    0x88, 0x1, 0xba, 0x0, 0x3e, 0x6e, 0x81, 0x0,
    0x3f, 0x30, 0x7, 0xcf, 0xce, 0x0, 0x19, 0xc0,
    0xf, 0xd1, 0x80, 0x10, 0x80, 0x7e, 0x8c, 0x0,
    0x98, 0x3, 0xcd, 0xce, 0x0, 0x2a, 0xb0, 0xc,
    0xbb, 0x22, 0x3, 0x1a, 0xa0, 0x11, 0xe5, 0x10,
    0x1, 0xfd, 0xc0, 0x35, 0x61, 0x80, 0x17, 0x60,
    0x40, 0x3f, 0x26, 0x51, 0x0, 0x7d, 0x67, 0x76,
    0x30, 0xf, 0xc0,

    /* U+003F "?" */
    0x0, 0xb, 0x57, 0x7f, 0xb6, 0x94, 0x3, 0x47,
    0x4a, 0x88, 0x0, 0x96, 0xb0, 0x40, 0x8, 0x1,
    0xfc, 0x74, 0x0, 0x80, 0x38, 0xbb, 0x49, 0x0,
    0x48, 0x40, 0x97, 0x8e, 0x88, 0x6c, 0x0, 0xce,
    0x0, 0x40, 0xe, 0x12, 0x0, 0x98, 0x3, 0xf2,
    0x10, 0x0, 0xcc, 0x1, 0xf2, 0xd8, 0x0, 0xb4,
    0x3, 0xe7, 0xa0, 0x1, 0xe0, 0x80, 0x79, 0x60,
    0x0, 0x98, 0x20, 0x1f, 0x48, 0x0, 0x68, 0x3,
    0xf0, 0x98, 0x2, 0x44, 0x3, 0xf1, 0x91, 0x48,
    0x1, 0xfc, 0x5b, 0xb1, 0x80, 0x7f, 0x85, 0x48,
    0x3, 0xfc, 0x7d, 0x5a, 0x80, 0x1f, 0xd6, 0x1,
    0x70, 0x7, 0xf7, 0x80, 0x46, 0x1, 0xfc, 0xe8,
    0x7, 0x0, 0x1c,

    /* U+0040 "@" */
    0x0, 0xfc, 0x2a, 0xf3, 0x53, 0xc, 0x60, 0x1f,
    0xfc, 0x14, 0xbe, 0xa8, 0x65, 0x67, 0x9c, 0xe8,
    0x10, 0xf, 0xc5, 0x96, 0x80, 0x1f, 0xc2, 0xfe,
    0xa0, 0x1e, 0x4d, 0x30, 0x1, 0xc6, 0x77, 0xfb,
    0x69, 0x80, 0x3, 0x4c, 0x1, 0x8e, 0xc0, 0x3,
    0x58, 0xe6, 0x20, 0x2, 0x59, 0xe3, 0x0, 0x49,
    0x80, 0x5a, 0x0, 0x2f, 0x50, 0xf, 0xe1, 0xc3,
    0x0, 0x40, 0x2, 0x4, 0x1, 0xe2, 0x0, 0x39,
    0xdf, 0xf6, 0xd2, 0x80, 0x3c, 0x0, 0x84, 0xe,
    0x0, 0x92, 0x0, 0x46, 0x31, 0x0, 0x9, 0x68,
    0x0, 0x64, 0x0, 0x45, 0x0, 0xb, 0x0, 0x19,
    0xc0, 0x6, 0xca, 0x0, 0x20, 0x9, 0x0, 0x1f,
    0x80, 0x4, 0x0, 0xa0, 0x1, 0x19, 0x30, 0x0,
    0x60, 0x8, 0x40, 0x25, 0x0, 0x60, 0x1, 0x4,
    0x5, 0xc0, 0xe, 0x0, 0x20, 0x8, 0x40, 0x2,
    0x20, 0x1, 0x80, 0x8, 0x0, 0xa0, 0x11, 0x0,
    0x38, 0x2, 0x20, 0x7, 0x80, 0x78, 0x40, 0x3d,
    0xc0, 0x2, 0x0, 0xa, 0x0, 0x14, 0x40, 0x6,
    0x0, 0x20, 0x2, 0x88, 0x1, 0x40, 0x4, 0x0,
    0xb0, 0x1, 0x93, 0x0, 0x3c, 0x0, 0x80, 0x1,
    0xc9, 0xd3, 0x0, 0x45, 0xea, 0x80, 0x3c, 0x34,
    0x0, 0xe0, 0x1, 0x80, 0x1, 0x31, 0x8, 0x4,
    0x84, 0x0, 0xa3, 0x5, 0x0, 0xb, 0x0, 0x1e,
    0x88, 0x5, 0xbf, 0x10, 0x40, 0x9b, 0x54, 0x0,
    0x48, 0x0, 0x93, 0x0, 0x2e, 0xff, 0x48, 0x9d,
    0xf7, 0xec, 0x90, 0x6, 0x90, 0xb, 0x50, 0x3,
    0xff, 0x8c, 0x54, 0x0, 0x1b, 0xa4, 0x0, 0xe3,
    0x70, 0xf, 0xf2, 0xd0, 0x4, 0xb7, 0xfd, 0xbd,
    0xf9, 0x8, 0x1, 0xfe, 0x5d, 0x40, 0xc, 0x24,
    0x20, 0x16, 0x80, 0x7f, 0xc5, 0x7b, 0x8, 0x20,
    0x1, 0x25, 0x98, 0x0, 0xf8,

    /* U+0041 "A" */
    0x0, 0xf9, 0x3f, 0xf2, 0x0, 0x7f, 0xf0, 0xb8,
    0x3, 0x70, 0x7, 0xff, 0x4, 0x54, 0x3, 0x28,
    0x80, 0x7f, 0xf0, 0x1c, 0x3, 0xcc, 0x1, 0xff,
    0xc0, 0xb0, 0x0, 0x88, 0x1, 0x40, 0x1f, 0xf1,
    0x90, 0x1, 0x9c, 0x0, 0x48, 0x1, 0xfe, 0xa0,
    0xa, 0xa8, 0x1, 0x70, 0x7, 0xf9, 0xc0, 0x4,
    0x43, 0x20, 0x2, 0x88, 0x7, 0xe5, 0x10, 0x5,
    0x0, 0x14, 0x2, 0x60, 0xf, 0xdc, 0x1, 0x28,
    0x2, 0x80, 0x2a, 0x0, 0xf8, 0x90, 0x0, 0x64,
    0x0, 0x22, 0x0, 0x8, 0xc0, 0x3d, 0x40, 0x15,
    0x80, 0x6a, 0x0, 0xa4, 0x3, 0xcc, 0x1, 0x47,
    0xfe, 0x80, 0x9, 0x44, 0x3, 0x20, 0x80, 0x7f,
    0xf0, 0x5c, 0x3, 0x70, 0x7, 0xff, 0xa, 0xc0,
    0x21, 0x50, 0xa, 0xef, 0xf0, 0x4, 0x46, 0x0,
    0x60, 0x9, 0x13, 0xfc, 0x1, 0x48, 0x2, 0x80,
    0x2d, 0x0, 0xfd, 0xc0, 0x12, 0x89, 0x90, 0x4,
    0xe0, 0x1f, 0x94, 0x3, 0x38,

    /* U+0042 "B" */
    0xef, 0xff, 0xdb, 0x48, 0x1, 0xff, 0xc1, 0x25,
    0xba, 0x0, 0xff, 0xe1, 0xac, 0x0, 0x79, 0xe6,
    0x50, 0xc0, 0x19, 0x80, 0x3d, 0x8c, 0xc7, 0x9a,
    0x0, 0x84, 0x3, 0xfe, 0x50, 0xf, 0xfe, 0x19,
    0x80, 0x46, 0x1, 0xfe, 0x4e, 0x0, 0xbc, 0x3,
    0xd7, 0xff, 0x59, 0x0, 0xd9, 0x80, 0x7f, 0xf0,
    0x47, 0x88, 0x3, 0xff, 0x84, 0xb8, 0x40, 0x1d,
    0x7f, 0xfa, 0xc8, 0x0, 0x3c, 0x1, 0xfe, 0x49,
    0x0, 0x8c, 0x40, 0x3f, 0xce, 0x1, 0x88, 0x3,
    0xfd, 0x60, 0x18, 0x40, 0x36, 0x2a, 0xcf, 0x6e,
    0x1, 0x9, 0x0, 0x67, 0xaa, 0xa1, 0x0, 0x35,
    0x80, 0x7f, 0xf0, 0xa5, 0x40, 0x3f, 0xc2, 0x71,
    0xcc, 0x0,

    /* U+0043 "C" */
    0x0, 0xe2, 0x7b, 0xef, 0xf7, 0x5c, 0x18, 0x7,
    0xc, 0xec, 0x20, 0x80, 0x5, 0x1f, 0x30, 0x40,
    0x2, 0xc6, 0x0, 0xff, 0x19, 0x80, 0x1e, 0x40,
    0x1c, 0x66, 0x20, 0xa, 0x4, 0x20, 0x80, 0x21,
    0xaf, 0xcc, 0x6f, 0x4a, 0xb8, 0x1, 0xc0, 0x21,
    0xf5, 0x0, 0xc2, 0xd4, 0x0, 0x50, 0xd, 0x42,
    0x1, 0xfe, 0xd0, 0x8, 0x50, 0x3, 0xfe, 0x20,
    0x9, 0x40, 0x3f, 0xf8, 0x2, 0x1, 0x10, 0x7,
    0xff, 0x10, 0xc0, 0x3f, 0xf8, 0x4, 0x1, 0x38,
    0x7, 0xff, 0x3, 0x0, 0x22, 0x30, 0xf, 0xf9,
    0x0, 0x37, 0x80, 0x7e, 0x10, 0x0, 0xb0, 0x4,
    0x7a, 0x80, 0x18, 0x63, 0x98, 0x1, 0x2, 0x1,
    0x15, 0xfe, 0x63, 0xb8, 0xe1, 0x26, 0x3, 0x82,
    0x1, 0xc6, 0x61, 0x0, 0xd2, 0x0, 0x2f, 0x50,
    0xf, 0xf3, 0xd0, 0x4, 0x35, 0xae, 0x62, 0x0,
    0x25, 0x9f, 0x80,

    /* U+0044 "D" */
    0xef, 0xff, 0xb6, 0x94, 0x3, 0xff, 0x84, 0x4b,
    0x5c, 0xe0, 0x1f, 0xfc, 0x31, 0x8b, 0x0, 0xf8,
    0xd1, 0x6, 0x20, 0x19, 0x2c, 0x3, 0xd1, 0x76,
    0xce, 0xb2, 0x0, 0x91, 0x80, 0x3f, 0xc9, 0xa6,
    0x1, 0x40, 0x7, 0xff, 0x2, 0x0, 0x21, 0x30,
    0xf, 0xf9, 0x0, 0x32, 0x0, 0x7f, 0xf0, 0xc,
    0x2, 0xe0, 0xf, 0xfe, 0x88, 0x80, 0x42, 0x1,
    0xff, 0xc0, 0x20, 0xb, 0x80, 0x3f, 0xe5, 0x0,
    0xc8, 0x1, 0xfe, 0x1b, 0x0, 0x88, 0x80, 0x1f,
    0xc9, 0x82, 0x1, 0x48, 0x7, 0x45, 0x52, 0xfa,
    0xc8, 0x2, 0x74, 0x0, 0xe3, 0x55, 0x20, 0x80,
    0x66, 0x80, 0xf, 0xfe, 0x8, 0xdc, 0x80, 0x7f,
    0xc4, 0xd5, 0xc8, 0x1, 0x80,

    /* U+0045 "E" */
    0xef, 0xff, 0xfe, 0x2, 0x80, 0x7f, 0xf5, 0x1a,
    0x23, 0xf3, 0x80, 0x6a, 0x77, 0xfc, 0x40, 0x1f,
    0xfd, 0x4a, 0x88, 0xf8, 0x3, 0xcc, 0xef, 0xf0,
    0x80, 0x7f, 0xf5, 0x73, 0xff, 0xe1, 0x0, 0xff,
    0xf1, 0xcc, 0x47, 0xe2, 0x0, 0xca, 0xef, 0xfc,
    0x1, 0xff, 0xd0,

    /* U+0046 "F" */
    0xef, 0xff, 0xfa, 0x0, 0x3f, 0xfa, 0x4c, 0xef,
    0xf6, 0x0, 0x6a, 0x88, 0xf9, 0x0, 0x3f, 0xfb,
    0xf5, 0x11, 0xe3, 0x0, 0xe6, 0x77, 0xf2, 0x0,
    0x7f, 0xf4, 0xf3, 0xff, 0xce, 0x1, 0xff, 0xff,
    0x0, 0xc0,

    /* U+0047 "G" */
    0x0, 0xe1, 0x6b, 0xef, 0xf7, 0x64, 0x18, 0x7,
    0xd1, 0xd2, 0x82, 0x0, 0x13, 0x7c, 0xc1, 0x80,
    0x43, 0x8e, 0x1, 0xfe, 0x3d, 0x0, 0xb4, 0xc0,
    0x38, 0xce, 0x10, 0xb, 0x40, 0xe, 0x60, 0x10,
    0xd7, 0xe6, 0x5d, 0xb1, 0x46, 0x0, 0x90, 0x8,
    0xbd, 0x40, 0x38, 0x9d, 0x40, 0x8, 0x20, 0x14,
    0x88, 0x7, 0xfd, 0x80, 0x10, 0xa0, 0x0, 0x7f,
    0xff, 0x51, 0x0, 0x4a, 0x1, 0xff, 0xc1, 0x10,
    0x8, 0x40, 0x3f, 0xf8, 0xa2, 0x1, 0xd, 0xde,
    0x80, 0xc, 0x40, 0x12, 0x80, 0x64, 0x4c, 0x60,
    0x1b, 0xc0, 0x21, 0x40, 0xf, 0xfe, 0x3, 0x80,
    0x69, 0x10, 0xf, 0xf8, 0x58, 0x2, 0x2c, 0x40,
    0xc, 0x92, 0x1, 0xd0, 0x40, 0x11, 0x5f, 0x66,
    0x3a, 0xc8, 0x3, 0x87, 0xc4, 0x3, 0x9, 0x98,
    0x40, 0x30, 0xc8, 0x0, 0xbd, 0x40, 0x3f, 0xcd,
    0xe6, 0x1, 0xd, 0x74, 0x21, 0x0, 0x9, 0x27,
    0xa4, 0x40,

    /* U+0048 "H" */
    0xef, 0xf8, 0xc0, 0x3f, 0x77, 0xfc, 0x60, 0x1f,
    0xff, 0xf0, 0xf, 0xfe, 0xcd, 0x44, 0x7e, 0x10,
    0xf, 0xcc, 0xef, 0xf8, 0x3, 0xff, 0xc3, 0x9f,
    0xff, 0x84, 0x3, 0xff, 0xfe, 0x1, 0xff, 0xeb,

    /* U+0049 "I" */
    0xef, 0xf8, 0xc0, 0x3f, 0xff, 0xe0, 0x1f, 0xfc,
    0x30,

    /* U+004A "J" */
    0x0, 0xf1, 0xff, 0xe0, 0xf, 0xff, 0xf8, 0x7,
    0xff, 0xa1, 0xc0, 0x21, 0x0, 0xf6, 0x0, 0x46,
    0x1, 0xc8, 0xe0, 0x13, 0x9e, 0x55, 0x36, 0xc0,
    0x36, 0x31, 0xaa, 0x88, 0x3, 0x13, 0x10, 0x7,
    0xc7, 0x80, 0x46, 0x20, 0x1, 0x5a, 0xc1, 0x0,

    /* U+004B "K" */
    0xef, 0xf9, 0x40, 0x38, 0x77, 0xff, 0x18, 0x7,
    0xfd, 0xa4, 0x1, 0x59, 0x80, 0x7f, 0xac, 0xc0,
    0x2b, 0x40, 0xf, 0xf4, 0xa0, 0x5, 0x48, 0x1,
    0xfe, 0x76, 0x0, 0xa5, 0x40, 0x3f, 0xcd, 0x0,
    0x14, 0xb0, 0x7, 0xf9, 0x24, 0x2, 0x86, 0x0,
    0xff, 0x6d, 0x80, 0x4e, 0xe0, 0xf, 0xf9, 0xc0,
    0x21, 0x80, 0xf, 0xfe, 0x20, 0xd0, 0x7, 0xff,
    0x15, 0x5c, 0x3, 0xff, 0x80, 0xa2, 0x1, 0x42,
    0x0, 0x7f, 0x92, 0xb4, 0x3, 0x51, 0x0, 0x7f,
    0x70, 0x1c, 0x80, 0x43, 0xe0, 0x1f, 0xfc, 0x6,
    0x50, 0x8, 0xa8, 0x3, 0xff, 0x81, 0x46, 0x1,
    0x2b, 0x80, 0x7f, 0xf0, 0x38, 0x40, 0x28, 0x40,
    0xf, 0xf8, 0xa8, 0x3, 0x50, 0x80, 0x7f, 0xc9,
    0x0, 0x10, 0xe8, 0x0,

    /* U+004C "L" */
    0xef, 0xf8, 0xc0, 0x3f, 0xff, 0xe0, 0x1f, 0xff,
    0xf0, 0xf, 0xff, 0x7c, 0x55, 0x7e, 0x20, 0xc,
    0x8a, 0xbf, 0x98, 0x3, 0xff, 0xa0,

    /* U+004D "M" */
    0xef, 0xf9, 0x0, 0x3f, 0xe7, 0xff, 0xc0, 0x1a,
    0x0, 0x3f, 0xe9, 0x0, 0xfc, 0x66, 0x0, 0xfe,
    0x51, 0x0, 0xfe, 0x80, 0xf, 0xe9, 0x0, 0xff,
    0x21, 0x80, 0x7c, 0x66, 0x0, 0xff, 0xa4, 0x3,
    0xe9, 0x0, 0xff, 0xe0, 0x29, 0x0, 0x71, 0x28,
    0x7, 0xf0, 0x88, 0x1, 0x0, 0x1d, 0x40, 0x4,
    0x0, 0xf8, 0xe4, 0x0, 0xa4, 0x1, 0x9c, 0x1,
    0xe0, 0x1f, 0x9c, 0x40, 0x16, 0x1, 0x38, 0x0,
    0xd0, 0x3, 0xf9, 0x80, 0xc, 0x20, 0xa, 0x0,
    0x48, 0x7, 0xfa, 0x40, 0x29, 0x5, 0x20, 0x15,
    0x0, 0xff, 0xb, 0x0, 0x1c, 0x64, 0x1, 0x0,
    0x1f, 0xfc, 0x8, 0x0, 0xa8, 0xc0, 0x58, 0x3,
    0xff, 0x80, 0x2a, 0x0, 0x40, 0x3, 0x0, 0x7f,
    0xf0, 0xa0, 0x3, 0xa4, 0x3, 0xff, 0x84, 0x48,
    0x1, 0x30, 0x80, 0x7f, 0xf0, 0xe0, 0x2, 0xb0,
    0xf, 0xfe, 0x21, 0xcc, 0x51, 0x0, 0x7e,

    /* U+004E "N" */
    0xef, 0xf7, 0x8, 0x7, 0xc7, 0xff, 0x80, 0x21,
    0xa0, 0xf, 0xfe, 0x22, 0x38, 0x7, 0xff, 0x12,
    0x10, 0x3, 0xff, 0x89, 0x42, 0x1, 0xff, 0xc3,
    0x1a, 0x0, 0xff, 0xe2, 0x24, 0x0, 0x7f, 0xf0,
    0x18, 0x2, 0x74, 0x0, 0xff, 0xa9, 0x80, 0x2a,
    0x10, 0xf, 0xfa, 0x4c, 0x0, 0x3a, 0x1, 0xff,
    0xc0, 0xd1, 0x0, 0x1c, 0x0, 0x7f, 0xc3, 0x40,
    0x13, 0xd8, 0x7, 0xfc, 0x8e, 0x1, 0x38, 0x7,
    0xff, 0x2, 0x10, 0x3, 0xff, 0x89, 0x42, 0x1,
    0xff, 0xc3, 0x1d, 0x0, 0xff, 0xe2, 0x1c, 0x80,
    0x7f, 0xf1, 0x19, 0x40, 0x3f, 0xf8, 0x94, 0x40,
    0x10,

    /* U+004F "O" */
    0x0, 0xe1, 0x7b, 0xef, 0xf7, 0x5b, 0x88, 0x7,
    0xf4, 0xf4, 0x20, 0x80, 0x5, 0x23, 0xa8, 0x40,
    0x38, 0x75, 0x80, 0x3f, 0xcb, 0xe4, 0x1, 0xb0,
    0x80, 0x30, 0x99, 0x84, 0x3, 0xe, 0x8, 0x2,
    0x8, 0x2, 0x2b, 0xec, 0xc7, 0x59, 0x0, 0x43,
    0x60, 0x2e, 0x1, 0x16, 0xa0, 0x6, 0x4d, 0x30,
    0x9, 0x49, 0x0, 0x37, 0x0, 0x7e, 0xe0, 0xc,
    0xb8, 0x1, 0x11, 0x80, 0x7e, 0x23, 0x0, 0xb0,
    0x80, 0x26, 0x0, 0xff, 0x28, 0x4, 0xe0, 0x18,
    0x40, 0x3f, 0xc2, 0x1, 0x8, 0x80, 0x21, 0x0,
    0xff, 0x10, 0x4, 0x24, 0x1, 0x28, 0x7, 0xf9,
    0xc0, 0x26, 0xd0, 0x8, 0x50, 0x3, 0xf1, 0x90,
    0x5, 0xaa, 0x1, 0xa8, 0x40, 0x3c, 0x3c, 0x1,
    0x98, 0x20, 0x2, 0x1f, 0x40, 0xc, 0x98, 0x40,
    0x13, 0x8, 0x39, 0x80, 0x43, 0x7d, 0x98, 0xeb,
    0x20, 0x8, 0xa4, 0x2, 0xd3, 0x0, 0xc2, 0x66,
    0x10, 0xc, 0x58, 0x1, 0x87, 0x1c, 0x3, 0xfc,
    0xda, 0x20, 0x1e, 0x8e, 0x94, 0x10, 0x0, 0xa4,
    0x74, 0x80, 0x60,

    /* U+0050 "P" */
    0xef, 0xff, 0xba, 0xdc, 0x40, 0x3f, 0xe1, 0x48,
    0xe6, 0x0, 0xff, 0xe1, 0x4b, 0x0, 0x73, 0x44,
    0x1c, 0xc0, 0x34, 0x80, 0x75, 0x3b, 0xa3, 0x20,
    0x3, 0x28, 0x7, 0xf3, 0x80, 0x62, 0x0, 0xff,
    0xe6, 0x18, 0x6, 0x30, 0xf, 0x85, 0x74, 0x2,
    0x14, 0x0, 0xd9, 0xfe, 0xea, 0x10, 0xa, 0x0,
    0x3f, 0xf8, 0x2e, 0xc0, 0x1f, 0xf1, 0xdc, 0x0,
    0x79, 0xa2, 0x13, 0x5b, 0x88, 0x1, 0xf5, 0x3b,
    0x99, 0x48, 0x3, 0xff, 0xfe, 0x1, 0xc0,

    /* U+0051 "Q" */
    0x0, 0xe1, 0x7b, 0xef, 0xf7, 0x5b, 0x88, 0x7,
    0xf4, 0x74, 0x20, 0x80, 0x5, 0x23, 0xa8, 0x40,
    0x38, 0x75, 0xc0, 0x3f, 0xcb, 0xe4, 0x1, 0xb0,
    0x80, 0x30, 0x99, 0x84, 0x3, 0xe, 0x8, 0x2,
    0x8, 0x2, 0x2b, 0xec, 0xc7, 0x59, 0x0, 0x43,
    0x60, 0x7, 0x0, 0x8b, 0x50, 0x3, 0x26, 0x98,
    0x4, 0xa4, 0xa0, 0x1b, 0x80, 0x3f, 0x70, 0x6,
    0x5c, 0x0, 0x84, 0xc0, 0x3f, 0x11, 0x80, 0x58,
    0x60, 0x12, 0x80, 0x7f, 0x94, 0x2, 0x71, 0x0,
    0x84, 0x3, 0xfc, 0x20, 0x10, 0x88, 0x2, 0x10,
    0xf, 0xf1, 0x0, 0x42, 0x60, 0x12, 0x80, 0x7f,
    0x9c, 0x2, 0x6c, 0x0, 0x85, 0x0, 0x3f, 0x19,
    0x0, 0x5a, 0xa0, 0x1a, 0x44, 0x3, 0xee, 0x0,
    0xcc, 0xe, 0x1, 0x16, 0x20, 0x6, 0x4d, 0x20,
    0x9, 0x84, 0x20, 0x80, 0x22, 0xbe, 0xbb, 0x75,
    0x90, 0x4, 0x50, 0x1, 0x61, 0x0, 0x61, 0x44,
    0x8, 0x6, 0x2f, 0x10, 0x8, 0x71, 0x40, 0x3f,
    0xcd, 0xa4, 0x1, 0xc3, 0x5a, 0xe6, 0x1, 0xe6,
    0x80, 0xf, 0xe2, 0x8c, 0xfe, 0x70, 0x9, 0xba,
    0x90, 0x3, 0xfe, 0x18, 0xd5, 0x0, 0x96, 0xf5,
    0x40, 0x3f, 0xe2, 0xac, 0x30, 0x8, 0x84, 0x3,
    0xff, 0x82, 0x79, 0x44, 0xa, 0x80, 0x1f, 0xfc,
    0x35, 0xd8, 0xb0,

    /* U+0052 "R" */
    0xef, 0xff, 0xdb, 0x6c, 0x20, 0x1f, 0xfc, 0x12,
    0x49, 0xf5, 0x0, 0xff, 0xe1, 0x8d, 0x20, 0x7,
    0x9a, 0x22, 0x62, 0x0, 0xd2, 0x1, 0xea, 0x77,
    0xa7, 0x50, 0x2, 0x21, 0x0, 0xff, 0xa0, 0x3,
    0x10, 0x7, 0xff, 0x42, 0xc0, 0x31, 0x0, 0x7f,
    0x14, 0x38, 0x4, 0x82, 0x1, 0xd9, 0xff, 0x6b,
    0x80, 0x68, 0x0, 0xff, 0xe1, 0xd1, 0x80, 0x7f,
    0xf0, 0x4f, 0x54, 0x3, 0xe6, 0x77, 0x30, 0x4,
    0x46, 0x1, 0xfa, 0xa2, 0x12, 0x60, 0x1, 0xb0,
    0xf, 0xfe, 0x7, 0x80, 0x4a, 0x80, 0x1f, 0xf1,
    0xb0, 0x5, 0x20, 0x1f, 0xfc, 0x9, 0x10, 0x1,
    0x40, 0x7, 0xff, 0x2, 0xc0, 0x27, 0x20, 0xf,
    0xf9, 0x4c, 0x2, 0xe0,

    /* U+0053 "S" */
    0x0, 0xc5, 0x19, 0xdf, 0xed, 0xa6, 0x0, 0xf4,
    0xeb, 0x98, 0x80, 0x9, 0x67, 0xdc, 0x2, 0x96,
    0x0, 0xff, 0x50, 0x0, 0xd8, 0x2, 0x17, 0x99,
    0x30, 0x80, 0x24, 0x0, 0x80, 0x1b, 0xe1, 0x99,
    0x3d, 0x6e, 0x80, 0xf, 0x0, 0x88, 0x40, 0x39,
    0x20, 0x2, 0xe0, 0x8, 0x98, 0x3, 0xfc, 0xe2,
    0x1, 0x4e, 0xb0, 0x80, 0x7c, 0x34, 0x1, 0x8a,
    0x7a, 0xd4, 0x3, 0xc9, 0xa8, 0x1, 0xc9, 0x5c,
    0xa0, 0x1c, 0x57, 0xb0, 0x60, 0x18, 0x69, 0xc0,
    0x3c, 0x4f, 0x9a, 0xe2, 0x1, 0x41, 0x0, 0x7e,
    0x28, 0xc0, 0xc, 0xa0, 0x1f, 0xe2, 0x20, 0x5,
    0xe0, 0xd, 0x82, 0x0, 0xe5, 0x20, 0xb, 0x81,
    0x89, 0xf7, 0xae, 0xa9, 0xb4, 0x1, 0x9c, 0x28,
    0x2, 0x14, 0x55, 0x10, 0x6, 0x81, 0xb, 0x10,
    0xf, 0xf4, 0xb8, 0x1, 0xfa, 0xd8, 0xc4, 0x0,
    0x29, 0x1c, 0xc0, 0x0,

    /* U+0054 "T" */
    0x6f, 0xff, 0xfe, 0x1c, 0x80, 0x7f, 0xf5, 0x95,
    0xdf, 0x90, 0x2, 0x27, 0x7e, 0xd3, 0x88, 0xec,
    0x0, 0x9e, 0x23, 0x90, 0x3, 0xff, 0xfe, 0x1,
    0xff, 0xff, 0x0, 0xff, 0xff, 0x80, 0x7f, 0xf0,
    0x40,

    /* U+0055 "U" */
    0xef, 0xf8, 0xc0, 0x3c, 0x3f, 0xf8, 0x3, 0xff,
    0xfe, 0x1, 0xff, 0xff, 0x0, 0xff, 0xed, 0x18,
    0x4, 0xc0, 0x1e, 0x20, 0xe, 0x10, 0xb, 0xc0,
    0x3d, 0x60, 0x11, 0x2, 0x0, 0x4b, 0x0, 0x19,
    0xdc, 0x1, 0x20, 0x48, 0x6, 0x7f, 0xdd, 0x7c,
    0x0, 0x6a, 0x1, 0x90, 0xe, 0x22, 0x0, 0x73,
    0x98, 0x1, 0xa8, 0x40, 0x3f, 0xa6, 0x0, 0x32,
    0xf4, 0xa0, 0x80, 0x5, 0x23, 0x98, 0x2,

    /* U+0056 "V" */
    0x8f, 0xfb, 0x80, 0x3f, 0x8f, 0xff, 0x25, 0x0,
    0x42, 0xa0, 0x1f, 0xa8, 0x2, 0x24, 0x24, 0x0,
    0xbc, 0x3, 0xf3, 0x80, 0x54, 0x0, 0xe0, 0x9,
    0x40, 0x3e, 0x41, 0x0, 0x98, 0x0, 0xa2, 0x1,
    0x30, 0x7, 0xb4, 0x2, 0x51, 0x0, 0x9c, 0x2,
    0xd0, 0xf, 0x38, 0x5, 0xc0, 0x1a, 0xc0, 0x24,
    0x10, 0xc, 0x82, 0x0, 0x14, 0x0, 0xc4, 0x60,
    0x13, 0x0, 0x6e, 0x0, 0x98, 0x3, 0xd4, 0x1,
    0x58, 0x6, 0x50, 0xa, 0x40, 0x3c, 0xc0, 0x11,
    0x90, 0x1, 0x40, 0x24, 0x10, 0xf, 0x98, 0x2,
    0xa0, 0x7, 0x0, 0x5c, 0x1, 0xfa, 0x80, 0x25,
    0x0, 0x20, 0x0, 0x54, 0x3, 0xf1, 0x90, 0x0,
    0x8d, 0x80, 0x26, 0x0, 0xff, 0x50, 0x5, 0x5a,
    0x1, 0x50, 0x7, 0xf9, 0x80, 0x27, 0x40, 0x1,
    0x90, 0x7, 0xf8, 0x54, 0x0, 0x20, 0x14, 0x80,
    0x7f, 0xf0, 0x38, 0x3, 0x85, 0x40, 0x3f, 0xf8,
    0x8, 0x20, 0x19, 0xc0, 0x3f, 0xf8, 0x52, 0x1,
    0xac, 0x3, 0xe0,

    /* U+0057 "W" */
    0x8f, 0xfb, 0x0, 0x3e, 0x8f, 0xf8, 0x3, 0xe6,
    0xff, 0xb2, 0xc0, 0x23, 0x10, 0xf, 0x20, 0x4,
    0x80, 0x1e, 0xc0, 0xa, 0xcc, 0x40, 0x27, 0x0,
    0xe1, 0x30, 0xb, 0x40, 0x3c, 0x80, 0x12, 0x83,
    0x80, 0x58, 0x1, 0xce, 0x1, 0x9c, 0x3, 0x8c,
    0x40, 0x4, 0x40, 0xd0, 0x9, 0x0, 0x3b, 0x40,
    0x30, 0x98, 0x6, 0x40, 0x9, 0x40, 0x8, 0x20,
    0x1, 0x30, 0xc, 0x80, 0x1c, 0x80, 0x1a, 0xc0,
    0x2b, 0x0, 0x90, 0x2, 0xb0, 0x9, 0x40, 0x23,
    0x0, 0x58, 0x6, 0x30, 0x1, 0x18, 0x5, 0xc0,
    0x12, 0x0, 0x5e, 0x0, 0x5a, 0x0, 0x18, 0x80,
    0x10, 0x2, 0x50, 0xc, 0x80, 0x11, 0x88, 0x1,
    0x40, 0x1e, 0xe0, 0x13, 0x80, 0x34, 0x2, 0xb0,
    0xe, 0x50, 0x9, 0x1, 0x0, 0x24, 0x13, 0x0,
    0x68, 0x1, 0x0, 0x2, 0x60, 0x1d, 0xe0, 0x17,
    0x86, 0x80, 0x10, 0x42, 0xc0, 0x8, 0x4, 0x40,
    0x3, 0x80, 0x79, 0x40, 0x24, 0x7, 0x0, 0x68,
    0x1, 0x40, 0x24, 0x40, 0x5, 0xa0, 0x1f, 0x20,
    0x0, 0x58, 0x40, 0xe, 0x0, 0x22, 0x0, 0x37,
    0x0, 0x2, 0x80, 0x1f, 0x70, 0x5, 0x0, 0x3,
    0x10, 0x9, 0x40, 0xe, 0xa0, 0x7, 0x0, 0xfc,
    0x80, 0x10, 0x80, 0x2c, 0x3, 0x58, 0x0, 0x40,
    0x2d, 0x0, 0xfc, 0x28, 0x1, 0xca, 0x1, 0x8c,
    0x40, 0x39, 0x0, 0x3f, 0xb4, 0x3, 0x11, 0x0,
    0x39, 0xc0, 0x32, 0x80, 0x7f, 0x9c, 0x3, 0x28,
    0x7, 0xb4, 0x3, 0x78, 0x7, 0xf8, 0x4c, 0x2,
    0xb0, 0xf, 0x20, 0x80, 0x4a, 0x1, 0xc0,

    /* U+0058 "X" */
    0x3f, 0xfd, 0x80, 0x1e, 0x1f, 0xfe, 0x20, 0x38,
    0x0, 0x8d, 0xc0, 0x3a, 0x80, 0x35, 0x10, 0x1,
    0xd0, 0x2, 0x81, 0x0, 0x95, 0x0, 0x26, 0x50,
    0xd, 0x42, 0x1, 0x50, 0x0, 0x6c, 0x2, 0x39,
    0x0, 0xe1, 0xa0, 0x9, 0x14, 0x20, 0x40, 0x3,
    0xa0, 0x1f, 0x23, 0x0, 0x56, 0xac, 0x1, 0x50,
    0x80, 0x7e, 0x93, 0x0, 0xd, 0x0, 0x4e, 0x80,
    0x1f, 0xee, 0x0, 0xf2, 0x40, 0x7, 0xfc, 0x52,
    0x1, 0x86, 0x80, 0x3f, 0xf8, 0x28, 0x1, 0xff,
    0xc7, 0xe0, 0xc, 0x34, 0x1, 0xff, 0xc0, 0x83,
    0x0, 0xe4, 0x70, 0xf, 0xf2, 0x38, 0x5, 0x0,
    0x14, 0x18, 0x7, 0xe1, 0xa0, 0x9, 0xdc, 0xc0,
    0x16, 0x88, 0x7, 0xd6, 0x20, 0x1, 0x80, 0x91,
    0x0, 0xd, 0x0, 0x79, 0x94, 0x2, 0xa0, 0xa,
    0x80, 0x24, 0x70, 0xc, 0x52, 0x1, 0x2a, 0x0,
    0x48, 0xc0, 0x14, 0x18, 0x5, 0xc0, 0x10, 0xd8,
    0x7, 0x48, 0x80, 0x5a, 0x21, 0x6, 0x1, 0x40,
    0x80, 0x7a, 0x80, 0x21, 0xa0,

    /* U+0059 "Y" */
    0x9f, 0xfc, 0x60, 0x1f, 0x6f, 0xfd, 0x32, 0x10,
    0xa, 0x0, 0x3c, 0xc4, 0x0, 0x18, 0xb, 0x0,
    0x91, 0x0, 0x1d, 0x0, 0x14, 0x8, 0x29, 0x80,
    0x52, 0x1, 0xa0, 0x40, 0x6, 0xc0, 0x17, 0x0,
    0x44, 0xc0, 0x2, 0x70, 0xb, 0xc0, 0x31, 0x30,
    0x5, 0x0, 0x8, 0x0, 0x98, 0xc0, 0x3a, 0x44,
    0x0, 0x30, 0x6a, 0x0, 0x18, 0x0, 0xfa, 0x0,
    0x27, 0xe0, 0xa, 0x4, 0x3, 0xe6, 0x30, 0x8,
    0x80, 0x6, 0xc0, 0x1f, 0xde, 0x1, 0xef, 0x0,
    0xff, 0x1b, 0x0, 0x65, 0x30, 0xf, 0xfa, 0x0,
    0x35, 0x80, 0x7f, 0xf0, 0x4, 0x3, 0xff, 0xfe,
    0x1, 0xff, 0xe0,

    /* U+005A "Z" */
    0x7f, 0xff, 0xfe, 0x10, 0x80, 0x7f, 0xf4, 0xc5,
    0x1d, 0xff, 0x30, 0x6, 0x90, 0x38, 0x8f, 0xca,
    0x1, 0x2b, 0x0, 0x7f, 0x49, 0x80, 0xa, 0x80,
    0x3f, 0x95, 0x80, 0x2f, 0x0, 0xfe, 0x2a, 0x0,
    0xa8, 0x80, 0x3f, 0xbc, 0x2, 0x75, 0x0, 0xfe,
    0xb2, 0x0, 0x1c, 0x0, 0x7f, 0x3a, 0x0, 0x7,
    0x40, 0x3f, 0x92, 0x0, 0x2d, 0x10, 0xf, 0xc3,
    0x40, 0x14, 0x18, 0x7, 0xf6, 0x88, 0x1, 0x5c,
    0x3, 0xfa, 0x4c, 0x0, 0x54, 0x1, 0xfc, 0xcc,
    0x0, 0x9e, 0x23, 0xf8, 0xe0, 0x3, 0x2b, 0xbf,
    0xf2, 0x8, 0x7, 0xff, 0x4c,

    /* U+005B "[" */
    0x3c, 0xce, 0xa7, 0x33, 0xe4, 0x0, 0xff, 0xf,
    0xfb, 0x80, 0x3f, 0xff, 0xe0, 0x1f, 0xff, 0x11,
    0xcc, 0x50, 0x6, 0x33, 0x20, 0x7, 0xc0,

    /* U+005C "\\" */
    0x9f, 0xf4, 0x0, 0x7b, 0x40, 0x8, 0x1, 0xe4,
    0x0, 0x18, 0x80, 0x79, 0x0, 0x8, 0x1, 0xec,
    0x0, 0x78, 0x7, 0x90, 0x0, 0x80, 0x1e, 0x31,
    0x1, 0x30, 0xf, 0x20, 0x1, 0x0, 0x3d, 0xe0,
    0xb, 0x0, 0xf2, 0x0, 0xc, 0x3, 0xc2, 0x60,
    0x5, 0x0, 0xf2, 0x0, 0x30, 0x3, 0xd6, 0x0,
    0x40, 0xf, 0x18, 0x0, 0x88, 0x1, 0xe5, 0x0,
    0x20, 0x7, 0xb0, 0x1, 0xa0, 0x1e, 0x40, 0x2,
    0x0, 0x78, 0x88, 0x0, 0x40, 0xf, 0x20, 0x3,
    0x0, 0x3d, 0xa0, 0x5, 0x0, 0xf2, 0x0, 0x8,
    0x40, 0x3c, 0x80, 0x7, 0x0, 0xf6, 0x0, 0x30,

    /* U+005D "]" */
    0xc, 0xcf, 0x8, 0x19, 0xfc, 0x1, 0xfd, 0xff,
    0x0, 0x7f, 0xff, 0xc0, 0x3f, 0xff, 0xe0, 0x1f,
    0x66, 0x40, 0x1c, 0x67, 0x0, 0x7f, 0xf0, 0x0,

    /* U+005E "^" */
    0x0, 0xf9, 0xe2, 0x4, 0x1, 0xff, 0xc0, 0x88,
    0x3b, 0xb8, 0x3, 0xfe, 0x37, 0x0, 0x8e, 0x0,
    0x3f, 0xdc, 0x1, 0xce, 0x60, 0x1f, 0xa8, 0x80,
    0xc, 0x1, 0x70, 0x7, 0xca, 0xa0, 0x2, 0x4c,
    0x0, 0xa, 0x80, 0x38, 0x68, 0x2, 0xa0, 0x73,
    0x0, 0x2a, 0x80, 0x36, 0x80, 0x54, 0x20, 0xe,
    0x0, 0xa8, 0x80, 0xe, 0x60, 0x5, 0x50, 0x4,
    0x54, 0x1, 0x70, 0x1c, 0x0, 0x6, 0xc0, 0x39,
    0x54, 0x0, 0x37,

    /* U+005F "_" */
    0x13, 0x3f, 0xfe, 0x19, 0x26, 0x67, 0xff, 0xf,
    0xc0, 0x3f, 0xfa, 0xc0,

    /* U+0060 "`" */
    0x6e, 0xea, 0xc0, 0xd, 0x22, 0x24, 0x30, 0x3,
    0xc0, 0x2, 0x0, 0x27, 0x80, 0x42,

    /* U+0061 "a" */
    0x0, 0xb, 0xdf, 0x7f, 0xb6, 0x8, 0x3, 0xa3,
    0xa1, 0x4, 0x0, 0x4f, 0xaa, 0x1, 0xb, 0x0,
    0x7f, 0x51, 0x0, 0x6, 0x81, 0x6b, 0x31, 0x22,
    0x1, 0x50, 0x4, 0x9d, 0x4a, 0x66, 0x6b, 0x0,
    0x8c, 0x3, 0x8, 0x7, 0x38, 0x4, 0xe0, 0x19,
    0x2b, 0xbf, 0xdd, 0xc0, 0xf, 0xaa, 0xd4, 0x40,
    0x2, 0x60, 0x1e, 0x75, 0x0, 0x14, 0x4c, 0x28,
    0x7, 0xa8, 0x0, 0x3a, 0xec, 0xf6, 0x1, 0xe2,
    0x0, 0x28, 0x6, 0x20, 0xf, 0x10, 0x1, 0x8,
    0x0, 0x7a, 0x1, 0x10, 0x82, 0x80, 0x5b, 0xb6,
    0x8, 0x4, 0x3c, 0x90, 0x60, 0x11, 0x10, 0xd,
    0xc0, 0x33, 0x86, 0x41, 0x80, 0xe, 0x32, 0x18,
    0x41, 0xc,

    /* U+0062 "b" */
    0x3f, 0xfa, 0xc0, 0x3f, 0xff, 0xe0, 0x1f, 0xfc,
    0x47, 0xdf, 0xec, 0x50, 0xf, 0x9f, 0x20, 0x80,
    0x4e, 0xac, 0x3, 0xc6, 0x60, 0xf, 0x25, 0x0,
    0x7c, 0xb0, 0xe2, 0x1, 0x29, 0x80, 0x75, 0xd3,
    0xc7, 0x88, 0x5, 0x60, 0x19, 0x10, 0x1, 0xc,
    0x0, 0x48, 0x1, 0xfe, 0x40, 0x8, 0x80, 0x3f,
    0xc6, 0x1, 0xff, 0xc2, 0x20, 0x8, 0xc0, 0x3f,
    0xc8, 0x1, 0x30, 0x6, 0x60, 0xc, 0x52, 0x1,
    0x68, 0x6, 0x2d, 0x76, 0x8c, 0x10, 0x0, 0xb8,
    0x7, 0x14, 0x4b, 0x88, 0x5, 0x62, 0x1, 0xb,
    0x0, 0x7d, 0x2a, 0x1, 0x9e, 0x69, 0x4, 0x9,
    0xb5, 0x80, 0x0,

    /* U+0063 "c" */
    0x0, 0xcd, 0x7d, 0xfd, 0x6e, 0x20, 0x18, 0xfa,
    0x50, 0x40, 0x52, 0x39, 0x0, 0x7, 0x82, 0x1,
    0xff, 0x68, 0x6, 0x69, 0x93, 0x2, 0x20, 0x18,
    0x40, 0x3, 0xb2, 0xcc, 0x9e, 0xa0, 0x6, 0x80,
    0x56, 0x40, 0x18, 0x44, 0x0, 0x60, 0x9, 0x0,
    0x3f, 0x8c, 0x2, 0x10, 0xf, 0xe3, 0x0, 0x84,
    0x3, 0xf9, 0xc0, 0x27, 0x0, 0xfe, 0xf0, 0xa,
    0x4c, 0x3, 0xa, 0x0, 0x14, 0x80, 0x2c, 0x96,
    0x64, 0xf5, 0x90, 0x3, 0x80, 0x33, 0x4c, 0x98,
    0x1, 0xc0, 0x3, 0xc2, 0x0, 0xfd, 0x20, 0x11,
    0xec, 0xa0, 0x80, 0x9c, 0x72, 0x80,

    /* U+0064 "d" */
    0x0, 0xff, 0x5f, 0xfc, 0x60, 0x1f, 0xff, 0xf0,
    0x8, 0xeb, 0x7f, 0xa8, 0xc0, 0x3e, 0x7c, 0x52,
    0x1, 0x5c, 0x40, 0xe, 0x68, 0x0, 0xff, 0xe0,
    0xc, 0x80, 0x64, 0x64, 0x0, 0xf3, 0x0, 0x43,
    0x97, 0x37, 0xa2, 0x1, 0xb0, 0x2, 0x93, 0x0,
    0x89, 0x40, 0x33, 0x0, 0x4a, 0x1, 0xfe, 0x30,
    0x8, 0xc0, 0x3f, 0xc6, 0x1, 0x10, 0x7, 0xf9,
    0x80, 0x2b, 0x0, 0xff, 0x60, 0x4, 0xe6, 0x1,
    0x2a, 0x0, 0x66, 0x0, 0xd9, 0x73, 0x94, 0x1,
    0xc3, 0x20, 0x19, 0x18, 0xc0, 0x3e, 0x68, 0x0,
    0xfa, 0x0, 0x3c, 0xf8, 0xc4, 0x2, 0xb8, 0xe8,
    0x1, 0x0,

    /* U+0065 "e" */
    0x0, 0x85, 0xf3, 0xbf, 0x68, 0xc0, 0x39, 0x3e,
    0xc, 0x40, 0x97, 0x24, 0x2, 0x4b, 0x10, 0xf,
    0x9a, 0x40, 0x14, 0x1, 0x4f, 0xfb, 0x4c, 0x0,
    0xc6, 0xa2, 0x0, 0x86, 0x0, 0x16, 0x80, 0x55,
    0xc0, 0x13, 0x0, 0x61, 0x30, 0x2, 0xb0, 0x5,
    0xdf, 0xfc, 0x60, 0x1, 0x30, 0xf, 0xfe, 0x0,
    0x98, 0x4, 0xef, 0xfd, 0x2c, 0x1, 0x64, 0x47,
    0xe5, 0xd0, 0xa, 0x0, 0x3e, 0x20, 0x70, 0x8,
    0xf1, 0x4, 0x46, 0xfd, 0xc0, 0x1a, 0x0, 0x8e,
    0xfb, 0x99, 0x2, 0x6c, 0xb, 0x42, 0x1, 0xf8,
    0x94, 0x0, 0xbf, 0x6, 0x20, 0x2, 0x5b, 0xd3,

    /* U+0066 "f" */
    0x0, 0xff, 0xe1, 0x9d, 0xff, 0xdc, 0xc0, 0x12,
    0xe2, 0x0, 0x42, 0x1, 0xac, 0x3, 0xc8, 0x0,
    0x21, 0x0, 0xe, 0x7f, 0x10, 0x0, 0x40, 0x25,
    0x30, 0x10, 0xf, 0xfe, 0x2, 0x7e, 0x0, 0x49,
    0xff, 0x0, 0x7f, 0xf2, 0xd6, 0xe0, 0x2, 0x3b,
    0xb8, 0x5, 0x10, 0x1, 0x3a, 0x24, 0x1, 0xff,
    0xff, 0x0, 0xff, 0xec, 0x0,

    /* U+0067 "g" */
    0x0, 0x8a, 0x77, 0xfa, 0xd4, 0x27, 0xfc, 0x80,
    0x7, 0xd6, 0x20, 0x14, 0xab, 0x60, 0xc, 0xd0,
    0x1, 0xf2, 0x0, 0x61, 0x90, 0xc, 0x8c, 0x80,
    0x1e, 0x60, 0xd, 0x97, 0x37, 0xa4, 0x1, 0xb0,
    0x2, 0x93, 0x0, 0x89, 0x0, 0x33, 0x0, 0x48,
    0x1, 0xfe, 0x30, 0x8, 0xc0, 0x3f, 0xc6, 0x1,
    0x10, 0x7, 0xf9, 0xc0, 0x29, 0x0, 0xe2, 0x0,
    0xde, 0x1, 0x2c, 0x90, 0x15, 0x20, 0x6, 0x52,
    0x0, 0x9b, 0x7f, 0x54, 0x3, 0xde, 0x20, 0x1f,
    0xfc, 0x12, 0xc4, 0x0, 0xe4, 0x60, 0xf, 0x15,
    0xed, 0x44, 0xed, 0xf0, 0x4, 0xe0, 0x18, 0x95,
    0xd8, 0x83, 0x80, 0x21, 0x0, 0x20, 0x7, 0x89,
    0x80, 0x2, 0x40, 0x37, 0xd2, 0xc8, 0xb3, 0xa0,
    0x13, 0x0, 0x24, 0x5, 0xa6, 0xe9, 0x80, 0x22,
    0x90, 0xf, 0xfe, 0x1, 0xf8, 0x80, 0x23, 0xa1,
    0x4, 0x0, 0x4b, 0x78, 0x40, 0x0,

    /* U+0068 "h" */
    0x3f, 0xfa, 0xc0, 0x3f, 0xff, 0xe0, 0x1f, 0xfc,
    0x44, 0xbe, 0xfe, 0x91, 0x0, 0xfa, 0x2d, 0x4,
    0x5, 0xbc, 0x80, 0x39, 0x1c, 0x3, 0xc3, 0x20,
    0x1f, 0x91, 0x40, 0x32, 0x8, 0x7, 0x16, 0xdd,
    0x68, 0x6, 0x20, 0xc, 0x38, 0x40, 0x2, 0x40,
    0x9, 0xc0, 0x32, 0x88, 0x6, 0x10, 0xf, 0xff,
    0xf8, 0x7, 0xff, 0x94,

    /* U+0069 "i" */
    0x9, 0xfe, 0x60, 0x56, 0x1, 0x91, 0x30, 0xc,
    0x6c, 0x60, 0x6, 0x20, 0xcd, 0xe9, 0x0, 0x88,
    0x40, 0x3, 0xff, 0x68, 0x7, 0xff, 0xfc, 0x3,
    0xfc,

    /* U+006A "j" */
    0x0, 0xe4, 0xdf, 0xa0, 0xf, 0x51, 0x2, 0xb8,
    0x7, 0x8, 0x5, 0xe0, 0x1d, 0x0, 0x2, 0xa0,
    0xe, 0x7e, 0xdd, 0x10, 0x7, 0x84, 0x80, 0x3e,
    0xbf, 0xf8, 0xc0, 0x3f, 0xff, 0xe0, 0x1f, 0xff,
    0xf0, 0xe, 0x50, 0x8, 0x41, 0x59, 0x96, 0x20,
    0x11, 0x4, 0x4c, 0x90, 0x2, 0x70, 0x12, 0x0,
    0xe4, 0x80, 0x2, 0x90, 0x0, 0xe6, 0xc0, 0x0,

    /* U+006B "k" */
    0x3f, 0xfa, 0xc0, 0x3f, 0xff, 0xe0, 0x1f, 0xfc,
    0x7d, 0xff, 0xac, 0x3, 0xfa, 0xc8, 0x0, 0x76,
    0x1, 0xfa, 0x10, 0x0, 0x5a, 0x1, 0xf9, 0x1c,
    0x0, 0x3e, 0x20, 0x1f, 0x15, 0x80, 0x5a, 0x40,
    0x1f, 0x3f, 0x80, 0x56, 0x60, 0x1f, 0x8c, 0x80,
    0x2, 0xa0, 0x1f, 0xfc, 0x11, 0xb0, 0xf, 0xfe,
    0x12, 0xb0, 0x7, 0xf2, 0x48, 0x5, 0x24, 0x1,
    0xf1, 0x5b, 0x20, 0x5, 0xc0, 0x1f, 0x30, 0x2,
    0x84, 0x0, 0x70, 0x1, 0xfc, 0x36, 0x1, 0x39,
    0x80, 0x7f, 0x2a, 0x80, 0x2e, 0x0, 0xff, 0x58,
    0x80, 0xa, 0x80,

    /* U+006C "l" */
    0x3f, 0xfa, 0xc0, 0x3f, 0xff, 0xe0, 0x1f, 0xfc,
    0xd0,

    /* U+006D "m" */
    0x3f, 0xf8, 0x1, 0x1b, 0xfd, 0x68, 0x0, 0x18,
    0xdf, 0xeb, 0x40, 0xf, 0x1e, 0xb9, 0x0, 0xa5,
    0xb1, 0x7b, 0x90, 0xa, 0x5b, 0x0, 0x76, 0x90,
    0x7, 0xa7, 0x4, 0x3, 0xd2, 0x20, 0x18, 0x40,
    0x9d, 0x80, 0x30, 0x81, 0xc2, 0x80, 0x67, 0x0,
    0xe5, 0xd8, 0x97, 0x0, 0xcf, 0x8f, 0x4c, 0x1,
    0x78, 0x6, 0x1a, 0x0, 0xb0, 0x2, 0x28, 0x0,
    0xbc, 0x3, 0xf1, 0x80, 0x7e, 0x60, 0xf, 0xff,
    0xf8, 0x7, 0xff, 0xfc, 0x3, 0xff, 0xbe,

    /* U+006E "n" */
    0x3f, 0xf4, 0x80, 0x1b, 0x3b, 0xf6, 0x44, 0x3,
    0x90, 0x2e, 0x4c, 0x40, 0x9b, 0xc8, 0x3, 0x16,
    0xa0, 0x7, 0x87, 0x80, 0x38, 0x80, 0x4, 0x60,
    0x18, 0xc4, 0x3, 0x86, 0xf7, 0x34, 0x3, 0x10,
    0x6, 0x1c, 0x40, 0x1, 0x20, 0x4, 0xe0, 0x19,
    0x48, 0x3, 0x8, 0x7, 0xff, 0xfc, 0x3, 0xff,
    0xca,

    /* U+006F "o" */
    0x0, 0xcd, 0x7d, 0xfd, 0x8e, 0x20, 0x1e, 0x3d,
    0x94, 0x10, 0x13, 0x8f, 0x50, 0xc, 0x78, 0x40,
    0x1f, 0xd, 0x30, 0x5, 0xa0, 0x19, 0xa1, 0x84,
    0x2, 0x92, 0x6, 0x10, 0x0, 0xec, 0xbc, 0xf9,
    0x0, 0x56, 0x1a, 0x1, 0x49, 0x0, 0x43, 0x20,
    0x13, 0x82, 0x80, 0x4a, 0x1, 0xc8, 0x1, 0x8,
    0x7, 0x18, 0x7, 0x84, 0x2, 0x10, 0xc, 0x60,
    0x1e, 0x10, 0x8, 0x54, 0x2, 0x50, 0xe, 0x30,
    0x8, 0x43, 0x0, 0x29, 0x10, 0xd, 0xe0, 0x13,
    0x83, 0x88, 0x0, 0x7a, 0x5e, 0x38, 0xc0, 0x2b,
    0x0, 0x68, 0x6, 0x68, 0x71, 0x0, 0xa4, 0x80,
    0x7, 0x62, 0x1, 0xfa, 0x58, 0x3, 0x27, 0x4a,
    0x8, 0x9, 0xc7, 0x30, 0x4,

    /* U+0070 "p" */
    0x3f, 0xf6, 0x0, 0xce, 0xff, 0x51, 0x80, 0x78,
    0xd3, 0xd8, 0x80, 0x57, 0x1c, 0x3, 0xd6, 0x20,
    0x1e, 0x85, 0x0, 0xf9, 0x21, 0x80, 0x35, 0x80,
    0x7a, 0xad, 0xe7, 0x0, 0x21, 0x50, 0xc, 0x8a,
    0x1, 0x1b, 0x0, 0x58, 0x1, 0xfe, 0xc0, 0x8,
    0xc0, 0x3f, 0xc2, 0x1, 0x8, 0x7, 0xf8, 0x40,
    0x22, 0x0, 0xff, 0x78, 0x5, 0xc0, 0x1f, 0xc6,
    0xa0, 0x13, 0x0, 0x64, 0x84, 0x38, 0xc0, 0x9,
    0x44, 0x3, 0x9e, 0xf1, 0xc0, 0x21, 0xb0, 0xf,
    0xfe, 0x1, 0x60, 0x80, 0x71, 0x31, 0x0, 0x9c,
    0xe9, 0x0, 0x79, 0xa7, 0x7f, 0xb1, 0x80, 0x3f,
    0xff, 0xe0, 0x18,

    /* U+0071 "q" */
    0x0, 0x86, 0x37, 0xfd, 0x8c, 0x15, 0xfe, 0x50,
    0x2, 0xfb, 0x90, 0x0, 0xe7, 0x14, 0x3, 0x25,
    0x8, 0x7, 0x8c, 0x3, 0xa8, 0x3, 0x23, 0xa8,
    0x7, 0x98, 0x40, 0x2b, 0xb4, 0x56, 0x88, 0x6,
    0xd0, 0x9, 0xd0, 0x2, 0x24, 0x0, 0xcc, 0x1,
    0x60, 0x7, 0xf8, 0xc0, 0x26, 0x0, 0xff, 0x18,
    0x4, 0x20, 0x1f, 0xe6, 0x0, 0xac, 0x3, 0xfd,
    0xa0, 0x13, 0xa0, 0x6, 0x60, 0xc, 0xe2, 0x1,
    0x5d, 0x44, 0xf1, 0x80, 0x61, 0xb0, 0xc, 0xae,
    0xc2, 0x1, 0xe5, 0x90, 0xf, 0xfe, 0x13, 0x6b,
    0x90, 0x0, 0xe1, 0x0, 0x3e, 0x28, 0xdf, 0xf6,
    0x38, 0x80, 0x7f, 0xff, 0xc0, 0x30,

    /* U+0072 "r" */
    0x3f, 0xf8, 0x6, 0xbb, 0xf4, 0x3, 0x1e, 0x28,
    0x83, 0x0, 0x6e, 0x20, 0x8, 0xc0, 0x31, 0x0,
    0x11, 0x1a, 0x1, 0xc5, 0xd7, 0x65, 0x0, 0xe9,
    0x10, 0xf, 0x89, 0x0, 0x3f, 0x8, 0x7, 0xff,
    0xfc,

    /* U+0073 "s" */
    0x0, 0x14, 0xef, 0xfb, 0xad, 0x84, 0x0, 0xda,
    0xc4, 0x0, 0x14, 0x9f, 0x12, 0x90, 0xf, 0xc4,
    0x2a, 0x1, 0x2e, 0xf6, 0x49, 0xc8, 0x78, 0x5,
    0xc4, 0x26, 0xd8, 0xa1, 0xc0, 0x15, 0x39, 0x0,
    0x73, 0x10, 0x0, 0x63, 0x75, 0x4, 0x1, 0x63,
    0x0, 0x62, 0x7d, 0x60, 0x0, 0xcf, 0x4a, 0x0,
    0x69, 0x30, 0x8, 0x5a, 0xf9, 0x0, 0x2a, 0x4,
    0x0, 0xc3, 0xc0, 0x11, 0x9a, 0xf6, 0x15, 0x4f,
    0x60, 0x11, 0x58, 0x13, 0xd5, 0x20, 0x40, 0x2a,
    0x10, 0xf, 0xeb, 0x29, 0xd7, 0x31, 0x0, 0x1b,
    0xf2, 0x0,

    /* U+0074 "t" */
    0x0, 0xdb, 0xf8, 0x1, 0xf5, 0x10, 0x7, 0xe2,
    0x50, 0xf, 0xe1, 0x0, 0xfc, 0xdf, 0x80, 0x11,
    0xff, 0xca, 0x1, 0xff, 0xca, 0x7b, 0x80, 0x8,
    0xae, 0xe4, 0x14, 0x40, 0x4, 0x28, 0x90, 0x80,
    0x7f, 0xfe, 0x4, 0x2, 0x39, 0x8a, 0x0, 0x88,
    0x3, 0x33, 0xa9, 0x80, 0x4c, 0x1, 0xea, 0x0,
    0xa6, 0x8, 0x0, 0x71, 0x0,

    /* U+0075 "u" */
    0x3f, 0xfa, 0xc0, 0x3b, 0x7f, 0xe1, 0x0, 0xff,
    0xff, 0x80, 0x7f, 0xf8, 0x44, 0x2, 0x70, 0xc,
    0x26, 0x1, 0xf8, 0xc4, 0x2, 0xa1, 0x0, 0xc4,
    0x1, 0xbe, 0x27, 0x90, 0x3, 0xca, 0x1, 0xb,
    0xb0, 0x80, 0x7d, 0x64, 0x1, 0xe2, 0xc0, 0xe,
    0x1c, 0x72, 0x0, 0x14, 0x69, 0x98, 0x2,

    /* U+0076 "v" */
    0x9f, 0xfa, 0xc0, 0x3d, 0x7f, 0xf3, 0xd0, 0x4,
    0x80, 0x1c, 0x28, 0x1, 0x31, 0x90, 0x4, 0xa0,
    0x19, 0xc0, 0x25, 0x10, 0xb0, 0xb, 0xc0, 0x36,
    0x80, 0x52, 0x0, 0x70, 0x9, 0x40, 0x21, 0x40,
    0x1, 0x18, 0x0, 0x54, 0x2, 0x50, 0x3, 0x80,
    0x54, 0x1, 0xb8, 0x2, 0xf0, 0x6, 0x80, 0x4c,
    0x1, 0x90, 0x80, 0xa, 0x2, 0x80, 0x5, 0x10,
    0xe, 0xa0, 0x9, 0x5c, 0x2, 0x90, 0xf, 0x30,
    0x5, 0xfa, 0x0, 0x23, 0x0, 0xf0, 0xa0, 0x1,
    0x50, 0x1, 0x60, 0x1f, 0xbc, 0x3, 0xce, 0x1,
    0xf9, 0x4, 0x3, 0x28, 0x80, 0x7f, 0x30, 0x6,
    0x90, 0xf, 0xf5, 0x0, 0x44, 0x60, 0x1c,

    /* U+0077 "w" */
    0x7f, 0xf9, 0x0, 0x31, 0xff, 0xa4, 0x3, 0xbf,
    0xec, 0x50, 0xb, 0x40, 0x35, 0x80, 0x1c, 0x3,
    0x20, 0x5, 0x64, 0x40, 0x2, 0x0, 0x65, 0x0,
    0x9, 0x80, 0x58, 0x1, 0x30, 0x28, 0x0, 0x84,
    0x0, 0x64, 0x1, 0x58, 0x4, 0xa0, 0x4, 0x10,
    0xb0, 0x9, 0xc0, 0x16, 0x1, 0x94, 0x0, 0x24,
    0x0, 0xd0, 0x1, 0x88, 0x3, 0x0, 0xa, 0x1,
    0x88, 0xc1, 0xc0, 0x26, 0x0, 0x9c, 0x0, 0x80,
    0x44, 0x4, 0x40, 0x2, 0xc3, 0x0, 0xa, 0x1,
    0xb4, 0x0, 0x24, 0xa0, 0xe, 0xd0, 0x2, 0x82,
    0x0, 0x3c, 0x3, 0x20, 0x80, 0x16, 0x80, 0xa,
    0xe0, 0x2, 0x61, 0x1, 0x50, 0xe, 0x70, 0x5,
    0x10, 0x28, 0xa, 0x0, 0x20, 0x0, 0xe0, 0x1e,
    0xd0, 0x1, 0x0, 0x38, 0x1, 0xc0, 0x1, 0x0,
    0x68, 0x7, 0x90, 0x3, 0xa, 0x0, 0x14, 0x3,
    0xa, 0x0, 0x7c, 0xa0, 0x13, 0x80, 0x65, 0x0,
    0x98, 0x3, 0xf7, 0x80, 0x54, 0x1, 0xbc, 0x2,
    0xa0, 0xf, 0xca, 0x0, 0x23, 0x0, 0xca, 0x0,
    0x22, 0x0, 0x60,

    /* U+0078 "x" */
    0x4f, 0xfc, 0x60, 0x11, 0xff, 0xe3, 0x46, 0x0,
    0xbc, 0x2, 0xf0, 0x9, 0x8c, 0x24, 0x80, 0x6,
    0x80, 0xa6, 0x0, 0x29, 0x0, 0xb8, 0x2, 0x90,
    0x80, 0xa, 0x40, 0x31, 0xc0, 0x0, 0xb0, 0x80,
    0xc, 0x80, 0x1c, 0xe6, 0x0, 0x30, 0x1, 0x48,
    0x7, 0xda, 0x1, 0xd2, 0x1, 0xf8, 0x54, 0x2,
    0x24, 0x0, 0xfc, 0x8a, 0x1, 0x13, 0x80, 0x7c,
    0x34, 0x1, 0xd0, 0x40, 0x1e, 0xb1, 0x0, 0x28,
    0x5, 0xc0, 0x1c, 0xca, 0x0, 0x4a, 0x30, 0x1,
    0xb0, 0x4, 0x52, 0x1, 0x48, 0x78, 0x5, 0x24,
    0x0, 0xe0, 0x9, 0x88, 0xd, 0x80, 0x29, 0x7,
    0x30, 0xa, 0x0, 0x28, 0x10, 0x2, 0x30,

    /* U+0079 "y" */
    0x4f, 0xfb, 0x0, 0x3c, 0x9f, 0xf7, 0x2, 0x8,
    0x0, 0xc8, 0x3, 0xb0, 0x2, 0x70, 0x3, 0x0,
    0x4a, 0x1, 0xca, 0x1, 0x50, 0x2, 0x40, 0x2a,
    0x0, 0xc4, 0x40, 0x0, 0x98, 0x0, 0x50, 0x0,
    0x44, 0x0, 0x94, 0x2, 0x60, 0xd, 0xc0, 0x15,
    0x0, 0x56, 0x1, 0x58, 0x6, 0x51, 0x0, 0x28,
    0x0, 0x4c, 0x0, 0x46, 0x1, 0xcc, 0x0, 0x22,
    0x3, 0x80, 0x54, 0x1, 0xea, 0x0, 0xa8, 0x34,
    0x2, 0x50, 0xf, 0x11, 0x80, 0x14, 0x10, 0x0,
    0x64, 0x1, 0xf5, 0x0, 0xa, 0x0, 0x2a, 0x0,
    0xfc, 0xc0, 0x13, 0x80, 0x4e, 0x1, 0xfc, 0xc0,
    0x1c, 0x82, 0x1, 0xfd, 0x40, 0x1d, 0xc0, 0x1f,
    0xe3, 0x20, 0xc, 0xa0, 0x1f, 0xf2, 0x80, 0x4a,
    0x1, 0xff, 0xc0, 0x60, 0xb, 0x80, 0x3e, 0x14,
    0x23, 0xb1, 0x0, 0x12, 0x0, 0x7c, 0xf7, 0xb8,
    0x80, 0x14, 0x80, 0x7e, 0xc0, 0xf, 0x42, 0x0,
    0x7e, 0xd2, 0x0, 0xa, 0x5b, 0x80, 0x7e,

    /* U+007A "z" */
    0xbf, 0xff, 0xf4, 0x80, 0x7f, 0xf2, 0xc6, 0x2e,
    0xf9, 0xc0, 0x21, 0x93, 0x44, 0xca, 0xc0, 0x16,
    0x88, 0x7, 0x68, 0x80, 0x20, 0xc0, 0x3a, 0xc,
    0x0, 0x8e, 0x1, 0xc8, 0xe0, 0x2, 0xa0, 0xe,
    0x1a, 0x0, 0xb8, 0x40, 0x3a, 0x84, 0x1, 0x26,
    0x1, 0xd0, 0x80, 0x5, 0x60, 0xe, 0x47, 0x0,
    0xbd, 0x13, 0xd2, 0x1, 0xaa, 0xef, 0xa8, 0xc0,
    0x3f, 0xf9, 0x60,

    /* U+007B "{" */
    0x0, 0xff, 0xe1, 0x94, 0xf7, 0xa0, 0x6, 0x4d,
    0x61, 0x0, 0xe1, 0xb0, 0x1, 0xd2, 0x0, 0x4e,
    0x0, 0x2c, 0x50, 0xd, 0xc0, 0x5, 0x0, 0xf0,
    0x80, 0x3c, 0x3, 0xff, 0xb0, 0xa0, 0x1f, 0x98,
    0xc0, 0x6, 0x1, 0x17, 0x48, 0x1, 0x90, 0x2,
    0x11, 0x0, 0x16, 0x40, 0x30, 0x98, 0x1, 0x68,
    0x3, 0x16, 0x58, 0x1, 0x50, 0x3, 0x91, 0x0,
    0x3, 0x0, 0xf1, 0x0, 0x7f, 0xf6, 0xc4, 0x1,
    0xe0, 0x1e, 0xe0, 0x3, 0x0, 0x79, 0xc4, 0x7,
    0x58, 0x3, 0xd, 0x0, 0xa, 0x50, 0x3, 0x27,
    0x39, 0x3, 0x80,

    /* U+007C "|" */
    0x9a, 0x57, 0x5d, 0x0, 0xff, 0xfe, 0x0,

    /* U+007D "}" */
    0x0, 0xfe, 0xff, 0x5a, 0x0, 0x7c, 0x97, 0x0,
    0x1a, 0xd4, 0x0, 0xea, 0x1, 0x25, 0x30, 0x3,
    0x80, 0x3a, 0x80, 0xc, 0x1, 0xc2, 0x0, 0x30,
    0xf, 0xfe, 0xb8, 0x88, 0x3, 0x10, 0x5, 0x60,
    0x1d, 0x40, 0x5, 0xf5, 0x0, 0x96, 0x40, 0x22,
    0x0, 0x9a, 0x40, 0x2, 0x20, 0xa, 0x40, 0xd,
    0xcc, 0x0, 0x20, 0xa, 0x40, 0x3e, 0x10, 0xf,
    0xfe, 0xa3, 0x0, 0xc, 0x3, 0xb8, 0x0, 0xc0,
    0x12, 0xda, 0x80, 0x3c, 0x2, 0xa4, 0x0, 0x3a,
    0x0, 0x61, 0x5c, 0x80, 0xc,

    /* U+007E "~" */
    0x0, 0xc2, 0x1, 0xe1, 0x22, 0x0, 0x53, 0xfd,
    0xf9, 0x8, 0x6d, 0xfb, 0xa2, 0xb, 0x60, 0x8,
    0xde, 0xf2, 0x44, 0xc, 0x8d, 0x0, 0x3f, 0xef,
    0xb, 0x0, 0x2f, 0x72, 0x98, 0x80, 0x57, 0x4c,
    0x0,

    /* U+00A0 " " */

    /* U+00A1 "¡" */
    0xb, 0xfc, 0x17, 0x40, 0x39, 0xe0, 0x8, 0xa8,
    0x2, 0xe3, 0xda, 0xd4, 0x2, 0x52, 0x0, 0x2a,
    0xc0, 0xa, 0xa8, 0x40, 0x31, 0x88, 0x4, 0x26,
    0x1, 0xf9, 0xc4, 0x2, 0x17, 0x0, 0x8c, 0x40,
    0x21, 0x30, 0xc, 0x20, 0x17, 0xf8, 0x2, 0x11,
    0x0, 0x46, 0x1, 0x84,

    /* U+00A2 "¢" */
    0x0, 0xf4, 0x7e, 0x80, 0x7f, 0xde, 0x1, 0xff,
    0xc3, 0x10, 0xf, 0xe7, 0xd8, 0x3, 0xfc, 0x60,
    0xc, 0x5d, 0x4, 0x1, 0x8e, 0x6c, 0x0, 0x38,
    0x20, 0x1f, 0xb0, 0x1, 0x62, 0x1, 0x3e, 0x6d,
    0x21, 0x38, 0xa, 0x80, 0x57, 0x6, 0x4b, 0x78,
    0x0, 0x70, 0x9, 0x50, 0x3, 0x84, 0x1, 0xc0,
    0x16, 0x0, 0x7f, 0x10, 0x4, 0x60, 0x1f, 0xc6,
    0x1, 0x18, 0x7, 0xf7, 0x0, 0x5e, 0x1, 0xfc,
    0xa0, 0x13, 0x10, 0x7, 0xe2, 0x30, 0xb, 0x10,
    0x2, 0x6e, 0x20, 0x7, 0x80, 0x43, 0x7f, 0xdf,
    0x23, 0xc0, 0x3, 0xa0, 0xe, 0x10, 0x8, 0x88,
    0x0, 0x5c, 0x40, 0xf, 0x2f, 0x90, 0x4, 0x77,
    0xb0, 0x0, 0xae, 0xa1, 0x0, 0xf1, 0x20, 0x1,
    0x44, 0x3, 0xf9, 0xc0, 0x2, 0x1, 0x80,

    /* U+00A3 "£" */
    0x0, 0xe4, 0xae, 0xff, 0x76, 0x41, 0x80, 0x75,
    0xd9, 0x44, 0x0, 0x26, 0xf9, 0x0, 0x14, 0xa0,
    0x7, 0xf5, 0x0, 0x4c, 0x1, 0x95, 0xd4, 0xc2,
    0x8, 0x0, 0x40, 0x1b, 0x6a, 0x2b, 0x39, 0xc0,
    0x21, 0x0, 0x88, 0x80, 0x18, 0x40, 0x3f, 0x8,
    0x7, 0xf5, 0xf0, 0x4, 0x79, 0x9c, 0x20, 0x12,
    0x10, 0x6, 0x33, 0xe0, 0xf, 0xfe, 0x3f, 0xe0,
    0x4, 0x7f, 0xfc, 0x20, 0x1f, 0xfd, 0xa7, 0x0,
    0xff, 0x28, 0x5, 0x80, 0x1f, 0xc3, 0x0, 0x1,
    0x25, 0x53, 0x34, 0xa4, 0x0, 0xc1, 0x0, 0xd,
    0x55, 0x33, 0x55, 0x80, 0x1c, 0x3, 0xfe, 0x40,
    0x7, 0x0, 0x7f, 0xc6, 0x0,

    /* U+00A4 "¤" */
    0x1, 0x0, 0xff, 0xe0, 0x88, 0x17, 0xd0, 0x7,
    0xfd, 0x38, 0x30, 0x2b, 0x42, 0xf9, 0xdf, 0xd6,
    0xc1, 0x2c, 0x57, 0x48, 0xb, 0xd0, 0x62, 0x2,
    0x93, 0xec, 0x9, 0x41, 0x66, 0x1, 0xff, 0x1d,
    0x80, 0x44, 0x1, 0x95, 0xd4, 0x3, 0x8, 0x4,
    0xc2, 0x0, 0x1d, 0xa8, 0xac, 0x0, 0x89, 0x0,
    0x18, 0x1, 0x41, 0x0, 0x46, 0xe0, 0x16, 0x0,
    0x18, 0x2, 0x50, 0xe, 0xd0, 0x8, 0x80, 0x3f,
    0xf8, 0x2, 0x1, 0xe6, 0x0, 0x94, 0x3, 0xb0,
    0x2, 0x20, 0x6, 0x0, 0x50, 0x40, 0x11, 0xb8,
    0x5, 0x80, 0x6, 0x10, 0x0, 0xed, 0x45, 0x60,
    0x4, 0x48, 0x0, 0x20, 0xe, 0x57, 0x50, 0xe,
    0x10, 0x2c, 0x10, 0x10, 0xf, 0x84, 0xb, 0x6,
    0x4, 0x27, 0xe0, 0xc4, 0x4, 0xe3, 0xa0, 0xa,
    0xe8, 0xe5, 0x85, 0xf3, 0xbf, 0xb1, 0xc1, 0xe5,
    0x28, 0x31, 0x80, 0x3f, 0xe6, 0xb0,

    /* U+00A5 "¥" */
    0xb, 0xff, 0xb8, 0x3, 0xe1, 0xff, 0xca, 0x14,
    0x1, 0xc, 0x0, 0x7a, 0xc0, 0x25, 0x50, 0xc,
    0x80, 0x4e, 0x40, 0x19, 0x14, 0x0, 0x36, 0x1,
    0x32, 0x0, 0x52, 0x1, 0xa4, 0x2, 0xa1, 0x0,
    0xd4, 0x20, 0x4, 0x40, 0x1, 0xc8, 0x0, 0xc8,
    0x1, 0xc3, 0x60, 0x14, 0x80, 0xc0, 0x0, 0xa4,
    0x3, 0xe5, 0x50, 0x0, 0x9e, 0x0, 0x2e, 0x0,
    0xfe, 0xb1, 0x0, 0x43, 0x0, 0x1c, 0xc0, 0x3c,
    0xff, 0xee, 0x10, 0xf, 0x3f, 0xfc, 0x1, 0xff,
    0xcb, 0x6d, 0xdd, 0x20, 0x11, 0x6e, 0xf0, 0x6,
    0x12, 0x2e, 0x0, 0xc4, 0x5c, 0x1, 0x9f, 0xff,
    0x58, 0x4, 0x5f, 0xfc, 0x1, 0xff, 0xcb, 0x6d,
    0xdd, 0x40, 0x11, 0x6e, 0xf0, 0x6, 0x12, 0x2c,
    0x20, 0x18, 0x8b, 0x80, 0x3f, 0xfd, 0xe0,

    /* U+00A6 "¦" */
    0xef, 0x80, 0xf, 0xfe, 0x7f, 0xec, 0x89, 0x8,
    0x7, 0xf4, 0xd2, 0xba, 0xe8, 0x7, 0xff, 0x3c,

    /* U+00A7 "§" */
    0x0, 0x35, 0xf7, 0xfb, 0x6d, 0xc4, 0x1, 0x72,
    0x82, 0x0, 0x24, 0x85, 0x6, 0x40, 0xf, 0x85,
    0x3, 0xc0, 0x2a, 0xef, 0xeb, 0xa0, 0x7, 0x0,
    0x5, 0x44, 0x5, 0x10, 0x0, 0x61, 0x1, 0xd7,
    0x30, 0xe, 0x1c, 0x10, 0x28, 0xcf, 0xa4, 0x0,
    0xa4, 0x40, 0x6, 0x40, 0xb7, 0x20, 0xe8, 0x5,
    0xd9, 0xb2, 0x0, 0x62, 0xd0, 0x2, 0x88, 0x1,
    0x80, 0x21, 0x20, 0x2, 0x0, 0x4a, 0x0, 0x13,
    0x91, 0x3, 0xfc, 0xda, 0x1, 0xa0, 0x1f, 0x71,
    0x3, 0x20, 0x3, 0x20, 0x0, 0x63, 0xb6, 0x94,
    0x0, 0xf6, 0x1, 0xc4, 0xb5, 0x0, 0x4, 0x40,
    0xd2, 0x90, 0x0, 0xac, 0x2, 0x16, 0x5a, 0xdf,
    0xf6, 0x98, 0x4, 0x96, 0x1, 0xfd, 0x43, 0x94,
    0xa4, 0x1, 0x13, 0xf2, 0x80,

    /* U+00A8 "¨" */
    0x29, 0x90, 0x80, 0x22, 0x8a, 0x59, 0x90, 0x10,
    0xeb, 0xcc, 0x0, 0x30, 0x10, 0x1, 0x40, 0x8a,
    0x42, 0xc8, 0x20,

    /* U+00A9 "©" */
    0x0, 0xfe, 0x11, 0x0, 0x7f, 0xf0, 0xc5, 0xf3,
    0xfb, 0x9f, 0xb2, 0x60, 0x1f, 0xe7, 0xe8, 0x30,
    0xc, 0x4d, 0x98, 0x20, 0xf, 0xae, 0x0, 0xa3,
    0x3b, 0xf6, 0xd4, 0xf, 0x50, 0x3, 0xad, 0x2,
    0x35, 0xcc, 0x40, 0x92, 0xb4, 0xc2, 0xcc, 0x2,
    0x74, 0xa, 0x70, 0xf, 0xc5, 0x88, 0x1a, 0x1,
    0x48, 0x3a, 0x80, 0x12, 0xfb, 0xfa, 0x48, 0x1,
    0x42, 0x27, 0x6, 0x11, 0x40, 0x2, 0x6d, 0x4,
    0x5, 0xa0, 0x0, 0x30, 0x12, 0x18, 0xe, 0x0,
    0x56, 0x6, 0xdf, 0xd7, 0x80, 0x9, 0xc0, 0x49,
    0xc3, 0x0, 0x1c, 0xb, 0x24, 0x5, 0x4, 0x1,
    0x9, 0x3, 0x98, 0x8, 0x1, 0x83, 0x0, 0x3f,
    0xc2, 0x6, 0x1, 0xff, 0xc9, 0x30, 0x20, 0x3,
    0x85, 0x0, 0x7f, 0x84, 0xd, 0xc3, 0xc0, 0x1c,
    0x7, 0x88, 0x49, 0x48, 0x1, 0x9, 0x3, 0xf8,
    0x38, 0x1, 0x1c, 0xe, 0xf6, 0xd6, 0x0, 0x26,
    0x2, 0x22, 0x88, 0xa0, 0x1, 0x16, 0x82, 0x2,
    0xba, 0x0, 0x29, 0xb, 0x0, 0x58, 0x3a, 0x80,
    0x12, 0xfb, 0xfa, 0x84, 0x1, 0xc2, 0x4c, 0x0,
    0x56, 0xa, 0x80, 0xf, 0xc7, 0xa6, 0x1e, 0x1,
    0xa5, 0x81, 0xfa, 0x10, 0x88, 0x6d, 0x78, 0x43,
    0x84, 0x1, 0xd3, 0x42, 0x27, 0xbd, 0xd6, 0x4a,
    0x2, 0xf9, 0x80, 0x7c, 0xbd, 0x4a, 0x40, 0x1,
    0x37, 0xda, 0x10, 0xc,

    /* U+00AA "ª" */
    0x0, 0x36, 0x7f, 0xb5, 0xc0, 0x31, 0x49, 0x80,
    0xa, 0x24, 0x2, 0x25, 0x8c, 0xa1, 0x6, 0x0,
    0xd4, 0xe6, 0xac, 0x0, 0x10, 0x8, 0xe2, 0xa0,
    0xc0, 0x3a, 0x31, 0xd5, 0xd0, 0x3, 0x9c, 0x13,
    0xbd, 0xc0, 0x3e, 0x11, 0x8c, 0x1, 0x2, 0x8,
    0xb, 0xfc, 0x80, 0x6, 0x20, 0xa5, 0x10, 0x5d,
    0x50, 0x22, 0x0,

    /* U+00AB "«" */
    0x0, 0xe5, 0x0, 0xe5, 0x0, 0xf5, 0x52, 0x0,
    0x28, 0xa9, 0x0, 0xce, 0xa0, 0xc2, 0xa, 0xe0,
    0xc4, 0x0, 0x58, 0x0, 0x68, 0x9d, 0x0, 0x2c,
    0x80, 0xa8, 0x1, 0x46, 0x3a, 0x0, 0x94, 0x1,
    0xf0, 0x4, 0x28, 0x68, 0x83, 0xb0, 0x0, 0x40,
    0x2f, 0x0, 0xe1, 0x0, 0xde, 0x20, 0xec, 0x1a,
    0x40, 0xce, 0x1, 0x16, 0x80, 0x25, 0x7, 0xc0,
    0x10, 0xa0, 0x11, 0xd0, 0x2, 0xc4, 0xac, 0x1,
    0x44, 0x1, 0x2b, 0x84, 0x8, 0x24, 0x83, 0x90,
    0x6, 0x8c, 0x70, 0x9, 0xb2, 0x0,

    /* U+00AC "¬" */
    0x0, 0xff, 0xe1, 0xcf, 0xff, 0xff, 0x5, 0x0,
    0x3f, 0xfa, 0x53, 0xff, 0xfe, 0x40, 0xf, 0xff,
    0x98,

    /* U+00AD "­" */
    0x3, 0x3f, 0xc4, 0x99, 0x9f, 0xbc, 0x3, 0xff,
    0x90,

    /* U+00AE "®" */
    0x0, 0xfe, 0x11, 0x0, 0x7f, 0xf0, 0xc5, 0xf3,
    0xfb, 0x9f, 0xb2, 0x60, 0x1f, 0xe7, 0xe8, 0x30,
    0xc, 0x4d, 0x98, 0x20, 0xf, 0xae, 0x0, 0xa3,
    0x3b, 0xf6, 0xd4, 0xf, 0x50, 0x3, 0xad, 0x2,
    0x35, 0xcc, 0x40, 0x92, 0xb4, 0xc2, 0xcc, 0x2,
    0x74, 0xa, 0x70, 0xf, 0xc5, 0x88, 0x1a, 0x1,
    0x48, 0x3a, 0x82, 0x7f, 0xed, 0x80, 0xa, 0x84,
    0x4e, 0xc, 0x22, 0x80, 0xe, 0x11, 0x13, 0xd0,
    0x0, 0x60, 0x24, 0x30, 0x1c, 0x3, 0x8f, 0xb9,
    0x40, 0xa0, 0x13, 0x80, 0x93, 0x86, 0x0, 0x7e,
    0x10, 0xe, 0x12, 0x7, 0x30, 0x10, 0xe, 0x3c,
    0xc5, 0x84, 0x0, 0x61, 0x3, 0x0, 0xfe, 0x33,
    0x3, 0x38, 0x7, 0xc6, 0x4, 0x1, 0xc7, 0xf6,
    0xe, 0x1, 0xc2, 0x6, 0xe1, 0xe0, 0x1f, 0x21,
    0x8b, 0x80, 0x42, 0x40, 0xfe, 0xe, 0x1, 0xfa,
    0x2, 0x4, 0x0, 0xc0, 0x44, 0x51, 0x14, 0x0,
    0x19, 0x10, 0x0, 0x46, 0x44, 0x1, 0x48, 0x58,
    0x2, 0xc1, 0xd4, 0xa, 0xe0, 0x2, 0x9b, 0x50,
    0xe1, 0x26, 0x0, 0x2b, 0x5, 0x40, 0x7, 0xe3,
    0xd3, 0xf, 0x0, 0xd2, 0xc0, 0xfd, 0x8, 0x44,
    0x36, 0xbc, 0x21, 0xc2, 0x0, 0xe9, 0xa1, 0x13,
    0xde, 0xeb, 0x25, 0x1, 0x7c, 0xc0, 0x3e, 0x5e,
    0xa5, 0x20, 0x0, 0x9b, 0xed, 0x8, 0x6,

    /* U+00AF "¯" */
    0x11, 0xfd, 0xfd, 0xde, 0xb0, 0xf, 0xc0,

    /* U+00B0 "°" */
    0x0, 0xa, 0xbb, 0x10, 0x6, 0x6e, 0xa8, 0x9d,
    0xa0, 0x2, 0x48, 0x7, 0x2c, 0x87, 0x80, 0x27,
    0xf0, 0x41, 0x85, 0x40, 0x58, 0xd, 0xc0, 0x4,
    0x60, 0x22, 0x0, 0x10, 0x0, 0x50, 0x1, 0x91,
    0x68, 0x4, 0x48, 0x20, 0x27, 0x40, 0x4, 0x80,
    0xe3, 0x90, 0xa, 0xea, 0x0,

    /* U+00B1 "±" */
    0x0, 0xf3, 0x31, 0x40, 0x3f, 0xe2, 0x99, 0x40,
    0x7, 0xff, 0x9e, 0x37, 0x76, 0x0, 0xb, 0x77,
    0x8c, 0x48, 0xb0, 0x80, 0x44, 0x5c, 0xe0, 0x1f,
    0xfc, 0x39, 0xff, 0xda, 0x0, 0x2f, 0xfe, 0x40,
    0xf, 0xff, 0xa9, 0x7f, 0xb4, 0x3, 0xd1, 0xbb,
    0xff, 0xc1, 0x31, 0x22, 0xff, 0xe0, 0xb8, 0x7,
    0xff, 0xc,

    /* U+00B2 "²" */
    0x0, 0x3e, 0x7f, 0xb5, 0xc0, 0x2e, 0x83, 0x0,
    0x14, 0x68, 0x1, 0xc0, 0xd4, 0x80, 0x4, 0xc1,
    0x19, 0x8a, 0xd2, 0x0, 0x70, 0x9, 0x80, 0x4c,
    0x0, 0xe0, 0xe, 0x34, 0x1, 0x60, 0xc, 0x5a,
    0x0, 0xa0, 0xc, 0x98, 0x21, 0x68, 0x1, 0x35,
    0x89, 0x6a, 0x0, 0x51, 0x20, 0x4, 0xa8, 0x83,
    0x2, 0x0, 0x4c, 0xef, 0x50, 0x7, 0xf8,

    /* U+00B3 "³" */
    0x6, 0xbe, 0xfe, 0xa3, 0x0, 0x4c, 0x90, 0x40,
    0x57, 0x10, 0x28, 0x16, 0x24, 0x80, 0x1e, 0x7,
    0xd4, 0xed, 0x0, 0x1c, 0x20, 0x1, 0xf0, 0x7,
    0x0, 0x51, 0xfc, 0xa1, 0x2a, 0x1, 0xfa, 0x54,
    0x2, 0x8f, 0xf6, 0x0, 0x28, 0x40, 0x40, 0x23,
    0x10, 0x1, 0xb7, 0x64, 0xcb, 0x44, 0x0, 0x5a,
    0x6, 0xcc, 0x20, 0x4, 0x85, 0x41, 0x80, 0x9,
    0x75, 0x80,

    /* U+00B4 "´" */
    0x4, 0xee, 0xa8, 0x1, 0x2, 0x22, 0xa0, 0x33,
    0x1, 0xe8, 0x2, 0x40, 0xb4, 0x40, 0x0,

    /* U+00B5 "µ" */
    0x3f, 0xfa, 0xc0, 0x39, 0x7f, 0xe9, 0x0, 0xff,
    0xff, 0x80, 0x7f, 0xf9, 0x58, 0x3, 0xb4, 0x3,
    0xf1, 0x20, 0x4, 0x8e, 0x1, 0xfd, 0x75, 0x15,
    0x60, 0x1f, 0xf2, 0xba, 0x80, 0x7f, 0xf1, 0x19,
    0x80, 0x1f, 0x11, 0x80, 0xe, 0xa7, 0x40, 0x3e,
    0x7c, 0xff, 0x62, 0x82, 0x7f, 0xa4, 0x3, 0xff,
    0xfe,

    /* U+00B6 "¶" */
    0x0, 0x1d, 0x6f, 0xff, 0xa4, 0x17, 0x14, 0x80,
    0x3e, 0x1a, 0x0, 0xe4, 0x92, 0x0, 0x20, 0x7,
    0x8d, 0x84, 0x0, 0x60, 0x1f, 0xf1, 0x80, 0x7f,
    0xc8, 0x1, 0xff, 0xc, 0x0, 0x7f, 0xcf, 0x64,
    0x1, 0xfe, 0x4d, 0xd0, 0x80, 0x7f, 0x88, 0xc0,
    0x3f, 0xff, 0xe0, 0x1f, 0xfc, 0xf0,

    /* U+00B7 "·" */
    0x0, 0x19, 0x80, 0x2c, 0xcb, 0x45, 0xcc, 0x0,
    0x53, 0xc0, 0x18, 0x70, 0x3, 0x7a, 0xb8, 0x89,
    0xd8,

    /* U+00B8 "¸" */
    0x6, 0xf7, 0x0, 0x14, 0x91, 0x40, 0x64, 0x75,
    0xb0, 0x3b, 0xce, 0xd, 0x57, 0x67, 0x4, 0x25,
    0x41, 0x6a,

    /* U+00B9 "¹" */
    0x0, 0x15, 0x7f, 0x90, 0x0, 0x57, 0xaa, 0x1,
    0xe4, 0x0, 0xf8, 0x96, 0x14, 0x3, 0xd4, 0xe6,
    0x1, 0xff, 0xdd, 0x25, 0x51, 0x0, 0x31, 0x4d,
    0x2a, 0x88, 0x0, 0x7a, 0xb0, 0xf, 0xe0,

    /* U+00BA "º" */
    0x0, 0xa3, 0x7f, 0xa8, 0x80, 0x36, 0xb9, 0x0,
    0xae, 0x98, 0x2, 0x48, 0xa, 0x10, 0x1, 0xa0,
    0x6, 0x0, 0x63, 0xd9, 0x80, 0xa1, 0x0, 0xc,
    0x40, 0x16, 0x0, 0x20, 0xf, 0xf8, 0x80, 0x6,
    0x20, 0xc, 0x0, 0x10, 0x28, 0x3, 0x5a, 0x90,
    0x9, 0x2, 0xc4, 0xe, 0x54, 0x1, 0xc0, 0x1,
    0xf6, 0x10, 0x16, 0xd3, 0x0,

    /* U+00BB "»" */
    0x0, 0x28, 0x7, 0x28, 0x7, 0xae, 0x98, 0x2,
    0xaa, 0x40, 0x6, 0x44, 0x4, 0x98, 0x12, 0x83,
    0xa8, 0x4, 0x90, 0x0, 0xd2, 0x25, 0x0, 0x28,
    0xc0, 0x27, 0x60, 0x1f, 0x5, 0x80, 0x6, 0x88,
    0x5, 0x28, 0x5, 0x60, 0xec, 0x3, 0xa0, 0x19,
    0xc0, 0x2, 0x0, 0x30, 0x3, 0x80, 0x54, 0x60,
    0x74, 0x10, 0xa0, 0x54, 0x0, 0x85, 0x2, 0xd0,
    0x67, 0x1, 0xf1, 0x5, 0x70, 0x1f, 0x13, 0x90,
    0x6, 0x90, 0x1, 0x54, 0x14, 0x40, 0x6c, 0x14,
    0x60, 0x1a, 0xb1, 0x0, 0x29, 0xc5, 0x0, 0xc0,

    /* U+00BC "¼" */
    0x0, 0xff, 0xe1, 0xbc, 0x28, 0x7, 0xff, 0x29,
    0x21, 0xc8, 0x3, 0xfe, 0x27, 0x82, 0x0, 0xfb,
    0x40, 0xa, 0x1, 0xfc, 0x97, 0xb0, 0xec, 0x1,
    0xf3, 0x81, 0x10, 0x3, 0xf2, 0x5a, 0x0, 0x7f,
    0x90, 0x41, 0x40, 0x3f, 0x90, 0x4c, 0xc0, 0x1f,
    0xda, 0x0, 0xa0, 0xf, 0xf7, 0x62, 0x80, 0x7f,
    0x38, 0x11, 0x0, 0x3f, 0xf9, 0x28, 0x20, 0xa0,
    0x1f, 0xfc, 0xad, 0x0, 0x58, 0x7, 0xff, 0x29,
    0xc0, 0x4c, 0x3, 0xff, 0x92, 0x62, 0xc, 0x1,
    0xe4, 0x41, 0x80, 0x9, 0x54, 0x40, 0xc, 0x52,
    0x0, 0x50, 0x2, 0xc0, 0x39, 0x6e, 0xde, 0x0,
    0x4a, 0xa2, 0x0, 0x1e, 0xa8, 0x0, 0x70, 0x13,
    0x0, 0xc5, 0x40, 0x1f, 0xfc, 0x33, 0x10, 0x70,
    0xe, 0xf0, 0xf, 0x37, 0xff, 0xd0, 0x16, 0x0,
    0xa0, 0xd, 0x24, 0x60, 0x1f, 0xfc, 0x36, 0x1,
    0x30, 0x9, 0x58, 0x38, 0x3, 0xff, 0x84, 0x62,
    0xe, 0x1, 0x15, 0x4, 0x90, 0x7, 0xff, 0xa,
    0xc0, 0x1a, 0x1, 0x78, 0x1a, 0x98, 0x0, 0x4c,
    0x40, 0x3f, 0x94, 0x5, 0x0, 0x4, 0x40, 0x3c,
    0xc0, 0x0, 0xb2, 0x40, 0x3f, 0x19, 0x3, 0x80,
    0x7f, 0xf2, 0xac, 0x1, 0xa0, 0x11, 0x7f, 0xf0,
    0x0, 0xfe, 0x0, 0x3f, 0x28, 0x1, 0x0, 0x3f,
    0xf9, 0x24, 0x40, 0x50, 0xf, 0xf7, 0xfb, 0x0,
    0x3f, 0xa8, 0x1, 0xe0, 0x1f, 0xfc, 0xa5, 0x0,
    0x28, 0x7, 0xff, 0x24, 0x88, 0xa, 0x1, 0xff,
    0xc4,

    /* U+00BD "½" */
    0x0, 0xff, 0xe1, 0xbc, 0x28, 0x7, 0xff, 0x29,
    0x21, 0xc8, 0x3, 0xfe, 0x27, 0x82, 0x0, 0xfb,
    0x40, 0xa, 0x1, 0xfc, 0x97, 0xb0, 0xec, 0x1,
    0xf3, 0x81, 0x10, 0x3, 0xf2, 0x5a, 0x0, 0x7f,
    0x90, 0x41, 0x40, 0x3f, 0x90, 0x50, 0xc0, 0x3f,
    0xb4, 0x1, 0x40, 0x1f, 0xee, 0xb5, 0x0, 0xfe,
    0x70, 0x22, 0x0, 0x7f, 0xf2, 0x50, 0x41, 0x40,
    0x3f, 0xf9, 0x5a, 0x0, 0xb0, 0xf, 0xfe, 0x53,
    0x80, 0x98, 0x7, 0xff, 0x24, 0xc4, 0x18, 0x2,
    0x38, 0x98, 0x50, 0x8, 0x95, 0x44, 0x0, 0xc5,
    0x20, 0x5, 0x0, 0x2c, 0x13, 0x71, 0xd9, 0xeb,
    0x44, 0x12, 0xa8, 0x80, 0x7, 0xaa, 0x0, 0x1c,
    0x4, 0xc0, 0xc8, 0x3, 0x8a, 0xc0, 0x3f, 0xe3,
    0x10, 0x70, 0x3, 0x9d, 0x7f, 0x28, 0x1, 0x1,
    0xbf, 0xfe, 0x80, 0xb0, 0x5, 0x0, 0x58, 0xa0,
    0x3c, 0x0, 0x30, 0xf, 0xf9, 0x80, 0x4c, 0x3,
    0xee, 0x0, 0x50, 0x7, 0xf8, 0xc4, 0x1c, 0x3,
    0xe7, 0x50, 0x47, 0x0, 0xff, 0x58, 0x3, 0x40,
    0x3d, 0x30, 0xb, 0x60, 0x1f, 0xf2, 0x80, 0xa0,
    0x6, 0x1c, 0x60, 0x7a, 0x0, 0xff, 0x8c, 0x81,
    0xc0, 0x31, 0x79, 0x81, 0x84, 0x44, 0x20, 0x1f,
    0xac, 0x1, 0xa0, 0x19, 0x4, 0x0, 0x6e, 0xf8,
    0x80, 0x3f, 0x28, 0x1, 0x0, 0x3f, 0xf9, 0x24,
    0x40, 0x50, 0xe, 0x6f, 0xff, 0xc6, 0x1, 0xf5,
    0x0, 0x3c, 0x3, 0xff, 0x94, 0xa0, 0x5, 0x0,
    0xff, 0xe4, 0x91, 0x1, 0x40, 0x3f, 0xf8, 0x80,

    /* U+00BE "¾" */
    0x0, 0xff, 0xe2, 0x34, 0x38, 0x7, 0xff, 0x2c,
    0x65, 0xf4, 0x3, 0xfc, 0x28, 0x83, 0x10, 0xf,
    0xcc, 0x0, 0xf0, 0xf, 0xc7, 0x9d, 0x76, 0xce,
    0x90, 0xf, 0xac, 0x0, 0xa0, 0x1f, 0xac, 0xc0,
    0x39, 0xa4, 0x3, 0x84, 0xc1, 0x40, 0x3f, 0xa1,
    0xf3, 0xbd, 0xc0, 0xa, 0x1, 0xce, 0x0, 0xf0,
    0xf, 0xf4, 0x18, 0x80, 0x80, 0x2c, 0x3, 0xa8,
    0x0, 0xa0, 0x1f, 0xf4, 0x7f, 0x98, 0x1d, 0xc0,
    0x18, 0x4c, 0x10, 0x3, 0xff, 0x8a, 0xca, 0x1,
    0x9c, 0x1, 0xa0, 0x1f, 0xfc, 0x8, 0xff, 0x58,
    0xd, 0x0, 0x6d, 0x0, 0x38, 0x7, 0xff, 0xd,
    0x4, 0x0, 0x40, 0x1, 0x40, 0x41, 0x0, 0xe3,
    0x44, 0x0, 0x17, 0xee, 0x63, 0x4, 0x0, 0x40,
    0x7, 0x0, 0x68, 0x7, 0x1e, 0x5d, 0x80, 0x1c,
    0x8, 0xce, 0x60, 0x9, 0x0, 0xb4, 0x0, 0xe0,
    0x18, 0x74, 0x3, 0xaa, 0xc, 0x0, 0x4b, 0xac,
    0x0, 0x14, 0x4, 0x10, 0xd, 0x42, 0x1, 0xc2,
    0xf9, 0xfe, 0xda, 0x20, 0x9, 0xc0, 0x1a, 0x1,
    0x9d, 0x8, 0xc0, 0x3f, 0xf8, 0x7a, 0x0, 0x70,
    0x8, 0xe0, 0x38, 0x3, 0xff, 0x88, 0x80, 0x62,
    0x0, 0x1d, 0x8, 0x30, 0xf, 0xfe, 0x1a, 0x80,
    0x2c, 0x2, 0xa1, 0x12, 0x18, 0x80, 0xc, 0x80,
    0x3f, 0xdc, 0x0, 0x60, 0x9, 0x0, 0x73, 0x4,
    0x0, 0xc9, 0x0, 0xff, 0x20, 0x18, 0x80, 0x7f,
    0xf2, 0x94, 0x1, 0x60, 0x1b, 0xff, 0x8c, 0x1,
    0xf6, 0x1, 0xfd, 0xe0, 0x5, 0x0, 0xff, 0xe5,
    0xa8, 0x19, 0x0, 0x7f, 0x67, 0xf8, 0x3, 0xfc,
    0xa0, 0xb, 0x0, 0xff, 0xe5, 0xf8, 0x1, 0x40,
    0x3f, 0xf9, 0x6a, 0x4, 0x40, 0xf, 0xfe, 0x18,

    /* U+00BF "¿" */
    0x0, 0xf4, 0xfe, 0x98, 0x7, 0xf2, 0x30, 0x14,
    0x0, 0x7f, 0x8, 0x4, 0xc0, 0x1f, 0xc8, 0x20,
    0xa, 0x0, 0xfe, 0x1f, 0xac, 0x70, 0xf, 0xf0,
    0xa9, 0x80, 0x7f, 0xd3, 0x54, 0x40, 0xf, 0xe1,
    0x65, 0x51, 0x0, 0x7f, 0x30, 0x4, 0xa0, 0x1f,
    0x86, 0x0, 0x2, 0x60, 0x1f, 0xe, 0x0, 0x56,
    0x1, 0xf1, 0x79, 0x0, 0x21, 0x40, 0x3c, 0x38,
    0x20, 0x9, 0x70, 0xf, 0xa0, 0x40, 0xe, 0xc0,
    0x1f, 0x98, 0x2, 0xb0, 0xf, 0xfe, 0xb, 0x0,
    0x70, 0x88, 0x0, 0x40, 0x15, 0xa8, 0x81, 0x3f,
    0xc8, 0x2, 0x80, 0x21, 0xae, 0xfd, 0x81, 0x70,
    0x3, 0xa8, 0x7, 0xf0, 0x90, 0x2, 0xa8, 0x60,
    0x1c, 0x93, 0xc4, 0x1, 0x2e, 0x7e, 0xe6, 0xfd,
    0xb0, 0x0,

    /* U+00C0 "À" */
    0x0, 0xe7, 0xff, 0xac, 0x3, 0xff, 0x86, 0xf0,
    0x0, 0x43, 0x0, 0xff, 0xe1, 0xbc, 0x0, 0x24,
    0x3, 0xff, 0x88, 0xf0, 0x8, 0x20, 0x1f, 0xfc,
    0x47, 0xfe, 0x10, 0xf, 0xfe, 0xba, 0x7f, 0xe4,
    0x0, 0xff, 0xe1, 0x70, 0x6, 0xe0, 0xf, 0xfe,
    0x8, 0xa8, 0x6, 0x51, 0x0, 0xff, 0xe0, 0x38,
    0x7, 0x98, 0x3, 0xff, 0x81, 0x60, 0x1, 0x10,
    0x2, 0x80, 0x3f, 0xe3, 0x20, 0x3, 0x38, 0x0,
    0x90, 0x3, 0xfd, 0x40, 0x15, 0x50, 0x2, 0xe0,
    0xf, 0xf3, 0x80, 0x8, 0x86, 0x40, 0x5, 0x10,
    0xf, 0xca, 0x20, 0xa, 0x0, 0x28, 0x4, 0xc0,
    0x1f, 0xb8, 0x2, 0x50, 0x5, 0x0, 0x54, 0x1,
    0xf1, 0x20, 0x0, 0xc8, 0x0, 0x44, 0x0, 0x11,
    0x80, 0x7a, 0x80, 0x2b, 0x0, 0xd4, 0x1, 0x48,
    0x7, 0x98, 0x2, 0x8f, 0xfd, 0x0, 0x12, 0x88,
    0x6, 0x41, 0x0, 0xff, 0xe0, 0xb8, 0x6, 0xe0,
    0xf, 0xfe, 0x15, 0x80, 0x42, 0xa0, 0x15, 0xdf,
    0xe0, 0x8, 0x8c, 0x0, 0xc0, 0x12, 0x27, 0xf8,
    0x2, 0x90, 0x5, 0x0, 0x5a, 0x1, 0xfb, 0x80,
    0x25, 0x13, 0x20, 0x9, 0xc0, 0x3f, 0x28, 0x6,
    0x70,

    /* U+00C1 "Á" */
    0x0, 0xfe, 0x5f, 0xfb, 0x44, 0x3, 0xff, 0x85,
    0x20, 0x2, 0xc1, 0x0, 0xff, 0xe0, 0x99, 0x80,
    0xb0, 0x40, 0x3f, 0xf8, 0x54, 0x27, 0x82, 0x1,
    0xff, 0xc3, 0x9e, 0xc1, 0x0, 0xff, 0xeb, 0xa7,
    0xfe, 0x40, 0xf, 0xfe, 0x17, 0x0, 0x6e, 0x0,
    0xff, 0xe0, 0x8a, 0x80, 0x65, 0x10, 0xf, 0xfe,
    0x3, 0x80, 0x79, 0x80, 0x3f, 0xf8, 0x16, 0x0,
    0x11, 0x0, 0x28, 0x3, 0xfe, 0x32, 0x0, 0x33,
    0x80, 0x9, 0x0, 0x3f, 0xd4, 0x1, 0x55, 0x0,
    0x2e, 0x0, 0xff, 0x38, 0x0, 0x88, 0x64, 0x0,
    0x51, 0x0, 0xfc, 0xa2, 0x0, 0xa0, 0x2, 0x80,
    0x4c, 0x1, 0xfb, 0x80, 0x25, 0x0, 0x50, 0x5,
    0x40, 0x1f, 0x12, 0x0, 0xc, 0x80, 0x4, 0x40,
    0x1, 0x18, 0x7, 0xa8, 0x2, 0xb0, 0xd, 0x40,
    0x14, 0x80, 0x79, 0x80, 0x28, 0xff, 0xd0, 0x1,
    0x28, 0x80, 0x64, 0x10, 0xf, 0xfe, 0xb, 0x80,
    0x6e, 0x0, 0xff, 0xe1, 0x58, 0x4, 0x2a, 0x1,
    0x5d, 0xfe, 0x0, 0x88, 0xc0, 0xc, 0x1, 0x22,
    0x7f, 0x80, 0x29, 0x0, 0x50, 0x5, 0xa0, 0x1f,
    0xb8, 0x2, 0x51, 0x32, 0x0, 0x9c, 0x3, 0xf2,
    0x80, 0x67,

    /* U+00C2 "Â" */
    0x0, 0xfc, 0x51, 0x2, 0x0, 0xff, 0xe1, 0x8f,
    0xbb, 0xbc, 0x40, 0x3f, 0xf8, 0x5a, 0x40, 0x2,
    0xa0, 0xf, 0xfe, 0xc, 0x98, 0x3b, 0x81, 0x20,
    0x3, 0xfe, 0x11, 0x3c, 0x46, 0x7f, 0x0, 0xff,
    0x86, 0x20, 0xe0, 0x7, 0x87, 0x0, 0xff, 0xea,
    0xa7, 0xfe, 0x40, 0xf, 0xfe, 0x17, 0x0, 0x6e,
    0x0, 0xff, 0xe0, 0x8a, 0x80, 0x65, 0x10, 0xf,
    0xfe, 0x3, 0x80, 0x79, 0x80, 0x3f, 0xf8, 0x16,
    0x0, 0x11, 0x0, 0x28, 0x3, 0xfe, 0x32, 0x0,
    0x33, 0x80, 0x9, 0x0, 0x3f, 0xd4, 0x1, 0x55,
    0x0, 0x2e, 0x0, 0xff, 0x38, 0x0, 0x88, 0x64,
    0x0, 0x51, 0x0, 0xfc, 0xa2, 0x0, 0xa0, 0x2,
    0x80, 0x4c, 0x1, 0xfb, 0x80, 0x25, 0x0, 0x50,
    0x5, 0x40, 0x1f, 0x12, 0x0, 0xc, 0x80, 0x4,
    0x40, 0x1, 0x18, 0x7, 0xa8, 0x2, 0xb0, 0xd,
    0x40, 0x14, 0x80, 0x79, 0x80, 0x28, 0xff, 0xd0,
    0x1, 0x28, 0x80, 0x64, 0x10, 0xf, 0xfe, 0xb,
    0x80, 0x6e, 0x0, 0xff, 0xe1, 0x58, 0x4, 0x2a,
    0x1, 0x5d, 0xfe, 0x0, 0x88, 0xc0, 0xc, 0x1,
    0x22, 0x7f, 0x80, 0x29, 0x0, 0x50, 0x5, 0xa0,
    0x1f, 0xb8, 0x2, 0x51, 0x32, 0x0, 0x9c, 0x3,
    0xf2, 0x80, 0x67,

    /* U+00C3 "Ã" */
    0x0, 0xf0, 0xbc, 0x10, 0x0, 0x58, 0x3, 0xfe,
    0x1c, 0x87, 0xd8, 0x19, 0x96, 0x0, 0x7f, 0xa0,
    0x80, 0x27, 0xe7, 0x9, 0x0, 0xff, 0x20, 0x57,
    0x38, 0x4, 0x8a, 0x1, 0xfe, 0xda, 0x51, 0x8d,
    0x79, 0xb0, 0xf, 0xfe, 0x2, 0x80, 0x45, 0xc,
    0x1, 0xff, 0xd6, 0x4f, 0xfc, 0x80, 0x1f, 0xfc,
    0x2e, 0x0, 0xdc, 0x1, 0xff, 0xc1, 0x15, 0x0,
    0xca, 0x20, 0x1f, 0xfc, 0x7, 0x0, 0xf3, 0x0,
    0x7f, 0xf0, 0x2c, 0x0, 0x22, 0x0, 0x50, 0x7,
    0xfc, 0x64, 0x0, 0x67, 0x0, 0x12, 0x0, 0x7f,
    0xa8, 0x2, 0xaa, 0x0, 0x5c, 0x1, 0xfe, 0x70,
    0x1, 0x10, 0xc8, 0x0, 0xa2, 0x1, 0xf9, 0x44,
    0x1, 0x40, 0x5, 0x0, 0x98, 0x3, 0xf7, 0x0,
    0x4a, 0x0, 0xa0, 0xa, 0x80, 0x3e, 0x24, 0x0,
    0x19, 0x0, 0x8, 0x80, 0x2, 0x30, 0xf, 0x50,
    0x5, 0x60, 0x1a, 0x80, 0x29, 0x0, 0xf3, 0x0,
    0x51, 0xff, 0xa0, 0x2, 0x51, 0x0, 0xc8, 0x20,
    0x1f, 0xfc, 0x17, 0x0, 0xdc, 0x1, 0xff, 0xc2,
    0xb0, 0x8, 0x54, 0x2, 0xbb, 0xfc, 0x1, 0x11,
    0x80, 0x18, 0x2, 0x44, 0xff, 0x0, 0x52, 0x0,
    0xa0, 0xb, 0x40, 0x3f, 0x70, 0x4, 0xa2, 0x64,
    0x1, 0x38, 0x7, 0xe5, 0x0, 0xce,

    /* U+00C4 "Ä" */
    0x0, 0xf3, 0x40, 0x80, 0xa, 0x18, 0x3, 0xfe,
    0x79, 0x7d, 0x0, 0x63, 0xca, 0x80, 0x7f, 0xb8,
    0x0, 0x40, 0x1, 0x0, 0x10, 0x7, 0xfa, 0x88,
    0x20, 0x0, 0xe0, 0x4c, 0x1, 0xfe, 0x3d, 0xf6,
    0x0, 0x47, 0xe8, 0x80, 0x7f, 0xf5, 0x13, 0xff,
    0x20, 0x7, 0xff, 0xb, 0x80, 0x37, 0x0, 0x7f,
    0xf0, 0x45, 0x40, 0x32, 0x88, 0x7, 0xff, 0x1,
    0xc0, 0x3c, 0xc0, 0x1f, 0xfc, 0xb, 0x0, 0x8,
    0x80, 0x14, 0x1, 0xff, 0x19, 0x0, 0x19, 0xc0,
    0x4, 0x80, 0x1f, 0xea, 0x0, 0xaa, 0x80, 0x17,
    0x0, 0x7f, 0x9c, 0x0, 0x44, 0x32, 0x0, 0x28,
    0x80, 0x7e, 0x51, 0x0, 0x50, 0x1, 0x40, 0x26,
    0x0, 0xfd, 0xc0, 0x12, 0x80, 0x28, 0x2, 0xa0,
    0xf, 0x89, 0x0, 0x6, 0x40, 0x2, 0x20, 0x0,
    0x8c, 0x3, 0xd4, 0x1, 0x58, 0x6, 0xa0, 0xa,
    0x40, 0x3c, 0xc0, 0x14, 0x7f, 0xe8, 0x0, 0x94,
    0x40, 0x32, 0x8, 0x7, 0xff, 0x5, 0xc0, 0x37,
    0x0, 0x7f, 0xf0, 0xac, 0x2, 0x15, 0x0, 0xae,
    0xff, 0x0, 0x44, 0x60, 0x6, 0x0, 0x91, 0x3f,
    0xc0, 0x14, 0x80, 0x28, 0x2, 0xd0, 0xf, 0xdc,
    0x1, 0x28, 0x99, 0x0, 0x4e, 0x1, 0xf9, 0x40,
    0x33, 0x80,

    /* U+00C5 "Å" */
    0x0, 0xfc, 0xd5, 0x46, 0x0, 0xff, 0xe1, 0xe4,
    0xaa, 0xa6, 0x80, 0x3f, 0xf8, 0x2a, 0x65, 0xda,
    0x2a, 0x60, 0x1f, 0xfc, 0xd, 0x5, 0x12, 0x40,
    0x50, 0xf, 0xfe, 0x6, 0x82, 0x89, 0x20, 0x28,
    0x7, 0xff, 0x1, 0x4c, 0xbb, 0x45, 0x4c, 0x3,
    0xff, 0x83, 0x90, 0xaa, 0x9a, 0x0, 0xff, 0xe1,
    0xbd, 0x51, 0x80, 0x3f, 0xf8, 0x69, 0xff, 0x90,
    0x3, 0xff, 0x85, 0xc0, 0x1b, 0x80, 0x3f, 0xf8,
    0x22, 0xa0, 0x19, 0x44, 0x3, 0xff, 0x80, 0xe0,
    0x1e, 0x60, 0xf, 0xfe, 0x5, 0x80, 0x4, 0x40,
    0xa, 0x0, 0xff, 0x8c, 0x80, 0xc, 0xe0, 0x2,
    0x40, 0xf, 0xf5, 0x0, 0x55, 0x40, 0xb, 0x80,
    0x3f, 0xce, 0x0, 0x22, 0x19, 0x0, 0x14, 0x40,
    0x3f, 0x28, 0x80, 0x28, 0x0, 0xa0, 0x13, 0x0,
    0x7e, 0xe0, 0x9, 0x40, 0x14, 0x1, 0x50, 0x7,
    0xc4, 0x80, 0x3, 0x20, 0x1, 0x10, 0x0, 0x46,
    0x1, 0xea, 0x0, 0xac, 0x3, 0x50, 0x5, 0x20,
    0x1e, 0x60, 0xa, 0x3f, 0xf4, 0x0, 0x4a, 0x20,
    0x19, 0x4, 0x3, 0xff, 0x82, 0xe0, 0x1b, 0x80,
    0x3f, 0xf8, 0x56, 0x1, 0xa, 0x80, 0x57, 0x7f,
    0x80, 0x22, 0x30, 0x3, 0x0, 0x48, 0x9f, 0xe0,
    0xa, 0x40, 0x14, 0x1, 0x68, 0x7, 0xee, 0x0,
    0x94, 0x4c, 0x80, 0x27, 0x0, 0xfc, 0xa0, 0x19,
    0xc0,

    /* U+00C6 "Æ" */
    0x0, 0xff, 0x3f, 0xff, 0xff, 0x7, 0x80, 0x3f,
    0x86, 0x40, 0x3f, 0xf9, 0x72, 0x20, 0x1f, 0xfc,
    0xa1, 0x70, 0xf, 0xa, 0xaf, 0xce, 0x1, 0xfa,
    0x0, 0x22, 0x0, 0x96, 0xab, 0xe9, 0x0, 0xf8,
    0x98, 0x0, 0x34, 0x1, 0xff, 0xc7, 0x80, 0xa,
    0x4, 0x3, 0xff, 0x8c, 0x6a, 0x0, 0x26, 0x0,
    0xcb, 0x33, 0xe7, 0x0, 0xfb, 0xc0, 0x29, 0x0,
    0xe1, 0x66, 0xf5, 0x80, 0x79, 0xc, 0x0, 0x88,
    0x0, 0xff, 0xe3, 0xc8, 0x5, 0x0, 0x1f, 0xfc,
    0x76, 0x20, 0x2, 0x98, 0x7, 0x93, 0xff, 0xd8,
    0x1, 0xd0, 0x1, 0x2f, 0xfd, 0x20, 0x1f, 0xfc,
    0x37, 0x10, 0xf, 0xfe, 0x5c, 0x80, 0x7f, 0xf2,
    0xe0, 0x40, 0xb, 0x77, 0xce, 0x1, 0x33, 0xbf,
    0xcc, 0x2, 0xe0, 0x14, 0x22, 0x77, 0x0, 0x45,
    0x11, 0xf8, 0x20, 0x2, 0x42, 0x0, 0xff, 0xe3,
    0x13, 0x0, 0x5e, 0x1, 0xff, 0xc7,

    /* U+00C7 "Ç" */
    0x0, 0xe2, 0x7b, 0xef, 0xf7, 0x5c, 0x18, 0x7,
    0xc, 0xec, 0x20, 0x80, 0x5, 0x1f, 0x30, 0x40,
    0x2, 0xc6, 0x0, 0xff, 0x19, 0x80, 0x1e, 0x40,
    0x1c, 0x66, 0x20, 0xa, 0x4, 0x20, 0x80, 0x21,
    0xaf, 0xcc, 0x6f, 0x42, 0xb8, 0x1, 0xc0, 0x21,
    0xf5, 0x0, 0xc2, 0xf4, 0x0, 0x50, 0xd, 0x42,
    0x1, 0xfe, 0xd0, 0x8, 0x50, 0x3, 0xfe, 0x20,
    0x9, 0x40, 0x3f, 0xf8, 0x2, 0x1, 0x10, 0x7,
    0xff, 0x0, 0x40, 0x23, 0x0, 0xff, 0xe0, 0x10,
    0x4, 0xe0, 0x1f, 0xfc, 0xd, 0x0, 0x88, 0xc0,
    0x3f, 0xe5, 0x0, 0xde, 0x1, 0xf8, 0x40, 0x26,
    0x0, 0x8f, 0x50, 0x3, 0xb, 0xf3, 0x0, 0x24,
    0x80, 0x22, 0xbe, 0xcc, 0x77, 0x20, 0x24, 0x80,
    0x1e, 0x40, 0x18, 0x4c, 0xc2, 0x1, 0xa0, 0x0,
    0x58, 0xa0, 0x1f, 0xe7, 0xa0, 0x8, 0x6b, 0x5d,
    0x0, 0x21, 0x48, 0xe8, 0x0, 0xf1, 0x45, 0x9,
    0xff, 0x5b, 0x88, 0x7, 0xf4, 0x88, 0xad, 0x80,
    0x3f, 0xf8, 0x14, 0xac, 0x92, 0xc0, 0x1f, 0xf1,
    0x55, 0x90, 0x78, 0x7, 0xfd, 0xd7, 0x84, 0x18,
    0x1, 0xfe, 0x15, 0x51, 0x9a, 0x94, 0x3, 0x0,

    /* U+00C8 "È" */
    0x0, 0x5f, 0xfc, 0xe0, 0x1f, 0xd6, 0x80, 0x9,
    0x0, 0xff, 0x5a, 0x0, 0xb0, 0x7, 0xfa, 0xd4,
    0x28, 0x3, 0xfe, 0xaf, 0xc0, 0xf, 0xfe, 0x47,
    0x7f, 0xff, 0xf0, 0x14, 0x3, 0xff, 0xa8, 0xd1,
    0x1f, 0x9c, 0x3, 0x53, 0xbf, 0xe2, 0x0, 0xff,
    0xea, 0x54, 0x47, 0xc0, 0x1e, 0x67, 0x7f, 0x84,
    0x3, 0xff, 0xab, 0x9f, 0xff, 0x8, 0x7, 0xff,
    0x8e, 0x62, 0x3f, 0x10, 0x6, 0x57, 0x7f, 0xe0,
    0xf, 0xfe, 0x80,

    /* U+00C9 "É" */
    0x0, 0xf4, 0xff, 0xd2, 0x1, 0xf8, 0x58, 0x0,
    0xd2, 0x1, 0xfa, 0x40, 0xd, 0x20, 0x1f, 0xca,
    0x2d, 0x20, 0x1f, 0xed, 0xe9, 0x0, 0xff, 0xe4,
    0x77, 0xff, 0xff, 0x1, 0x40, 0x3f, 0xfa, 0x8d,
    0x11, 0xf9, 0xc0, 0x35, 0x3b, 0xfe, 0x20, 0xf,
    0xfe, 0xa5, 0x44, 0x7c, 0x1, 0xe6, 0x77, 0xf8,
    0x40, 0x3f, 0xfa, 0xb9, 0xff, 0xf0, 0x80, 0x7f,
    0xf8, 0xe6, 0x23, 0xf1, 0x0, 0x65, 0x77, 0xfe,
    0x0, 0xff, 0xe8, 0x0,

    /* U+00CA "Ê" */
    0x0, 0xe4, 0x87, 0x0, 0xff, 0x25, 0xbc, 0x50,
    0x7, 0xe2, 0xa0, 0x9, 0x58, 0x3, 0xef, 0x10,
    0xb3, 0x9, 0x30, 0xe, 0x45, 0x7b, 0x4d, 0x87,
    0x50, 0xe, 0x48, 0x82, 0x0, 0xbc, 0x30, 0x7,
    0xff, 0x17, 0xbf, 0xff, 0xf8, 0xa, 0x1, 0xff,
    0xd4, 0x68, 0x8f, 0xce, 0x1, 0xa9, 0xdf, 0xf1,
    0x0, 0x7f, 0xf5, 0x2a, 0x23, 0xe0, 0xf, 0x33,
    0xbf, 0xc2, 0x1, 0xff, 0xd5, 0xcf, 0xff, 0x84,
    0x3, 0xff, 0xc7, 0x31, 0x1f, 0x88, 0x3, 0x2b,
    0xbf, 0xf0, 0x7, 0xff, 0x40,

    /* U+00CB "Ë" */
    0x0, 0xc, 0x38, 0x4, 0xb0, 0x80, 0x1d, 0xaf,
    0x10, 0x3, 0xa7, 0xb1, 0x0, 0xc4, 0x0, 0x10,
    0x60, 0x8, 0x80, 0x34, 0x9, 0x50, 0x2a, 0x2,
    0x98, 0x6, 0x6e, 0xd3, 0x0, 0x5f, 0xd0, 0x7,
    0xff, 0x17, 0xbf, 0xff, 0xf8, 0xa, 0x1, 0xff,
    0xd4, 0x68, 0x8f, 0xce, 0x1, 0xa9, 0xdf, 0xf1,
    0x0, 0x7f, 0xf5, 0x2a, 0x23, 0xe0, 0xf, 0x33,
    0xbf, 0xc2, 0x1, 0xff, 0xd5, 0xcf, 0xff, 0x84,
    0x3, 0xff, 0xc7, 0x31, 0x1f, 0x88, 0x3, 0x2b,
    0xbf, 0xf0, 0x7, 0xff, 0x40,

    /* U+00CC "Ì" */
    0x4f, 0xfb, 0x80, 0x24, 0xb0, 0x0, 0xb0, 0x4,
    0x96, 0x0, 0xb0, 0xc, 0x96, 0x24, 0xa0, 0x19,
    0x3b, 0xd4, 0x3, 0xff, 0x81, 0xdf, 0xf1, 0x80,
    0x7f, 0xff, 0xc0, 0x3f, 0xff, 0x20,

    /* U+00CD "Í" */
    0x2, 0xff, 0xb8, 0x82, 0xc0, 0x3, 0x84, 0x2c,
    0x3, 0x84, 0xe, 0x25, 0x84, 0x0, 0x6e, 0xd2,
    0x0, 0xff, 0x77, 0xfc, 0x60, 0x1f, 0xff, 0xf0,
    0xf, 0xff, 0x48,

    /* U+00CE "Î" */
    0x0, 0x85, 0xe1, 0x0, 0x3d, 0x50, 0xf6, 0x40,
    0x1a, 0x50, 0x2, 0xf1, 0x0, 0x33, 0x1, 0x28,
    0xa, 0x80, 0x2, 0xf1, 0x6b, 0x4e, 0x64, 0xf,
    0xe, 0x0, 0x58, 0x81, 0x0, 0x7f, 0xf0, 0x7b,
    0xfe, 0x30, 0xf, 0xff, 0xf8, 0x7, 0xff, 0xfc,
    0x3, 0xff, 0xa8,

    /* U+00CF "Ï" */
    0x5, 0x83, 0x0, 0xb, 0xb8, 0x12, 0x9f, 0x0,
    0x15, 0x10, 0x92, 0x0, 0x84, 0x18, 0x0, 0x6e,
    0x60, 0xc2, 0x10, 0x22, 0xe1, 0xcf, 0x90, 0x2,
    0xf7, 0x10, 0x3, 0xff, 0x83, 0xdf, 0xf1, 0x80,
    0x7f, 0xff, 0xc0, 0x3f, 0xff, 0xe0, 0x1f, 0xfd,
    0x40,

    /* U+00D0 "Ð" */
    0x0, 0x77, 0xff, 0xdb, 0x4a, 0x1, 0xff, 0xc4,
    0x25, 0xae, 0x70, 0xf, 0xfe, 0x28, 0xc5, 0x80,
    0x7f, 0x1a, 0x20, 0xc4, 0x3, 0x25, 0x80, 0x7e,
    0x8b, 0xb6, 0x75, 0x90, 0x4, 0x8c, 0x1, 0xff,
    0xc0, 0x4d, 0x30, 0xa, 0x0, 0x3f, 0xf8, 0x50,
    0x1, 0x9, 0x80, 0x7f, 0xf0, 0x50, 0x3, 0x24,
    0x78, 0x80, 0x57, 0xff, 0x0, 0x63, 0x0, 0xb8,
    0x3, 0xff, 0x8f, 0xc4, 0x1, 0x88, 0xb0, 0x6,
    0x10, 0x8, 0x5b, 0x44, 0x2, 0x9d, 0xd8, 0x3,
    0x10, 0x5, 0xc0, 0x1f, 0xfc, 0x15, 0x0, 0xc8,
    0x1, 0xff, 0xc0, 0x1b, 0x0, 0x88, 0x80, 0x1f,
    0xf2, 0x60, 0x80, 0x52, 0x1, 0xf4, 0x55, 0x2f,
    0xac, 0x80, 0x27, 0x40, 0xf, 0x8d, 0x54, 0x82,
    0x1, 0x9a, 0x0, 0x3f, 0xf8, 0x63, 0x72, 0x1,
    0xff, 0xc1, 0x26, 0xae, 0x40, 0xc,

    /* U+00D1 "Ñ" */
    0x0, 0xe4, 0x86, 0x0, 0x90, 0xc0, 0x3f, 0x35,
    0xbc, 0xea, 0xd, 0x62, 0x80, 0x78, 0x64, 0x2,
    0x2b, 0xe1, 0x12, 0x80, 0x79, 0x40, 0xbb, 0xc,
    0x2, 0xa0, 0xf, 0x93, 0x78, 0x4f, 0x29, 0xf1,
    0x0, 0x3f, 0x11, 0x80, 0x4b, 0x6, 0x1, 0xff,
    0xca, 0xef, 0xf7, 0x8, 0x7, 0xc7, 0xff, 0x80,
    0x21, 0xa0, 0xf, 0xfe, 0x22, 0x38, 0x7, 0xff,
    0x12, 0x10, 0x3, 0xff, 0x89, 0x42, 0x1, 0xff,
    0xc3, 0x1a, 0x0, 0xff, 0xe2, 0x24, 0x0, 0x7f,
    0xf0, 0x18, 0x2, 0x74, 0x0, 0xff, 0xa9, 0x80,
    0x2a, 0x10, 0xf, 0xfa, 0x4c, 0x0, 0x3a, 0x1,
    0xff, 0xc0, 0xd1, 0x0, 0x1c, 0x0, 0x7f, 0xc3,
    0x40, 0x13, 0xd8, 0x7, 0xfc, 0x8e, 0x1, 0x38,
    0x7, 0xff, 0x2, 0x10, 0x3, 0xff, 0x89, 0x42,
    0x1, 0xff, 0xc3, 0x1d, 0x0, 0xff, 0xe2, 0x1c,
    0x80, 0x7f, 0xf1, 0x19, 0x40, 0x3f, 0xf8, 0x94,
    0x40, 0x10,

    /* U+00D2 "Ò" */
    0x0, 0xe5, 0xff, 0xb0, 0x3, 0xff, 0x86, 0xb2,
    0x0, 0x34, 0x0, 0xff, 0xe1, 0xb4, 0x80, 0x20,
    0x3, 0xff, 0x88, 0xd2, 0x6, 0x60, 0xf, 0xfe,
    0x23, 0x7f, 0x8c, 0x3, 0xff, 0xd2, 0x2f, 0x7d,
    0xfe, 0xeb, 0x71, 0x0, 0xfe, 0x9e, 0x84, 0x10,
    0x0, 0xa4, 0x75, 0x8, 0x7, 0xe, 0xb0, 0x7,
    0xf9, 0x7c, 0x80, 0x36, 0x10, 0x6, 0x13, 0x30,
    0x80, 0x61, 0xc1, 0x0, 0x41, 0x0, 0x45, 0x7d,
    0x98, 0xeb, 0x20, 0x8, 0x6c, 0x5, 0xc0, 0x22,
    0xd4, 0x0, 0xc9, 0xa6, 0x1, 0x29, 0x20, 0x6,
    0xe0, 0xf, 0xdc, 0x1, 0x97, 0x0, 0x22, 0x30,
    0xf, 0xc4, 0x60, 0x16, 0x10, 0x4, 0xc0, 0x1f,
    0xe5, 0x0, 0x9c, 0x3, 0x8, 0x7, 0xf8, 0x40,
    0x21, 0x10, 0x4, 0x20, 0x1f, 0xe2, 0x0, 0x84,
    0x80, 0x25, 0x0, 0xff, 0x38, 0x4, 0xda, 0x1,
    0xa, 0x0, 0x7e, 0x32, 0x0, 0xb5, 0x40, 0x35,
    0x8, 0x7, 0x87, 0x80, 0x33, 0x4, 0x0, 0x43,
    0xe8, 0x1, 0x93, 0x8, 0x2, 0x61, 0x7, 0x30,
    0x8, 0x6f, 0xb3, 0x1d, 0x64, 0x1, 0x14, 0x80,
    0x5a, 0x60, 0x18, 0x4c, 0xc2, 0x1, 0x8b, 0x0,
    0x30, 0xe3, 0x80, 0x7f, 0x9b, 0x44, 0x3, 0xd1,
    0xd2, 0x82, 0x0, 0x14, 0x8e, 0x90, 0xc,

    /* U+00D3 "Ó" */
    0x0, 0xfe, 0x2e, 0xeb, 0x48, 0x3, 0xff, 0x85,
    0x62, 0x20, 0xf2, 0x0, 0xff, 0xe0, 0x8b, 0x0,
    0xe1, 0x0, 0x7f, 0xf0, 0xa4, 0x7, 0x8, 0x3,
    0xff, 0x87, 0x1f, 0xc4, 0x1, 0xff, 0xe9, 0x17,
    0xbe, 0xff, 0x75, 0xb8, 0x80, 0x7f, 0x4f, 0x42,
    0x8, 0x0, 0x52, 0x3a, 0x84, 0x3, 0x87, 0x58,
    0x3, 0xfc, 0xbe, 0x40, 0x1b, 0x8, 0x3, 0x9,
    0x98, 0x40, 0x30, 0xe0, 0x80, 0x20, 0x80, 0x22,
    0xbe, 0xcc, 0x75, 0x90, 0x4, 0x36, 0x2, 0xe0,
    0x11, 0x6a, 0x0, 0x64, 0xd3, 0x0, 0x94, 0x90,
    0x3, 0x70, 0x7, 0xee, 0x0, 0xcb, 0x80, 0x11,
    0x18, 0x7, 0xe2, 0x30, 0xb, 0x8, 0x2, 0x60,
    0xf, 0xf2, 0x80, 0x4e, 0x1, 0x84, 0x3, 0xfc,
    0x20, 0x10, 0x88, 0x2, 0x10, 0xf, 0xf1, 0x0,
    0x42, 0x40, 0x12, 0x80, 0x7f, 0x9c, 0x2, 0x6d,
    0x0, 0x85, 0x0, 0x3f, 0x19, 0x0, 0x5a, 0xa0,
    0x1a, 0x84, 0x3, 0xc3, 0xc0, 0x19, 0x82, 0x0,
    0x21, 0xf4, 0x0, 0xc9, 0x84, 0x1, 0x30, 0x83,
    0x98, 0x4, 0x37, 0xd9, 0x8e, 0xb2, 0x0, 0x8a,
    0x40, 0x2d, 0x30, 0xc, 0x26, 0x61, 0x0, 0xc5,
    0x80, 0x18, 0x71, 0xc0, 0x3f, 0xcd, 0xa2, 0x1,
    0xe8, 0xe9, 0x41, 0x0, 0xa, 0x47, 0x48, 0x6,

    /* U+00D4 "Ô" */
    0x0, 0xfc, 0x51, 0x3, 0x0, 0xff, 0xe1, 0x8f,
    0xbb, 0xb0, 0xc0, 0x3f, 0xf8, 0x23, 0x84, 0x2,
    0x1a, 0x40, 0x1f, 0xfc, 0xd, 0x20, 0xbc, 0x11,
    0x78, 0x80, 0x7f, 0xd9, 0xfe, 0x42, 0xef, 0xd1,
    0x0, 0xff, 0xf3, 0xb, 0xdf, 0x7f, 0xba, 0xdc,
    0x40, 0x3f, 0xa7, 0xa1, 0x4, 0x0, 0x29, 0x1d,
    0x42, 0x1, 0xc3, 0xac, 0x1, 0xfe, 0x5f, 0x20,
    0xd, 0x84, 0x1, 0x84, 0xcc, 0x20, 0x18, 0x70,
    0x40, 0x10, 0x40, 0x11, 0x5f, 0x66, 0x3a, 0xc8,
    0x2, 0x1b, 0x1, 0x70, 0x8, 0xb5, 0x0, 0x32,
    0x69, 0x80, 0x4a, 0x48, 0x1, 0xb8, 0x3, 0xf7,
    0x0, 0x65, 0xc0, 0x8, 0x8c, 0x3, 0xf1, 0x18,
    0x5, 0x84, 0x1, 0x30, 0x7, 0xf9, 0x40, 0x27,
    0x0, 0xc2, 0x1, 0xfe, 0x10, 0x8, 0x44, 0x1,
    0x8, 0x7, 0xf8, 0x80, 0x21, 0x20, 0x9, 0x40,
    0x3f, 0xce, 0x1, 0x36, 0x80, 0x42, 0x80, 0x1f,
    0x8c, 0x80, 0x2d, 0x50, 0xd, 0x42, 0x1, 0xe1,
    0xe0, 0xc, 0xc1, 0x0, 0x10, 0xfa, 0x0, 0x64,
    0xc2, 0x0, 0x98, 0x41, 0xcc, 0x2, 0x1b, 0xec,
    0xc7, 0x59, 0x0, 0x45, 0x20, 0x16, 0x98, 0x6,
    0x13, 0x30, 0x80, 0x62, 0xc0, 0xc, 0x38, 0xe0,
    0x1f, 0xe6, 0xd1, 0x0, 0xf4, 0x74, 0xa0, 0x80,
    0x5, 0x23, 0xa4, 0x3, 0x0,

    /* U+00D5 "Õ" */
    0x0, 0xf2, 0x6f, 0x51, 0x0, 0xeb, 0x80, 0x7f,
    0x8a, 0xc8, 0x57, 0x6b, 0xb, 0x0, 0x3f, 0xd0,
    0x2, 0xa2, 0xa, 0x41, 0x0, 0x1f, 0xec, 0x3c,
    0xaf, 0x61, 0x2b, 0x30, 0xf, 0xf3, 0x61, 0x0,
    0xcf, 0x6a, 0x0, 0x7f, 0xf9, 0xc5, 0xef, 0xbf,
    0xdd, 0x6e, 0x20, 0x1f, 0xd3, 0xd0, 0x82, 0x0,
    0x14, 0x8e, 0xa1, 0x0, 0xe1, 0xd6, 0x0, 0xff,
    0x2f, 0x90, 0x6, 0xc2, 0x0, 0xc2, 0x66, 0x10,
    0xc, 0x38, 0x20, 0x8, 0x20, 0x8, 0xaf, 0xb3,
    0x1d, 0x64, 0x1, 0xd, 0x80, 0xb8, 0x4, 0x5a,
    0x80, 0x19, 0x34, 0xc0, 0x25, 0x24, 0x0, 0xdc,
    0x1, 0xfb, 0x80, 0x32, 0xe0, 0x4, 0x46, 0x1,
    0xf8, 0x8c, 0x2, 0xc2, 0x0, 0x98, 0x3, 0xfc,
    0xa0, 0x13, 0x80, 0x61, 0x0, 0xff, 0x8, 0x4,
    0x22, 0x0, 0x84, 0x3, 0xfc, 0x40, 0x10, 0x90,
    0x4, 0xa0, 0x1f, 0xe7, 0x0, 0x9b, 0x40, 0x21,
    0x40, 0xf, 0xc6, 0x40, 0x16, 0xa8, 0x6, 0xa1,
    0x0, 0xf0, 0xf0, 0x6, 0x60, 0x80, 0x8, 0x7d,
    0x0, 0x32, 0x61, 0x0, 0x4c, 0x20, 0xe6, 0x1,
    0xd, 0xf6, 0x63, 0xac, 0x80, 0x22, 0x90, 0xb,
    0x4c, 0x3, 0x9, 0x98, 0x40, 0x31, 0x60, 0x6,
    0x1c, 0x70, 0xf, 0xf3, 0x68, 0x80, 0x7a, 0x3a,
    0x50, 0x40, 0x2, 0x91, 0xd2, 0x1, 0x80,

    /* U+00D6 "Ö" */
    0x0, 0xe1, 0xcf, 0x80, 0x3, 0x76, 0x98, 0x7,
    0xf9, 0x8c, 0x1c, 0x1, 0x2, 0x54, 0x1, 0xfe,
    0x20, 0x0, 0x80, 0x8, 0x1, 0xc0, 0x1f, 0xe5,
    0x97, 0xc0, 0x6, 0xbc, 0x38, 0x7, 0xfc, 0xd0,
    0x40, 0x1, 0x87, 0x0, 0xff, 0xe9, 0x8b, 0xdf,
    0x7f, 0xba, 0xdc, 0x40, 0x3f, 0xa7, 0xa1, 0x4,
    0x0, 0x29, 0x1d, 0x42, 0x1, 0xc3, 0xac, 0x1,
    0xfe, 0x5f, 0x20, 0xd, 0x84, 0x1, 0x84, 0xcc,
    0x20, 0x18, 0x70, 0x40, 0x10, 0x40, 0x11, 0x5f,
    0x66, 0x3a, 0xc8, 0x2, 0x1b, 0x1, 0x70, 0x8,
    0xb5, 0x0, 0x32, 0x69, 0x80, 0x4a, 0x48, 0x1,
    0xb8, 0x3, 0xf7, 0x0, 0x65, 0xc0, 0x8, 0x8c,
    0x3, 0xf1, 0x18, 0x5, 0x84, 0x1, 0x30, 0x7,
    0xf9, 0x40, 0x27, 0x0, 0xc2, 0x1, 0xfe, 0x10,
    0x8, 0x44, 0x1, 0x8, 0x7, 0xf8, 0x80, 0x21,
    0x20, 0x9, 0x40, 0x3f, 0xce, 0x1, 0x36, 0x80,
    0x42, 0x80, 0x1f, 0x8c, 0x80, 0x2d, 0x50, 0xd,
    0x42, 0x1, 0xe1, 0xe0, 0xc, 0xc1, 0x0, 0x10,
    0xfa, 0x0, 0x64, 0xc2, 0x0, 0x98, 0x41, 0xcc,
    0x2, 0x1b, 0xec, 0xc7, 0x59, 0x0, 0x45, 0x20,
    0x16, 0x98, 0x6, 0x13, 0x30, 0x80, 0x62, 0xc0,
    0xc, 0x38, 0xe0, 0x1f, 0xe6, 0xd1, 0x0, 0xf4,
    0x74, 0xa0, 0x80, 0x5, 0x23, 0xa4, 0x3, 0x0,

    /* U+00D7 "×" */
    0x1, 0x60, 0xf, 0xe7, 0x0, 0xe, 0x4b, 0x80,
    0x7d, 0x71, 0x41, 0x4, 0x10, 0xe0, 0x1d, 0x88,
    0xa, 0xa9, 0x40, 0x4, 0x38, 0x5, 0x86, 0x0,
    0x75, 0xb, 0x40, 0x4, 0x38, 0x61, 0x80, 0x22,
    0x0, 0x15, 0xa0, 0x2, 0x38, 0xc0, 0x10, 0xe0,
    0x1d, 0x68, 0x0, 0x10, 0x4, 0x38, 0x7, 0xd4,
    0x1, 0x8d, 0xc0, 0x3f, 0x68, 0x6, 0x38, 0x0,
    0xfb, 0xc, 0x0, 0x40, 0x7, 0x80, 0xe, 0xc3,
    0x0, 0x46, 0xa8, 0x1, 0xe0, 0x2, 0xc3, 0x0,
    0x43, 0x85, 0x28, 0x1, 0xe0, 0x24, 0xc0, 0x10,
    0xe0, 0x15, 0x28, 0x1, 0xd6, 0xc, 0x25, 0xc0,
    0x3a, 0x94, 0x19, 0x47, 0x69, 0x80, 0x3e, 0xa9,
    0x90, 0x0,

    /* U+00D8 "Ø" */
    0x0, 0xff, 0xe1, 0x91, 0x80, 0x7f, 0xf1, 0xa7,
    0x28, 0x3, 0xff, 0x88, 0xa8, 0x1a, 0x1, 0xf0,
    0xbd, 0xf7, 0xfb, 0xad, 0xe0, 0x9, 0xc0, 0x3d,
    0x3d, 0x8, 0x20, 0x1, 0x48, 0x20, 0x80, 0xe,
    0x1d, 0x60, 0xf, 0xfa, 0xc8, 0x3, 0x61, 0x0,
    0x61, 0x33, 0x8, 0x6, 0x1c, 0x10, 0x4, 0x90,
    0x4, 0x57, 0xd9, 0x8a, 0x0, 0xe1, 0xb0, 0x16,
    0x0, 0x8b, 0x50, 0x2, 0x90, 0x13, 0x0, 0x94,
    0x5c, 0x3, 0x70, 0x6, 0x82, 0xa, 0xe0, 0xc,
    0xde, 0x1, 0x11, 0x80, 0x44, 0xe0, 0xa8, 0x46,
    0x1, 0x69, 0x0, 0x4c, 0x1, 0xb8, 0x1, 0x60,
    0x5, 0x0, 0x98, 0x3, 0x8, 0x4, 0xc6, 0x12,
    0x20, 0x1, 0x0, 0x84, 0x80, 0x21, 0x0, 0xc,
    0x81, 0xb0, 0x4, 0x40, 0x10, 0x88, 0x2, 0x50,
    0x5, 0x80, 0x38, 0x3, 0x38, 0x4, 0xd6, 0x1,
    0xa, 0x21, 0x41, 0xc8, 0x2, 0x32, 0x0, 0xb4,
    0xc4, 0x2, 0x9a, 0x2, 0x80, 0x8, 0x78, 0x3,
    0x30, 0x58, 0x4, 0x42, 0x12, 0x1, 0x26, 0x10,
    0x4, 0xc2, 0xa, 0xa0, 0xe, 0xac, 0xc7, 0x59,
    0x0, 0x45, 0x20, 0x15, 0x28, 0x6, 0x13, 0x30,
    0x80, 0x62, 0xc0, 0xe, 0xf0, 0xf, 0xf9, 0xb4,
    0x40, 0x3a, 0xc0, 0x65, 0x48, 0x0, 0x29, 0x1d,
    0x20, 0x1e, 0x71, 0xb, 0x6a, 0xdf, 0xf7, 0x5b,
    0x88, 0x7, 0xf1, 0xa8, 0x7, 0xff, 0x11, 0xf7,
    0x80, 0x3f, 0xf8, 0x60,

    /* U+00D9 "Ù" */
    0x0, 0x97, 0xfe, 0xd0, 0xf, 0xfe, 0x2, 0xd0,
    0x0, 0x94, 0x3, 0xff, 0x80, 0xb2, 0x0, 0x90,
    0xf, 0xfe, 0xb, 0x48, 0x19, 0x80, 0x3f, 0xf8,
    0x2d, 0xfe, 0x30, 0xf, 0xfe, 0xef, 0x7f, 0xc6,
    0x1, 0xe1, 0xff, 0xc0, 0x1f, 0xff, 0xf0, 0xf,
    0xff, 0xf8, 0x7, 0xff, 0x68, 0xc0, 0x26, 0x0,
    0xf1, 0x0, 0x70, 0x80, 0x5e, 0x1, 0xeb, 0x0,
    0x88, 0x10, 0x2, 0x58, 0x0, 0xce, 0xe0, 0x9,
    0x2, 0x40, 0x33, 0xfe, 0xeb, 0xe0, 0x3, 0x50,
    0xc, 0x80, 0x71, 0x10, 0x3, 0x9c, 0xc0, 0xd,
    0x42, 0x1, 0xfd, 0x30, 0x1, 0x97, 0xa5, 0x4,
    0x0, 0x29, 0x1c, 0xc0, 0x10,

    /* U+00DA "Ú" */
    0x0, 0xf8, 0xbb, 0xad, 0x20, 0xf, 0xfa, 0xc4,
    0x41, 0xe4, 0x1, 0xfe, 0x16, 0x1, 0xc2, 0x0,
    0xff, 0xa4, 0x7, 0x8, 0x3, 0xff, 0x81, 0x1f,
    0xc4, 0x1, 0xff, 0xdd, 0xef, 0xf8, 0xc0, 0x3c,
    0x3f, 0xf8, 0x3, 0xff, 0xfe, 0x1, 0xff, 0xff,
    0x0, 0xff, 0xed, 0x18, 0x4, 0xc0, 0x1e, 0x20,
    0xe, 0x10, 0xb, 0xc0, 0x3d, 0x60, 0x11, 0x2,
    0x0, 0x4b, 0x0, 0x19, 0xdc, 0x1, 0x20, 0x48,
    0x6, 0x7f, 0xdd, 0x7c, 0x0, 0x6a, 0x1, 0x90,
    0xe, 0x22, 0x0, 0x73, 0x98, 0x1, 0xa8, 0x40,
    0x3f, 0xa6, 0x0, 0x32, 0xf4, 0xa0, 0x80, 0x5,
    0x23, 0x98, 0x2,

    /* U+00DB "Û" */
    0x0, 0xf1, 0x44, 0xc, 0x3, 0xff, 0x80, 0x3e,
    0xee, 0xc3, 0x0, 0xff, 0xe, 0x10, 0x8, 0x69,
    0x0, 0x7f, 0x69, 0x5, 0xe0, 0x8b, 0xc4, 0x3,
    0xf6, 0x7f, 0x90, 0xbb, 0xf4, 0x40, 0x3f, 0xfb,
    0x5d, 0xff, 0x18, 0x7, 0x87, 0xff, 0x0, 0x7f,
    0xff, 0xc0, 0x3f, 0xff, 0xe0, 0x1f, 0xfd, 0xa3,
    0x0, 0x98, 0x3, 0xc4, 0x1, 0xc2, 0x1, 0x78,
    0x7, 0xac, 0x2, 0x20, 0x40, 0x9, 0x60, 0x3,
    0x3b, 0x80, 0x24, 0x9, 0x0, 0xcf, 0xfb, 0xaf,
    0x80, 0xd, 0x40, 0x32, 0x1, 0xc4, 0x40, 0xe,
    0x73, 0x0, 0x35, 0x8, 0x7, 0xf4, 0xc0, 0x6,
    0x5e, 0x94, 0x10, 0x0, 0xa4, 0x73, 0x0, 0x40,

    /* U+00DC "Ü" */
    0x0, 0x8b, 0x7e, 0x0, 0xd, 0xfa, 0x60, 0x1f,
    0x29, 0x3, 0x80, 0x20, 0xa, 0x80, 0x3e, 0x10,
    0x0, 0x80, 0x8, 0x1, 0xc0, 0x1f, 0x34, 0xbe,
    0x0, 0x39, 0xe1, 0xc0, 0x3f, 0x34, 0x10, 0x0,
    0xa1, 0xc0, 0x3f, 0xf9, 0x5d, 0xff, 0x18, 0x7,
    0x87, 0xff, 0x0, 0x7f, 0xff, 0xc0, 0x3f, 0xff,
    0xe0, 0x1f, 0xfd, 0xa3, 0x0, 0x98, 0x3, 0xc4,
    0x1, 0xc2, 0x1, 0x78, 0x7, 0xac, 0x2, 0x20,
    0x40, 0x9, 0x60, 0x3, 0x3b, 0x80, 0x24, 0x9,
    0x0, 0xcf, 0xfb, 0xaf, 0x80, 0xd, 0x40, 0x32,
    0x1, 0xc4, 0x40, 0xe, 0x73, 0x0, 0x35, 0x8,
    0x7, 0xf4, 0xc0, 0x6, 0x5e, 0x94, 0x10, 0x0,
    0xa4, 0x73, 0x0, 0x40,

    /* U+00DD "Ý" */
    0x0, 0xfe, 0xef, 0xf9, 0x40, 0x3f, 0xf8, 0xa,
    0x20, 0xa, 0x50, 0xf, 0xfe, 0x4, 0x0, 0x29,
    0x40, 0x3f, 0xf8, 0x6, 0x61, 0xa5, 0x0, 0xff,
    0xe0, 0x9f, 0x71, 0x40, 0x3f, 0xf9, 0xb3, 0xff,
    0x8c, 0x3, 0xed, 0xff, 0xa6, 0x42, 0x1, 0x40,
    0x7, 0x98, 0x80, 0x3, 0x1, 0x60, 0x12, 0x20,
    0x3, 0xa0, 0x2, 0x81, 0x5, 0x30, 0xa, 0x40,
    0x34, 0x8, 0x0, 0xd8, 0x2, 0xe0, 0x8, 0x98,
    0x0, 0x4e, 0x1, 0x78, 0x6, 0x26, 0x0, 0xa0,
    0x1, 0x0, 0x13, 0x18, 0x7, 0x48, 0x80, 0x6,
    0xd, 0x40, 0x3, 0x0, 0x1f, 0x40, 0x4, 0xfc,
    0x1, 0x40, 0x80, 0x7c, 0xc6, 0x1, 0x10, 0x0,
    0xd8, 0x3, 0xfb, 0xc0, 0x3d, 0xe0, 0x1f, 0xe3,
    0x60, 0xc, 0xa6, 0x1, 0xff, 0x40, 0x6, 0xb0,
    0xf, 0xfe, 0x0, 0x80, 0x7f, 0xff, 0xc0, 0x3f,
    0xfc, 0x0,

    /* U+00DE "Þ" */
    0xef, 0xf9, 0x0, 0x3f, 0xf9, 0xfa, 0xee, 0x64,
    0x20, 0xf, 0xcd, 0x10, 0x9b, 0xdc, 0x30, 0xf,
    0xfe, 0x1, 0xe2, 0x80, 0x7f, 0xf0, 0x68, 0x80,
    0x35, 0xff, 0xb5, 0x80, 0x35, 0x0, 0x7c, 0x52,
    0x80, 0x12, 0x0, 0x7f, 0x60, 0x4, 0x40, 0x1f,
    0xde, 0x1, 0x18, 0x7, 0xf2, 0x80, 0x4c, 0x1,
    0xb1, 0x54, 0xfa, 0x40, 0x17, 0x0, 0x67, 0xaa,
    0x41, 0x0, 0x48, 0xa0, 0x1f, 0xf2, 0x50, 0x7,
    0xf1, 0x2d, 0x58, 0x80, 0x75, 0xff, 0xdb, 0x4a,
    0x1, 0xff, 0xe1,

    /* U+00DF "ß" */
    0x0, 0x86, 0x33, 0xbf, 0xb2, 0x4, 0x3, 0xcb,
    0xce, 0x62, 0x2, 0x6f, 0xca, 0x1, 0x8a, 0x80,
    0x3f, 0xa8, 0xc0, 0x28, 0x0, 0xcb, 0xa, 0x1,
    0xa8, 0x2, 0x40, 0xa, 0x69, 0xea, 0x0, 0x25,
    0x0, 0x8, 0x80, 0x26, 0x0, 0x90, 0x3, 0xc6,
    0x1, 0x8, 0x6, 0x60, 0x9, 0x40, 0x2, 0x1,
    0xfa, 0x0, 0x28, 0x0, 0xff, 0x51, 0x0, 0x2c,
    0x40, 0x3f, 0x91, 0x40, 0xe, 0x80, 0x1f, 0xe2,
    0x0, 0x84, 0x3, 0xfe, 0x50, 0x9, 0xac, 0x40,
    0x3f, 0x8e, 0x40, 0x24, 0xf3, 0x0, 0xfe, 0x6d,
    0x20, 0x0, 0xe8, 0x7, 0xf8, 0xb4, 0xc0, 0x2,
    0xc0, 0x1f, 0xf4, 0x80, 0x5e, 0x1, 0xff, 0x10,
    0x7, 0xfc, 0x84, 0x29, 0x20, 0x17, 0x0, 0x78,
    0x6f, 0x7a, 0xc4, 0x2, 0x60, 0xf, 0x28, 0x7,
    0xd6, 0x20, 0x1e, 0x12, 0x0, 0x89, 0xb5, 0x0,

    /* U+00E0 "à" */
    0x0, 0x4f, 0xfd, 0x20, 0x1f, 0xe9, 0x60, 0x3,
    0x8, 0x7, 0xfa, 0x58, 0x1, 0x20, 0x1f, 0xf4,
    0xb8, 0xa8, 0x7, 0xff, 0x2, 0x3b, 0x40, 0x3f,
    0xf9, 0x82, 0xf7, 0xdf, 0xed, 0x82, 0x0, 0xe8,
    0xe8, 0x41, 0x0, 0x13, 0xea, 0x80, 0x42, 0xc0,
    0x1f, 0xd4, 0x40, 0x1, 0xa0, 0x5a, 0xcc, 0x48,
    0x80, 0x54, 0x1, 0x27, 0x52, 0x99, 0x9a, 0xc0,
    0x23, 0x0, 0xc2, 0x1, 0xce, 0x1, 0x38, 0x6,
    0x4a, 0xef, 0xf7, 0x70, 0x3, 0xea, 0xb5, 0x10,
    0x0, 0x98, 0x7, 0x9d, 0x40, 0x5, 0x13, 0xa,
    0x1, 0xea, 0x0, 0xe, 0xbb, 0x3d, 0x80, 0x78,
    0x80, 0xa, 0x1, 0x88, 0x3, 0xc4, 0x0, 0x42,
    0x0, 0x1e, 0x80, 0x44, 0x20, 0xa0, 0x16, 0xed,
    0x82, 0x1, 0xf, 0x24, 0x18, 0x4, 0x44, 0x3,
    0x70, 0xc, 0xe1, 0x90, 0x60, 0x3, 0x8c, 0x86,
    0x10, 0x43,

    /* U+00E1 "á" */
    0x0, 0xf0, 0xff, 0xda, 0x20, 0x1f, 0xd2, 0x0,
    0x1f, 0x10, 0xf, 0xe6, 0x1, 0xc2, 0x0, 0xfe,
    0x50, 0x1c, 0x20, 0xf, 0xf2, 0xf7, 0x8, 0x3,
    0xff, 0x96, 0x2f, 0x7d, 0xfe, 0xd8, 0x20, 0xe,
    0x8e, 0x84, 0x10, 0x1, 0x3e, 0xa8, 0x4, 0x2c,
    0x1, 0xfd, 0x44, 0x0, 0x1a, 0x5, 0xac, 0xc4,
    0x88, 0x5, 0x40, 0x12, 0x75, 0x29, 0x99, 0xac,
    0x2, 0x30, 0xc, 0x20, 0x1c, 0xe0, 0x13, 0x80,
    0x64, 0xae, 0xff, 0x77, 0x0, 0x3e, 0xab, 0x51,
    0x0, 0x9, 0x80, 0x79, 0xd4, 0x0, 0x51, 0x30,
    0xa0, 0x1e, 0xa0, 0x0, 0xeb, 0xb3, 0xd8, 0x7,
    0x88, 0x0, 0xa0, 0x18, 0x80, 0x3c, 0x40, 0x4,
    0x20, 0x1, 0xe8, 0x4, 0x42, 0xa, 0x1, 0x6e,
    0xd8, 0x20, 0x10, 0xf2, 0x41, 0x80, 0x44, 0x40,
    0x37, 0x0, 0xce, 0x19, 0x6, 0x0, 0x38, 0xc8,
    0x61, 0x4, 0x30,

    /* U+00E2 "â" */
    0x0, 0xea, 0xff, 0x28, 0x7, 0xf9, 0xd4, 0x1,
    0x44, 0x1, 0xf9, 0x20, 0x8, 0x1, 0xe0, 0x1f,
    0xd, 0x0, 0xfc, 0x81, 0x50, 0x7, 0xd9, 0xbe,
    0x4d, 0xba, 0x80, 0xf, 0x9, 0x10, 0x40, 0x4,
    0x50, 0x7, 0x85, 0xef, 0xbf, 0xdb, 0x4, 0x1,
    0xd1, 0xd0, 0x82, 0x0, 0x27, 0xd5, 0x0, 0x85,
    0x80, 0x3f, 0xa8, 0x80, 0x3, 0x40, 0xb5, 0x98,
    0x91, 0x0, 0xa8, 0x2, 0x4e, 0xa5, 0x33, 0x35,
    0x80, 0x46, 0x1, 0x84, 0x3, 0x9c, 0x2, 0x70,
    0xc, 0x95, 0xdf, 0xee, 0xe0, 0x7, 0xd5, 0x6a,
    0x20, 0x1, 0x30, 0xf, 0x3a, 0x80, 0xa, 0x26,
    0x14, 0x3, 0xd4, 0x0, 0x1d, 0x76, 0x7b, 0x0,
    0xf1, 0x0, 0x14, 0x3, 0x10, 0x7, 0x88, 0x0,
    0x84, 0x0, 0x3d, 0x0, 0x88, 0x41, 0x40, 0x2d,
    0xdb, 0x4, 0x2, 0x1e, 0x48, 0x30, 0x8, 0x88,
    0x6, 0xe0, 0x19, 0xc3, 0x20, 0xc0, 0x7, 0x19,
    0xc, 0x20, 0x86,

    /* U+00E3 "ã" */
    0x0, 0x9f, 0xb5, 0x0, 0xb, 0x66, 0x1, 0xcd,
    0x2, 0x56, 0xe3, 0x28, 0x80, 0xe, 0x80, 0x23,
    0x8, 0xe3, 0x6, 0x0, 0xc2, 0x3, 0xb9, 0x20,
    0x14, 0x8, 0x6, 0x1e, 0xd0, 0x3, 0x63, 0xdb,
    0x80, 0x7c, 0x60, 0x11, 0xc2, 0x0, 0x7c, 0x2f,
    0x7d, 0xfe, 0xd8, 0x20, 0xe, 0x8e, 0x84, 0x10,
    0x1, 0x3e, 0xa8, 0x4, 0x2c, 0x1, 0xfd, 0x44,
    0x0, 0x1a, 0x5, 0xac, 0xc4, 0x88, 0x5, 0x40,
    0x12, 0x75, 0x29, 0x99, 0xac, 0x2, 0x30, 0xc,
    0x20, 0x1c, 0xe0, 0x13, 0x80, 0x64, 0xae, 0xff,
    0x77, 0x0, 0x3e, 0xab, 0x51, 0x0, 0x9, 0x80,
    0x79, 0xd4, 0x0, 0x51, 0x30, 0xa0, 0x1e, 0xa0,
    0x0, 0xeb, 0xb3, 0xd8, 0x7, 0x88, 0x0, 0xa0,
    0x18, 0x80, 0x3c, 0x40, 0x4, 0x20, 0x1, 0xe8,
    0x4, 0x42, 0xa, 0x1, 0x6e, 0xd8, 0x20, 0x10,
    0xf2, 0x41, 0x80, 0x44, 0x40, 0x37, 0x0, 0xce,
    0x19, 0x6, 0x0, 0x38, 0xc8, 0x61, 0x4, 0x30,

    /* U+00E4 "ä" */
    0x0, 0x16, 0xfb, 0x0, 0x2f, 0xe4, 0x3, 0xd6,
    0x41, 0x0, 0xa8, 0xc, 0x40, 0x1c, 0x20, 0x3,
    0x1, 0x0, 0x8c, 0x3, 0xa1, 0xd7, 0x81, 0x21,
    0x68, 0x40, 0x3d, 0x14, 0x60, 0x7, 0xa5, 0x0,
    0xff, 0xe4, 0x8b, 0xdf, 0x7f, 0xb6, 0x8, 0x3,
    0xa3, 0xa1, 0x4, 0x0, 0x4f, 0xaa, 0x1, 0xb,
    0x0, 0x7f, 0x51, 0x0, 0x6, 0x81, 0x6b, 0x31,
    0x22, 0x1, 0x50, 0x4, 0x9d, 0x4a, 0x66, 0x6b,
    0x0, 0x8c, 0x3, 0x8, 0x7, 0x38, 0x4, 0xe0,
    0x19, 0x2b, 0xbf, 0xdd, 0xc0, 0xf, 0xaa, 0xd4,
    0x40, 0x2, 0x60, 0x1e, 0x75, 0x0, 0x14, 0x4c,
    0x28, 0x7, 0xa8, 0x0, 0x3a, 0xec, 0xf6, 0x1,
    0xe2, 0x0, 0x28, 0x6, 0x20, 0xf, 0x10, 0x1,
    0x8, 0x0, 0x7a, 0x1, 0x10, 0x82, 0x80, 0x5b,
    0xb6, 0x8, 0x4, 0x3c, 0x90, 0x60, 0x11, 0x10,
    0xd, 0xc0, 0x33, 0x86, 0x41, 0x80, 0xe, 0x32,
    0x18, 0x41, 0xc,

    /* U+00E5 "å" */
    0x0, 0xe7, 0xa9, 0x40, 0xf, 0xf6, 0xc2, 0xb5,
    0xc0, 0x7, 0xe7, 0x24, 0xec, 0x7, 0x10, 0xf,
    0xb4, 0x34, 0x4c, 0xc0, 0xa0, 0x1f, 0x68, 0x68,
    0x99, 0x81, 0x40, 0x3e, 0x72, 0x4e, 0xc0, 0x71,
    0x0, 0xfd, 0xb0, 0x8b, 0x50, 0x1, 0xfe, 0x7b,
    0xa5, 0x0, 0xfc, 0x2f, 0x7d, 0xfe, 0xd8, 0x20,
    0xe, 0x8e, 0x84, 0x10, 0x1, 0x3e, 0xa8, 0x4,
    0x2c, 0x1, 0xfd, 0x44, 0x0, 0x1a, 0x5, 0xac,
    0xc4, 0x88, 0x5, 0x40, 0x12, 0x75, 0x29, 0x99,
    0xac, 0x2, 0x30, 0xc, 0x20, 0x1c, 0xe0, 0x13,
    0x80, 0x64, 0xae, 0xff, 0x77, 0x0, 0x3e, 0xab,
    0x51, 0x0, 0x9, 0x80, 0x79, 0xd4, 0x0, 0x51,
    0x30, 0xa0, 0x1e, 0xa0, 0x0, 0xeb, 0xb3, 0xd8,
    0x7, 0x88, 0x0, 0xa0, 0x18, 0x80, 0x3c, 0x40,
    0x4, 0x20, 0x1, 0xe8, 0x4, 0x42, 0xa, 0x1,
    0x6e, 0xd8, 0x20, 0x10, 0xf2, 0x41, 0x80, 0x44,
    0x40, 0x37, 0x0, 0xce, 0x19, 0x6, 0x0, 0x38,
    0xc8, 0x61, 0x4, 0x30,

    /* U+00E6 "æ" */
    0x0, 0x14, 0x67, 0x7f, 0x63, 0x0, 0x49, 0x5d,
    0xfd, 0x8c, 0x1, 0xa7, 0x5c, 0xc4, 0x4, 0xe6,
    0xc2, 0x6d, 0x44, 0x4, 0xe7, 0x4, 0x0, 0x80,
    0x1f, 0x93, 0x58, 0x3, 0xe3, 0xa0, 0x7, 0x2,
    0x56, 0x62, 0x48, 0x0, 0x40, 0x5, 0xbc, 0x91,
    0x0, 0x21, 0x81, 0xf5, 0xa9, 0x99, 0xb8, 0x3,
    0x35, 0x21, 0xb5, 0x0, 0x56, 0x0, 0x10, 0xe,
    0x30, 0xd, 0x40, 0x19, 0x0, 0x23, 0x0, 0x2d,
    0x77, 0xfb, 0xb0, 0x3, 0x67, 0xff, 0x0, 0x4e,
    0x17, 0x4a, 0x20, 0x1, 0x30, 0xf, 0xfe, 0xb,
    0xc2, 0x0, 0x5, 0x59, 0x8a, 0x1, 0x95, 0x9b,
    0xf6, 0xa8, 0x0, 0x7e, 0xa6, 0x54, 0x20, 0x17,
    0xcc, 0xfe, 0x62, 0x0, 0x10, 0x80, 0x46, 0x20,
    0x14, 0x0, 0x78, 0x40, 0x4, 0x0, 0x37, 0x23,
    0x7d, 0x0, 0xc5, 0xaa, 0x44, 0x49, 0xe5, 0x5,
    0x0, 0xa3, 0x72, 0x4, 0x8, 0xc0, 0x5, 0x5b,
    0xab, 0x60, 0xb0, 0x83, 0x0, 0xf9, 0x33, 0x4c,
    0x3, 0xf3, 0x0, 0x32, 0xc, 0x0, 0x4b, 0x76,
    0x11, 0x65, 0x20, 0x80, 0x9b, 0xec, 0x0,

    /* U+00E7 "ç" */
    0x0, 0xcd, 0x7d, 0xfd, 0x6e, 0x20, 0x18, 0xfa,
    0x50, 0x40, 0x52, 0x39, 0x0, 0x7, 0x82, 0x1,
    0xff, 0x68, 0x6, 0x69, 0x93, 0x2, 0x20, 0x18,
    0x40, 0x3, 0xb2, 0xcc, 0x9e, 0xa0, 0x6, 0x80,
    0x56, 0x40, 0x18, 0x44, 0x0, 0x60, 0x9, 0x0,
    0x3f, 0x8c, 0x2, 0x10, 0xf, 0xe3, 0x0, 0x84,
    0x3, 0xf9, 0x80, 0x27, 0x0, 0xfe, 0xd0, 0xa,
    0x4c, 0x3, 0xa, 0x0, 0x18, 0x40, 0x2c, 0x96,
    0x64, 0xf5, 0x90, 0x3, 0x40, 0x33, 0x4c, 0x98,
    0x1, 0xc0, 0x3, 0xc1, 0x0, 0xfd, 0x20, 0x11,
    0xf4, 0x98, 0x0, 0x4e, 0x39, 0x40, 0x39, 0xac,
    0x2b, 0xb1, 0xc4, 0x3, 0xe8, 0x9, 0xa2, 0x0,
    0xfe, 0x95, 0x15, 0xc0, 0xf, 0xe6, 0xa9, 0x1,
    0x20, 0xf, 0x9b, 0x6e, 0x80, 0x88, 0x1, 0xfc,
    0x80, 0xb8, 0x1, 0x80,

    /* U+00E8 "è" */
    0x0, 0x2f, 0xfd, 0xa0, 0x1f, 0xcb, 0x40, 0x2,
    0x50, 0xf, 0xe5, 0xa0, 0x4, 0x80, 0x7f, 0x96,
    0x84, 0x8c, 0x3, 0xfc, 0xbd, 0xc3, 0x0, 0xff,
    0xe5, 0xb, 0xe7, 0x7e, 0xd1, 0x80, 0x72, 0x7c,
    0x18, 0x81, 0x2e, 0x48, 0x4, 0x96, 0x20, 0x1f,
    0x34, 0x80, 0x28, 0x2, 0x9f, 0xf6, 0x98, 0x1,
    0x8d, 0x44, 0x1, 0xc, 0x0, 0x2d, 0x0, 0xab,
    0x80, 0x26, 0x0, 0xc2, 0x60, 0x5, 0x60, 0xb,
    0xbf, 0xf8, 0xc0, 0x2, 0x60, 0x1f, 0xfc, 0x1,
    0x30, 0x9, 0xdf, 0xfa, 0x58, 0x2, 0xc8, 0x8f,
    0xcb, 0xa0, 0x14, 0x0, 0x7c, 0x40, 0xe0, 0x11,
    0xe2, 0x8, 0x8d, 0xfb, 0x80, 0x34, 0x1, 0x1d,
    0xf7, 0x32, 0x4, 0xd8, 0x16, 0x84, 0x3, 0xf1,
    0x28, 0x1, 0x7e, 0xc, 0x40, 0x4, 0xb7, 0xa6,

    /* U+00E9 "é" */
    0x0, 0xfb, 0x7f, 0xe4, 0x0, 0xfc, 0x84, 0x0,
    0xb4, 0x0, 0xfd, 0xe0, 0xa, 0x40, 0xf, 0xc4,
    0xa3, 0x4a, 0x1, 0xfc, 0x5d, 0xc5, 0x0, 0xff,
    0xe5, 0xb, 0xe7, 0x7e, 0xd1, 0x80, 0x72, 0x7c,
    0x18, 0x81, 0x2e, 0x48, 0x4, 0x96, 0x20, 0x1f,
    0x34, 0x80, 0x28, 0x2, 0x9f, 0xf6, 0x98, 0x1,
    0x8d, 0x44, 0x1, 0xc, 0x0, 0x2d, 0x0, 0xab,
    0x80, 0x26, 0x0, 0xc2, 0x60, 0x5, 0x60, 0xb,
    0xbf, 0xf8, 0xc0, 0x2, 0x60, 0x1f, 0xfc, 0x1,
    0x30, 0x9, 0xdf, 0xfa, 0x58, 0x2, 0xc8, 0x8f,
    0xcb, 0xa0, 0x14, 0x0, 0x7c, 0x40, 0xe0, 0x11,
    0xe2, 0x8, 0x8d, 0xfb, 0x80, 0x34, 0x1, 0x1d,
    0xf7, 0x32, 0x4, 0xd8, 0x16, 0x84, 0x3, 0xf1,
    0x28, 0x1, 0x7e, 0xc, 0x40, 0x4, 0xb7, 0xa6,

    /* U+00EA "ê" */
    0x0, 0xe6, 0xff, 0x50, 0x7, 0xf1, 0xc8, 0x1,
    0x58, 0x3, 0xe1, 0xd0, 0x1, 0x4, 0x98, 0x7,
    0xa8, 0x42, 0xbc, 0x1, 0xc0, 0x1e, 0x9d, 0xd2,
    0x97, 0x6f, 0x88, 0x7, 0x11, 0x40, 0x1, 0x22,
    0x8, 0x7, 0xb, 0xe7, 0x7e, 0xd1, 0x80, 0x72,
    0x7c, 0x18, 0x81, 0x2e, 0x48, 0x4, 0x96, 0x20,
    0x1f, 0x34, 0x80, 0x28, 0x2, 0x9f, 0xf6, 0x98,
    0x1, 0x8d, 0x44, 0x1, 0xc, 0x0, 0x2d, 0x0,
    0xab, 0x80, 0x26, 0x0, 0xc2, 0x60, 0x5, 0x60,
    0xb, 0xbf, 0xf8, 0xc0, 0x2, 0x60, 0x1f, 0xfc,
    0x1, 0x30, 0x9, 0xdf, 0xfa, 0x58, 0x2, 0xc8,
    0x8f, 0xcb, 0xa0, 0x14, 0x0, 0x7c, 0x40, 0xe0,
    0x11, 0xe2, 0x8, 0x8d, 0xfb, 0x80, 0x34, 0x1,
    0x1d, 0xf7, 0x32, 0x4, 0xd8, 0x16, 0x84, 0x3,
    0xf1, 0x28, 0x1, 0x7e, 0xc, 0x40, 0x4, 0xb7,
    0xa6,

    /* U+00EB "ë" */
    0x0, 0xaf, 0xe8, 0x1, 0x1f, 0x80, 0x1c, 0xa8,
    0xa, 0x42, 0xe0, 0x6c, 0x1, 0x84, 0x2, 0x31,
    0x0, 0x88, 0x3, 0x24, 0x2d, 0x8, 0x5a, 0xc2,
    0x0, 0x73, 0xd2, 0x80, 0x12, 0x9c, 0x3, 0xff,
    0x90, 0x2f, 0x9d, 0xfb, 0x46, 0x1, 0xc9, 0xf0,
    0x62, 0x4, 0xb9, 0x20, 0x12, 0x58, 0x80, 0x7c,
    0xd2, 0x0, 0xa0, 0xa, 0x7f, 0xda, 0x60, 0x6,
    0x35, 0x10, 0x4, 0x30, 0x0, 0xb4, 0x2, 0xae,
    0x0, 0x98, 0x3, 0x9, 0x80, 0x15, 0x80, 0x2e,
    0xff, 0xe3, 0x0, 0x9, 0x80, 0x7f, 0xf0, 0x4,
    0xc0, 0x27, 0x7f, 0xe9, 0x60, 0xb, 0x22, 0x3f,
    0x2e, 0x80, 0x50, 0x1, 0xf1, 0x3, 0x80, 0x47,
    0x88, 0x22, 0x37, 0xee, 0x0, 0xd0, 0x4, 0x77,
    0xdc, 0xc8, 0x13, 0x60, 0x5a, 0x10, 0xf, 0xc4,
    0xa0, 0x5, 0xf8, 0x31, 0x0, 0x12, 0xde, 0x98,

    /* U+00EC "ì" */
    0x8, 0xff, 0xac, 0x2, 0x87, 0x0, 0x21, 0x0,
    0x51, 0x0, 0x5, 0x80, 0x67, 0x81, 0x71, 0x0,
    0xcf, 0xdc, 0x10, 0xf, 0xf8, 0x7f, 0xed, 0x0,
    0xff, 0xff, 0x80, 0x7f, 0xf6, 0x40,

    /* U+00ED "í" */
    0x0, 0xf, 0xfd, 0xc4, 0x0, 0x60, 0x0, 0xe1,
    0x0, 0x24, 0x7, 0x48, 0x0, 0xa0, 0x3a, 0x60,
    0x12, 0xf7, 0xc, 0x3, 0xfe, 0x1f, 0xfb, 0x40,
    0x3f, 0xff, 0xe0, 0x1f, 0xfd, 0xc0,

    /* U+00EE "î" */
    0x0, 0xab, 0xfc, 0xe0, 0x1c, 0xea, 0x0, 0x84,
    0x0, 0x96, 0x0, 0xc8, 0x2c, 0x80, 0xa0, 0x8f,
    0x7c, 0x89, 0x20, 0x5b, 0xac, 0x12, 0xdd, 0x58,
    0x7, 0xff, 0x4, 0x7f, 0xed, 0x0, 0xff, 0xff,
    0x80, 0x7f, 0xfe, 0x0,

    /* U+00EF "ï" */
    0x2d, 0xf7, 0x0, 0x5f, 0xd0, 0x51, 0x4, 0x2,
    0x20, 0x14, 0xbc, 0x0, 0x20, 0xe0, 0x11, 0xbb,
    0x97, 0x40, 0xe5, 0x68, 0x42, 0x28, 0xc0, 0xd,
    0x4a, 0x1, 0xff, 0xc1, 0x1f, 0xfb, 0x40, 0x3f,
    0xff, 0xe0, 0x1f, 0xff, 0x80,

    /* U+00F0 "ð" */
    0x0, 0xf1, 0x88, 0x7, 0xff, 0x0, 0xb3, 0xdc,
    0xa, 0x50, 0x3, 0xef, 0x1, 0x8d, 0xd3, 0x60,
    0x7, 0xd8, 0x80, 0x2, 0xa, 0x80, 0xf, 0xc,
    0xa0, 0x6, 0xb1, 0x0, 0xf1, 0x3a, 0x65, 0x0,
    0x6, 0x80, 0x3c, 0x7b, 0x66, 0xae, 0x0, 0x45,
    0x0, 0xc7, 0x3f, 0xf5, 0xe8, 0x80, 0x24, 0x2,
    0x7c, 0x62, 0x0, 0x25, 0x0, 0x46, 0x20, 0xf0,
    0x1, 0xf0, 0x80, 0x4e, 0x30, 0x1, 0x14, 0x53,
    0x80, 0x77, 0xb0, 0x4, 0x58, 0xeb, 0x1a, 0x1,
    0x8b, 0x0, 0x2b, 0x10, 0x8, 0x9c, 0x2, 0x76,
    0x0, 0x90, 0x3, 0xb0, 0x2, 0x13, 0x0, 0x8c,
    0x3, 0x9c, 0x2, 0x13, 0x0, 0x8c, 0x3, 0x9c,
    0x2, 0x66, 0x0, 0x4a, 0x1, 0xda, 0x1, 0x67,
    0x0, 0x52, 0x40, 0x11, 0xb0, 0x4, 0xea, 0x20,
    0x1, 0xd9, 0x8a, 0xc0, 0x9, 0x44, 0x28, 0x3,
    0x33, 0xa8, 0x4, 0x36, 0x0, 0x4b, 0x10, 0xf,
    0x8b, 0x4, 0x2, 0x4f, 0x83, 0x10, 0x14, 0x9d,
    0x20, 0x0,

    /* U+00F1 "ñ" */
    0x0, 0x86, 0xbe, 0xc4, 0x1, 0x32, 0x10, 0xe,
    0xa5, 0x4, 0xf4, 0x36, 0x61, 0x80, 0x63, 0x40,
    0x42, 0x1b, 0xc0, 0x32, 0x0, 0xcc, 0xb, 0x7a,
    0x80, 0x17, 0x0, 0x72, 0xec, 0x0, 0x2e, 0x5f,
    0x48, 0x3, 0xc4, 0x40, 0x9, 0xa0, 0x80, 0x31,
    0xff, 0xa4, 0x0, 0xd9, 0xdf, 0xb2, 0x20, 0x1c,
    0x81, 0x72, 0x62, 0x4, 0xde, 0x40, 0x18, 0xb5,
    0x0, 0x3c, 0x3c, 0x1, 0xc4, 0x0, 0x23, 0x0,
    0xc6, 0x20, 0x1c, 0x37, 0xb9, 0xa0, 0x18, 0x80,
    0x30, 0xe2, 0x0, 0x9, 0x0, 0x27, 0x0, 0xca,
    0x40, 0x18, 0x40, 0x3f, 0xff, 0xe0, 0x1f, 0xfe,
    0x50,

    /* U+00F2 "ò" */
    0x0, 0xb3, 0xfe, 0x60, 0xf, 0xfb, 0x10, 0x1,
    0x60, 0x1f, 0xfc, 0xb, 0x40, 0x25, 0x0, 0xff,
    0xe0, 0x5a, 0xf, 0x0, 0x7f, 0xf0, 0x6f, 0xac,
    0x3, 0xff, 0x9e, 0xd7, 0xdf, 0xd8, 0xe2, 0x1,
    0xe3, 0xd9, 0x41, 0x1, 0x38, 0xf5, 0x0, 0xc7,
    0x84, 0x1, 0xf0, 0xd3, 0x0, 0x5a, 0x1, 0x9a,
    0x18, 0x40, 0x29, 0x20, 0x61, 0x0, 0xe, 0xcb,
    0xcf, 0x90, 0x5, 0x61, 0xa0, 0x14, 0x90, 0x4,
    0x32, 0x1, 0x38, 0x28, 0x4, 0xa0, 0x1c, 0x80,
    0x10, 0x80, 0x71, 0x80, 0x78, 0x40, 0x21, 0x0,
    0xc6, 0x1, 0xe1, 0x0, 0x85, 0x40, 0x25, 0x0,
    0xe3, 0x0, 0x84, 0x30, 0x2, 0x91, 0x0, 0xde,
    0x1, 0x38, 0x38, 0x80, 0x7, 0xa5, 0xe3, 0x8c,
    0x2, 0xb0, 0x6, 0x80, 0x66, 0x87, 0x10, 0xa,
    0x48, 0x0, 0x76, 0x20, 0x1f, 0xa5, 0x80, 0x32,
    0x74, 0xa0, 0x80, 0x9c, 0x73, 0x0, 0x40,

    /* U+00F3 "ó" */
    0x0, 0xf9, 0x3f, 0xeb, 0x0, 0xff, 0xbc, 0x0,
    0x76, 0x1, 0xfe, 0x34, 0x3, 0xc0, 0xf, 0xfa,
    0x84, 0xf4, 0x3, 0xff, 0x81, 0x3d, 0x82, 0x1,
    0xff, 0xce, 0x6b, 0xef, 0xec, 0x71, 0x0, 0xf1,
    0xec, 0xa0, 0x80, 0x9c, 0x7a, 0x80, 0x63, 0xc2,
    0x0, 0xf8, 0x69, 0x80, 0x2d, 0x0, 0xcd, 0xc,
    0x20, 0x14, 0x90, 0x30, 0x80, 0x7, 0x65, 0xe7,
    0xc8, 0x2, 0xb0, 0xd0, 0xa, 0x48, 0x2, 0x19,
    0x0, 0x9c, 0x14, 0x2, 0x50, 0xe, 0x40, 0x8,
    0x40, 0x38, 0xc0, 0x3c, 0x20, 0x10, 0x80, 0x63,
    0x0, 0xf0, 0x80, 0x42, 0xa0, 0x12, 0x80, 0x71,
    0x80, 0x42, 0x18, 0x1, 0x48, 0x80, 0x6f, 0x0,
    0x9c, 0x1c, 0x40, 0x3, 0xd2, 0xf1, 0xc6, 0x1,
    0x58, 0x3, 0x40, 0x33, 0x43, 0x88, 0x5, 0x24,
    0x0, 0x3b, 0x10, 0xf, 0xd2, 0xc0, 0x19, 0x3a,
    0x50, 0x40, 0x4e, 0x39, 0x80, 0x20,

    /* U+00F4 "ô" */
    0x0, 0xf6, 0xff, 0x8c, 0x3, 0xfe, 0xa2, 0x0,
    0x70, 0x80, 0x7f, 0x3a, 0x81, 0x1, 0x50, 0x7,
    0xe4, 0x80, 0x2d, 0x60, 0x47, 0x0, 0xf9, 0x77,
    0x58, 0x13, 0xba, 0x50, 0xf, 0x84, 0x88, 0x20,
    0x2, 0x28, 0x3, 0xf3, 0x5f, 0x7f, 0x63, 0x88,
    0x7, 0x8f, 0x65, 0x4, 0x4, 0xe3, 0xd4, 0x3,
    0x1e, 0x10, 0x7, 0xc3, 0x4c, 0x1, 0x68, 0x6,
    0x68, 0x61, 0x0, 0xa4, 0x81, 0x84, 0x0, 0x3b,
    0x2f, 0x3e, 0x40, 0x15, 0x86, 0x80, 0x52, 0x40,
    0x10, 0xc8, 0x4, 0xe0, 0xa0, 0x12, 0x80, 0x72,
    0x0, 0x42, 0x1, 0xc6, 0x1, 0xe1, 0x0, 0x84,
    0x3, 0x18, 0x7, 0x84, 0x2, 0x15, 0x0, 0x94,
    0x3, 0x8c, 0x2, 0x10, 0xc0, 0xa, 0x44, 0x3,
    0x78, 0x4, 0xe0, 0xe2, 0x0, 0x1e, 0x97, 0x8e,
    0x30, 0xa, 0xc0, 0x1a, 0x1, 0x9a, 0x1c, 0x40,
    0x29, 0x20, 0x1, 0xd8, 0x80, 0x7e, 0x96, 0x0,
    0xc9, 0xd2, 0x82, 0x2, 0x71, 0xcc, 0x1, 0x0,

    /* U+00F5 "õ" */
    0x0, 0xd3, 0xd8, 0x40, 0x8, 0x92, 0x0, 0xf4,
    0xb0, 0x9e, 0xa9, 0x33, 0x40, 0x1c, 0x2c, 0x6,
    0x41, 0x5a, 0x24, 0x80, 0x1c, 0x40, 0x79, 0xac,
    0x1, 0x48, 0x7, 0x8f, 0xbc, 0x1, 0x34, 0xf8,
    0x80, 0x1f, 0x9, 0x80, 0x4b, 0x6, 0x1, 0xfc,
    0xd7, 0xdf, 0xd8, 0xe2, 0x1, 0xe3, 0xd9, 0x41,
    0x1, 0x38, 0xf5, 0x0, 0xc7, 0x84, 0x1, 0xf0,
    0xd3, 0x0, 0x5a, 0x1, 0x9a, 0x18, 0x40, 0x29,
    0x20, 0x61, 0x0, 0xe, 0xcb, 0xcf, 0x90, 0x5,
    0x61, 0xa0, 0x14, 0x90, 0x4, 0x32, 0x1, 0x38,
    0x28, 0x4, 0xa0, 0x1c, 0x80, 0x10, 0x80, 0x71,
    0x80, 0x78, 0x40, 0x21, 0x0, 0xc6, 0x1, 0xe1,
    0x0, 0x85, 0x40, 0x25, 0x0, 0xe3, 0x0, 0x84,
    0x30, 0x2, 0x91, 0x0, 0xde, 0x1, 0x38, 0x38,
    0x80, 0x7, 0xa5, 0xe3, 0x8c, 0x2, 0xb0, 0x6,
    0x80, 0x66, 0x87, 0x10, 0xa, 0x48, 0x0, 0x76,
    0x20, 0x1f, 0xa5, 0x80, 0x32, 0x74, 0xa0, 0x80,
    0x9c, 0x73, 0x0, 0x40,

    /* U+00F6 "ö" */
    0x0, 0x93, 0xb8, 0x80, 0x5b, 0xec, 0x1, 0xf4,
    0x8, 0xbc, 0x2c, 0x82, 0x0, 0x3e, 0x70, 0x1,
    0x7, 0x0, 0xc, 0x3, 0xe9, 0x66, 0x40, 0x3b,
    0x97, 0x80, 0x3e, 0x29, 0x90, 0x80, 0x22, 0x8c,
    0x3, 0xff, 0x98, 0xd7, 0xdf, 0xd8, 0xe2, 0x1,
    0xe3, 0xd9, 0x41, 0x1, 0x38, 0xf5, 0x0, 0xc7,
    0x84, 0x1, 0xf0, 0xd3, 0x0, 0x5a, 0x1, 0x9a,
    0x18, 0x40, 0x29, 0x20, 0x61, 0x0, 0xe, 0xcb,
    0xcf, 0x90, 0x5, 0x61, 0xa0, 0x14, 0x90, 0x4,
    0x32, 0x1, 0x38, 0x28, 0x4, 0xa0, 0x1c, 0x80,
    0x10, 0x80, 0x71, 0x80, 0x78, 0x40, 0x21, 0x0,
    0xc6, 0x1, 0xe1, 0x0, 0x85, 0x40, 0x25, 0x0,
    0xe3, 0x0, 0x84, 0x30, 0x2, 0x91, 0x0, 0xde,
    0x1, 0x38, 0x38, 0x80, 0x7, 0xa5, 0xe3, 0x8c,
    0x2, 0xb0, 0x6, 0x80, 0x66, 0x87, 0x10, 0xa,
    0x48, 0x0, 0x76, 0x20, 0x1f, 0xa5, 0x80, 0x32,
    0x74, 0xa0, 0x80, 0x9c, 0x73, 0x0, 0x40,

    /* U+00F7 "÷" */
    0x0, 0xf8, 0x80, 0x3f, 0xf8, 0x9, 0xfb, 0xa1,
    0x0, 0xff, 0x78, 0x0, 0x9c, 0x3, 0xfc, 0x20,
    0x11, 0x80, 0x7f, 0xa0, 0xc1, 0x54, 0x1, 0xfe,
    0x2c, 0xfa, 0x0, 0xf4, 0xff, 0xff, 0xf0, 0x50,
    0x3, 0xff, 0xa5, 0x3f, 0xff, 0xfc, 0x14, 0x0,
    0xf8, 0x80, 0x3f, 0xf8, 0x9, 0xfb, 0xa1, 0x0,
    0xff, 0x78, 0x0, 0x9c, 0x3, 0xfc, 0x20, 0x11,
    0x80, 0x7f, 0xa0, 0xc1, 0x54, 0x1, 0xc0,

    /* U+00F8 "ø" */
    0x0, 0xff, 0x84, 0x40, 0x1f, 0xfc, 0x28, 0xf5,
    0x0, 0xff, 0xe0, 0xb, 0xb, 0x0, 0x79, 0xaf,
    0xbf, 0xb3, 0x41, 0x4c, 0x3, 0x1e, 0xca, 0x8,
    0x9, 0x98, 0x34, 0x3, 0x1e, 0x10, 0x7, 0xe8,
    0x70, 0xb, 0x40, 0x33, 0x42, 0x0, 0x68, 0x20,
    0x61, 0x0, 0xe, 0xcb, 0x80, 0x4, 0x2, 0xb0,
    0xd0, 0xa, 0x48, 0x11, 0x7, 0x40, 0x13, 0x82,
    0x80, 0x4a, 0x0, 0x90, 0xf4, 0x0, 0x84, 0x3,
    0x8c, 0x18, 0x94, 0xc0, 0x40, 0x21, 0x30, 0x8,
    0xc6, 0x2, 0x0, 0x2, 0x1, 0xb, 0x0, 0x49,
    0x2, 0xe4, 0x6, 0x1, 0x8, 0x68, 0x5, 0xc,
    0x30, 0x0, 0xf0, 0x9, 0xc1, 0x84, 0x0, 0x20,
    0x4f, 0x1c, 0x60, 0x15, 0x80, 0x34, 0x3, 0x1c,
    0x38, 0x80, 0x52, 0x40, 0x3, 0xb0, 0xf, 0xe9,
    0x60, 0xd, 0x80, 0x48, 0x20, 0x27, 0x1c, 0xc0,
    0x18, 0x9c, 0x3a, 0xfb, 0xfb, 0x1c, 0x40, 0x38,
    0x49, 0xc, 0x3, 0xff, 0x80, 0x7b, 0x40, 0x1f,
    0xfc, 0x0,

    /* U+00F9 "ù" */
    0x0, 0xe, 0xff, 0xc8, 0x1, 0xfc, 0x38, 0x40,
    0xf, 0x0, 0xff, 0xe, 0x10, 0x21, 0x80, 0x7f,
    0x87, 0xc, 0x68, 0x3, 0xfe, 0x1c, 0xe9, 0x0,
    0xff, 0xe4, 0x9f, 0xfd, 0x60, 0x1d, 0xbf, 0xf0,
    0x80, 0x7f, 0xff, 0xc0, 0x3f, 0xfc, 0x22, 0x1,
    0x38, 0x6, 0x13, 0x0, 0xfc, 0x62, 0x1, 0x50,
    0x80, 0x62, 0x0, 0xdf, 0x13, 0xc8, 0x1, 0xe5,
    0x0, 0x85, 0xd8, 0x40, 0x3e, 0xb2, 0x0, 0xf1,
    0x60, 0x7, 0xe, 0x39, 0x0, 0xa, 0x34, 0xcc,
    0x1, 0x0,

    /* U+00FA "ú" */
    0x0, 0xf9, 0xbf, 0xea, 0x0, 0xff, 0x58, 0x1,
    0x68, 0x3, 0xf9, 0x48, 0x12, 0x80, 0x3f, 0xdc,
    0x29, 0x60, 0x1f, 0xf5, 0xf5, 0x80, 0x7f, 0xf2,
    0x4f, 0xfe, 0xb0, 0xe, 0xdf, 0xf8, 0x40, 0x3f,
    0xff, 0xe0, 0x1f, 0xfe, 0x11, 0x0, 0x9c, 0x3,
    0x9, 0x80, 0x7e, 0x31, 0x0, 0xa8, 0x40, 0x31,
    0x0, 0x6f, 0x89, 0xe4, 0x0, 0xf2, 0x80, 0x42,
    0xec, 0x20, 0x1f, 0x59, 0x0, 0x78, 0xb0, 0x3,
    0x87, 0x1c, 0x80, 0x5, 0x1a, 0x66, 0x0, 0x80,

    /* U+00FB "û" */
    0x0, 0xe2, 0xef, 0xe2, 0x0, 0xff, 0x78, 0x80,
    0xf8, 0x7, 0xf5, 0x90, 0x30, 0x15, 0x80, 0x7c,
    0xec, 0x4f, 0x30, 0x4c, 0xc0, 0xf, 0x3e, 0xea,
    0x1, 0xf7, 0x4c, 0x1, 0xff, 0xc6, 0x3f, 0xfa,
    0xc0, 0x3b, 0x7f, 0xe1, 0x0, 0xff, 0xff, 0x80,
    0x7f, 0xf8, 0x44, 0x2, 0x70, 0xc, 0x26, 0x1,
    0xf8, 0xc4, 0x2, 0xa1, 0x0, 0xc4, 0x1, 0xbe,
    0x27, 0x90, 0x3, 0xca, 0x1, 0xb, 0xb0, 0x80,
    0x7d, 0x64, 0x1, 0xe2, 0xc0, 0xe, 0x1c, 0x72,
    0x0, 0x14, 0x69, 0x98, 0x2,

    /* U+00FC "ü" */
    0x0, 0x9b, 0xb4, 0x80, 0xfb, 0x88, 0x1, 0xe9,
    0x12, 0xa0, 0x81, 0x14, 0x0, 0x78, 0x80, 0x1e,
    0x2, 0x0, 0x70, 0xf, 0x72, 0xbb, 0x82, 0xd9,
    0x92, 0x1, 0xe3, 0xa8, 0x0, 0xc, 0xc8, 0x80,
    0x3f, 0xf8, 0xc7, 0xff, 0x58, 0x7, 0x6f, 0xfc,
    0x20, 0x1f, 0xff, 0xf0, 0xf, 0xff, 0x8, 0x80,
    0x4e, 0x1, 0x84, 0xc0, 0x3f, 0x18, 0x80, 0x54,
    0x20, 0x18, 0x80, 0x37, 0xc4, 0xf2, 0x0, 0x79,
    0x40, 0x21, 0x76, 0x10, 0xf, 0xac, 0x80, 0x3c,
    0x58, 0x1, 0xc3, 0x8e, 0x40, 0x2, 0x8d, 0x33,
    0x0, 0x40,

    /* U+00FD "ý" */
    0x0, 0xfc, 0xff, 0xf4, 0x80, 0x7f, 0xf0, 0x24,
    0x0, 0xd2, 0x1, 0xff, 0x30, 0x82, 0xc8, 0x7,
    0xff, 0x2, 0x85, 0x68, 0x3, 0xff, 0x83, 0x9d,
    0x40, 0x1f, 0xfc, 0xc4, 0xff, 0xb0, 0x3, 0xc9,
    0xff, 0x70, 0x20, 0x80, 0xc, 0x80, 0x3b, 0x0,
    0x27, 0x0, 0x30, 0x4, 0xa0, 0x1c, 0xa0, 0x15,
    0x0, 0x24, 0x2, 0xa0, 0xc, 0x44, 0x0, 0x9,
    0x80, 0x5, 0x0, 0x4, 0x40, 0x9, 0x40, 0x26,
    0x0, 0xdc, 0x1, 0x50, 0x5, 0x60, 0x15, 0x80,
    0x65, 0x10, 0x2, 0x80, 0x4, 0xc0, 0x4, 0x60,
    0x1c, 0xc0, 0x2, 0x20, 0x38, 0x5, 0x40, 0x1e,
    0xa0, 0xa, 0x83, 0x40, 0x25, 0x0, 0xf1, 0x18,
    0x1, 0x41, 0x0, 0x6, 0x40, 0x1f, 0x50, 0x0,
    0xa0, 0x2, 0xa0, 0xf, 0xcc, 0x1, 0x38, 0x4,
    0xe0, 0x1f, 0xcc, 0x1, 0xc8, 0x20, 0x1f, 0xd4,
    0x1, 0xdc, 0x1, 0xfe, 0x32, 0x0, 0xca, 0x1,
    0xff, 0x28, 0x4, 0xa0, 0x1f, 0xfc, 0x6, 0x0,
    0xb8, 0x3, 0xe1, 0x42, 0x3b, 0x10, 0x1, 0x20,
    0x7, 0xcf, 0x7b, 0x88, 0x1, 0x48, 0x7, 0xec,
    0x0, 0xf4, 0x20, 0x7, 0xed, 0x20, 0x0, 0xa5,
    0xb8, 0x7, 0xe0,

    /* U+00FE "þ" */
    0x3f, 0xfa, 0xc0, 0x3f, 0xff, 0xe0, 0x1f, 0xfc,
    0x47, 0xdf, 0xeb, 0x40, 0xf, 0x9f, 0x60, 0x80,
    0x52, 0xe0, 0x3, 0xc6, 0x40, 0x1e, 0x76, 0x0,
    0xf8, 0xdd, 0x80, 0x34, 0x80, 0x7a, 0x72, 0x27,
    0x0, 0x32, 0x80, 0x63, 0x60, 0x8, 0xd8, 0x2,
    0xc0, 0xc, 0xe0, 0x1d, 0xe0, 0x11, 0x80, 0x7f,
    0x88, 0x2, 0x10, 0xf, 0xf0, 0x80, 0x44, 0x1,
    0xfe, 0xf0, 0xb, 0x80, 0x3f, 0x8d, 0x40, 0x25,
    0x0, 0xca, 0xe6, 0x68, 0xc0, 0x9, 0x8, 0x3,
    0xc, 0x66, 0x1c, 0x2, 0x1a, 0x0, 0xff, 0xe0,
    0x16, 0x8, 0x7, 0x12, 0x90, 0x9, 0xce, 0x90,
    0x7, 0x9a, 0xb7, 0xfb, 0x18, 0x3, 0xff, 0xfe,
    0x1, 0x80,

    /* U+00FF "ÿ" */
    0x0, 0xcf, 0xfa, 0x40, 0x9d, 0xc4, 0x0, 0xfd,
    0x0, 0x54, 0x10, 0x22, 0xf0, 0xf, 0xc2, 0x0,
    0xe0, 0x60, 0x0, 0x80, 0x7e, 0xd5, 0x76, 0xb,
    0x66, 0x58, 0x7, 0xe3, 0xa8, 0x0, 0xc, 0xc8,
    0x40, 0x3f, 0xf9, 0x29, 0xff, 0x60, 0x7, 0x93,
    0xfe, 0xe0, 0x41, 0x0, 0x19, 0x0, 0x76, 0x0,
    0x4e, 0x0, 0x60, 0x9, 0x40, 0x39, 0x40, 0x2a,
    0x0, 0x48, 0x5, 0x40, 0x18, 0x88, 0x0, 0x13,
    0x0, 0xa, 0x0, 0x8, 0x80, 0x12, 0x80, 0x4c,
    0x1, 0xb8, 0x2, 0xa0, 0xa, 0xc0, 0x2b, 0x0,
    0xca, 0x20, 0x5, 0x0, 0x9, 0x80, 0x8, 0xc0,
    0x39, 0x80, 0x4, 0x40, 0x70, 0xa, 0x80, 0x3d,
    0x40, 0x15, 0x6, 0x80, 0x4a, 0x1, 0xe2, 0x30,
    0x2, 0x82, 0x0, 0xc, 0x80, 0x3e, 0xa0, 0x1,
    0x40, 0x5, 0x40, 0x1f, 0x98, 0x2, 0x70, 0x9,
    0xc0, 0x3f, 0x98, 0x3, 0x90, 0x40, 0x3f, 0xa8,
    0x3, 0xb8, 0x3, 0xfc, 0x64, 0x1, 0x94, 0x3,
    0xfe, 0x50, 0x9, 0x40, 0x3f, 0xf8, 0xc, 0x1,
    0x70, 0x7, 0xc2, 0x84, 0x76, 0x20, 0x2, 0x40,
    0xf, 0x9e, 0xf7, 0x10, 0x2, 0x90, 0xf, 0xd8,
    0x1, 0xe8, 0x40, 0xf, 0xda, 0x40, 0x1, 0x4b,
    0x70, 0xf, 0xc0,

    /* U+2013 "–" */
    0x16, 0x6f, 0xfe, 0x1, 0xac, 0xcf, 0xff, 0x2,
    0x80, 0x3f, 0xfa, 0x0,

    /* U+2014 "—" */
    0x16, 0x6f, 0xfe, 0x42, 0x2c, 0xcf, 0xff, 0x23,
    0xc0, 0x3f, 0xfc, 0x0,

    /* U+2018 "‘" */
    0x0, 0xfc, 0x39, 0x60, 0x16, 0x1f, 0x0, 0x28,
    0xa1, 0x40, 0x94, 0x1c, 0x0, 0x80, 0xd, 0x20,
    0xe0, 0x1, 0x58, 0x68, 0x4, 0x60, 0xac, 0x7,
    0x0,

    /* U+2019 "’" */
    0xb, 0xfb, 0x16, 0x40, 0x49, 0x0, 0xc6, 0xc8,
    0x0, 0x20, 0xb3, 0xd, 0x4, 0x32, 0x43, 0xb0,
    0xf0, 0xa1, 0xc2, 0x9, 0xe3, 0x0, 0x0,

    /* U+201A "‚" */
    0xb, 0xfb, 0x16, 0x40, 0x49, 0x0, 0xc6, 0xc8,
    0x0, 0x20, 0xb3, 0xd, 0x5, 0x32, 0x43, 0xa0,
    0xf0, 0xa1, 0xc2, 0x9, 0xe3, 0x0, 0x0,

    /* U+201C "“" */
    0x0, 0xff, 0xe0, 0x8e, 0x58, 0x4, 0xde, 0x80,
    0xc, 0x3e, 0x0, 0x34, 0x9a, 0x85, 0x14, 0x28,
    0x14, 0x8e, 0x89, 0x28, 0x38, 0x2, 0xc1, 0x84,
    0x10, 0x1, 0xa4, 0xe, 0xf, 0x1, 0xc0, 0x2,
    0xb0, 0x10, 0x3, 0x96, 0x80, 0x46, 0x4, 0x1,
    0x95, 0x80, 0xe0, 0x38, 0x81, 0xc8,

    /* U+201D "”" */
    0xb, 0xfb, 0x10, 0x5e, 0xe2, 0x83, 0x20, 0x24,
    0x85, 0x88, 0xa8, 0x40, 0x31, 0x80, 0x71, 0x32,
    0x0, 0x8, 0x2c, 0x2, 0x20, 0xb3, 0xd, 0x5,
    0xb0, 0x21, 0x4, 0x32, 0x40, 0x4, 0x4, 0x1,
    0xd8, 0x78, 0x2, 0x8d, 0x54, 0x14, 0x38, 0x40,
    0x48, 0xd4, 0x0, 0x9e, 0x30, 0x1, 0x74, 0x80,
    0x40,

    /* U+201E "„" */
    0xb, 0xfb, 0x10, 0x5e, 0xe3, 0x3, 0x20, 0x24,
    0x85, 0x88, 0xa4, 0x40, 0x31, 0x80, 0x71, 0x32,
    0x0, 0x8, 0x2c, 0x2, 0x20, 0xb3, 0xd, 0x5,
    0xb0, 0x21, 0x5, 0x32, 0x40, 0x4, 0x4, 0x1,
    0xd0, 0x78, 0x2, 0x8d, 0x94, 0x28, 0x70, 0x80,
    0x91, 0xa4, 0x1, 0x3c, 0x60, 0x2, 0xe9, 0x0,
    0x80,

    /* U+2020 "†" */
    0x0, 0xd7, 0xfe, 0xe0, 0xf, 0xfe, 0xe0, 0xff,
    0xc8, 0x0, 0x1f, 0xf8, 0xc0, 0x3f, 0xf9, 0x83,
    0xdd, 0x20, 0x0, 0x7b, 0xa3, 0x1, 0x18, 0x3,
    0x8, 0xc0, 0x1f, 0xff, 0xf0, 0xf, 0xff, 0x10,

    /* U+2021 "‡" */
    0x0, 0xdf, 0xf5, 0x0, 0x7f, 0xf3, 0x88, 0xa0,
    0xc, 0x44, 0x11, 0x6e, 0xc0, 0x12, 0xee, 0xc0,
    0x1f, 0xfc, 0xa1, 0xff, 0x80, 0x25, 0xff, 0x60,
    0x7, 0xff, 0x0, 0x8a, 0x0, 0xc4, 0x41, 0x16,
    0xec, 0x1, 0x2e, 0xec, 0x1, 0xff, 0xca, 0x1f,
    0xf8, 0x2, 0x5f, 0xf6, 0x0, 0x7f, 0xfa, 0xc0,

    /* U+2022 "•" */
    0x0, 0x84, 0x3, 0x4f, 0xf7, 0x10, 0x1d, 0x80,
    0x3, 0x63, 0x80, 0x1c, 0xa2, 0x1, 0xef, 0x0,
    0xc4, 0x8b, 0x4, 0x9, 0xe0,

    /* U+2026 "…" */
    0x3, 0x50, 0xe, 0x35, 0x10, 0xc, 0x4a, 0x21,
    0x19, 0x5c, 0x20, 0x6, 0xca, 0xf1, 0x0, 0x2e,
    0xd7, 0x1b, 0x0, 0x5, 0x0, 0x14, 0x0, 0x17,
    0x0, 0x70, 0x5, 0x66, 0x1, 0x30, 0x1, 0xc0,
    0x23, 0x0, 0x10, 0x5, 0xfc, 0x40, 0xc6, 0x0,
    0x82, 0x6, 0x50, 0x5, 0x98, 0x23, 0x80,

    /* U+2030 "‰" */
    0x0, 0xc, 0xf7, 0xf5, 0x10, 0x7, 0xd7, 0xfe,
    0x50, 0xf, 0xfe, 0x11, 0x7b, 0x8, 0xa, 0xe9,
    0x80, 0x73, 0x20, 0x2a, 0x80, 0x3f, 0xf8, 0x52,
    0x20, 0xf9, 0x20, 0xe, 0x0, 0xc5, 0x20, 0x36,
    0x1, 0xff, 0xc3, 0x40, 0x28, 0x36, 0x30, 0x22,
    0x0, 0x5c, 0x0, 0xa1, 0x0, 0xff, 0xe1, 0x8,
    0x1, 0x80, 0x26, 0x0, 0x8, 0x2, 0xc, 0x19,
    0x0, 0x3f, 0xf8, 0x62, 0x0, 0x60, 0x9, 0x80,
    0x2, 0x6, 0xe0, 0x52, 0x1, 0xff, 0xc5, 0x40,
    0x28, 0x37, 0x30, 0x22, 0x7, 0x0, 0x38, 0x3,
    0xff, 0x8d, 0x22, 0xf, 0x90, 0x0, 0xe0, 0xa2,
    0x8, 0x30, 0xf, 0xfe, 0x31, 0x7b, 0x8, 0xa,
    0xe9, 0xaa, 0x80, 0xdc, 0x3, 0xff, 0x90, 0x33,
    0xdf, 0xd4, 0x43, 0x60, 0xd, 0x8, 0xdf, 0xea,
    0x20, 0xc, 0x77, 0xdf, 0xae, 0x1, 0xff, 0x50,
    0x85, 0xe, 0x39, 0x0, 0xae, 0x98, 0x1, 0x31,
    0x4, 0xa, 0x2c, 0x3, 0xf9, 0x90, 0x15, 0x4e,
    0x60, 0xb9, 0x0, 0xe, 0x0, 0x50, 0x2, 0x71,
    0x1, 0x18, 0x3, 0xe2, 0x90, 0x1b, 0xa, 0x0,
    0x59, 0xba, 0x1, 0x11, 0x4, 0x19, 0x87, 0x20,
    0xa, 0x0, 0xfb, 0x80, 0x14, 0x20, 0x40, 0x42,
    0x0, 0x30, 0x3, 0x90, 0x3, 0xc0, 0x4, 0x0,
    0x20, 0xf, 0x41, 0x83, 0xa0, 0x7, 0xff, 0x3c,
    0xdc, 0xa, 0x0, 0x22, 0x2, 0x0, 0x8c, 0x0,
    0xc4, 0x0, 0xf0, 0x1, 0x0, 0x8, 0x3, 0xb8,
    0x1, 0xe0, 0x19, 0x40, 0x14, 0x6c, 0x80, 0x46,
    0x82, 0xc, 0xc3, 0x90, 0x5, 0x0, 0x69, 0x20,
    0x82, 0x0, 0xd0, 0x60, 0xb9, 0x20, 0xe, 0x0,
    0x50, 0x2, 0x71, 0x1, 0x18, 0x2, 0x56, 0x4,
    0x70, 0xf, 0x63, 0x90, 0xa, 0xe9, 0x80, 0x13,
    0x10, 0x40, 0xa2, 0xc0,

    /* U+2039 "‹" */
    0x0, 0xc6, 0x20, 0x18, 0xb7, 0xcc, 0x2, 0xf1,
    0x15, 0x0, 0x2c, 0x81, 0x24, 0x21, 0x0, 0xa8,
    0x15, 0xc0, 0x7c, 0x40, 0x40, 0x2, 0x1, 0x24,
    0x0, 0x30, 0x40, 0xe, 0xc0, 0x3a, 0x1, 0x4a,
    0x1, 0xd0, 0x5, 0x44, 0x30, 0x1, 0xf, 0xf8,
    0x80,

    /* U+203A "›" */
    0x0, 0x28, 0x7, 0xa2, 0xa8, 0x1, 0x85, 0x81,
    0x5c, 0x2, 0x1d, 0x0, 0x42, 0x0, 0x47, 0x40,
    0xb, 0x20, 0x9, 0x60, 0x1, 0xe2, 0x1, 0x78,
    0x4, 0x20, 0x6, 0x70, 0x1c, 0x0, 0x24, 0x80,
    0x34, 0x40, 0x6c, 0x1, 0x46, 0x0, 0x18, 0x8,
    0x50, 0xc, 0xf8, 0xe0, 0x18,

    /* U+20AC "€" */
    0x0, 0xf0, 0xb5, 0x6f, 0xfb, 0xb2, 0x50, 0x3,
    0xf3, 0xf4, 0xa9, 0x0, 0x4, 0xda, 0xf4, 0xc0,
    0x3a, 0xe0, 0x3, 0xfc, 0x48, 0x1, 0xa5, 0x0,
    0x31, 0x2b, 0x29, 0x80, 0x19, 0xc0, 0x23, 0x60,
    0x8, 0xf7, 0x55, 0x35, 0x9f, 0x72, 0x0, 0x22,
    0x48, 0x4, 0x3e, 0x4, 0x5e, 0x40, 0xb, 0x74,
    0xa0, 0x10, 0xe6, 0xef, 0xb0, 0x3, 0xff, 0x8c,
    0xa0, 0x1b, 0xfc, 0x1, 0xb3, 0xff, 0xeb, 0x0,
    0xc4, 0x40, 0xc, 0xc4, 0x5f, 0x0, 0x76, 0xe8,
    0x3, 0x56, 0xef, 0xc2, 0x1, 0xff, 0xc5, 0x21,
    0x0, 0xdf, 0xe6, 0x0, 0xdd, 0xff, 0xda, 0x1,
    0xf5, 0x0, 0x6b, 0x0, 0xfc, 0x20, 0x18, 0xcc,
    0x1, 0x2d, 0x8, 0x6, 0x5d, 0xa0, 0xe, 0xe0,
    0xc, 0xbd, 0x95, 0x7f, 0x44, 0x8e, 0x1, 0x8a,
    0xc0, 0x38, 0xd5, 0x0, 0x35, 0x80, 0x72, 0x61,
    0x0, 0x7f, 0x3e, 0x0, 0x78, 0xf6, 0xd4, 0x80,
    0x2, 0x91, 0xd0, 0x0
};


/*---------------------
 *  GLYPH DESCRIPTION
 *--------------------*/

static const lv_font_fmt_txt_glyph_dsc_t glyph_dsc[] = {
    {.bitmap_index = 0, .adv_w = 0, .box_w = 0, .box_h = 0, .ofs_x = 0, .ofs_y = 0} /* id = 0 reserved */,
    {.bitmap_index = 0, .adv_w = 121, .box_w = 0, .box_h = 0, .ofs_x = 0, .ofs_y = 0},
    {.bitmap_index = 0, .adv_w = 145, .box_w = 5, .box_h = 19, .ofs_x = 2, .ofs_y = 0},
    {.bitmap_index = 42, .adv_w = 207, .box_w = 9, .box_h = 7, .ofs_x = 2, .ofs_y = 12},
    {.bitmap_index = 76, .adv_w = 302, .box_w = 19, .box_h = 19, .ofs_x = 0, .ofs_y = 0},
    {.bitmap_index = 209, .adv_w = 264, .box_w = 16, .box_h = 26, .ofs_x = 0, .ofs_y = -3},
    {.bitmap_index = 363, .adv_w = 372, .box_w = 23, .box_h = 19, .ofs_x = 0, .ofs_y = 0},
    {.bitmap_index = 547, .adv_w = 336, .box_w = 18, .box_h = 20, .ofs_x = 2, .ofs_y = -1},
    {.bitmap_index = 703, .adv_w = 100, .box_w = 4, .box_h = 7, .ofs_x = 1, .ofs_y = 12},
    {.bitmap_index = 718, .adv_w = 168, .box_w = 9, .box_h = 25, .ofs_x = 1, .ofs_y = -3},
    {.bitmap_index = 810, .adv_w = 168, .box_w = 9, .box_h = 25, .ofs_x = 0, .ofs_y = -3},
    {.bitmap_index = 903, .adv_w = 267, .box_w = 14, .box_h = 13, .ofs_x = 1, .ofs_y = 6},
    {.bitmap_index = 990, .adv_w = 267, .box_w = 15, .box_h = 14, .ofs_x = 1, .ofs_y = 3},
    {.bitmap_index = 1019, .adv_w = 121, .box_w = 6, .box_h = 9, .ofs_x = 1, .ofs_y = -5},
    {.bitmap_index = 1045, .adv_w = 201, .box_w = 10, .box_h = 4, .ofs_x = 1, .ofs_y = 7},
    {.bitmap_index = 1054, .adv_w = 131, .box_w = 6, .box_h = 5, .ofs_x = 1, .ofs_y = 0},
    {.bitmap_index = 1070, .adv_w = 161, .box_w = 10, .box_h = 23, .ofs_x = 0, .ofs_y = -2},
    {.bitmap_index = 1160, .adv_w = 309, .box_w = 18, .box_h = 19, .ofs_x = 1, .ofs_y = 0},
    {.bitmap_index = 1294, .adv_w = 260, .box_w = 14, .box_h = 19, .ofs_x = 1, .ofs_y = 0},
    {.bitmap_index = 1343, .adv_w = 283, .box_w = 16, .box_h = 19, .ofs_x = 1, .ofs_y = 0},
    {.bitmap_index = 1448, .adv_w = 276, .box_w = 16, .box_h = 19, .ofs_x = 0, .ofs_y = 0},
    {.bitmap_index = 1566, .adv_w = 296, .box_w = 17, .box_h = 19, .ofs_x = 1, .ofs_y = 0},
    {.bitmap_index = 1648, .adv_w = 288, .box_w = 16, .box_h = 19, .ofs_x = 1, .ofs_y = 0},
    {.bitmap_index = 1747, .adv_w = 289, .box_w = 17, .box_h = 19, .ofs_x = 1, .ofs_y = 0},
    {.bitmap_index = 1885, .adv_w = 257, .box_w = 15, .box_h = 19, .ofs_x = 0, .ofs_y = 0},
    {.bitmap_index = 1969, .adv_w = 289, .box_w = 16, .box_h = 19, .ofs_x = 1, .ofs_y = 0},
    {.bitmap_index = 2101, .adv_w = 291, .box_w = 17, .box_h = 19, .ofs_x = 1, .ofs_y = 0},
    {.bitmap_index = 2235, .adv_w = 130, .box_w = 6, .box_h = 15, .ofs_x = 1, .ofs_y = 0},
    {.bitmap_index = 2270, .adv_w = 130, .box_w = 6, .box_h = 20, .ofs_x = 1, .ofs_y = -5},
    {.bitmap_index = 2318, .adv_w = 267, .box_w = 14, .box_h = 16, .ofs_x = 1, .ofs_y = 2},
    {.bitmap_index = 2404, .adv_w = 267, .box_w = 15, .box_h = 9, .ofs_x = 1, .ofs_y = 5},
    {.bitmap_index = 2434, .adv_w = 267, .box_w = 14, .box_h = 16, .ofs_x = 1, .ofs_y = 2},
    {.bitmap_index = 2517, .adv_w = 229, .box_w = 14, .box_h = 19, .ofs_x = 0, .ofs_y = 0},
    {.bitmap_index = 2616, .adv_w = 413, .box_w = 24, .box_h = 23, .ofs_x = 1, .ofs_y = -4},
    {.bitmap_index = 2861, .adv_w = 323, .box_w = 20, .box_h = 19, .ofs_x = 0, .ofs_y = 0},
    {.bitmap_index = 2994, .adv_w = 294, .box_w = 16, .box_h = 19, .ofs_x = 2, .ofs_y = 0},
    {.bitmap_index = 3092, .adv_w = 296, .box_w = 17, .box_h = 19, .ofs_x = 1, .ofs_y = 0},
    {.bitmap_index = 3215, .adv_w = 318, .box_w = 17, .box_h = 19, .ofs_x = 2, .ofs_y = 0},
    {.bitmap_index = 3316, .adv_w = 270, .box_w = 14, .box_h = 19, .ofs_x = 2, .ofs_y = 0},
    {.bitmap_index = 3359, .adv_w = 248, .box_w = 13, .box_h = 19, .ofs_x = 2, .ofs_y = 0},
    {.bitmap_index = 3393, .adv_w = 325, .box_w = 18, .box_h = 19, .ofs_x = 1, .ofs_y = 0},
    {.bitmap_index = 3523, .adv_w = 341, .box_w = 18, .box_h = 19, .ofs_x = 2, .ofs_y = 0},
    {.bitmap_index = 3555, .adv_w = 133, .box_w = 5, .box_h = 19, .ofs_x = 2, .ofs_y = 0},
    {.bitmap_index = 3564, .adv_w = 209, .box_w = 11, .box_h = 19, .ofs_x = 0, .ofs_y = 0},
    {.bitmap_index = 3604, .adv_w = 311, .box_w = 18, .box_h = 19, .ofs_x = 2, .ofs_y = 0},
    {.bitmap_index = 3712, .adv_w = 253, .box_w = 14, .box_h = 19, .ofs_x = 2, .ofs_y = 0},
    {.bitmap_index = 3734, .adv_w = 401, .box_w = 21, .box_h = 19, .ofs_x = 2, .ofs_y = 0},
    {.bitmap_index = 3861, .adv_w = 337, .box_w = 17, .box_h = 19, .ofs_x = 2, .ofs_y = 0},
    {.bitmap_index = 3950, .adv_w = 353, .box_w = 20, .box_h = 19, .ofs_x = 1, .ofs_y = 0},
    {.bitmap_index = 4097, .adv_w = 273, .box_w = 15, .box_h = 19, .ofs_x = 2, .ofs_y = 0},
    {.bitmap_index = 4168, .adv_w = 353, .box_w = 20, .box_h = 24, .ofs_x = 1, .ofs_y = -5},
    {.bitmap_index = 4347, .adv_w = 298, .box_w = 17, .box_h = 19, .ofs_x = 2, .ofs_y = 0},
    {.bitmap_index = 4447, .adv_w = 266, .box_w = 16, .box_h = 19, .ofs_x = 0, .ofs_y = 0},
    {.bitmap_index = 4571, .adv_w = 276, .box_w = 17, .box_h = 19, .ofs_x = 0, .ofs_y = 0},
    {.bitmap_index = 4604, .adv_w = 322, .box_w = 17, .box_h = 19, .ofs_x = 2, .ofs_y = 0},
    {.bitmap_index = 4667, .adv_w = 316, .box_w = 20, .box_h = 19, .ofs_x = 0, .ofs_y = 0},
    {.bitmap_index = 4806, .adv_w = 452, .box_w = 28, .box_h = 19, .ofs_x = 0, .ofs_y = 0},
    {.bitmap_index = 5021, .adv_w = 307, .box_w = 20, .box_h = 19, .ofs_x = 0, .ofs_y = 0},
    {.bitmap_index = 5162, .adv_w = 289, .box_w = 18, .box_h = 19, .ofs_x = 0, .ofs_y = 0},
    {.bitmap_index = 5253, .adv_w = 280, .box_w = 16, .box_h = 19, .ofs_x = 1, .ofs_y = 0},
    {.bitmap_index = 5338, .adv_w = 142, .box_w = 7, .box_h = 26, .ofs_x = 1, .ofs_y = -4},
    {.bitmap_index = 5361, .adv_w = 161, .box_w = 10, .box_h = 23, .ofs_x = 0, .ofs_y = -2},
    {.bitmap_index = 5449, .adv_w = 142, .box_w = 8, .box_h = 26, .ofs_x = 0, .ofs_y = -4},
    {.bitmap_index = 5473, .adv_w = 298, .box_w = 17, .box_h = 10, .ofs_x = 1, .ofs_y = 11},
    {.bitmap_index = 5540, .adv_w = 311, .box_w = 17, .box_h = 4, .ofs_x = 1, .ofs_y = -3},
    {.bitmap_index = 5552, .adv_w = 137, .box_w = 7, .box_h = 4, .ofs_x = 1, .ofs_y = 16},
    {.bitmap_index = 5566, .adv_w = 256, .box_w = 15, .box_h = 15, .ofs_x = 1, .ofs_y = 0},
    {.bitmap_index = 5664, .adv_w = 272, .box_w = 15, .box_h = 21, .ofs_x = 1, .ofs_y = 0},
    {.bitmap_index = 5755, .adv_w = 233, .box_w = 14, .box_h = 15, .ofs_x = 1, .ofs_y = 0},
    {.bitmap_index = 5841, .adv_w = 273, .box_w = 15, .box_h = 21, .ofs_x = 1, .ofs_y = 0},
    {.bitmap_index = 5931, .adv_w = 256, .box_w = 14, .box_h = 15, .ofs_x = 1, .ofs_y = 0},
    {.bitmap_index = 6019, .adv_w = 168, .box_w = 11, .box_h = 22, .ofs_x = 0, .ofs_y = 0},
    {.bitmap_index = 6072, .adv_w = 271, .box_w = 15, .box_h = 21, .ofs_x = 1, .ofs_y = -6},
    {.bitmap_index = 6198, .adv_w = 271, .box_w = 15, .box_h = 21, .ofs_x = 1, .ofs_y = 0},
    {.bitmap_index = 6250, .adv_w = 124, .box_w = 6, .box_h = 21, .ofs_x = 1, .ofs_y = 0},
    {.bitmap_index = 6275, .adv_w = 130, .box_w = 10, .box_h = 27, .ofs_x = -3, .ofs_y = -6},
    {.bitmap_index = 6331, .adv_w = 257, .box_w = 15, .box_h = 21, .ofs_x = 1, .ofs_y = 0},
    {.bitmap_index = 6414, .adv_w = 121, .box_w = 5, .box_h = 21, .ofs_x = 1, .ofs_y = 0},
    {.bitmap_index = 6423, .adv_w = 404, .box_w = 23, .box_h = 15, .ofs_x = 1, .ofs_y = 0},
    {.bitmap_index = 6494, .adv_w = 271, .box_w = 15, .box_h = 15, .ofs_x = 1, .ofs_y = 0},
    {.bitmap_index = 6543, .adv_w = 275, .box_w = 16, .box_h = 15, .ofs_x = 1, .ofs_y = 0},
    {.bitmap_index = 6644, .adv_w = 269, .box_w = 15, .box_h = 21, .ofs_x = 1, .ofs_y = -6},
    {.bitmap_index = 6735, .adv_w = 271, .box_w = 15, .box_h = 21, .ofs_x = 1, .ofs_y = -6},
    {.bitmap_index = 6829, .adv_w = 181, .box_w = 10, .box_h = 15, .ofs_x = 1, .ofs_y = 0},
    {.bitmap_index = 6862, .adv_w = 219, .box_w = 12, .box_h = 15, .ofs_x = 1, .ofs_y = 0},
    {.bitmap_index = 6944, .adv_w = 181, .box_w = 11, .box_h = 19, .ofs_x = 0, .ofs_y = 0},
    {.bitmap_index = 6997, .adv_w = 267, .box_w = 15, .box_h = 15, .ofs_x = 1, .ofs_y = 0},
    {.bitmap_index = 7044, .adv_w = 254, .box_w = 16, .box_h = 15, .ofs_x = 0, .ofs_y = 0},
    {.bitmap_index = 7139, .adv_w = 357, .box_w = 22, .box_h = 15, .ofs_x = 0, .ofs_y = 0},
    {.bitmap_index = 7286, .adv_w = 238, .box_w = 15, .box_h = 15, .ofs_x = 0, .ofs_y = 0},
    {.bitmap_index = 7381, .adv_w = 261, .box_w = 17, .box_h = 21, .ofs_x = 0, .ofs_y = -6},
    {.bitmap_index = 7516, .adv_w = 219, .box_w = 12, .box_h = 15, .ofs_x = 1, .ofs_y = 0},
    {.bitmap_index = 7575, .adv_w = 181, .box_w = 10, .box_h = 26, .ofs_x = 1, .ofs_y = -3},
    {.bitmap_index = 7658, .adv_w = 106, .box_w = 3, .box_h = 26, .ofs_x = 2, .ofs_y = -3},
    {.bitmap_index = 7665, .adv_w = 181, .box_w = 9, .box_h = 26, .ofs_x = 1, .ofs_y = -3},
    {.bitmap_index = 7742, .adv_w = 267, .box_w = 15, .box_h = 5, .ofs_x = 1, .ofs_y = 7},
    {.bitmap_index = 7775, .adv_w = 121, .box_w = 0, .box_h = 0, .ofs_x = 0, .ofs_y = 0},
    {.bitmap_index = 7775, .adv_w = 145, .box_w = 5, .box_h = 20, .ofs_x = 2, .ofs_y = -5},
    {.bitmap_index = 7819, .adv_w = 243, .box_w = 14, .box_h = 21, .ofs_x = 1, .ofs_y = 0},
    {.bitmap_index = 7930, .adv_w = 262, .box_w = 15, .box_h = 19, .ofs_x = 1, .ofs_y = 0},
    {.bitmap_index = 8023, .adv_w = 303, .box_w = 17, .box_h = 18, .ofs_x = 1, .ofs_y = 1},
    {.bitmap_index = 8149, .adv_w = 281, .box_w = 19, .box_h = 19, .ofs_x = -1, .ofs_y = 0},
    {.bitmap_index = 8260, .adv_w = 106, .box_w = 3, .box_h = 26, .ofs_x = 2, .ofs_y = -3},
    {.bitmap_index = 8276, .adv_w = 237, .box_w = 12, .box_h = 19, .ofs_x = 2, .ofs_y = 0},
    {.bitmap_index = 8385, .adv_w = 177, .box_w = 9, .box_h = 4, .ofs_x = 1, .ofs_y = 17},
    {.bitmap_index = 8404, .adv_w = 360, .box_w = 21, .box_h = 21, .ofs_x = 1, .ofs_y = 0},
    {.bitmap_index = 8592, .adv_w = 178, .box_w = 11, .box_h = 10, .ofs_x = 0, .ofs_y = 10},
    {.bitmap_index = 8643, .adv_w = 237, .box_w = 14, .box_h = 12, .ofs_x = 0, .ofs_y = 1},
    {.bitmap_index = 8721, .adv_w = 267, .box_w = 15, .box_h = 9, .ofs_x = 1, .ofs_y = 4},
    {.bitmap_index = 8738, .adv_w = 201, .box_w = 10, .box_h = 4, .ofs_x = 1, .ofs_y = 7},
    {.bitmap_index = 8747, .adv_w = 360, .box_w = 21, .box_h = 21, .ofs_x = 1, .ofs_y = 0},
    {.bitmap_index = 8930, .adv_w = 156, .box_w = 8, .box_h = 3, .ofs_x = 1, .ofs_y = 17},
    {.bitmap_index = 8937, .adv_w = 181, .box_w = 10, .box_h = 9, .ofs_x = 1, .ofs_y = 11},
    {.bitmap_index = 8982, .adv_w = 267, .box_w = 15, .box_h = 17, .ofs_x = 1, .ofs_y = 2},
    {.bitmap_index = 9032, .adv_w = 176, .box_w = 10, .box_h = 12, .ofs_x = 0, .ofs_y = 12},
    {.bitmap_index = 9087, .adv_w = 186, .box_w = 10, .box_h = 12, .ofs_x = 1, .ofs_y = 12},
    {.bitmap_index = 9145, .adv_w = 134, .box_w = 7, .box_h = 4, .ofs_x = 1, .ofs_y = 16},
    {.bitmap_index = 9160, .adv_w = 276, .box_w = 15, .box_h = 21, .ofs_x = 1, .ofs_y = -6},
    {.bitmap_index = 9209, .adv_w = 235, .box_w = 12, .box_h = 19, .ofs_x = 1, .ofs_y = 0},
    {.bitmap_index = 9255, .adv_w = 128, .box_w = 6, .box_h = 6, .ofs_x = 1, .ofs_y = 7},
    {.bitmap_index = 9272, .adv_w = 130, .box_w = 6, .box_h = 6, .ofs_x = 1, .ofs_y = -6},
    {.bitmap_index = 9290, .adv_w = 167, .box_w = 9, .box_h = 12, .ofs_x = 1, .ofs_y = 12},
    {.bitmap_index = 9321, .adv_w = 181, .box_w = 11, .box_h = 10, .ofs_x = 0, .ofs_y = 10},
    {.bitmap_index = 9374, .adv_w = 237, .box_w = 14, .box_h = 12, .ofs_x = 1, .ofs_y = 1},
    {.bitmap_index = 9454, .adv_w = 437, .box_w = 26, .box_h = 26, .ofs_x = 1, .ofs_y = -4},
    {.bitmap_index = 9655, .adv_w = 438, .box_w = 26, .box_h = 26, .ofs_x = 1, .ofs_y = -4},
    {.bitmap_index = 9863, .adv_w = 456, .box_w = 27, .box_h = 26, .ofs_x = 1, .ofs_y = -4},
    {.bitmap_index = 10095, .adv_w = 229, .box_w = 14, .box_h = 21, .ofs_x = 0, .ofs_y = -6},
    {.bitmap_index = 10201, .adv_w = 323, .box_w = 20, .box_h = 25, .ofs_x = 0, .ofs_y = 0},
    {.bitmap_index = 10362, .adv_w = 323, .box_w = 20, .box_h = 25, .ofs_x = 0, .ofs_y = 0},
    {.bitmap_index = 10524, .adv_w = 323, .box_w = 20, .box_h = 26, .ofs_x = 0, .ofs_y = 0},
    {.bitmap_index = 10695, .adv_w = 323, .box_w = 20, .box_h = 26, .ofs_x = 0, .ofs_y = 0},
    {.bitmap_index = 10869, .adv_w = 323, .box_w = 20, .box_h = 25, .ofs_x = 0, .ofs_y = 0},
    {.bitmap_index = 11039, .adv_w = 323, .box_w = 20, .box_h = 27, .ofs_x = 0, .ofs_y = 0},
    {.bitmap_index = 11224, .adv_w = 423, .box_w = 25, .box_h = 19, .ofs_x = 0, .ofs_y = 0},
    {.bitmap_index = 11350, .adv_w = 296, .box_w = 17, .box_h = 25, .ofs_x = 1, .ofs_y = -6},
    {.bitmap_index = 11510, .adv_w = 270, .box_w = 14, .box_h = 25, .ofs_x = 2, .ofs_y = 0},
    {.bitmap_index = 11577, .adv_w = 270, .box_w = 14, .box_h = 25, .ofs_x = 2, .ofs_y = 0},
    {.bitmap_index = 11645, .adv_w = 270, .box_w = 14, .box_h = 26, .ofs_x = 2, .ofs_y = 0},
    {.bitmap_index = 11722, .adv_w = 270, .box_w = 14, .box_h = 25, .ofs_x = 2, .ofs_y = 0},
    {.bitmap_index = 11799, .adv_w = 133, .box_w = 8, .box_h = 25, .ofs_x = -1, .ofs_y = 0},
    {.bitmap_index = 11829, .adv_w = 133, .box_w = 7, .box_h = 25, .ofs_x = 2, .ofs_y = 0},
    {.bitmap_index = 11856, .adv_w = 133, .box_w = 10, .box_h = 26, .ofs_x = -1, .ofs_y = 0},
    {.bitmap_index = 11899, .adv_w = 133, .box_w = 10, .box_h = 25, .ofs_x = -1, .ofs_y = 0},
    {.bitmap_index = 11940, .adv_w = 318, .box_w = 19, .box_h = 19, .ofs_x = 0, .ofs_y = 0},
    {.bitmap_index = 12058, .adv_w = 337, .box_w = 17, .box_h = 26, .ofs_x = 2, .ofs_y = 0},
    {.bitmap_index = 12188, .adv_w = 353, .box_w = 20, .box_h = 26, .ofs_x = 1, .ofs_y = 0},
    {.bitmap_index = 12363, .adv_w = 353, .box_w = 20, .box_h = 26, .ofs_x = 1, .ofs_y = 0},
    {.bitmap_index = 12539, .adv_w = 353, .box_w = 20, .box_h = 26, .ofs_x = 1, .ofs_y = 0},
    {.bitmap_index = 12720, .adv_w = 353, .box_w = 20, .box_h = 26, .ofs_x = 1, .ofs_y = 0},
    {.bitmap_index = 12903, .adv_w = 353, .box_w = 20, .box_h = 25, .ofs_x = 1, .ofs_y = 0},
    {.bitmap_index = 13087, .adv_w = 267, .box_w = 15, .box_h = 15, .ofs_x = 1, .ofs_y = 2},
    {.bitmap_index = 13185, .adv_w = 353, .box_w = 20, .box_h = 25, .ofs_x = 1, .ofs_y = -3},
    {.bitmap_index = 13381, .adv_w = 322, .box_w = 17, .box_h = 26, .ofs_x = 2, .ofs_y = 0},
    {.bitmap_index = 13474, .adv_w = 322, .box_w = 17, .box_h = 26, .ofs_x = 2, .ofs_y = 0},
    {.bitmap_index = 13565, .adv_w = 322, .box_w = 17, .box_h = 26, .ofs_x = 2, .ofs_y = 0},
    {.bitmap_index = 13661, .adv_w = 322, .box_w = 17, .box_h = 25, .ofs_x = 2, .ofs_y = 0},
    {.bitmap_index = 13761, .adv_w = 289, .box_w = 18, .box_h = 25, .ofs_x = 0, .ofs_y = 0},
    {.bitmap_index = 13883, .adv_w = 264, .box_w = 14, .box_h = 19, .ofs_x = 2, .ofs_y = 0},
    {.bitmap_index = 13958, .adv_w = 280, .box_w = 16, .box_h = 21, .ofs_x = 1, .ofs_y = 0},
    {.bitmap_index = 14078, .adv_w = 256, .box_w = 15, .box_h = 21, .ofs_x = 1, .ofs_y = 0},
    {.bitmap_index = 14200, .adv_w = 256, .box_w = 15, .box_h = 21, .ofs_x = 1, .ofs_y = 0},
    {.bitmap_index = 14323, .adv_w = 256, .box_w = 15, .box_h = 21, .ofs_x = 1, .ofs_y = 0},
    {.bitmap_index = 14454, .adv_w = 256, .box_w = 15, .box_h = 21, .ofs_x = 1, .ofs_y = 0},
    {.bitmap_index = 14590, .adv_w = 256, .box_w = 15, .box_h = 21, .ofs_x = 1, .ofs_y = 0},
    {.bitmap_index = 14721, .adv_w = 256, .box_w = 15, .box_h = 23, .ofs_x = 1, .ofs_y = 0},
    {.bitmap_index = 14861, .adv_w = 396, .box_w = 23, .box_h = 15, .ofs_x = 1, .ofs_y = 0},
    {.bitmap_index = 15012, .adv_w = 233, .box_w = 14, .box_h = 21, .ofs_x = 1, .ofs_y = -6},
    {.bitmap_index = 15128, .adv_w = 256, .box_w = 14, .box_h = 21, .ofs_x = 1, .ofs_y = 0},
    {.bitmap_index = 15240, .adv_w = 256, .box_w = 14, .box_h = 21, .ofs_x = 1, .ofs_y = 0},
    {.bitmap_index = 15352, .adv_w = 256, .box_w = 14, .box_h = 21, .ofs_x = 1, .ofs_y = 0},
    {.bitmap_index = 15473, .adv_w = 256, .box_w = 14, .box_h = 21, .ofs_x = 1, .ofs_y = 0},
    {.bitmap_index = 15593, .adv_w = 124, .box_w = 8, .box_h = 21, .ofs_x = -2, .ofs_y = 0},
    {.bitmap_index = 15623, .adv_w = 124, .box_w = 8, .box_h = 21, .ofs_x = 1, .ofs_y = 0},
    {.bitmap_index = 15653, .adv_w = 124, .box_w = 10, .box_h = 21, .ofs_x = -1, .ofs_y = 0},
    {.bitmap_index = 15689, .adv_w = 124, .box_w = 10, .box_h = 21, .ofs_x = -1, .ofs_y = 0},
    {.bitmap_index = 15726, .adv_w = 270, .box_w = 15, .box_h = 22, .ofs_x = 1, .ofs_y = 0},
    {.bitmap_index = 15864, .adv_w = 271, .box_w = 15, .box_h = 21, .ofs_x = 1, .ofs_y = 0},
    {.bitmap_index = 15953, .adv_w = 275, .box_w = 16, .box_h = 21, .ofs_x = 1, .ofs_y = 0},
    {.bitmap_index = 16080, .adv_w = 275, .box_w = 16, .box_h = 21, .ofs_x = 1, .ofs_y = 0},
    {.bitmap_index = 16206, .adv_w = 275, .box_w = 16, .box_h = 21, .ofs_x = 1, .ofs_y = 0},
    {.bitmap_index = 16342, .adv_w = 275, .box_w = 16, .box_h = 21, .ofs_x = 1, .ofs_y = 0},
    {.bitmap_index = 16482, .adv_w = 275, .box_w = 16, .box_h = 21, .ofs_x = 1, .ofs_y = 0},
    {.bitmap_index = 16617, .adv_w = 267, .box_w = 15, .box_h = 15, .ofs_x = 1, .ofs_y = 2},
    {.bitmap_index = 16680, .adv_w = 275, .box_w = 16, .box_h = 21, .ofs_x = 1, .ofs_y = -3},
    {.bitmap_index = 16818, .adv_w = 267, .box_w = 15, .box_h = 21, .ofs_x = 1, .ofs_y = 0},
    {.bitmap_index = 16892, .adv_w = 267, .box_w = 15, .box_h = 21, .ofs_x = 1, .ofs_y = 0},
    {.bitmap_index = 16964, .adv_w = 267, .box_w = 15, .box_h = 21, .ofs_x = 1, .ofs_y = 0},
    {.bitmap_index = 17041, .adv_w = 267, .box_w = 15, .box_h = 21, .ofs_x = 1, .ofs_y = 0},
    {.bitmap_index = 17123, .adv_w = 261, .box_w = 17, .box_h = 27, .ofs_x = 0, .ofs_y = -6},
    {.bitmap_index = 17286, .adv_w = 269, .box_w = 15, .box_h = 27, .ofs_x = 1, .ofs_y = -6},
    {.bitmap_index = 17384, .adv_w = 261, .box_w = 17, .box_h = 27, .ofs_x = 0, .ofs_y = -6},
    {.bitmap_index = 17555, .adv_w = 261, .box_w = 14, .box_h = 4, .ofs_x = 1, .ofs_y = 6},
    {.bitmap_index = 17567, .adv_w = 391, .box_w = 22, .box_h = 4, .ofs_x = 1, .ofs_y = 6},
    {.bitmap_index = 17579, .adv_w = 115, .box_w = 6, .box_h = 9, .ofs_x = 1, .ofs_y = 12},
    {.bitmap_index = 17604, .adv_w = 115, .box_w = 5, .box_h = 9, .ofs_x = 1, .ofs_y = 10},
    {.bitmap_index = 17627, .adv_w = 115, .box_w = 5, .box_h = 9, .ofs_x = 1, .ofs_y = -5},
    {.bitmap_index = 17650, .adv_w = 203, .box_w = 11, .box_h = 9, .ofs_x = 1, .ofs_y = 12},
    {.bitmap_index = 17696, .adv_w = 203, .box_w = 11, .box_h = 9, .ofs_x = 1, .ofs_y = 10},
    {.bitmap_index = 17745, .adv_w = 203, .box_w = 11, .box_h = 9, .ofs_x = 1, .ofs_y = -5},
    {.bitmap_index = 17794, .adv_w = 194, .box_w = 12, .box_h = 19, .ofs_x = 0, .ofs_y = 0},
    {.bitmap_index = 17826, .adv_w = 187, .box_w = 11, .box_h = 19, .ofs_x = 0, .ofs_y = 0},
    {.bitmap_index = 17874, .adv_w = 138, .box_w = 7, .box_h = 7, .ofs_x = 1, .ofs_y = 6},
    {.bitmap_index = 17895, .adv_w = 394, .box_w = 19, .box_h = 5, .ofs_x = 3, .ofs_y = 0},
    {.bitmap_index = 17942, .adv_w = 541, .box_w = 33, .box_h = 19, .ofs_x = 0, .ofs_y = 0},
    {.bitmap_index = 18186, .adv_w = 152, .box_w = 7, .box_h = 12, .ofs_x = 1, .ofs_y = 1},
    {.bitmap_index = 18227, .adv_w = 154, .box_w = 8, .box_h = 12, .ofs_x = 1, .ofs_y = 1},
    {.bitmap_index = 18272, .adv_w = 313, .box_w = 19, .box_h = 19, .ofs_x = 1, .ofs_y = 0}
};

/*---------------------
 *  CHARACTER MAPPING
 *--------------------*/

static const uint16_t unicode_list_2[] = {
    0x0, 0x1, 0x5, 0x6, 0x7, 0x9, 0xa, 0xb,
    0xd, 0xe, 0xf, 0x13, 0x1d, 0x26, 0x27, 0x99
};

/*Collect the unicode lists and glyph_id offsets*/
static const lv_font_fmt_txt_cmap_t cmaps[] =
{
    {
        .range_start = 32, .range_length = 95, .glyph_id_start = 1,
        .unicode_list = NULL, .glyph_id_ofs_list = NULL, .list_length = 0, .type = LV_FONT_FMT_TXT_CMAP_FORMAT0_TINY
    },
    {
        .range_start = 160, .range_length = 96, .glyph_id_start = 96,
        .unicode_list = NULL, .glyph_id_ofs_list = NULL, .list_length = 0, .type = LV_FONT_FMT_TXT_CMAP_FORMAT0_TINY
    },
    {
        .range_start = 8211, .range_length = 154, .glyph_id_start = 192,
        .unicode_list = unicode_list_2, .glyph_id_ofs_list = NULL, .list_length = 16, .type = LV_FONT_FMT_TXT_CMAP_SPARSE_TINY
    }
};

/*-----------------
 *    KERNING
 *----------------*/


/*Map glyph_ids to kern left classes*/
static const uint8_t kern_left_class_mapping[] =
{
    0, 0, 0, 1, 0, 0, 0, 0,
    2, 3, 0, 0, 0, 4, 5, 4,
    6, 7, 8, 0, 0, 9, 0, 10,
    11, 12, 13, 0, 0, 0, 0, 0,
    14, 15, 16, 17, 18, 19, 20, 21,
    22, 23, 23, 24, 25, 26, 23, 23,
    19, 27, 19, 28, 29, 30, 31, 32,
    33, 34, 35, 36, 37, 38, 0, 0,
    0, 0, 39, 40, 41, 42, 43, 44,
    45, 46, 47, 48, 49, 42, 46, 46,
    40, 40, 50, 51, 52, 53, 46, 54,
    54, 55, 56, 57, 3, 0, 0, 0,
    0, 0, 0, 0, 0, 0, 0, 0,
    0, 0, 58, 0, 0, 5, 0, 0,
    0, 0, 0, 0, 0, 0, 0, 0,
    0, 0, 59, 0, 0, 0, 0, 60,
    16, 16, 16, 16, 16, 16, 20, 18,
    20, 20, 20, 20, 23, 23, 23, 23,
    19, 23, 19, 19, 19, 19, 19, 0,
    19, 31, 31, 31, 31, 35, 27, 61,
    39, 39, 39, 39, 39, 39, 43, 62,
    43, 43, 43, 43, 47, 63, 64, 65,
    40, 46, 40, 40, 40, 40, 40, 0,
    40, 46, 46, 46, 46, 54, 40, 54,
    5, 5, 66, 67, 68, 66, 67, 68,
    0, 0, 0, 4, 0, 0, 0, 0
};

/*Map glyph_ids to kern right classes*/
static const uint8_t kern_right_class_mapping[] =
{
    0, 0, 0, 1, 0, 0, 0, 0,
    2, 0, 3, 4, 0, 5, 6, 7,
    8, 0, 9, 10, 11, 0, 12, 0,
    13, 0, 0, 14, 14, 0, 0, 0,
    15, 16, 17, 18, 19, 18, 18, 18,
    19, 18, 18, 20, 18, 18, 18, 18,
    19, 18, 19, 18, 21, 22, 23, 24,
    25, 26, 27, 0, 28, 29, 30, 0,
    31, 0, 32, 33, 34, 34, 34, 35,
    36, 33, 37, 38, 33, 33, 39, 39,
    40, 41, 34, 39, 42, 43, 39, 44,
    44, 45, 46, 47, 48, 0, 49, 0,
    0, 0, 0, 0, 0, 0, 0, 0,
    0, 0, 50, 0, 0, 6, 0, 0,
    0, 0, 0, 0, 0, 0, 0, 0,
    0, 0, 51, 0, 0, 0, 0, 52,
    17, 17, 17, 17, 17, 17, 53, 19,
    18, 18, 18, 18, 54, 18, 18, 54,
    18, 18, 19, 19, 19, 19, 19, 0,
    19, 23, 23, 23, 23, 27, 18, 33,
    32, 32, 32, 32, 32, 32, 32, 34,
    34, 34, 34, 34, 55, 37, 56, 57,
    34, 39, 34, 34, 34, 34, 34, 0,
    34, 39, 39, 39, 39, 46, 33, 46,
    6, 6, 58, 59, 60, 61, 62, 60,
    0, 0, 0, 63, 0, 64, 0, 0
};

/*Kern values between classes*/
static const int8_t kern_class_values[] =
{
    0, 0, 0, 0, 0, 0, 0, 0,
    0, 0, 0, 0, 0, 0, 0, 0,
    0, 0, 0, 0, 0, 0, 0, 0,
    0, 0, 0, 0, 0, 0, 0, 0,
    0, -12, 0, -12, 0, 0, 0, -12,
    0, 0, 0, 0, 0, 0, 0, 0,
    0, 0, 0, 0, 0, 0, 0, 0,
    0, 0, 0, 0, 0, 0, 0, 0,
    0, 0, 0, 0, 0, 0, 0, 0,
    0, 0, 0, 0, 0, 0, 0, 0,
    -30, 0, 0, -33, 0, 0, 0, 0,
    0, 0, 0, 0, 0, 0, 0, 0,
    0, -11, 0, -11, 0, 0, 0, -11,
    0, 0, 0, 0, 0, 0, 0, 0,
    0, 0, 0, 0, -30, 0, 0, 0,
    0, 0, 0, 0, 0, 0, 0, 0,
    0, 0, 0, 0, 0, 0, 0, 0,
    0, 0, 0, 0, 0, 0, 0, 0,
    0, 0, 0, 0, 0, 0, 0, 0,
    0, 0, 0, 0, 0, 0, 0, 0,
    0, 0, -7, 0, 0, 0, 0, 0,
    0, 0, 0, 0, 0, 0, 0, 0,
    0, 0, 0, 0, 0, 0, 0, 0,
    0, 0, 0, 0, 0, 0, 0, 0,
    0, 0, -14, 0, -18, 0, -18, 0,
    0, 0, 0, 0, 0, 0, 0, 0,
    0, 0, 0, 0, 0, 0, 0, 0,
    0, 0, 0, 0, 0, 0, 0, 0,
    0, 0, 0, 0, 0, 0, 0, 0,
    0, 0, 0, 0, 0, 0, 0, -7,
    0, 0, 0, 0, 0, 0, 0, 0,
    0, -30, 0, 0, -30, 0, -18, -5,
    0, 0, 0, 0, 0, 0, 0, 0,
    0, 0, 0, 0, 0, 0, 0, 0,
    -17, 0, 0, 0, 0, -71, 0, -29,
    0, 0, 0, 0, 0, 0, 0, 0,
    0, 0, 0, 0, 0, 0, 0, 0,
    0, 0, 0, 0, 0, 0, 0, 0,
    0, 0, 0, 0, -17, 0, 0, 0,
    0, 0, 0, 0, 0, 0, 0, 0,
    0, 0, 0, 0, 0, 0, 0, -14,
    0, 0, 0, 0, 0, 0, 0, 0,
    0, 0, 0, 0, 0, 0, 0, 0,
    0, 0, 0, 0, 0, 0, 0, 0,
    0, 0, 0, 0, 0, 0, 0, 0,
    0, 0, 0, 0, 0, 0, 0, 0,
    0, 0, 0, 0, 0, 0, 0, 0,
    0, 0, 0, 0, 0, 0, 0, 0,
    0, 0, 0, 0, 0, 0, 0, 0,
    0, 0, 0, 0, 0, 0, 0, 0,
    0, 0, 0, 0, 0, 0, 0, 0,
    0, 0, 0, 0, 0, 0, 0, 0,
    0, 0, 0, 0, 0, 0, 0, 0,
    0, 0, 0, 0, 0, 0, 0, 0,
    0, -8, -6, 0, 0, 0, 0, 0,
    0, 0, 0, 0, 0, 0, 0, 0,
    0, 0, 0, 0, 0, 0, 0, 0,
    0, 0, 0, 0, 0, 0, 0, -4,
    0, 0, 0, 0, 0, 0, 0, 0,
    0, 0, 0, 0, 0, 0, 0, 0,
    0, 0, 0, 0, 0, 0, 0, 0,
    0, 0, 0, 0, 0, 0, 0, 0,
    0, -29, -29, 0, 0, 0, 0, 0,
    0, 0, 0, 0, 0, 0, 0, 0,
    0, 0, 0, 0, 0, 0, 0, 0,
    0, 0, 0, 0, 0, 0, 0, 0,
    0, 0, 0, 0, 0, 0, 0, 0,
    0, 0, 0, 0, 0, 0, 0, 0,
    0, 0, 0, 0, 0, 0, 0, 0,
    0, 0, 0, 0, 0, 0, 0, 0,
    0, -22, -18, 0, 0, 0, 0, 0,
    0, 0, 0, 0, 0, 0, 0, 0,
    0, 0, 0, 0, 0, 0, 0, 0,
    0, 0, 0, 0, 0, 0, 0, 0,
    0, 0, 0, 0, 0, 0, 0, 0,
    0, 0, 0, 0, 0, 0, 0, 0,
    0, 0, 0, 0, 0, 0, 0, 0,
    0, 0, 0, 0, 0, 0, 0, 0,
    0, -9, -11, 0, 0, 0, 0, 0,
    0, 0, 0, 0, 0, 0, 0, 0,
    0, 0, 0, 0, 0, 0, 0, 0,
    0, 0, 0, 0, 0, 0, 0, -11,
    0, 0, 0, 0, 0, 0, 0, 0,
    0, 0, 0, 0, 0, 0, 0, 0,
    0, 0, 0, 0, 0, 0, 0, 0,
    0, 0, 0, 0, 0, 0, 0, 0,
    0, 3, 5, 0, 0, 0, 0, 0,
    0, 0, 0, 0, 0, 0, 0, 0,
    0, 0, 0, 0, 0, 0, 0, 0,
    0, 0, 0, 0, 0, 0, 0, 0,
    0, 0, 0, 0, 0, 0, 0, 0,
    0, 0, 0, 0, 0, 0, 0, 0,
    0, 0, 0, 0, 0, 0, 0, 0,
    0, 0, 0, 0, 0, 0, 0, 0,
    0, -3, 0, 0, 0, 0, 0, 0,
    0, 0, 0, 0, 0, 0, 0, 0,
    0, 0, 0, 0, 0, 0, 0, 0,
    0, 0, 0, 0, 0, 0, 0, 0,
    0, 0, 0, 0, 0, 0, 0, 0,
    0, 0, 0, 0, 0, 0, 0, 0,
    0, 0, 0, 0, 0, 0, 0, 0,
    0, 0, 0, 0, 0, 0, 0, 0,
    0, -3, -3, 0, 0, 0, 0, 0,
    0, 0, 0, 0, 0, 0, 0, 0,
    0, 0, 0, 0, 0, 0, 0, 0,
    0, 0, 0, 0, 0, 0, 0, 0,
    0, 0, 0, 0, 0, 0, 0, 0,
    0, 0, 0, 0, 0, 0, 0, 0,
    0, 0, 0, 0, 0, 0, 0, 0,
    0, 0, 0, 0, 0, 0, 0, 0,
    0, 0, 0, -19, 0, 0, 0, 0,
    0, 0, 0, 0, 0, 0, 0, 0,
    0, 0, 0, 0, 0, 0, 0, 0,
    -3, -4, -2, -5, -2, 0, 0, 0,
    0, 0, 0, 0, 0, 0, 0, 0,
    0, 0, 0, 0, 0, 0, 0, 0,
    0, 0, 0, 0, 0, 0, 0, 0,
    0, 0, 0, 0, 0, 0, 0, 0,
    0, 0, 0, 0, 0, 0, 0, 0,
    0, 0, 0, 0, 0, 0, 0, 0,
    0, 0, 0, 0, 0, 0, 0, 0,
    0, 0, 0, 0, 0, 0, 0, -4,
    0, 0, -17, -3, 0, -40, -14, -34,
    -29, 7, -34, 0, -18, 0, 0, -3,
    -3, -10, -11, -10, -3, -5, -3, -10,
    -3, -5, -16, -29, 3, -28, -3, 0,
    0, 0, 0, 0, 0, 0, -3, -3,
    -3, -39, -17, 0, -39, -17, 0, 0,
    0, 0, 0, 0, -9, 0, -9, 0,
    0, 0, 0, 0, 0, 0, 0, 0,
    -5, 0, 0, 0, 0, -9, 0, -11,
    -5, 0, -13, 0, 0, 0, 0, 0,
    0, 0, 0, 0, 0, 0, 0, 0,
    0, -3, -3, -4, -3, -5, -3, 0,
    0, 0, 0, 0, -5, 0, 0, 0,
    0, 0, 0, 0, 0, 0, -9, 0,
    0, 0, 0, 0, -2, 0, -2, 0,
    0, 0, 0, 0, 0, 0, 0, 0,
    0, 0, -9, 0, 3, -1, 0, 3,
    3, 0, 3, 0, 0, 0, 0, -1,
    0, -5, 0, -5, 9, 0, 0, -5,
    0, -3, -3, -10, 0, -10, 0, 0,
    0, 0, 0, 0, 0, 0, 9, 9,
    9, 0, 0, 0, 0, 0, -2, 0,
    0, 0, 0, 0, -23, 0, -23, -2,
    0, 0, 0, 0, 0, 0, 0, -2,
    -16, 0, -1, -18, 0, -15, 0, -14,
    -5, -15, -20, 0, 0, 0, 0, -3,
    0, -2, 3, -2, -3, 14, 0, -2,
    0, 0, 3, 0, 0, 0, 0, 0,
    0, 0, 0, 0, -16, 0, -3, -3,
    -3, -7, 0, 0, -7, 0, -23, 0,
    0, 0, 0, 0, 0, 0, 0, 0,
    0, 0, 0, 0, 0, 0, 0, 0,
    -2, 0, 0, -1, 0, 0, 0, 2,
    2, 4, 0, 0, 0, 0, 0, -3,
    0, -5, -3, -5, -5, 4, -5, -5,
    -3, -5, -3, -5, 0, -7, -5, 0,
    0, 0, 0, 0, -2, 0, -5, -5,
    0, 0, 0, 0, 0, 0, 0, 0,
    0, 0, 0, 0, -36, 0, -36, -11,
    0, 0, 0, 0, 0, 0, 0, 0,
    -28, 0, 0, -30, 0, 4, 0, 6,
    4, 2, 4, 0, 0, 0, 0, -13,
    0, -13, 2, -13, -5, -5, -7, -13,
    -7, -10, -5, 0, 0, -3, -9, 0,
    0, 0, 0, 0, -28, 0, -5, 3,
    6, 0, 0, 0, 0, 0, -36, 0,
    0, 0, 0, 0, 0, 0, 0, 0,
    0, 0, 0, 0, 0, 0, 0, 0,
    -3, 0, 0, 0, 0, -2, 0, -3,
    -3, 0, -13, 0, 0, 0, 0, 0,
    0, 0, 3, 0, 0, 0, 0, 0,
    0, 0, 0, -3, 0, -3, 0, 0,
    0, 0, 0, 0, -3, 0, 0, 0,
    0, 0, 0, 0, 0, 0, 0, 0,
    0, 0, 0, 0, 0, 0, 0, 0,
    0, 0, 0, 0, 0, 0, 0, 0,
    0, 0, 0, 0, 0, 0, 0, 0,
    0, 1, 0, 0, 0, 0, 0, 0,
    0, 0, 0, 0, 0, 0, 0, 0,
    0, 0, 0, 1, 0, -1, 0, 0,
    0, 0, 0, 0, 0, 4, 0, 5,
    0, 0, 0, 0, 0, 0, 0, 0,
    0, 0, 0, 0, -5, 0, -5, 0,
    0, 0, 0, 0, 0, 0, 0, 0,
    -12, 0, 0, -5, 3, 0, 0, 0,
    0, 0, 0, 0, 0, 0, 0, -3,
    0, 0, 0, 0, 0, 0, 0, 0,
    0, 0, 0, 0, 0, 0, 0, 0,
    0, 0, 0, 0, -12, 0, 0, 0,
    0, 0, 0, 0, 0, 0, -5, 0,
    0, 0, 0, 0, 0, -30, 0, 0,
    0, 0, 0, 0, 0, 0, 0, -1,
    3, -4, -13, 4, 0, 0, -5, 0,
    0, 9, 0, 0, 0, 0, 0, -4,
    0, -14, -5, -14, 9, 3, -4, -14,
    0, -3, -11, -27, 5, -22, 0, 0,
    0, 0, 0, 0, 3, -4, 9, 9,
    9, -11, 0, 0, -11, 0, 0, 0,
    0, 0, 0, -31, 0, 0, 0, 0,
    0, 0, 0, 0, 0, 0, 0, 0,
    0, 0, -10, 9, 0, -48, -5, -31,
    -25, 7, -45, 0, 0, 0, 0, 3,
    0, 0, -3, 0, 0, 0, 0, 0,
    0, 0, -9, -27, 3, -19, 0, 0,
    0, 0, 0, 0, 0, 0, 0, 0,
    0, -27, -34, 0, -27, -34, 0, 0,
    0, 0, 0, 0, -45, 0, -45, 0,
    0, 0, 0, 0, 0, 0, 0, 0,
    -29, 0, 0, -28, 0, 4, 0, 4,
    4, -5, -3, 0, 0, 0, 0, 0,
    0, -3, 9, -3, 2, 2, 0, -3,
    0, 0, 9, 11, 6, 9, 4, 0,
    0, 0, 0, 0, -29, 0, 2, 2,
    2, 0, 0, 0, 0, 0, -45, 0,
    0, 0, 0, 0, 0, 0, 0, 0,
    0, 0, 0, 0, 0, 0, 0, 0,
    0, 0, 0, 2, 0, 0, 0, 0,
    0, 3, -9, 0, 0, 0, 0, 0,
    0, -3, 0, -3, 0, 0, 0, -3,
    0, 0, 4, 2, 7, 0, 2, 0,
    0, 0, 0, 0, 0, 0, 0, 0,
    0, 0, 0, 0, 0, 0, 0, 0,
    0, 0, 0, 0, 0, 0, 0, 0,
    0, 0, 0, 0, 0, 0, 0, 0,
    -3, 0, 0, -3, 0, 0, 0, -8,
    0, 0, -3, 0, 0, 0, 0, 0,
    0, -4, 0, -4, 5, 0, 0, -4,
    0, 0, -3, -5, 0, -9, -5, 0,
    0, 0, 0, 0, -3, 0, 5, 5,
    5, 0, 0, 0, 0, 0, 0, 0,
    0, 0, 0, 0, -58, -29, -58, 0,
    0, 0, 0, 0, 0, -32, 0, -11,
    -39, 0, -13, -29, 0, 5, 0, 4,
    4, 0, 10, 0, 0, 0, 0, -31,
    0, -43, 0, -43, 11, 0, -22, -43,
    -20, -31, -2, -14, -10, -17, -27, 0,
    0, 0, 0, 0, -39, 0, 11, 11,
    16, 0, 0, 0, 0, 0, -58, 0,
    0, 0, 0, 0, 0, 0, 0, 0,
    0, 0, 0, 0, 0, 0, 0, 0,
    -17, 0, 0, -7, 0, 0, 0, 0,
    0, -4, 0, 0, 0, 0, 0, 0,
    0, -4, 0, -4, 0, 0, 0, -4,
    0, -4, 0, 0, 0, -4, -3, 0,
    0, 0, 0, 0, -17, 0, 0, 0,
    0, 0, 0, 0, 0, 0, 0, 0,
    0, 0, 0, 0, -37, -22, -37, -14,
    0, 0, 0, 0, 0, 0, 0, -21,
    -47, 0, -17, -34, 0, 6, 0, 9,
    7, 5, 9, 0, 0, 0, 0, -25,
    3, -29, 0, -29, 0, -3, -12, -29,
    -13, -21, -3, -6, -6, -8, -13, 0,
    0, 0, 0, 0, -55, 0, 0, 0,
    14, 0, 0, 0, 0, 0, -37, 0,
    0, 0, 0, 0, 0, 0, 0, 0,
    0, 0, 0, 0, 0, 0, 0, -15,
    -37, 0, -7, -28, 0, 9, 0, 9,
    7, 5, 7, 0, 0, 0, 0, -19,
    0, -21, 0, -21, 14, 0, -6, -21,
    -6, -12, -4, -4, 0, 0, -5, 0,
    0, 0, 0, 0, -45, 0, 9, 14,
    14, 0, 0, 0, 0, 0, 0, 0,
    0, 0, 0, 0, 0, 0, 0, 0,
    0, 0, 0, 0, 0, 0, 0, -8,
    7, 1, -17, 3, 0, 0, -4, 3,
    3, 13, 5, 0, 0, 0, 0, 3,
    0, -12, 0, -12, 14, 3, -4, -12,
    0, 0, -9, -16, 9, -21, 0, 0,
    0, 0, 0, 0, 7, 1, 14, 14,
    14, 0, 0, 0, 0, 0, 0, 0,
    0, 0, 0, 0, -56, 0, -56, 0,
    0, 0, 0, 0, 0, -26, 0, -9,
    -43, 0, -23, -43, -8, 10, 0, 7,
    5, 5, 9, 0, 0, 0, 0, -31,
    -2, -36, -5, -36, 5, 0, -25, -36,
    -23, -30, -5, -14, -11, -12, -22, 0,
    0, 0, 0, 0, -43, 0, 9, 5,
    17, 0, 0, 0, 0, 0, -56, 0,
    0, 0, 0, 0, 0, 0, 0, 0,
    0, 0, 0, 0, 0, 0, 0, -7,
    -2, 0, -2, 0, 0, 0, -2, 0,
    0, 0, 0, 0, 0, 0, 0, 0,
    0, -4, 0, -4, 3, 0, 0, -4,
    0, -4, 0, -9, 3, -9, 0, 0,
    0, 0, 0, 0, -2, 0, 3, 3,
    3, 0, 0, 0, 0, 0, 0, 0,
    0, 0, 0, 0, 0, 0, 0, 0,
    0, 0, 0, 0, 0, 0, 0, 0,
    0, 0, 0, 0, 0, 0, 0, 0,
    0, 0, 0, 0, 0, 0, 0, 0,
    0, 0, -9, 0, 0, 36, 0, 0,
    0, 0, 0, 0, 0, 0, 0, 0,
    0, 0, 0, 0, 0, 0, 0, 0,
    0, 0, 0, 0, 0, 0, 0, 0,
    0, 0, 0, 0, 0, 0, 0, 0,
    0, 0, 0, 0, 0, 0, 0, 0,
    0, 0, 0, 0, 0, 0, 0, -9,
    0, 0, 0, 0, 0, 0, 0, 0,
    0, 0, 0, 0, 0, 0, 0, 0,
    0, 0, 0, 0, 0, 0, 0, 0,
    0, 0, 0, 0, 0, 0, 0, 0,
    0, 0, 0, 0, 0, 0, 0, 0,
    0, -14, 0, 0, 0, 0, 0, 0,
    0, 0, 0, 0, 0, 0, 0, 0,
    0, 0, 0, 0, 0, -42, 0, 0,
    0, 0, 0, 0, 0, 0, 0, 0,
    0, -4, -3, -4, -3, 33, 0, -4,
    0, 0, -5, -10, 2, -13, 2, 0,
    0, 0, 0, 0, 0, 0, 11, -3,
    -3, -5, 0, 0, -5, 0, 0, 0,
    -12, 0, 0, 0, -11, 0, -11, 0,
    0, 0, 0, 0, 0, 0, 0, 0,
    0, 0, 0, 0, 0, -45, 0, 0,
    0, 0, 0, 0, 0, 0, -5, -5,
    0, 0, -2, 0, 0, -3, 0, 0,
    -2, 0, 0, -11, -10, -12, -5, 0,
    0, 0, 0, 0, 0, 0, 0, 0,
    0, -7, -14, 0, -7, -14, -11, 0,
    0, 0, 0, 0, 0, 0, 0, 0,
    0, 0, 0, 0, 0, 0, 0, -2,
    0, 0, 0, 0, 0, -43, 0, 0,
    0, 0, 0, 0, 0, 0, 0, -4,
    0, -9, 0, -9, 0, 0, 0, -9,
    0, 0, 2, -3, 0, -4, -3, 0,
    0, 0, 0, 0, 0, 0, 9, 0,
    0, 0, 0, 0, 0, 0, 0, 0,
    0, 0, 0, 0, 0, 0, 0, 0,
    0, 0, 0, 0, 0, 0, 0, 0,
    0, 0, 0, 0, 0, 0, 0, 0,
    0, 0, 0, 0, 0, 0, 0, 0,
    3, -3, 0, -3, 0, 0, 0, -3,
    0, 0, 0, 0, 0, 0, 0, 0,
    0, 0, 0, 0, 0, 0, 9, 11,
    5, 0, 0, 0, 0, 0, 0, 0,
    0, -11, 0, 0, 0, 0, 0, 0,
    0, 0, 0, 0, 0, 0, 0, 0,
    0, 0, 0, 0, 0, -71, 0, -10,
    0, 0, 0, 0, 0, 0, 0, 0,
    5, 0, -4, 0, 0, 0, 0, 0,
    0, 0, 0, -4, -4, -4, 0, 0,
    0, 0, 0, 0, 0, 0, 22, 0,
    9, -12, 0, 0, -12, 0, 0, 0,
    0, 5, 0, 0, -18, 0, -18, -5,
    0, 0, 0, 0, 0, 0, 0, 0,
    0, 0, 0, 0, 0, 16, 0, 0,
    0, 0, 0, 0, 9, 2, 0, -6,
    3, -2, 4, -2, 17, 0, 0, -2,
    0, -4, 4, 6, 5, 2, -1, 0,
    2, 0, 0, 0, 0, 0, 27, 11,
    17, 2, 0, 0, 2, 0, -18, 0,
    0, 0, 0, 0, 0, 0, 0, 0,
    0, 0, 0, 0, 0, 0, 0, 0,
    0, 0, 0, 0, 0, 0, 0, 0,
    0, 0, 0, 0, 0, 0, 0, 0,
    0, -2, 0, -2, 0, 14, 0, -2,
    0, 0, 0, 0, 0, 0, 0, 0,
    0, 0, 0, 0, 0, 0, 0, 0,
    0, 0, 0, 0, 0, 0, 0, 0,
    0, -9, 0, 0, 0, 0, 0, 0,
    0, 0, 0, 0, 0, 0, 0, 0,
    0, 0, 0, 0, 0, -54, 0, 0,
    0, 0, 0, 0, 0, 0, 0, 0,
    0, 0, 0, 0, 0, 0, 0, 0,
    0, 0, -2, -5, 0, -7, 0, 0,
    0, 0, 0, 0, 0, 0, 0, 0,
    0, -7, -3, 0, -7, -3, 0, 0,
    0, 9, 3, 0, 0, 0, 0, 0,
    0, 0, 0, 0, 0, 0, 3, 0,
    0, 0, 0, 0, 0, 0, 0, 0,
    0, 0, 0, 3, 0, 14, 0, 0,
    0, 0, 0, 0, 0, 0, 0, 0,
    0, 0, 0, 0, 0, 0, 0, 0,
    11, 0, 0, 0, 0, 0, 4, 4,
    13, 0, 0, 0, 0, 0, 0, 0,
    0, 0, 0, 0, 0, 0, 0, 0,
    0, 0, 0, 0, 0, 0, 0, 0,
    0, 0, 0, 0, 0, 0, 0, 0,
    0, 0, 0, 0, 0, 0, 0, 0,
    0, -2, 0, -2, 5, 14, 0, -2,
    0, 0, 0, 0, 0, 0, 0, 0,
    0, 0, 0, 0, 0, 0, 5, 5,
    5, 0, 0, 0, 0, 0, 0, 0,
    0, 0, 0, 0, 0, 0, 0, 0,
    0, 0, 0, 0, 0, 0, 0, -4,
    0, 0, 0, 0, 0, -15, 0, 0,
    0, 0, 0, 0, 0, 0, 0, -4,
    0, -14, 0, -14, 0, 0, 0, -20,
    0, -3, 0, 0, 7, -2, 2, 0,
    0, 0, 0, 0, 0, 0, 0, 0,
    0, 0, 0, 0, 0, 0, 0, 0,
    0, 0, 0, 0, 0, 0, 0, 0,
    0, 0, 0, 0, 0, 0, 0, 0,
    0, 0, 0, 0, 0, 0, 0, 0,
    0, 0, 0, 0, 0, 0, 0, 0,
    0, 0, 0, 0, 0, 31, 0, 0,
    0, 0, 0, 0, 0, 0, 0, 0,
    0, 0, 0, 0, 0, 0, 0, 0,
    0, 0, 0, 0, 0, 0, 0, 0,
    0, 0, 0, 0, -34, 0, -34, -11,
    0, 0, 0, 0, 0, 0, 0, -7,
    0, 0, 0, 0, 0, -36, 0, 0,
    0, 0, 0, 0, 0, 0, 0, -8,
    -2, -10, 4, -10, -3, -3, 0, -10,
    0, -4, 7, 7, 9, 6, 0, 0,
    0, 0, 0, 0, 0, 0, 19, -3,
    9, 0, 3, 0, 0, 3, -34, 0,
    0, 0, 0, 0, 0, 0, 0, 0,
    0, 0, 0, 0, 0, 0, 0, -2,
    0, 0, 0, 0, 0, -48, 0, 0,
    0, 0, 0, 0, 0, 0, 0, 0,
    0, -4, 0, -4, 0, 0, 0, -4,
    0, 0, 0, -3, 0, -5, -3, 0,
    0, 0, 0, 0, 0, 0, 0, 0,
    0, 0, 0, 0, 0, 0, 0, 0,
    0, 0, 0, 0, 0, 0, 0, 0,
    0, 0, 0, 0, 0, 0, 0, 0,
    0, 0, 0, 0, 0, -10, 0, 0,
    0, 0, 0, 0, 9, 9, 0, -3,
    3, -6, 3, -6, 0, 0, 0, -6,
    0, 0, 0, 0, 3, -2, 0, 0,
    5, 0, 0, 0, 0, 0, 22, 3,
    14, 0, 0, 0, 0, 0, 0, 0,
    0, 0, 0, 0, -16, 0, -27, -5,
    0, 0, 0, 0, 0, 0, 0, -9,
    0, 0, 0, 0, 0, -29, 0, 0,
    0, 0, 0, 0, 0, 0, 0, -5,
    0, -9, 4, -9, 0, -3, 0, -9,
    0, -4, 7, 9, 9, 3, 0, 0,
    0, 0, 0, 0, 0, 0, 0, 0,
    0, 0, 0, 0, 0, 0, -30, 0,
    0, 0, 0, 0, 0, 0, 0, 0,
    0, 0, 0, 0, 0, 0, 0, -6,
    0, 0, 0, 0, 0, -7, 0, 0,
    0, 0, 0, 0, 0, 0, 0, -2,
    0, -9, 5, -9, 0, 3, 0, -9,
    0, 0, 5, 5, 9, 4, 0, 0,
    0, 0, 0, 0, 0, 0, 0, 0,
    0, 0, 0, 0, 0, 0, 0, 0,
    0, 0, 0, 0, -16, 0, -27, -5,
    0, 0, 0, 0, 0, 0, 0, -9,
    0, 0, 0, 0, 0, -29, 0, 0,
    0, 0, 0, 0, 0, 0, 0, -5,
    0, -9, 4, -6, 0, -3, 0, -9,
    0, -4, 7, 9, 9, 3, 0, 0,
    0, 0, 0, 0, 0, 0, 0, 0,
    0, 0, 0, 0, 0, 0, -30, 0,
    0, 0, 0, 0, 0, 0, 0, 0,
    0, 0, 0, 0, 0, 0, 0, 0,
    0, 0, 0, 0, 0, -17, 0, 0,
    0, 0, 0, 0, 0, 0, 0, 0,
    0, -4, 3, -4, 0, 0, -3, -4,
    0, 0, 5, 0, 3, 0, 4, 0,
    0, 0, 0, 0, 0, 0, 0, 0,
    0, 0, 0, 0, 0, 0, 0, 0,
    0, 0, 0, 0, 0, 0, 0, 0,
    0, 0, 0, 0, 3, 0, 0, 0,
    0, 0, 0, 0, 0, 0, 0, 0,
    0, 0, 0, 0, 0, 0, 0, 0,
    0, 0, 0, 0, 0, 0, 0, 0,
    0, 0, 0, 0, 0, 0, 0, 0,
    0, 0, 0, 0, 0, 0, 0, 0,
    0, 0, 0, 0, 0, 0, 0, 0,
    0, 0, 0, 0, 0, 0, 0, 0,
    0, 0, 0, 0, 5, 0, 0, 0,
    0, 0, 0, 0, 0, 0, 0, 0,
    0, 0, 0, 0, 0, 0, 0, 0,
    0, 0, 0, 0, 0, 0, 0, 0,
    0, 0, 0, 0, 0, 0, 0, 0,
    0, 0, 0, 0, 0, 0, 0, 0,
    0, 0, 0, 0, 0, 0, 0, 0,
    0, 0, 0, 0, 0, 0, 0, 0,
    0, 0, 0, 0, 0, 0, -19, 0,
    0, 0, 0, 0, 0, 0, 0, 0,
    0, 0, 0, 0, 0, 0, 0, 0,
    0, 0, 0, 0, 0, 0, 0, 0,
    0, 0, 0, 0, 0, 0, 0, 0,
    0, 0, 0, 0, 0, 0, 0, 0,
    0, 0, 0, 0, 0, 0, 0, 0,
    0, 0, 0, 0, 0, 0, 0, 0,
    0, 0, 0, 0, 0, 0, 0, 0,
    0, 0, 0, 0, 0, 0, 0, 0,
    0, 0, 0, 0, 0, 0, 0, 3,
    0, 0, -3, 0, 0, 0, 0, 0,
    0, -3, -3, -11, -3, -14, 0, 0,
    0, 0, 0, 0, 0, 0, 0, 0,
    0, 0, 0, 0, 0, 0, 0, 0,
    0, 0, 0, 0, 0, 0, 0, 0,
    0, 0, 0, 0, 0, 0, 0, -2,
    0, 0, 0, 0, 0, -43, 0, 0,
    0, 0, 0, 0, 0, 0, 0, -4,
    0, -9, 0, -9, 0, 9, 0, -9,
    0, 0, 2, -3, 0, -4, -3, 0,
    0, 0, 0, 0, 0, 0, 9, 0,
    0, 0, 0, 0, 0, 0, 0, 0,
    0, 9, 3, 0, 0, 0, 0, 0,
    0, 0, 0, 0, 0, 0, 3, 0,
    0, 0, 0, 0, 0, 0, 0, 0,
    0, 0, 0, 3, 17, 14, 0, 0,
    9, 0, 0, 0, 25, 0, 0, 0,
    0, 0, 0, 0, 0, 0, 0, 0,
    11, 0, 0, 0, 0, 0, 4, 4,
    13, 0, 0, 0, 0, 0, 0, 0,
    0, 9, 3, 0, 0, 0, 0, 0,
    0, 0, 0, 0, 0, 0, 3, 0,
    0, 0, 0, 0, 0, 0, 0, 0,
    0, 0, 0, 3, 0, 14, 0, 0,
    0, 0, 0, 0, 3, 0, 0, 0,
    0, 0, 0, 0, 0, 0, 0, 0,
    11, 0, 0, 0, 0, 0, 4, 4,
    13, 0, 0, 0, 0, 0, 0, 0,
    0, 9, 3, 0, 0, 0, 0, 0,
    0, 0, 0, 0, 0, 0, 3, 0,
    0, 0, 0, 0, 0, 0, 0, 0,
    0, 0, 0, 3, 5, 9, 0, 0,
    3, 0, 0, 0, 23, 0, 0, 0,
    0, 0, 0, 0, 0, 0, 0, 0,
    3, 0, 0, 0, 0, 0, 26, 4,
    32, 0, 0, 0, 0, 0, 0, 0,
    0, 0, 0, 0, 0, 0, 0, 0,
    0, 0, 0, 0, 0, 0, 0, 0,
    -39, 0, -7, -43, 0, 0, 0, 10,
    0, 0, 0, 0, 0, 0, 0, -7,
    0, -25, 0, -25, 0, 0, -5, -25,
    0, -12, 0, 0, 0, 0, 0, 0,
    0, 0, 0, 0, -39, 0, 0, 0,
    0, -27, 0, 0, 0, 0, 0, 0,
    0, 0, 0, 0, 0, 0, 0, 0,
    0, 0, 0, 0, 0, 0, 0, 0,
    0, 0, 0, 0, 0, 0, 0, 0,
    0, 0, 0, 0, 0, 0, 0, 0,
    0, 0, 0, 0, 0, 0, 0, 0,
    0, -9, 0, 0, 0, 0, 0, 0,
    0, 0, 0, 0, 0, 0, 0, 0,
    0, 0, -27, 0, 0, 0, 0, 0,
    0, 0, 0, 0, 0, 0, 0, 0,
    0, 0, 0, 0, 0, 0, 0, 0,
    0, 0, 0, 0, 0, 0, 0, 0,
    0, 0, 0, 0, 0, 0, 0, 0,
    0, 0, 0, 0, 0, 0, 0, 0,
    0, 0, 0, 0, 0, 0, 0, 0,
    0, 0, 0, 0, 0, 0, 0, 0,
    0, 0, 0, -27, 0, 0, 0, 0
};


/*Collect the kern class' data in one place*/
static const lv_font_fmt_txt_kern_classes_t kern_classes =
{
    .class_pair_values   = kern_class_values,
    .left_class_mapping  = kern_left_class_mapping,
    .right_class_mapping = kern_right_class_mapping,
    .left_class_cnt      = 68,
    .right_class_cnt     = 64,
};

/*--------------------
 *  ALL CUSTOM DATA
 *--------------------*/

#if LVGL_VERSION_MAJOR == 8
/*Store all the custom data of the font*/
static  lv_font_fmt_txt_glyph_cache_t cache;
#endif

#if LVGL_VERSION_MAJOR >= 8
static const lv_font_fmt_txt_dsc_t font_dsc = {
#else
static lv_font_fmt_txt_dsc_t font_dsc = {
#endif
    .glyph_bitmap = glyph_bitmap,
    .glyph_dsc = glyph_dsc,
    .cmaps = cmaps,
    .kern_dsc = &kern_classes,
    .kern_scale = 16,
    .cmap_num = 3,
    .bpp = 4,
    .kern_classes = 1,
    .bitmap_format = 1,
#if LVGL_VERSION_MAJOR == 8
    .cache = &cache
#endif
};



/*-----------------
 *  PUBLIC FONT
 *----------------*/

/*Initialize a public general font descriptor*/
#if LVGL_VERSION_MAJOR >= 8
const lv_font_t motiva_bold_28 = {
#else
lv_font_t motiva_bold_28 = {
#endif
    .get_glyph_dsc = lv_font_get_glyph_dsc_fmt_txt,    /*Function pointer to get glyph's data*/
    .get_glyph_bitmap = lv_font_get_bitmap_fmt_txt,    /*Function pointer to get glyph's bitmap*/
    .line_height = 33,          /*The maximum line height required by the font*/
    .base_line = 6,             /*Baseline measured from the bottom of the line*/
#if !(LVGL_VERSION_MAJOR == 6 && LVGL_VERSION_MINOR == 0)
    .subpx = LV_FONT_SUBPX_NONE,
#endif
#if LV_VERSION_CHECK(7, 4, 0) || LVGL_VERSION_MAJOR >= 8
    .underline_position = -1,
    .underline_thickness = 1,
#endif
    .dsc = &font_dsc,          /*The custom font data. Will be accessed by `get_glyph_bitmap/dsc` */
#if LV_VERSION_CHECK(8, 2, 0) || LVGL_VERSION_MAJOR >= 9
    .fallback = NULL,
#endif
    .user_data = NULL,
};



#endif /*#if MOTIVA_BOLD_28*/

